ano_eleicao,cenario_rotulo,candidato,previsto,resultado_real_validos,modelo,ano_treino_max,erro_abs
2010,Primeiro turno 2010,Dilma Rousseff,52.065666666666665,46.91,baseline_pesquisa,2006,5.155666666666669
2010,Primeiro turno 2010,José Serra,30.976166666666668,32.61,baseline_pesquisa,2006,1.6338333333333317
2010,Primeiro turno 2010,Dilma Rousseff,54.16767448168362,46.91,baseline_ajustado,2006,7.2576744816836225
2010,Primeiro turno 2010,José Serra,33.07817448168361,32.61,baseline_ajustado,2006,0.46817448168361153
2010,Primeiro turno 2010,Dilma Rousseff,54.16767448168362,46.91,baseline_efeito_casa,2006,7.2576744816836225
2010,Primeiro turno 2010,José Serra,33.07817448168361,32.61,baseline_efeito_casa,2006,0.46817448168361153
2010,Primeiro turno 2010,Dilma Rousseff,53.41191662383304,46.91,inferencial_ols,2006,6.50191662383304
2010,Primeiro turno 2010,José Serra,28.80578410077636,32.61,inferencial_ols,2006,3.804215899223639
2010,Primeiro turno 2010,Dilma Rousseff,64.79198779838609,46.91,ridge,2006,17.881987798386092
2010,Primeiro turno 2010,José Serra,39.56136331614031,32.61,ridge,2006,6.951363316140309
2010,Primeiro turno 2010,Dilma Rousseff,52.44427842304817,46.91,huber,2006,5.534278423048171
2010,Primeiro turno 2010,José Serra,25.996034843034884,32.61,huber,2006,6.613965156965115
2010,Primeiro turno 2010,Dilma Rousseff,69.66321612613106,46.91,elastic_net,2006,22.753216126131065
2010,Primeiro turno 2010,José Serra,38.16123025170929,32.61,elastic_net,2006,5.551230251709292
2010,Primeiro turno 2010,Dilma Rousseff,70.47807813154891,46.91,ridge_forte,2006,23.568078131548916
2010,Primeiro turno 2010,José Serra,42.26657916572289,32.61,ridge_forte,2006,9.656579165722889
2010,Primeiro turno 2010,Dilma Rousseff,50.08322777777754,46.91,random_forest_07_600,2006,3.173227777777541
2010,Primeiro turno 2010,José Serra,32.981077777777614,32.61,random_forest_07_600,2006,0.3710777777776144
2010,Primeiro turno 2010,Dilma Rousseff,50.46581156746,46.91,random_forest_05_1200,2006,3.5558115674600046
2010,Primeiro turno 2010,José Serra,31.42976073352567,32.61,random_forest_05_1200,2006,1.1802392664743309
2010,Primeiro turno 2010,Dilma Rousseff,40.39266020863544,46.91,random_forest_sqrt_1200,2006,6.517339791364556
2010,Primeiro turno 2010,José Serra,28.088333566594876,32.61,random_forest_sqrt_1200,2006,4.521666433405123
2010,Primeiro turno 2010,Dilma Rousseff,46.115120833333215,46.91,random_forest_03_1600_leaf1,2006,0.7948791666667816
2010,Primeiro turno 2010,José Serra,31.24901875000015,32.61,random_forest_03_1600_leaf1,2006,1.360981249999849
2010,Primeiro turno 2010,Dilma Rousseff,48.22796249999977,46.91,random_forest_05_1600_leaf1,2006,1.3179624999997728
2010,Primeiro turno 2010,José Serra,31.66650666666685,32.61,random_forest_05_1600_leaf1,2006,0.9434933333331479
2010,Primeiro turno 2010,Dilma Rousseff,50.030006249999644,46.91,random_forest_07_1600_leaf1,2006,3.1200062499996477
2010,Primeiro turno 2010,José Serra,32.970664583333466,32.61,random_forest_07_1600_leaf1,2006,0.36066458333346674
2010,Primeiro turno 2010,Dilma Rousseff,41.21401500000001,46.91,random_forest_sqrt_1600_leaf1,2006,5.695984999999986
2010,Primeiro turno 2010,José Serra,27.773293893849296,32.61,random_forest_sqrt_1600_leaf1,2006,4.836706106150704
2010,Primeiro turno 2010,Dilma Rousseff,38.961170000000024,46.91,random_forest_log2_1600_leaf1,2006,7.9488299999999725
2010,Primeiro turno 2010,José Serra,26.660200902777838,32.61,random_forest_log2_1600_leaf1,2006,5.9497990972221615
2010,Primeiro turno 2010,Dilma Rousseff,50.37907360738024,46.91,random_forest_05_2000_leaf3,2006,3.4690736073802455
2010,Primeiro turno 2010,José Serra,31.141174961714672,32.61,random_forest_05_2000_leaf3,2006,1.4688250382853276
2010,Primeiro turno 2010,Dilma Rousseff,50.44660000000013,46.91,extra_trees,2006,3.536600000000135
2010,Primeiro turno 2010,José Serra,26.22626666666666,32.61,extra_trees,2006,6.383733333333339
2010,Primeiro turno 2010,Dilma Rousseff,51.96132874999955,46.91,extra_trees_1000,2006,5.051328749999556
2010,Primeiro turno 2010,José Serra,26.25755550586908,32.61,extra_trees_1000,2006,6.352444494130918
2010,Primeiro turno 2010,Dilma Rousseff,42.44300868055565,46.91,extra_trees_03_1600_leaf1,2006,4.466991319444347
2010,Primeiro turno 2010,José Serra,25.33556319444455,32.61,extra_trees_03_1600_leaf1,2006,7.27443680555545
2010,Primeiro turno 2010,Dilma Rousseff,44.53314374999995,46.91,extra_trees_05_1600_leaf1,2006,2.3768562500000456
2010,Primeiro turno 2010,José Serra,26.28295729166687,32.61,extra_trees_05_1600_leaf1,2006,6.327042708333128
2010,Primeiro turno 2010,Dilma Rousseff,36.139623611111226,46.91,extra_trees_sqrt_1600_leaf1,2006,10.77037638888877
2010,Primeiro turno 2010,José Serra,24.106772479575163,32.61,extra_trees_sqrt_1600_leaf1,2006,8.503227520424836
2010,Primeiro turno 2010,Dilma Rousseff,36.158927667072625,46.91,extra_trees_log2_1600_leaf1,2006,10.751072332927372
2010,Primeiro turno 2010,José Serra,24.475322465052276,32.61,extra_trees_log2_1600_leaf1,2006,8.134677534947723
2010,Primeiro turno 2010,Dilma Rousseff,50.345635198541075,46.91,extra_trees_05_2000_leaf3,2006,3.4356351985410782
2010,Primeiro turno 2010,José Serra,26.17998805761813,32.61,extra_trees_05_2000_leaf3,2006,6.430011942381871
2010,Primeiro turno 2010,Dilma Rousseff,46.74653186126607,46.91,gradient_boosting,2006,0.16346813873392563
2010,Primeiro turno 2010,José Serra,31.196687024923005,32.61,gradient_boosting,2006,1.4133129750769946
2010,Primeiro turno 2010,Dilma Rousseff,51.13647559306243,46.91,gradient_boosting_slow,2006,4.226475593062432
2010,Primeiro turno 2010,José Serra,38.9893714278884,32.61,gradient_boosting_slow,2006,6.379371427888401
2010,Primeiro turno 2010,Dilma Rousseff,54.52699025041187,46.91,gradient_boosting_deep,2006,7.616990250411874
2010,Primeiro turno 2010,José Serra,31.21842718440222,32.61,gradient_boosting_deep,2006,1.3915728155977796
2010,Primeiro turno 2010,Dilma Rousseff,52.28391784664043,46.91,hist_gradient_boosting,2006,5.373917846640431
2010,Primeiro turno 2010,José Serra,32.32128497217806,32.61,hist_gradient_boosting,2006,0.2887150278219366
2010,Primeiro turno 2010,Dilma Rousseff,51.8706427634826,46.91,hist_gradient_boosting_l2,2006,4.960642763482603
2010,Primeiro turno 2010,José Serra,32.99906775519416,32.61,hist_gradient_boosting_l2,2006,0.38906775519416215
2010,Primeiro turno 2010,Dilma Rousseff,41.66325153374225,46.91,ada_boost,2006,5.246748466257749
2010,Primeiro turno 2010,José Serra,37.70378194609484,32.61,ada_boost,2006,5.093781946094843
2010,Primeiro turno 2010,Dilma Rousseff,66.8364982850637,46.91,mlp_pequena,2006,19.9264982850637
2010,Primeiro turno 2010,José Serra,37.81344108597855,32.61,mlp_pequena,2006,5.203441085978554
2010,Primeiro turno 2010,Dilma Rousseff,96.64782386694166,46.91,mlp_media,2006,49.73782386694167
2010,Primeiro turno 2010,José Serra,86.4211629870092,32.61,mlp_media,2006,53.8111629870092
2010,Primeiro turno 2010,Dilma Rousseff,99.99999999999999,46.91,mlp_profunda,2006,53.08999999999999
2010,Primeiro turno 2010,José Serra,99.00793096275962,32.61,mlp_profunda,2006,66.39793096275962
2010,Primeiro turno 2010,Dilma Rousseff,99.99999999999999,46.91,mlp_larga,2006,53.08999999999999
2010,Primeiro turno 2010,José Serra,99.99999999999999,32.61,mlp_larga,2006,67.38999999999999
2010,Primeiro turno 2010,Dilma Rousseff,54.27795840506923,46.91,voting_ia,2006,7.367958405069231
2010,Primeiro turno 2010,José Serra,34.37453529887295,32.61,voting_ia,2006,1.76453529887295
2010,Primeiro turno 2010,Dilma Rousseff,49.71103738622672,46.91,stacking_ia,2006,2.8010373862267244
2010,Primeiro turno 2010,José Serra,32.31078802414008,32.61,stacking_ia,2006,0.29921197585991877
2010,Primeiro turno 2010,Dilma Rousseff,51.2908395587197,46.91,voting_arvores_ia,2006,4.380839558719707
2010,Primeiro turno 2010,José Serra,29.644675222578687,32.61,voting_arvores_ia,2006,2.965324777421312
2010,Primeiro turno 2010,Dilma Rousseff,53.2908275211314,46.91,stacking_arvores_ia,2006,6.380827521131401
2010,Primeiro turno 2010,José Serra,23.607264497113533,32.61,stacking_arvores_ia,2006,9.002735502886466
2014,Primeiro turno 2014,Aécio Neves,30.0,33.55,baseline_pesquisa,2010,3.549999999999997
2014,Primeiro turno 2014,Dilma Rousseff,44.0,41.59,baseline_pesquisa,2010,2.4099999999999966
2014,Primeiro turno 2014,Aécio Neves,30.0,33.55,baseline_ajustado,2010,3.549999999999997
2014,Primeiro turno 2014,Dilma Rousseff,44.0,41.59,baseline_ajustado,2010,2.4099999999999966
2014,Primeiro turno 2014,Aécio Neves,30.0,33.55,baseline_efeito_casa,2010,3.549999999999997
2014,Primeiro turno 2014,Dilma Rousseff,44.0,41.59,baseline_efeito_casa,2010,2.4099999999999966
2014,Primeiro turno 2014,Aécio Neves,13.526687623833409,33.55,inferencial_ols,2010,20.023312376166587
2014,Primeiro turno 2014,Dilma Rousseff,25.00830573471056,41.59,inferencial_ols,2010,16.581694265289443
2014,Primeiro turno 2014,Aécio Neves,41.32982184832174,33.55,ridge,2010,7.779821848321745
2014,Primeiro turno 2014,Dilma Rousseff,52.92693841270194,41.59,ridge,2010,11.33693841270194
2014,Primeiro turno 2014,Aécio Neves,44.36584904788192,33.55,huber,2010,10.815849047881926
2014,Primeiro turno 2014,Dilma Rousseff,54.443344402794736,41.59,huber,2010,12.853344402794733
2014,Primeiro turno 2014,Aécio Neves,43.15431791793358,33.55,elastic_net,2010,9.604317917933585
2014,Primeiro turno 2014,Dilma Rousseff,55.00199898418954,41.59,elastic_net,2010,13.411998984189538
2014,Primeiro turno 2014,Aécio Neves,43.325721588935366,33.55,ridge_forte,2010,9.775721588935369
2014,Primeiro turno 2014,Dilma Rousseff,55.012853593760056,41.59,ridge_forte,2010,13.422853593760053
2014,Primeiro turno 2014,Aécio Neves,31.944866666666556,33.55,random_forest_07_600,2010,1.6051333333334412
2014,Primeiro turno 2014,Dilma Rousseff,47.89101666666705,41.59,random_forest_07_600,2010,6.301016666667046
2014,Primeiro turno 2014,Aécio Neves,32.82953264880946,33.55,random_forest_05_1200,2010,0.7204673511905355
2014,Primeiro turno 2014,Dilma Rousseff,47.22732166666686,41.59,random_forest_05_1200,2010,5.637321666666857
2014,Primeiro turno 2014,Aécio Neves,32.26090940334495,33.55,random_forest_sqrt_1200,2010,1.2890905966550505
2014,Primeiro turno 2014,Dilma Rousseff,45.36873943292943,41.59,random_forest_sqrt_1200,2010,3.7787394329294273
2014,Primeiro turno 2014,Aécio Neves,33.924673437499905,33.55,random_forest_03_1600_leaf1,2010,0.3746734374999079
2014,Primeiro turno 2014,Dilma Rousseff,47.5891125000001,41.59,random_forest_03_1600_leaf1,2010,5.999112500000095
2014,Primeiro turno 2014,Aécio Neves,32.85528749999986,33.55,random_forest_05_1600_leaf1,2010,0.6947125000001364
2014,Primeiro turno 2014,Dilma Rousseff,47.75208750000012,41.59,random_forest_05_1600_leaf1,2010,6.162087500000119
2014,Primeiro turno 2014,Aécio Neves,31.990349999999843,33.55,random_forest_07_1600_leaf1,2010,1.559650000000154
2014,Primeiro turno 2014,Dilma Rousseff,47.77694375000004,41.59,random_forest_07_1600_leaf1,2010,6.186943750000033
2014,Primeiro turno 2014,Aécio Neves,33.21934687499991,33.55,random_forest_sqrt_1600_leaf1,2010,0.33065312500009014
2014,Primeiro turno 2014,Dilma Rousseff,46.44400078125002,41.59,random_forest_sqrt_1600_leaf1,2010,4.854000781250015
2014,Primeiro turno 2014,Aécio Neves,32.47608958333325,33.55,random_forest_log2_1600_leaf1,2010,1.0739104166667488
2014,Primeiro turno 2014,Dilma Rousseff,46.04773124999994,41.59,random_forest_log2_1600_leaf1,2010,4.457731249999938
2014,Primeiro turno 2014,Aécio Neves,32.937781373196266,33.55,random_forest_05_2000_leaf3,2010,0.6122186268037311
2014,Primeiro turno 2014,Dilma Rousseff,47.204425942279876,41.59,random_forest_05_2000_leaf3,2010,5.614425942279873
2014,Primeiro turno 2014,Aécio Neves,31.97395999999998,33.55,extra_trees,2010,1.5760400000000168
2014,Primeiro turno 2014,Dilma Rousseff,47.26424000000004,41.59,extra_trees,2010,5.67424000000004
2014,Primeiro turno 2014,Aécio Neves,32.770909166666534,33.55,extra_trees_1000,2010,0.7790908333334627
2014,Primeiro turno 2014,Dilma Rousseff,48.04919166666696,41.59,extra_trees_1000,2010,6.459191666666953
2014,Primeiro turno 2014,Aécio Neves,34.29178958333322,33.55,extra_trees_03_1600_leaf1,2010,0.7417895833332224
2014,Primeiro turno 2014,Dilma Rousseff,47.60986875000006,41.59,extra_trees_03_1600_leaf1,2010,6.019868750000057
2014,Primeiro turno 2014,Aécio Neves,33.404720833333215,33.55,extra_trees_05_1600_leaf1,2010,0.1452791666667821
2014,Primeiro turno 2014,Dilma Rousseff,48.14515000000008,41.59,extra_trees_05_1600_leaf1,2010,6.555150000000076
2014,Primeiro turno 2014,Aécio Neves,33.34800624999991,33.55,extra_trees_sqrt_1600_leaf1,2010,0.20199375000008502
2014,Primeiro turno 2014,Dilma Rousseff,46.57143906249997,41.59,extra_trees_sqrt_1600_leaf1,2010,4.981439062499966
2014,Primeiro turno 2014,Aécio Neves,33.46469184027767,33.55,extra_trees_log2_1600_leaf1,2010,0.08530815972232375
2014,Primeiro turno 2014,Dilma Rousseff,46.47963333333324,41.59,extra_trees_log2_1600_leaf1,2010,4.8896333333332365
2014,Primeiro turno 2014,Aécio Neves,33.35510536628648,33.55,extra_trees_05_2000_leaf3,2010,0.1948946337135169
2014,Primeiro turno 2014,Dilma Rousseff,48.05354077777779,41.59,extra_trees_05_2000_leaf3,2010,6.463540777777787
2014,Primeiro turno 2014,Aécio Neves,33.32275632269508,33.55,gradient_boosting,2010,0.22724367730491934
2014,Primeiro turno 2014,Dilma Rousseff,47.197708411478146,41.59,gradient_boosting,2010,5.607708411478143
2014,Primeiro turno 2014,Aécio Neves,35.55143248348744,33.55,gradient_boosting_slow,2010,2.0014324834874415
2014,Primeiro turno 2014,Dilma Rousseff,47.77377775109609,41.59,gradient_boosting_slow,2010,6.183777751096088
2014,Primeiro turno 2014,Aécio Neves,32.615666645576844,33.55,gradient_boosting_deep,2010,0.9343333544231527
2014,Primeiro turno 2014,Dilma Rousseff,45.96873189690657,41.59,gradient_boosting_deep,2010,4.378731896906565
2014,Primeiro turno 2014,Aécio Neves,36.98226035290829,33.55,hist_gradient_boosting,2010,3.432260352908294
2014,Primeiro turno 2014,Dilma Rousseff,51.86838998878863,41.59,hist_gradient_boosting,2010,10.278389988788625
2014,Primeiro turno 2014,Aécio Neves,38.658022962338855,33.55,hist_gradient_boosting_l2,2010,5.1080229623388576
2014,Primeiro turno 2014,Dilma Rousseff,52.17748544880795,41.59,hist_gradient_boosting_l2,2010,10.587485448807946
2014,Primeiro turno 2014,Aécio Neves,38.09573717948726,33.55,ada_boost,2010,4.545737179487261
2014,Primeiro turno 2014,Dilma Rousseff,41.57751798561165,41.59,ada_boost,2010,0.012482014388353946
2014,Primeiro turno 2014,Aécio Neves,38.96399114737333,33.55,mlp_pequena,2010,5.413991147373331
2014,Primeiro turno 2014,Dilma Rousseff,54.581109667443286,41.59,mlp_pequena,2010,12.991109667443283
2014,Primeiro turno 2014,Aécio Neves,45.42276325113173,33.55,mlp_media,2010,11.87276325113173
2014,Primeiro turno 2014,Dilma Rousseff,65.12526693697265,41.59,mlp_media,2010,23.535266936972647
2014,Primeiro turno 2014,Aécio Neves,68.95850852723348,33.55,mlp_profunda,2010,35.40850852723348
2014,Primeiro turno 2014,Dilma Rousseff,75.33392532209403,41.59,mlp_profunda,2010,33.74392532209403
2014,Primeiro turno 2014,Aécio Neves,71.89088950215935,33.55,mlp_larga,2010,38.34088950215936
2014,Primeiro turno 2014,Dilma Rousseff,58.19558113674571,41.59,mlp_larga,2010,16.605581136745705
2014,Primeiro turno 2014,Aécio Neves,35.31941494589449,33.55,voting_ia,2010,1.7694149458944963
2014,Primeiro turno 2014,Dilma Rousseff,49.451193385837804,41.59,voting_ia,2010,7.861193385837801
2014,Primeiro turno 2014,Aécio Neves,33.61696271881669,33.55,stacking_ia,2010,0.06696271881668991
2014,Primeiro turno 2014,Dilma Rousseff,49.30223651300864,41.59,stacking_ia,2010,7.712236513008634
2014,Primeiro turno 2014,Aécio Neves,32.5950984969463,33.55,voting_arvores_ia,2010,0.9549015030536978
2014,Primeiro turno 2014,Dilma Rousseff,46.88469416699045,41.59,voting_arvores_ia,2010,5.294694166990446
2014,Primeiro turno 2014,Aécio Neves,33.910102285646076,33.55,stacking_arvores_ia,2010,0.3601022856460787
2014,Primeiro turno 2014,Dilma Rousseff,50.14868174634465,41.59,stacking_arvores_ia,2010,8.558681746344647
2018,Primeiro turno 2018,Ciro Gomes,10.796939983025947,12.47,baseline_pesquisa,2014,1.6730600169740537
2018,Primeiro turno 2018,Fernando Haddad,24.98276780024324,29.28,baseline_pesquisa,2014,4.29723219975676
2018,Primeiro turno 2018,Geraldo Alckmin,5.775849758460246,4.76,baseline_pesquisa,2014,1.015849758460246
2018,Primeiro turno 2018,Jair Bolsonaro,47.920562296080504,46.03,baseline_pesquisa,2014,1.8905622960805033
2018,Primeiro turno 2018,João Amoêdo,3.231160552247946,2.5,baseline_pesquisa,2014,0.7311605522479461
2018,Primeiro turno 2018,Ciro Gomes,10.796939983025947,12.47,baseline_ajustado,2014,1.6730600169740537
2018,Primeiro turno 2018,Fernando Haddad,24.98276780024324,29.28,baseline_ajustado,2014,4.29723219975676
2018,Primeiro turno 2018,Geraldo Alckmin,5.775849758460246,4.76,baseline_ajustado,2014,1.015849758460246
2018,Primeiro turno 2018,Jair Bolsonaro,47.920562296080504,46.03,baseline_ajustado,2014,1.8905622960805033
2018,Primeiro turno 2018,João Amoêdo,3.231160552247946,2.5,baseline_ajustado,2014,0.7311605522479461
2018,Primeiro turno 2018,Ciro Gomes,10.796939983025947,12.47,baseline_efeito_casa,2014,1.6730600169740537
2018,Primeiro turno 2018,Fernando Haddad,24.98276780024324,29.28,baseline_efeito_casa,2014,4.29723219975676
2018,Primeiro turno 2018,Geraldo Alckmin,5.775849758460246,4.76,baseline_efeito_casa,2014,1.015849758460246
2018,Primeiro turno 2018,Jair Bolsonaro,47.920562296080504,46.03,baseline_efeito_casa,2014,1.8905622960805033
2018,Primeiro turno 2018,João Amoêdo,3.231160552247946,2.5,baseline_efeito_casa,2014,0.7311605522479461
2018,Primeiro turno 2018,Ciro Gomes,11.250143140752824,12.47,inferencial_ols,2014,1.2198568592471766
2018,Primeiro turno 2018,Fernando Haddad,31.189477489810546,29.28,inferencial_ols,2014,1.9094774898105449
2018,Primeiro turno 2018,Geraldo Alckmin,7.259891114783052,4.76,inferencial_ols,2014,2.4998911147830523
2018,Primeiro turno 2018,Jair Bolsonaro,49.41810451397631,46.03,inferencial_ols,2014,3.388104513976309
2018,Primeiro turno 2018,João Amoêdo,5.23763084730692,2.5,inferencial_ols,2014,2.73763084730692
2018,Primeiro turno 2018,Ciro Gomes,13.474659341372075,12.47,ridge,2014,1.004659341372074
2018,Primeiro turno 2018,Fernando Haddad,37.01736316017448,29.28,ridge,2014,7.737363160174482
2018,Primeiro turno 2018,Geraldo Alckmin,9.614496879885847,4.76,ridge,2014,4.854496879885847
2018,Primeiro turno 2018,Jair Bolsonaro,54.651703373564075,46.03,ridge,2014,8.621703373564074
2018,Primeiro turno 2018,João Amoêdo,7.658166021318269,2.5,ridge,2014,5.158166021318269
2018,Primeiro turno 2018,Ciro Gomes,11.483196470814374,12.47,huber,2014,0.986803529185627
2018,Primeiro turno 2018,Fernando Haddad,33.52914455527829,29.28,huber,2014,4.249144555278292
2018,Primeiro turno 2018,Geraldo Alckmin,6.901946947675993,4.76,huber,2014,2.1419469476759936
2018,Primeiro turno 2018,Jair Bolsonaro,54.45761932790394,46.03,huber,2014,8.42761932790394
2018,Primeiro turno 2018,João Amoêdo,4.5801690685493925,2.5,huber,2014,2.0801690685493925
2018,Primeiro turno 2018,Ciro Gomes,12.543746827136069,12.47,elastic_net,2014,0.07374682713606795
2018,Primeiro turno 2018,Fernando Haddad,34.75258341366466,29.28,elastic_net,2014,5.472583413664658
2018,Primeiro turno 2018,Geraldo Alckmin,8.852546025796363,4.76,elastic_net,2014,4.092546025796363
2018,Primeiro turno 2018,Jair Bolsonaro,51.61505782405496,46.03,elastic_net,2014,5.585057824054957
2018,Primeiro turno 2018,João Amoêdo,6.981844959486848,2.5,elastic_net,2014,4.481844959486848
2018,Primeiro turno 2018,Ciro Gomes,13.352883174230053,12.47,ridge_forte,2014,0.8828831742300522
2018,Primeiro turno 2018,Fernando Haddad,36.646385561453926,29.28,ridge_forte,2014,7.366385561453924
2018,Primeiro turno 2018,Geraldo Alckmin,9.565289921177218,4.76,ridge_forte,2014,4.805289921177218
2018,Primeiro turno 2018,Jair Bolsonaro,53.94920861117521,46.03,ridge_forte,2014,7.919208611175208
2018,Primeiro turno 2018,João Amoêdo,7.6457371472774565,2.5,ridge_forte,2014,5.1457371472774565
2018,Primeiro turno 2018,Ciro Gomes,30.6561607790404,12.47,random_forest_07_600,2014,18.1861607790404
2018,Primeiro turno 2018,Fernando Haddad,32.45028373746846,29.28,random_forest_07_600,2014,3.170283737468459
2018,Primeiro turno 2018,Geraldo Alckmin,29.712119721453817,4.76,random_forest_07_600,2014,24.95211972145382
2018,Primeiro turno 2018,Jair Bolsonaro,40.84003174063899,46.03,random_forest_07_600,2014,5.1899682593610095
2018,Primeiro turno 2018,João Amoêdo,29.69137423833436,2.5,random_forest_07_600,2014,27.19137423833436
2018,Primeiro turno 2018,Ciro Gomes,28.252500935429516,12.47,random_forest_05_1200,2014,15.782500935429516
2018,Primeiro turno 2018,Fernando Haddad,31.429772719698935,29.28,random_forest_05_1200,2014,2.149772719698934
2018,Primeiro turno 2018,Geraldo Alckmin,26.794252032511707,4.76,random_forest_05_1200,2014,22.03425203251171
2018,Primeiro turno 2018,Jair Bolsonaro,39.26750906557941,46.03,random_forest_05_1200,2014,6.76249093442059
2018,Primeiro turno 2018,João Amoêdo,26.757229906330664,2.5,random_forest_05_1200,2014,24.257229906330664
2018,Primeiro turno 2018,Ciro Gomes,25.20047631470387,12.47,random_forest_sqrt_1200,2014,12.73047631470387
2018,Primeiro turno 2018,Fernando Haddad,32.52567095039598,29.28,random_forest_sqrt_1200,2014,3.2456709503959758
2018,Primeiro turno 2018,Geraldo Alckmin,24.77875172757985,4.76,random_forest_sqrt_1200,2014,20.018751727579847
2018,Primeiro turno 2018,Jair Bolsonaro,35.87997599419711,46.03,random_forest_sqrt_1200,2014,10.15002400580289
2018,Primeiro turno 2018,João Amoêdo,24.757587743693954,2.5,random_forest_sqrt_1200,2014,22.257587743693954
2018,Primeiro turno 2018,Ciro Gomes,26.006569188597958,12.47,random_forest_03_1600_leaf1,2014,13.536569188597957
2018,Primeiro turno 2018,Fernando Haddad,32.12406802871338,29.28,random_forest_03_1600_leaf1,2014,2.84406802871338
2018,Primeiro turno 2018,Geraldo Alckmin,24.569478606327557,4.76,random_forest_03_1600_leaf1,2014,19.80947860632756
2018,Primeiro turno 2018,Jair Bolsonaro,38.00797862389077,46.03,random_forest_03_1600_leaf1,2014,8.02202137610923
2018,Primeiro turno 2018,João Amoêdo,24.478422607465603,2.5,random_forest_03_1600_leaf1,2014,21.978422607465603
2018,Primeiro turno 2018,Ciro Gomes,27.931356421325706,12.47,random_forest_05_1600_leaf1,2014,15.461356421325705
2018,Primeiro turno 2018,Fernando Haddad,32.39603290836451,29.28,random_forest_05_1600_leaf1,2014,3.1160329083645095
2018,Primeiro turno 2018,Geraldo Alckmin,26.33391933258904,4.76,random_forest_05_1600_leaf1,2014,21.573919332589043
2018,Primeiro turno 2018,Jair Bolsonaro,39.273230501046804,46.03,random_forest_05_1600_leaf1,2014,6.756769498953197
2018,Primeiro turno 2018,João Amoêdo,26.286376200459586,2.5,random_forest_05_1600_leaf1,2014,23.786376200459586
2018,Primeiro turno 2018,Ciro Gomes,30.459649478791118,12.47,random_forest_07_1600_leaf1,2014,17.989649478791115
2018,Primeiro turno 2018,Fernando Haddad,32.92831310994818,29.28,random_forest_07_1600_leaf1,2014,3.6483131099481767
2018,Primeiro turno 2018,Geraldo Alckmin,29.590533331689436,4.76,random_forest_07_1600_leaf1,2014,24.830533331689438
2018,Primeiro turno 2018,Jair Bolsonaro,40.396207903636515,46.03,random_forest_07_1600_leaf1,2014,5.633792096363486
2018,Primeiro turno 2018,João Amoêdo,29.57234730707307,2.5,random_forest_07_1600_leaf1,2014,27.07234730707307
2018,Primeiro turno 2018,Ciro Gomes,24.481694787756563,12.47,random_forest_sqrt_1600_leaf1,2014,12.011694787756563
2018,Primeiro turno 2018,Fernando Haddad,32.27076352691828,29.28,random_forest_sqrt_1600_leaf1,2014,2.990763526918279
2018,Primeiro turno 2018,Geraldo Alckmin,23.6986282706602,4.76,random_forest_sqrt_1600_leaf1,2014,18.938628270660203
2018,Primeiro turno 2018,Jair Bolsonaro,36.76026426335798,46.03,random_forest_sqrt_1600_leaf1,2014,9.26973573664202
2018,Primeiro turno 2018,João Amoêdo,23.53542083336787,2.5,random_forest_sqrt_1600_leaf1,2014,21.03542083336787
2018,Primeiro turno 2018,Ciro Gomes,23.566942128253558,12.47,random_forest_log2_1600_leaf1,2014,11.096942128253557
2018,Primeiro turno 2018,Fernando Haddad,32.14321509261859,29.28,random_forest_log2_1600_leaf1,2014,2.8632150926185886
2018,Primeiro turno 2018,Geraldo Alckmin,22.845324900844407,4.76,random_forest_log2_1600_leaf1,2014,18.085324900844405
2018,Primeiro turno 2018,Jair Bolsonaro,36.554386753459866,46.03,random_forest_log2_1600_leaf1,2014,9.475613246540135
2018,Primeiro turno 2018,João Amoêdo,22.688317633716522,2.5,random_forest_log2_1600_leaf1,2014,20.188317633716522
2018,Primeiro turno 2018,Ciro Gomes,27.64671386467881,12.47,random_forest_05_2000_leaf3,2014,15.176713864678808
2018,Primeiro turno 2018,Fernando Haddad,31.444709999208637,29.28,random_forest_05_2000_leaf3,2014,2.164709999208636
2018,Primeiro turno 2018,Geraldo Alckmin,26.256198816194882,4.76,random_forest_05_2000_leaf3,2014,21.496198816194884
2018,Primeiro turno 2018,Jair Bolsonaro,38.93327773809269,46.03,random_forest_05_2000_leaf3,2014,7.09672226190731
2018,Primeiro turno 2018,João Amoêdo,26.220888966932343,2.5,random_forest_05_2000_leaf3,2014,23.720888966932343
2018,Primeiro turno 2018,Ciro Gomes,26.528863660086863,12.47,extra_trees,2014,14.058863660086862
2018,Primeiro turno 2018,Fernando Haddad,33.11179241341875,29.28,extra_trees,2014,3.8317924134187464
2018,Primeiro turno 2018,Geraldo Alckmin,22.766165100622874,4.76,extra_trees,2014,18.006165100622873
2018,Primeiro turno 2018,Jair Bolsonaro,40.67140805364947,46.03,extra_trees,2014,5.358591946350529
2018,Primeiro turno 2018,João Amoêdo,22.505328387660434,2.5,extra_trees,2014,20.005328387660434
2018,Primeiro turno 2018,Ciro Gomes,23.801775026971445,12.47,extra_trees_1000,2014,11.331775026971444
2018,Primeiro turno 2018,Fernando Haddad,33.21901486316347,29.28,extra_trees_1000,2014,3.9390148631634716
2018,Primeiro turno 2018,Geraldo Alckmin,20.992200199627707,4.76,extra_trees_1000,2014,16.232200199627705
2018,Primeiro turno 2018,Jair Bolsonaro,38.52730044853166,46.03,extra_trees_1000,2014,7.502699551468339
2018,Primeiro turno 2018,João Amoêdo,20.21638795502071,2.5,extra_trees_1000,2014,17.71638795502071
2018,Primeiro turno 2018,Ciro Gomes,22.618522381927583,12.47,extra_trees_03_1600_leaf1,2014,10.148522381927583
2018,Primeiro turno 2018,Fernando Haddad,33.277554553716726,29.28,extra_trees_03_1600_leaf1,2014,3.997554553716725
2018,Primeiro turno 2018,Geraldo Alckmin,20.781429716663272,4.76,extra_trees_03_1600_leaf1,2014,16.02142971666327
2018,Primeiro turno 2018,Jair Bolsonaro,37.31900239365821,46.03,extra_trees_03_1600_leaf1,2014,8.710997606341792
2018,Primeiro turno 2018,João Amoêdo,20.147121125533232,2.5,extra_trees_03_1600_leaf1,2014,17.647121125533232
2018,Primeiro turno 2018,Ciro Gomes,24.32362167539026,12.47,extra_trees_05_1600_leaf1,2014,11.85362167539026
2018,Primeiro turno 2018,Fernando Haddad,33.3696924960997,29.28,extra_trees_05_1600_leaf1,2014,4.089692496099701
2018,Primeiro turno 2018,Geraldo Alckmin,21.99374361220996,4.76,extra_trees_05_1600_leaf1,2014,17.233743612209963
2018,Primeiro turno 2018,Jair Bolsonaro,37.708010144736086,46.03,extra_trees_05_1600_leaf1,2014,8.321989855263915
2018,Primeiro turno 2018,João Amoêdo,21.451883311084018,2.5,extra_trees_05_1600_leaf1,2014,18.951883311084018
2018,Primeiro turno 2018,Ciro Gomes,23.295061439913137,12.47,extra_trees_sqrt_1600_leaf1,2014,10.825061439913137
2018,Primeiro turno 2018,Fernando Haddad,33.37189440735891,29.28,extra_trees_sqrt_1600_leaf1,2014,4.091894407358907
2018,Primeiro turno 2018,Geraldo Alckmin,21.61920568885888,4.76,extra_trees_sqrt_1600_leaf1,2014,16.85920568885888
2018,Primeiro turno 2018,Jair Bolsonaro,37.23294027296916,46.03,extra_trees_sqrt_1600_leaf1,2014,8.797059727030842
2018,Primeiro turno 2018,João Amoêdo,21.00079448351503,2.5,extra_trees_sqrt_1600_leaf1,2014,18.50079448351503
2018,Primeiro turno 2018,Ciro Gomes,23.48163151584775,12.47,extra_trees_log2_1600_leaf1,2014,11.011631515847748
2018,Primeiro turno 2018,Fernando Haddad,33.05425670316922,29.28,extra_trees_log2_1600_leaf1,2014,3.774256703169222
2018,Primeiro turno 2018,Geraldo Alckmin,22.15964170996184,4.76,extra_trees_log2_1600_leaf1,2014,17.39964170996184
2018,Primeiro turno 2018,Jair Bolsonaro,36.96828509220468,46.03,extra_trees_log2_1600_leaf1,2014,9.06171490779532
2018,Primeiro turno 2018,João Amoêdo,21.505600666487517,2.5,extra_trees_log2_1600_leaf1,2014,19.005600666487517
2018,Primeiro turno 2018,Ciro Gomes,23.959044660245542,12.47,extra_trees_05_2000_leaf3,2014,11.489044660245542
2018,Primeiro turno 2018,Fernando Haddad,33.36338996591226,29.28,extra_trees_05_2000_leaf3,2014,4.083389965912261
2018,Primeiro turno 2018,Geraldo Alckmin,21.087890401073448,4.76,extra_trees_05_2000_leaf3,2014,16.327890401073446
2018,Primeiro turno 2018,Jair Bolsonaro,37.48360154008725,46.03,extra_trees_05_2000_leaf3,2014,8.546398459912751
2018,Primeiro turno 2018,João Amoêdo,20.334704903740583,2.5,extra_trees_05_2000_leaf3,2014,17.834704903740583
2018,Primeiro turno 2018,Ciro Gomes,32.13666416786063,12.47,gradient_boosting,2014,19.66666416786063
2018,Primeiro turno 2018,Fernando Haddad,34.975136755859076,29.28,gradient_boosting,2014,5.695136755859075
2018,Primeiro turno 2018,Geraldo Alckmin,30.238783401716347,4.76,gradient_boosting,2014,25.47878340171635
2018,Primeiro turno 2018,Jair Bolsonaro,40.921528488900435,46.03,gradient_boosting,2014,5.108471511099566
2018,Primeiro turno 2018,João Amoêdo,28.704892564908878,2.5,gradient_boosting,2014,26.204892564908878
2018,Primeiro turno 2018,Ciro Gomes,25.265184936703104,12.47,gradient_boosting_slow,2014,12.795184936703103
2018,Primeiro turno 2018,Fernando Haddad,31.590698999372183,29.28,gradient_boosting_slow,2014,2.310698999372182
2018,Primeiro turno 2018,Geraldo Alckmin,20.97190833005105,4.76,gradient_boosting_slow,2014,16.211908330051052
2018,Primeiro turno 2018,Jair Bolsonaro,41.482161755858506,46.03,gradient_boosting_slow,2014,4.547838244141495
2018,Primeiro turno 2018,João Amoêdo,19.33766897911201,2.5,gradient_boosting_slow,2014,16.83766897911201
2018,Primeiro turno 2018,Ciro Gomes,30.800498600268725,12.47,gradient_boosting_deep,2014,18.330498600268726
2018,Primeiro turno 2018,Fernando Haddad,34.24702632315387,29.28,gradient_boosting_deep,2014,4.967026323153867
2018,Primeiro turno 2018,Geraldo Alckmin,30.23240158334864,4.76,gradient_boosting_deep,2014,25.472401583348642
2018,Primeiro turno 2018,Jair Bolsonaro,41.231550944060416,46.03,gradient_boosting_deep,2014,4.798449055939585
2018,Primeiro turno 2018,João Amoêdo,28.327498249050418,2.5,gradient_boosting_deep,2014,25.827498249050418
2018,Primeiro turno 2018,Ciro Gomes,17.93139179536914,12.47,hist_gradient_boosting,2014,5.46139179536914
2018,Primeiro turno 2018,Fernando Haddad,33.898995419707504,29.28,hist_gradient_boosting,2014,4.6189954197075025
2018,Primeiro turno 2018,Geraldo Alckmin,16.967383224076663,4.76,hist_gradient_boosting,2014,12.207383224076663
2018,Primeiro turno 2018,Jair Bolsonaro,46.06894354056192,46.03,hist_gradient_boosting,2014,0.038943540561916734
2018,Primeiro turno 2018,João Amoêdo,16.889997945439937,2.5,hist_gradient_boosting,2014,14.389997945439937
2018,Primeiro turno 2018,Ciro Gomes,17.947371308336592,12.47,hist_gradient_boosting_l2,2014,5.477371308336592
2018,Primeiro turno 2018,Fernando Haddad,33.62228524982742,29.28,hist_gradient_boosting_l2,2014,4.34228524982742
2018,Primeiro turno 2018,Geraldo Alckmin,17.408535592257504,4.76,hist_gradient_boosting_l2,2014,12.648535592257504
2018,Primeiro turno 2018,Jair Bolsonaro,45.63691255430564,46.03,hist_gradient_boosting_l2,2014,0.3930874456943627
2018,Primeiro turno 2018,João Amoêdo,17.03006869836614,2.5,hist_gradient_boosting_l2,2014,14.53006869836614
2018,Primeiro turno 2018,Ciro Gomes,25.44890229918086,12.47,ada_boost,2014,12.978902299180861
2018,Primeiro turno 2018,Fernando Haddad,32.82890407987475,29.28,ada_boost,2014,3.5489040798747453
2018,Primeiro turno 2018,Geraldo Alckmin,25.44890229918086,4.76,ada_boost,2014,20.68890229918086
2018,Primeiro turno 2018,Jair Bolsonaro,40.74580745341629,46.03,ada_boost,2014,5.284192546583711
2018,Primeiro turno 2018,João Amoêdo,25.44890229918086,2.5,ada_boost,2014,22.94890229918086
2018,Primeiro turno 2018,Ciro Gomes,0.8436417169696752,12.47,mlp_pequena,2014,11.626358283030326
2018,Primeiro turno 2018,Fernando Haddad,21.045940396848483,29.28,mlp_pequena,2014,8.234059603151518
2018,Primeiro turno 2018,Geraldo Alckmin,0.0,4.76,mlp_pequena,2014,4.76
2018,Primeiro turno 2018,Jair Bolsonaro,28.884167381785105,46.03,mlp_pequena,2014,17.145832618214897
2018,Primeiro turno 2018,João Amoêdo,0.0,2.5,mlp_pequena,2014,2.5
2018,Primeiro turno 2018,Ciro Gomes,8.23277412579357,12.47,mlp_media,2014,4.23722587420643
2018,Primeiro turno 2018,Fernando Haddad,26.255430243879186,29.28,mlp_media,2014,3.0245697561208154
2018,Primeiro turno 2018,Geraldo Alckmin,6.44075728627682,4.76,mlp_media,2014,1.6807572862768199
2018,Primeiro turno 2018,Jair Bolsonaro,26.92833533020185,46.03,mlp_media,2014,19.10166466979815
2018,Primeiro turno 2018,João Amoêdo,6.574891018990414,2.5,mlp_media,2014,4.074891018990414
2018,Primeiro turno 2018,Ciro Gomes,4.2505241362559705,12.47,mlp_profunda,2014,8.21947586374403
2018,Primeiro turno 2018,Fernando Haddad,15.850724520850502,29.28,mlp_profunda,2014,13.4292754791495
2018,Primeiro turno 2018,Geraldo Alckmin,5.089140613442065,4.76,mlp_profunda,2014,0.3291406134420649
2018,Primeiro turno 2018,Jair Bolsonaro,22.397751868949246,46.03,mlp_profunda,2014,23.632248131050755
2018,Primeiro turno 2018,João Amoêdo,5.6189134350383645,2.5,mlp_profunda,2014,3.1189134350383645
2018,Primeiro turno 2018,Ciro Gomes,7.286767196264808,12.47,mlp_larga,2014,5.1832328037351925
2018,Primeiro turno 2018,Fernando Haddad,18.352238837348736,29.28,mlp_larga,2014,10.927761162651265
2018,Primeiro turno 2018,Geraldo Alckmin,6.216694363055606,4.76,mlp_larga,2014,1.4566943630556066
2018,Primeiro turno 2018,Jair Bolsonaro,37.617162644437,46.03,mlp_larga,2014,8.412837355563
2018,Primeiro turno 2018,João Amoêdo,5.622980004277191,2.5,mlp_larga,2014,3.122980004277191
2018,Primeiro turno 2018,Ciro Gomes,27.322411318896727,12.47,voting_ia,2014,14.852411318896726
2018,Primeiro turno 2018,Fernando Haddad,35.69674766216927,29.28,voting_ia,2014,6.416747662169271
2018,Primeiro turno 2018,Geraldo Alckmin,25.189493427200738,4.76,voting_ia,2014,20.42949342720074
2018,Primeiro turno 2018,Jair Bolsonaro,45.69245216858617,46.03,voting_ia,2014,0.33754783141382916
2018,Primeiro turno 2018,João Amoêdo,24.026086195409064,2.5,voting_ia,2014,21.526086195409064
2018,Primeiro turno 2018,Ciro Gomes,36.87436641093633,12.47,stacking_ia,2014,24.404366410936333
2018,Primeiro turno 2018,Fernando Haddad,33.67149732561231,29.28,stacking_ia,2014,4.391497325612306
2018,Primeiro turno 2018,Geraldo Alckmin,36.574578813604624,4.76,stacking_ia,2014,31.814578813604626
2018,Primeiro turno 2018,Jair Bolsonaro,38.935306131409945,46.03,stacking_ia,2014,7.094693868590056
2018,Primeiro turno 2018,João Amoêdo,36.80474027529729,2.5,stacking_ia,2014,34.30474027529729
2018,Primeiro turno 2018,Ciro Gomes,27.62787513689201,12.47,voting_arvores_ia,2014,15.157875136892008
2018,Primeiro turno 2018,Fernando Haddad,32.97815331092791,29.28,voting_arvores_ia,2014,3.698153310927907
2018,Primeiro turno 2018,Geraldo Alckmin,26.1109609351339,4.76,voting_arvores_ia,2014,21.350960935133898
2018,Primeiro turno 2018,Jair Bolsonaro,39.69095095554843,46.03,voting_arvores_ia,2014,6.339049044451571
2018,Primeiro turno 2018,João Amoêdo,25.21831525453552,2.5,voting_arvores_ia,2014,22.71831525453552
2018,Primeiro turno 2018,Ciro Gomes,22.18299033662819,12.47,stacking_arvores_ia,2014,9.71299033662819
2018,Primeiro turno 2018,Fernando Haddad,32.429615164365806,29.28,stacking_arvores_ia,2014,3.1496151643658052
2018,Primeiro turno 2018,Geraldo Alckmin,18.42977237174097,4.76,stacking_arvores_ia,2014,13.66977237174097
2018,Primeiro turno 2018,Jair Bolsonaro,38.49317694616779,46.03,stacking_arvores_ia,2014,7.536823053832208
2018,Primeiro turno 2018,João Amoêdo,18.608140889138777,2.5,stacking_arvores_ia,2014,16.108140889138777
2022,Primeiro turno 2022 - 2019,Ciro Gomes,14.731999999999998,3.04,baseline_pesquisa,2018,11.691999999999997
2022,Primeiro turno 2022 - 2019,Jair Bolsonaro,42.6829,43.2,baseline_pesquisa,2018,0.5171000000000063
2022,Primeiro turno 2022 - 2020,Ciro Gomes,6.9767,3.04,baseline_pesquisa,2018,3.9367
2022,Primeiro turno 2022 - 2020,Jair Bolsonaro,36.0465,43.2,baseline_pesquisa,2018,7.153500000000001
2022,Primeiro turno 2022 - 2020,Lula,19.7674,48.43,baseline_pesquisa,2018,28.6626
2022,Primeiro turno 2022 - 2021,Ciro Gomes,9.0909,3.04,baseline_pesquisa,2018,6.0508999999999995
2022,Primeiro turno 2022 - 2021,Jair Bolsonaro,25.641000000000002,43.2,baseline_pesquisa,2018,17.559
2022,Primeiro turno 2022 - 2021,Lula,41.958,48.43,baseline_pesquisa,2018,6.472000000000001
2022,Primeiro turno 2022 - 2021,Simone Tebet,4.4944,4.16,baseline_pesquisa,2018,0.3343999999999996
2022,Primeiro turno 2022 - 2021 alternativo,Ciro Gomes,15.217400000000001,3.04,baseline_pesquisa,2018,12.177400000000002
2022,Primeiro turno 2022 - 2021 alternativo,Jair Bolsonaro,33.6957,43.2,baseline_pesquisa,2018,9.5043
2022,Primeiro turno 2022 - 2021 alternativo,Lula,42.3913,48.43,baseline_pesquisa,2018,6.038699999999999
2022,Primeiro turno 2022 - abril a junho,Ciro Gomes,8.7912,3.04,baseline_pesquisa,2018,5.7512
2022,Primeiro turno 2022 - abril a junho,Jair Bolsonaro,36.2637,43.2,baseline_pesquisa,2018,6.936300000000003
2022,Primeiro turno 2022 - abril a junho,Lula,47.2527,48.43,baseline_pesquisa,2018,1.1773000000000025
2022,Primeiro turno 2022 - janeiro a marco,Ciro Gomes,5.3763,3.04,baseline_pesquisa,2018,2.3362999999999996
2022,Primeiro turno 2022 - janeiro a marco,Jair Bolsonaro,37.6344,43.2,baseline_pesquisa,2018,5.565600000000003
2022,Primeiro turno 2022 - janeiro a marco,Lula,39.7849,48.43,baseline_pesquisa,2018,8.6451
2022,Primeiro turno 2022 - reta final,Ciro Gomes,5.30012648259788,3.04,baseline_pesquisa,2018,2.2601264825978804
2022,Primeiro turno 2022 - reta final,Jair Bolsonaro,36.040769858597066,43.2,baseline_pesquisa,2018,7.1592301414029365
2022,Primeiro turno 2022 - reta final,Lula,50.52998938331879,48.43,baseline_pesquisa,2018,2.0999893833187926
2022,Primeiro turno 2022 - reta final,Simone Tebet,6.009058793981354,4.16,baseline_pesquisa,2018,1.8490587939813539
2022,Primeiro turno 2022 - 2019,Ciro Gomes,14.731999999999998,3.04,baseline_ajustado,2018,11.691999999999997
2022,Primeiro turno 2022 - 2019,Jair Bolsonaro,42.6829,43.2,baseline_ajustado,2018,0.5171000000000063
2022,Primeiro turno 2022 - 2020,Ciro Gomes,6.9767,3.04,baseline_ajustado,2018,3.9367
2022,Primeiro turno 2022 - 2020,Jair Bolsonaro,36.0465,43.2,baseline_ajustado,2018,7.153500000000001
2022,Primeiro turno 2022 - 2020,Lula,19.7674,48.43,baseline_ajustado,2018,28.6626
2022,Primeiro turno 2022 - 2021,Ciro Gomes,9.0909,3.04,baseline_ajustado,2018,6.0508999999999995
2022,Primeiro turno 2022 - 2021,Jair Bolsonaro,25.641000000000002,43.2,baseline_ajustado,2018,17.559
2022,Primeiro turno 2022 - 2021,Lula,41.958,48.43,baseline_ajustado,2018,6.472000000000001
2022,Primeiro turno 2022 - 2021,Simone Tebet,4.4944,4.16,baseline_ajustado,2018,0.3343999999999996
2022,Primeiro turno 2022 - 2021 alternativo,Ciro Gomes,15.217400000000001,3.04,baseline_ajustado,2018,12.177400000000002
2022,Primeiro turno 2022 - 2021 alternativo,Jair Bolsonaro,33.6957,43.2,baseline_ajustado,2018,9.5043
2022,Primeiro turno 2022 - 2021 alternativo,Lula,42.3913,48.43,baseline_ajustado,2018,6.038699999999999
2022,Primeiro turno 2022 - abril a junho,Ciro Gomes,8.7912,3.04,baseline_ajustado,2018,5.7512
2022,Primeiro turno 2022 - abril a junho,Jair Bolsonaro,36.2637,43.2,baseline_ajustado,2018,6.936300000000003
2022,Primeiro turno 2022 - abril a junho,Lula,47.2527,48.43,baseline_ajustado,2018,1.1773000000000025
2022,Primeiro turno 2022 - janeiro a marco,Ciro Gomes,5.3763,3.04,baseline_ajustado,2018,2.3362999999999996
2022,Primeiro turno 2022 - janeiro a marco,Jair Bolsonaro,37.6344,43.2,baseline_ajustado,2018,5.565600000000003
2022,Primeiro turno 2022 - janeiro a marco,Lula,39.7849,48.43,baseline_ajustado,2018,8.6451
2022,Primeiro turno 2022 - reta final,Ciro Gomes,5.809073817760126,3.04,baseline_ajustado,2018,2.769073817760126
2022,Primeiro turno 2022 - reta final,Jair Bolsonaro,36.54971719375931,43.2,baseline_ajustado,2018,6.650282806240696
2022,Primeiro turno 2022 - reta final,Lula,51.03893671848104,48.43,baseline_ajustado,2018,2.60893671848104
2022,Primeiro turno 2022 - reta final,Simone Tebet,6.518006129143599,4.16,baseline_ajustado,2018,2.3580061291435985
2022,Primeiro turno 2022 - 2019,Ciro Gomes,14.731999999999998,3.04,baseline_efeito_casa,2018,11.691999999999997
2022,Primeiro turno 2022 - 2019,Jair Bolsonaro,42.6829,43.2,baseline_efeito_casa,2018,0.5171000000000063
2022,Primeiro turno 2022 - 2020,Ciro Gomes,6.9767,3.04,baseline_efeito_casa,2018,3.9367
2022,Primeiro turno 2022 - 2020,Jair Bolsonaro,36.0465,43.2,baseline_efeito_casa,2018,7.153500000000001
2022,Primeiro turno 2022 - 2020,Lula,19.7674,48.43,baseline_efeito_casa,2018,28.6626
2022,Primeiro turno 2022 - 2021,Ciro Gomes,9.0909,3.04,baseline_efeito_casa,2018,6.0508999999999995
2022,Primeiro turno 2022 - 2021,Jair Bolsonaro,25.641000000000002,43.2,baseline_efeito_casa,2018,17.559
2022,Primeiro turno 2022 - 2021,Lula,41.958,48.43,baseline_efeito_casa,2018,6.472000000000001
2022,Primeiro turno 2022 - 2021,Simone Tebet,4.4944,4.16,baseline_efeito_casa,2018,0.3343999999999996
2022,Primeiro turno 2022 - 2021 alternativo,Ciro Gomes,15.217400000000001,3.04,baseline_efeito_casa,2018,12.177400000000002
2022,Primeiro turno 2022 - 2021 alternativo,Jair Bolsonaro,33.6957,43.2,baseline_efeito_casa,2018,9.5043
2022,Primeiro turno 2022 - 2021 alternativo,Lula,42.3913,48.43,baseline_efeito_casa,2018,6.038699999999999
2022,Primeiro turno 2022 - abril a junho,Ciro Gomes,8.7912,3.04,baseline_efeito_casa,2018,5.7512
2022,Primeiro turno 2022 - abril a junho,Jair Bolsonaro,36.2637,43.2,baseline_efeito_casa,2018,6.936300000000003
2022,Primeiro turno 2022 - abril a junho,Lula,47.2527,48.43,baseline_efeito_casa,2018,1.1773000000000025
2022,Primeiro turno 2022 - janeiro a marco,Ciro Gomes,5.3763,3.04,baseline_efeito_casa,2018,2.3362999999999996
2022,Primeiro turno 2022 - janeiro a marco,Jair Bolsonaro,37.6344,43.2,baseline_efeito_casa,2018,5.565600000000003
2022,Primeiro turno 2022 - janeiro a marco,Lula,39.7849,48.43,baseline_efeito_casa,2018,8.6451
2022,Primeiro turno 2022 - reta final,Ciro Gomes,3.349280470615145,3.04,baseline_efeito_casa,2018,0.30928047061514485
2022,Primeiro turno 2022 - reta final,Jair Bolsonaro,44.63797839392525,43.2,baseline_efeito_casa,2018,1.437978393925249
2022,Primeiro turno 2022 - reta final,Lula,51.810510535345465,48.43,baseline_efeito_casa,2018,3.380510535345465
2022,Primeiro turno 2022 - reta final,Simone Tebet,6.518006129143599,4.16,baseline_efeito_casa,2018,2.3580061291435985
2022,Primeiro turno 2022 - 2019,Ciro Gomes,14.36278716565845,3.04,inferencial_ols,2018,11.32278716565845
2022,Primeiro turno 2022 - 2019,Jair Bolsonaro,40.287409179997596,43.2,inferencial_ols,2018,2.912590820002407
2022,Primeiro turno 2022 - 2020,Ciro Gomes,7.7488192025882245,3.04,inferencial_ols,2018,4.7088192025882245
2022,Primeiro turno 2022 - 2020,Jair Bolsonaro,34.58997187192317,43.2,inferencial_ols,2018,8.610028128076834
2022,Primeiro turno 2022 - 2020,Lula,32.88444041771689,48.43,inferencial_ols,2018,15.545559582283111
2022,Primeiro turno 2022 - 2021,Ciro Gomes,9.064249447998629,3.04,inferencial_ols,2018,6.024249447998629
2022,Primeiro turno 2022 - 2021,Jair Bolsonaro,25.650072024071633,43.2,inferencial_ols,2018,17.54992797592837
2022,Primeiro turno 2022 - 2021,Lula,50.64516161134201,48.43,inferencial_ols,2018,2.215161611342012
2022,Primeiro turno 2022 - 2021,Simone Tebet,5.604475654229215,4.16,inferencial_ols,2018,1.4444756542292145
2022,Primeiro turno 2022 - 2021 alternativo,Ciro Gomes,16.143176815045788,3.04,inferencial_ols,2018,13.103176815045789
2022,Primeiro turno 2022 - 2021 alternativo,Jair Bolsonaro,34.30845636579292,43.2,inferencial_ols,2018,8.891543634207082
2022,Primeiro turno 2022 - 2021 alternativo,Lula,53.060587034496045,48.43,inferencial_ols,2018,4.630587034496045
2022,Primeiro turno 2022 - abril a junho,Ciro Gomes,10.776031353648603,3.04,inferencial_ols,2018,7.736031353648603
2022,Primeiro turno 2022 - abril a junho,Jair Bolsonaro,36.30877896871169,43.2,inferencial_ols,2018,6.89122103128831
2022,Primeiro turno 2022 - abril a junho,Lula,56.93951487842593,48.43,inferencial_ols,2018,8.509514878425932
2022,Primeiro turno 2022 - janeiro a marco,Ciro Gomes,9.951945454360525,3.04,inferencial_ols,2018,6.9119454543605245
2022,Primeiro turno 2022 - janeiro a marco,Jair Bolsonaro,39.404747678904215,43.2,inferencial_ols,2018,3.795252321095788
2022,Primeiro turno 2022 - janeiro a marco,Lula,52.79555491386622,48.43,inferencial_ols,2018,4.3655549138662195
2022,Primeiro turno 2022 - reta final,Ciro Gomes,5.052469620868552,3.04,inferencial_ols,2018,2.0124696208685515
2022,Primeiro turno 2022 - reta final,Jair Bolsonaro,33.26226933086835,43.2,inferencial_ols,2018,9.937730669131653
2022,Primeiro turno 2022 - reta final,Lula,56.76015913603548,48.43,inferencial_ols,2018,8.330159136035483
2022,Primeiro turno 2022 - reta final,Simone Tebet,5.633181208767357,4.16,inferencial_ols,2018,1.4731812087673566
2022,Primeiro turno 2022 - 2019,Ciro Gomes,0.0,3.04,ridge,2018,3.04
2022,Primeiro turno 2022 - 2019,Jair Bolsonaro,29.506449794103702,43.2,ridge,2018,13.693550205896301
2022,Primeiro turno 2022 - 2020,Ciro Gomes,0.0,3.04,ridge,2018,3.04
2022,Primeiro turno 2022 - 2020,Jair Bolsonaro,25.32787930386644,43.2,ridge,2018,17.872120696133564
2022,Primeiro turno 2022 - 2020,Lula,25.985030037805572,48.43,ridge,2018,22.444969962194428
2022,Primeiro turno 2022 - 2021,Ciro Gomes,0.0,3.04,ridge,2018,3.04
2022,Primeiro turno 2022 - 2021,Jair Bolsonaro,19.528778858443967,43.2,ridge,2018,23.671221141556035
2022,Primeiro turno 2022 - 2021,Lula,45.076571207812066,48.43,ridge,2018,3.353428792187934
2022,Primeiro turno 2022 - 2021,Simone Tebet,0.0,4.16,ridge,2018,4.16
2022,Primeiro turno 2022 - 2021 alternativo,Ciro Gomes,2.973734705108754,3.04,ridge,2018,0.06626529489124611
2022,Primeiro turno 2022 - 2021 alternativo,Jair Bolsonaro,26.26319446729074,43.2,ridge,2018,16.93680553270926
2022,Primeiro turno 2022 - 2021 alternativo,Lula,45.991225065779744,48.43,ridge,2018,2.4387749342202554
2022,Primeiro turno 2022 - abril a junho,Ciro Gomes,1.8457104135227915,3.04,ridge,2018,1.1942895864772085
2022,Primeiro turno 2022 - abril a junho,Jair Bolsonaro,32.00321294209375,43.2,ridge,2018,11.196787057906256
2022,Primeiro turno 2022 - abril a junho,Lula,53.482502049448065,48.43,ridge,2018,5.052502049448066
2022,Primeiro turno 2022 - janeiro a marco,Ciro Gomes,0.0,3.04,ridge,2018,3.04
2022,Primeiro turno 2022 - janeiro a marco,Jair Bolsonaro,33.21092414579953,43.2,ridge,2018,9.989075854200472
2022,Primeiro turno 2022 - janeiro a marco,Lula,47.94106424704671,48.43,ridge,2018,0.4889357529532887
2022,Primeiro turno 2022 - reta final,Ciro Gomes,0.0,3.04,ridge,2018,3.04
2022,Primeiro turno 2022 - reta final,Jair Bolsonaro,31.768838925007188,43.2,ridge,2018,11.431161074992815
2022,Primeiro turno 2022 - reta final,Lula,55.92092354363971,48.43,ridge,2018,7.49092354363971
2022,Primeiro turno 2022 - reta final,Simone Tebet,0.2257742680634294,4.16,ridge,2018,3.9342257319365705
2022,Primeiro turno 2022 - 2019,Ciro Gomes,1.7096832598843932,3.04,huber,2018,1.3303167401156069
2022,Primeiro turno 2022 - 2019,Jair Bolsonaro,29.261381364202386,43.2,huber,2018,13.938618635797617
2022,Primeiro turno 2022 - 2020,Ciro Gomes,0.0,3.04,huber,2018,3.04
2022,Primeiro turno 2022 - 2020,Jair Bolsonaro,24.357421794452467,43.2,huber,2018,18.842578205547536
2022,Primeiro turno 2022 - 2020,Lula,23.81305404583297,48.43,huber,2018,24.61694595416703
2022,Primeiro turno 2022 - 2021,Ciro Gomes,0.0,3.04,huber,2018,3.04
2022,Primeiro turno 2022 - 2021,Jair Bolsonaro,17.271216598980185,43.2,huber,2018,25.928783401019817
2022,Primeiro turno 2022 - 2021,Lula,45.719078414080435,48.43,huber,2018,2.7109215859195643
2022,Primeiro turno 2022 - 2021,Simone Tebet,0.0,4.16,huber,2018,4.16
2022,Primeiro turno 2022 - 2021 alternativo,Ciro Gomes,4.453275550904905,3.04,huber,2018,1.4132755509049053
2022,Primeiro turno 2022 - 2021 alternativo,Jair Bolsonaro,23.57967756871894,43.2,huber,2018,19.620322431281064
2022,Primeiro turno 2022 - 2021 alternativo,Lula,45.24877203444508,48.43,huber,2018,3.1812279655549176
2022,Primeiro turno 2022 - abril a junho,Ciro Gomes,2.3266523856814416,3.04,huber,2018,0.7133476143185584
2022,Primeiro turno 2022 - abril a junho,Jair Bolsonaro,29.452843063550155,43.2,huber,2018,13.747156936449848
2022,Primeiro turno 2022 - abril a junho,Lula,53.16177601551958,48.43,huber,2018,4.7317760155195785
2022,Primeiro turno 2022 - janeiro a marco,Ciro Gomes,0.0,3.04,huber,2018,3.04
2022,Primeiro turno 2022 - janeiro a marco,Jair Bolsonaro,29.075916581198396,43.2,huber,2018,14.124083418801607
2022,Primeiro turno 2022 - janeiro a marco,Lula,44.92354646320126,48.43,huber,2018,3.5064535367987375
2022,Primeiro turno 2022 - reta final,Ciro Gomes,0.8719014193023907,3.04,huber,2018,2.168098580697609
2022,Primeiro turno 2022 - reta final,Jair Bolsonaro,30.84211929755312,43.2,huber,2018,12.357880702446884
2022,Primeiro turno 2022 - reta final,Lula,57.664282604814936,48.43,huber,2018,9.234282604814936
2022,Primeiro turno 2022 - reta final,Simone Tebet,1.5024531821442064,4.16,huber,2018,2.6575468178557937
2022,Primeiro turno 2022 - 2019,Ciro Gomes,0.0,3.04,elastic_net,2018,3.04
2022,Primeiro turno 2022 - 2019,Jair Bolsonaro,28.298106757339006,43.2,elastic_net,2018,14.901893242660996
2022,Primeiro turno 2022 - 2020,Ciro Gomes,0.0,3.04,elastic_net,2018,3.04
2022,Primeiro turno 2022 - 2020,Jair Bolsonaro,24.847743466918313,43.2,elastic_net,2018,18.35225653308169
2022,Primeiro turno 2022 - 2020,Lula,22.252205960009228,48.43,elastic_net,2018,26.177794039990772
2022,Primeiro turno 2022 - 2021,Ciro Gomes,0.0,3.04,elastic_net,2018,3.04
2022,Primeiro turno 2022 - 2021,Jair Bolsonaro,20.318949402185297,43.2,elastic_net,2018,22.881050597814706
2022,Primeiro turno 2022 - 2021,Lula,41.67724857423973,48.43,elastic_net,2018,6.752751425760273
2022,Primeiro turno 2022 - 2021,Simone Tebet,0.0,4.16,elastic_net,2018,4.16
2022,Primeiro turno 2022 - 2021 alternativo,Ciro Gomes,3.1639559335228604,3.04,elastic_net,2018,0.12395593352286038
2022,Primeiro turno 2022 - 2021 alternativo,Jair Bolsonaro,25.95675238662927,43.2,elastic_net,2018,17.243247613370734
2022,Primeiro turno 2022 - 2021 alternativo,Lula,41.71432721236458,48.43,elastic_net,2018,6.71567278763542
2022,Primeiro turno 2022 - abril a junho,Ciro Gomes,3.506227438481222,3.04,elastic_net,2018,0.46622743848122195
2022,Primeiro turno 2022 - abril a junho,Jair Bolsonaro,32.908575275278736,43.2,elastic_net,2018,10.291424724721267
2022,Primeiro turno 2022 - abril a junho,Lula,50.351496784805505,48.43,elastic_net,2018,1.9214967848055053
2022,Primeiro turno 2022 - janeiro a marco,Ciro Gomes,0.5355176542769868,3.04,elastic_net,2018,2.504482345723013
2022,Primeiro turno 2022 - janeiro a marco,Jair Bolsonaro,33.45465065282231,43.2,elastic_net,2018,9.745349347177694
2022,Primeiro turno 2022 - janeiro a marco,Lula,44.402439754269004,48.43,elastic_net,2018,4.027560245730996
2022,Primeiro turno 2022 - reta final,Ciro Gomes,1.4207146431621893,3.04,elastic_net,2018,1.6192853568378107
2022,Primeiro turno 2022 - reta final,Jair Bolsonaro,33.22471705434501,43.2,elastic_net,2018,9.975282945654996
2022,Primeiro turno 2022 - reta final,Lula,53.2398385152679,48.43,elastic_net,2018,4.809838515267899
2022,Primeiro turno 2022 - reta final,Simone Tebet,1.9416864405035819,4.16,elastic_net,2018,2.2183135594964183
2022,Primeiro turno 2022 - 2019,Ciro Gomes,0.0,3.04,ridge_forte,2018,3.04
2022,Primeiro turno 2022 - 2019,Jair Bolsonaro,28.061019772595035,43.2,ridge_forte,2018,15.138980227404968
2022,Primeiro turno 2022 - 2020,Ciro Gomes,0.0,3.04,ridge_forte,2018,3.04
2022,Primeiro turno 2022 - 2020,Jair Bolsonaro,24.257556732145584,43.2,ridge_forte,2018,18.94244326785442
2022,Primeiro turno 2022 - 2020,Lula,24.18565791887292,48.43,ridge_forte,2018,24.24434208112708
2022,Primeiro turno 2022 - 2021,Ciro Gomes,0.0,3.04,ridge_forte,2018,3.04
2022,Primeiro turno 2022 - 2021,Jair Bolsonaro,19.159569155237655,43.2,ridge_forte,2018,24.040430844762348
2022,Primeiro turno 2022 - 2021,Lula,43.59013905680084,48.43,ridge_forte,2018,4.839860943199163
2022,Primeiro turno 2022 - 2021,Simone Tebet,0.0,4.16,ridge_forte,2018,4.16
2022,Primeiro turno 2022 - 2021 alternativo,Ciro Gomes,2.035906188013513,3.04,ridge_forte,2018,1.004093811986487
2022,Primeiro turno 2022 - 2021 alternativo,Jair Bolsonaro,25.392165767224682,43.2,ridge_forte,2018,17.80783423277532
2022,Primeiro turno 2022 - 2021 alternativo,Lula,44.09373388442563,48.43,ridge_forte,2018,4.336266115574368
2022,Primeiro turno 2022 - abril a junho,Ciro Gomes,1.8193176310728312,3.04,ridge_forte,2018,1.2206823689271689
2022,Primeiro turno 2022 - abril a junho,Jair Bolsonaro,31.936511926859804,43.2,ridge_forte,2018,11.263488073140199
2022,Primeiro turno 2022 - abril a junho,Lula,52.362027441160535,48.43,ridge_forte,2018,3.9320274411605354
2022,Primeiro turno 2022 - janeiro a marco,Ciro Gomes,0.0,3.04,ridge_forte,2018,3.04
2022,Primeiro turno 2022 - janeiro a marco,Jair Bolsonaro,32.78416967913034,43.2,ridge_forte,2018,10.41583032086966
2022,Primeiro turno 2022 - janeiro a marco,Lula,46.565790072969534,48.43,ridge_forte,2018,1.8642099270304655
2022,Primeiro turno 2022 - reta final,Ciro Gomes,0.0,3.04,ridge_forte,2018,3.04
2022,Primeiro turno 2022 - reta final,Jair Bolsonaro,31.830264032174327,43.2,ridge_forte,2018,11.369735967825676
2022,Primeiro turno 2022 - reta final,Lula,54.88689245260653,48.43,ridge_forte,2018,6.456892452606532
2022,Primeiro turno 2022 - reta final,Simone Tebet,0.2203604096871915,4.16,ridge_forte,2018,3.9396395903128085
2022,Primeiro turno 2022 - 2019,Ciro Gomes,11.312900000000038,3.04,random_forest_07_600,2018,8.272900000000039
2022,Primeiro turno 2022 - 2019,Jair Bolsonaro,47.951633333333696,43.2,random_forest_07_600,2018,4.751633333333693
2022,Primeiro turno 2022 - 2020,Ciro Gomes,4.759908928571469,3.04,random_forest_07_600,2018,1.7199089285714688
2022,Primeiro turno 2022 - 2020,Jair Bolsonaro,47.69660000000031,43.2,random_forest_07_600,2018,4.496600000000306
2022,Primeiro turno 2022 - 2020,Lula,30.497216666666503,48.43,random_forest_07_600,2018,17.932783333333497
2022,Primeiro turno 2022 - 2021,Ciro Gomes,6.532654166666684,3.04,random_forest_07_600,2018,3.492654166666684
2022,Primeiro turno 2022 - 2021,Jair Bolsonaro,25.701383333333197,43.2,random_forest_07_600,2018,17.498616666666805
2022,Primeiro turno 2022 - 2021,Lula,42.3785666666665,48.43,random_forest_07_600,2018,6.051433333333499
2022,Primeiro turno 2022 - 2021,Simone Tebet,3.232333333333358,4.16,random_forest_07_600,2018,0.9276666666666422
2022,Primeiro turno 2022 - 2021 alternativo,Ciro Gomes,11.685650000000038,3.04,random_forest_07_600,2018,8.645650000000039
2022,Primeiro turno 2022 - 2021 alternativo,Jair Bolsonaro,46.94946666666696,43.2,random_forest_07_600,2018,3.7494666666669545
2022,Primeiro turno 2022 - 2021 alternativo,Lula,41.00773333333319,48.43,random_forest_07_600,2018,7.422266666666808
2022,Primeiro turno 2022 - abril a junho,Ciro Gomes,5.2813333333333325,3.04,random_forest_07_600,2018,2.2413333333333325
2022,Primeiro turno 2022 - abril a junho,Jair Bolsonaro,47.46751666666702,43.2,random_forest_07_600,2018,4.267516666667014
2022,Primeiro turno 2022 - abril a junho,Lula,41.177233333333184,48.43,random_forest_07_600,2018,7.252766666666815
2022,Primeiro turno 2022 - janeiro a marco,Ciro Gomes,4.1166333333333505,3.04,random_forest_07_600,2018,1.0766333333333504
2022,Primeiro turno 2022 - janeiro a marco,Jair Bolsonaro,47.344933333333664,43.2,random_forest_07_600,2018,4.144933333333661
2022,Primeiro turno 2022 - janeiro a marco,Lula,40.94103333333319,48.43,random_forest_07_600,2018,7.488966666666812
2022,Primeiro turno 2022 - reta final,Ciro Gomes,4.326329107533016,3.04,random_forest_07_600,2018,1.2863291075330157
2022,Primeiro turno 2022 - reta final,Jair Bolsonaro,47.400983347284765,43.2,random_forest_07_600,2018,4.200983347284762
2022,Primeiro turno 2022 - reta final,Lula,42.80086472842222,48.43,random_forest_07_600,2018,5.6291352715777805
2022,Primeiro turno 2022 - reta final,Simone Tebet,4.31807866024587,4.16,random_forest_07_600,2018,0.15807866024587014
2022,Primeiro turno 2022 - 2019,Ciro Gomes,11.470799221230077,3.04,random_forest_05_1200,2018,8.430799221230078
2022,Primeiro turno 2022 - 2019,Jair Bolsonaro,48.28248972222191,43.2,random_forest_05_1200,2018,5.082489722221908
2022,Primeiro turno 2022 - 2020,Ciro Gomes,5.369135301947554,3.04,random_forest_05_1200,2018,2.329135301947554
2022,Primeiro turno 2022 - 2020,Jair Bolsonaro,47.909625793650555,43.2,random_forest_05_1200,2018,4.709625793650552
2022,Primeiro turno 2022 - 2020,Lula,29.003752916666393,48.43,random_forest_05_1200,2018,19.426247083333607
2022,Primeiro turno 2022 - 2021,Ciro Gomes,7.23343262337614,3.04,random_forest_05_1200,2018,4.19343262337614
2022,Primeiro turno 2022 - 2021,Jair Bolsonaro,35.50847789682549,43.2,random_forest_05_1200,2018,7.691522103174513
2022,Primeiro turno 2022 - 2021,Lula,43.37856150793638,48.43,random_forest_05_1200,2018,5.0514384920636175
2022,Primeiro turno 2022 - 2021,Simone Tebet,3.8648295238095316,4.16,random_forest_05_1200,2018,0.29517047619046854
2022,Primeiro turno 2022 - 2021 alternativo,Ciro Gomes,11.489236378968156,3.04,random_forest_05_1200,2018,8.449236378968155
2022,Primeiro turno 2022 - 2021 alternativo,Jair Bolsonaro,47.49097991071397,43.2,random_forest_05_1200,2018,4.290979910713965
2022,Primeiro turno 2022 - 2021 alternativo,Lula,41.419552956349015,48.43,random_forest_05_1200,2018,7.010447043650984
2022,Primeiro turno 2022 - abril a junho,Ciro Gomes,6.463798901033657,3.04,random_forest_05_1200,2018,3.423798901033657
2022,Primeiro turno 2022 - abril a junho,Jair Bolsonaro,48.34886621031713,43.2,random_forest_05_1200,2018,5.148866210317124
2022,Primeiro turno 2022 - abril a junho,Lula,41.58906337301566,48.43,random_forest_05_1200,2018,6.8409366269843375
2022,Primeiro turno 2022 - janeiro a marco,Ciro Gomes,4.616388264790795,3.04,random_forest_05_1200,2018,1.5763882647907952
2022,Primeiro turno 2022 - janeiro a marco,Jair Bolsonaro,48.139957705026106,43.2,random_forest_05_1200,2018,4.939957705026103
2022,Primeiro turno 2022 - janeiro a marco,Lula,41.08593421296277,48.43,random_forest_05_1200,2018,7.344065787037231
2022,Primeiro turno 2022 - reta final,Ciro Gomes,4.92503072619356,3.04,random_forest_05_1200,2018,1.88503072619356
2022,Primeiro turno 2022 - reta final,Jair Bolsonaro,47.69251835397081,43.2,random_forest_05_1200,2018,4.492518353970809
2022,Primeiro turno 2022 - reta final,Lula,43.4745377486407,48.43,random_forest_05_1200,2018,4.9554622513593
2022,Primeiro turno 2022 - reta final,Simone Tebet,5.063090723082354,4.16,random_forest_05_1200,2018,0.9030907230823537
2022,Primeiro turno 2022 - 2019,Ciro Gomes,15.11652002201954,3.04,random_forest_sqrt_1200,2018,12.07652002201954
2022,Primeiro turno 2022 - 2019,Jair Bolsonaro,44.39311564940997,43.2,random_forest_sqrt_1200,2018,1.1931156494099682
2022,Primeiro turno 2022 - 2020,Ciro Gomes,13.34494276814692,3.04,random_forest_sqrt_1200,2018,10.304942768146919
2022,Primeiro turno 2022 - 2020,Jair Bolsonaro,44.26528711430707,43.2,random_forest_sqrt_1200,2018,1.0652871143070684
2022,Primeiro turno 2022 - 2020,Lula,29.837201731129323,48.43,random_forest_sqrt_1200,2018,18.592798268870677
2022,Primeiro turno 2022 - 2021,Ciro Gomes,13.017516299031248,3.04,random_forest_sqrt_1200,2018,9.977516299031247
2022,Primeiro turno 2022 - 2021,Jair Bolsonaro,42.046248775498945,43.2,random_forest_sqrt_1200,2018,1.1537512245010575
2022,Primeiro turno 2022 - 2021,Lula,38.28010851361389,48.43,random_forest_sqrt_1200,2018,10.14989148638611
2022,Primeiro turno 2022 - 2021,Simone Tebet,13.098164585916702,4.16,random_forest_sqrt_1200,2018,8.938164585916702
2022,Primeiro turno 2022 - 2021 alternativo,Ciro Gomes,16.122678177056063,3.04,random_forest_sqrt_1200,2018,13.082678177056064
2022,Primeiro turno 2022 - 2021 alternativo,Jair Bolsonaro,43.85944951502773,43.2,random_forest_sqrt_1200,2018,0.659449515027724
2022,Primeiro turno 2022 - 2021 alternativo,Lula,37.76916600242267,48.43,random_forest_sqrt_1200,2018,10.660833997577328
2022,Primeiro turno 2022 - abril a junho,Ciro Gomes,14.53264731262594,3.04,random_forest_sqrt_1200,2018,11.492647312625941
2022,Primeiro turno 2022 - abril a junho,Jair Bolsonaro,43.75441415514501,43.2,random_forest_sqrt_1200,2018,0.5544141551450039
2022,Primeiro turno 2022 - abril a junho,Lula,37.677168555666306,48.43,random_forest_sqrt_1200,2018,10.752831444333694
2022,Primeiro turno 2022 - janeiro a marco,Ciro Gomes,13.581006857131491,3.04,random_forest_sqrt_1200,2018,10.541006857131492
2022,Primeiro turno 2022 - janeiro a marco,Jair Bolsonaro,44.104518859567214,43.2,random_forest_sqrt_1200,2018,0.9045188595672116
2022,Primeiro turno 2022 - janeiro a marco,Lula,37.93918180352911,48.43,random_forest_sqrt_1200,2018,10.49081819647089
2022,Primeiro turno 2022 - reta final,Ciro Gomes,15.474540101880335,3.04,random_forest_sqrt_1200,2018,12.434540101880334
2022,Primeiro turno 2022 - reta final,Jair Bolsonaro,42.882656513552725,43.2,random_forest_sqrt_1200,2018,0.31734348644727817
2022,Primeiro turno 2022 - reta final,Lula,37.416807935048936,48.43,random_forest_sqrt_1200,2018,11.013192064951063
2022,Primeiro turno 2022 - reta final,Simone Tebet,15.513324419049727,4.16,random_forest_sqrt_1200,2018,11.353324419049727
2022,Primeiro turno 2022 - 2019,Ciro Gomes,10.945339479166597,3.04,random_forest_03_1600_leaf1,2018,7.905339479166597
2022,Primeiro turno 2022 - 2019,Jair Bolsonaro,47.91441874999933,43.2,random_forest_03_1600_leaf1,2018,4.714418749999325
2022,Primeiro turno 2022 - 2020,Ciro Gomes,6.2788049851190735,3.04,random_forest_03_1600_leaf1,2018,3.2388049851190734
2022,Primeiro turno 2022 - 2020,Jair Bolsonaro,47.64971249999949,43.2,random_forest_03_1600_leaf1,2018,4.449712499999485
2022,Primeiro turno 2022 - 2020,Lula,28.485093749999773,48.43,random_forest_03_1600_leaf1,2018,19.944906250000226
2022,Primeiro turno 2022 - 2021,Ciro Gomes,8.0975203125,3.04,random_forest_03_1600_leaf1,2018,5.0575203125
2022,Primeiro turno 2022 - 2021,Jair Bolsonaro,40.57356249999978,43.2,random_forest_03_1600_leaf1,2018,2.626437500000222
2022,Primeiro turno 2022 - 2021,Lula,42.52898124999976,48.43,random_forest_03_1600_leaf1,2018,5.90101875000024
2022,Primeiro turno 2022 - 2021,Simone Tebet,4.908062500000068,4.16,random_forest_03_1600_leaf1,2018,0.748062500000068
2022,Primeiro turno 2022 - 2021 alternativo,Ciro Gomes,11.225322395833278,3.04,random_forest_03_1600_leaf1,2018,8.185322395833278
2022,Primeiro turno 2022 - 2021 alternativo,Jair Bolsonaro,47.283199999999404,43.2,random_forest_03_1600_leaf1,2018,4.083199999999401
2022,Primeiro turno 2022 - 2021 alternativo,Lula,40.7471999999997,48.43,random_forest_03_1600_leaf1,2018,7.682800000000299
2022,Primeiro turno 2022 - abril a junho,Ciro Gomes,7.619354464285705,3.04,random_forest_03_1600_leaf1,2018,4.579354464285705
2022,Primeiro turno 2022 - abril a junho,Jair Bolsonaro,47.64463749999939,43.2,random_forest_03_1600_leaf1,2018,4.444637499999388
2022,Primeiro turno 2022 - abril a junho,Lula,40.831524999999694,48.43,random_forest_03_1600_leaf1,2018,7.598475000000306
2022,Primeiro turno 2022 - janeiro a marco,Ciro Gomes,4.959685714285799,3.04,random_forest_03_1600_leaf1,2018,1.9196857142857988
2022,Primeiro turno 2022 - janeiro a marco,Jair Bolsonaro,47.6640812499994,43.2,random_forest_03_1600_leaf1,2018,4.464081249999396
2022,Primeiro turno 2022 - janeiro a marco,Lula,40.44299374999972,48.43,random_forest_03_1600_leaf1,2018,7.987006250000277
2022,Primeiro turno 2022 - reta final,Ciro Gomes,6.246063601508233,3.04,random_forest_03_1600_leaf1,2018,3.206063601508233
2022,Primeiro turno 2022 - reta final,Jair Bolsonaro,46.83614941880712,43.2,random_forest_03_1600_leaf1,2018,3.636149418807115
2022,Primeiro turno 2022 - reta final,Lula,42.649934948014625,48.43,random_forest_03_1600_leaf1,2018,5.780065051985375
2022,Primeiro turno 2022 - reta final,Simone Tebet,6.384557461811471,4.16,random_forest_03_1600_leaf1,2018,2.2245574618114707
2022,Primeiro turno 2022 - 2019,Ciro Gomes,10.994974999999915,3.04,random_forest_05_1600_leaf1,2018,7.954974999999915
2022,Primeiro turno 2022 - 2019,Jair Bolsonaro,47.86623124999943,43.2,random_forest_05_1600_leaf1,2018,4.666231249999427
2022,Primeiro turno 2022 - 2020,Ciro Gomes,5.257122321428665,3.04,random_forest_05_1600_leaf1,2018,2.217122321428665
2022,Primeiro turno 2022 - 2020,Jair Bolsonaro,47.61549374999955,43.2,random_forest_05_1600_leaf1,2018,4.415493749999548
2022,Primeiro turno 2022 - 2020,Lula,29.14758124999985,48.43,random_forest_05_1600_leaf1,2018,19.28241875000015
2022,Primeiro turno 2022 - 2021,Ciro Gomes,7.103950937500039,3.04,random_forest_05_1600_leaf1,2018,4.063950937500039
2022,Primeiro turno 2022 - 2021,Jair Bolsonaro,33.87186250000004,43.2,random_forest_05_1600_leaf1,2018,9.328137499999961
2022,Primeiro turno 2022 - 2021,Lula,42.59411874999977,48.43,random_forest_05_1600_leaf1,2018,5.835881250000227
2022,Primeiro turno 2022 - 2021,Simone Tebet,3.8475000000000676,4.16,random_forest_05_1600_leaf1,2018,0.3124999999999325
2022,Primeiro turno 2022 - 2021 alternativo,Ciro Gomes,11.353324062499933,3.04,random_forest_05_1600_leaf1,2018,8.313324062499934
2022,Primeiro turno 2022 - 2021 alternativo,Jair Bolsonaro,46.9415124999995,43.2,random_forest_05_1600_leaf1,2018,3.7415124999994944
2022,Primeiro turno 2022 - 2021 alternativo,Lula,41.01633124999973,48.43,random_forest_05_1600_leaf1,2018,7.413668750000269
2022,Primeiro turno 2022 - abril a junho,Ciro Gomes,6.079803571428625,3.04,random_forest_05_1600_leaf1,2018,3.0398035714286253
2022,Primeiro turno 2022 - abril a junho,Jair Bolsonaro,47.46339999999947,43.2,random_forest_05_1600_leaf1,2018,4.263399999999464
2022,Primeiro turno 2022 - abril a junho,Lula,41.15456249999972,48.43,random_forest_05_1600_leaf1,2018,7.27543750000028
2022,Primeiro turno 2022 - janeiro a marco,Ciro Gomes,4.325387500000085,3.04,random_forest_05_1600_leaf1,2018,1.285387500000085
2022,Primeiro turno 2022 - janeiro a marco,Jair Bolsonaro,47.275849999999465,43.2,random_forest_05_1600_leaf1,2018,4.075849999999463
2022,Primeiro turno 2022 - janeiro a marco,Lula,40.65841874999972,48.43,random_forest_05_1600_leaf1,2018,7.771581250000281
2022,Primeiro turno 2022 - reta final,Ciro Gomes,4.986783918984785,3.04,random_forest_05_1600_leaf1,2018,1.946783918984785
2022,Primeiro turno 2022 - reta final,Jair Bolsonaro,46.87370617192429,43.2,random_forest_05_1600_leaf1,2018,3.6737061719242874
2022,Primeiro turno 2022 - reta final,Lula,43.143441258730334,48.43,random_forest_05_1600_leaf1,2018,5.2865587412696655
2022,Primeiro turno 2022 - reta final,Simone Tebet,4.977381295531305,4.16,random_forest_05_1600_leaf1,2018,0.8173812955313045
2022,Primeiro turno 2022 - 2019,Ciro Gomes,11.252893749999911,3.04,random_forest_07_1600_leaf1,2018,8.21289374999991
2022,Primeiro turno 2022 - 2019,Jair Bolsonaro,47.645537499999506,43.2,random_forest_07_1600_leaf1,2018,4.445537499999503
2022,Primeiro turno 2022 - 2020,Ciro Gomes,4.806890178571532,3.04,random_forest_07_1600_leaf1,2018,1.7668901785715319
2022,Primeiro turno 2022 - 2020,Jair Bolsonaro,47.421112499999566,43.2,random_forest_07_1600_leaf1,2018,4.221112499999563
2022,Primeiro turno 2022 - 2020,Lula,30.354387499999998,48.43,random_forest_07_1600_leaf1,2018,18.075612500000002
2022,Primeiro turno 2022 - 2021,Ciro Gomes,6.3707906250000725,3.04,random_forest_07_1600_leaf1,2018,3.3307906250000725
2022,Primeiro turno 2022 - 2021,Jair Bolsonaro,26.346056250000256,43.2,random_forest_07_1600_leaf1,2018,16.853943749999747
2022,Primeiro turno 2022 - 2021,Lula,42.53136249999973,48.43,random_forest_07_1600_leaf1,2018,5.8986375000002695
2022,Primeiro turno 2022 - 2021,Simone Tebet,3.1539000000000237,4.16,random_forest_07_1600_leaf1,2018,1.0060999999999765
2022,Primeiro turno 2022 - 2021 alternativo,Ciro Gomes,11.552434374999935,3.04,random_forest_07_1600_leaf1,2018,8.512434374999934
2022,Primeiro turno 2022 - 2021 alternativo,Jair Bolsonaro,46.66474374999962,43.2,random_forest_07_1600_leaf1,2018,3.46474374999962
2022,Primeiro turno 2022 - 2021 alternativo,Lula,41.22430624999974,48.43,random_forest_07_1600_leaf1,2018,7.205693750000258
2022,Primeiro turno 2022 - abril a junho,Ciro Gomes,5.247280803571508,3.04,random_forest_07_1600_leaf1,2018,2.207280803571508
2022,Primeiro turno 2022 - abril a junho,Jair Bolsonaro,47.22304999999958,43.2,random_forest_07_1600_leaf1,2018,4.023049999999579
2022,Primeiro turno 2022 - abril a junho,Lula,41.310031249999746,48.43,random_forest_07_1600_leaf1,2018,7.119968750000254
2022,Primeiro turno 2022 - janeiro a marco,Ciro Gomes,4.169100000000083,3.04,random_forest_07_1600_leaf1,2018,1.1291000000000828
2022,Primeiro turno 2022 - janeiro a marco,Jair Bolsonaro,47.110087499999594,43.2,random_forest_07_1600_leaf1,2018,3.910087499999591
2022,Primeiro turno 2022 - janeiro a marco,Lula,41.05328749999977,48.43,random_forest_07_1600_leaf1,2018,7.376712500000231
2022,Primeiro turno 2022 - reta final,Ciro Gomes,4.299488426511235,3.04,random_forest_07_1600_leaf1,2018,1.2594884265112354
2022,Primeiro turno 2022 - reta final,Jair Bolsonaro,46.889675676361946,43.2,random_forest_07_1600_leaf1,2018,3.6896756763619436
2022,Primeiro turno 2022 - reta final,Lula,42.87552438210459,48.43,random_forest_07_1600_leaf1,2018,5.554475617895413
2022,Primeiro turno 2022 - reta final,Simone Tebet,4.274794212382478,4.16,random_forest_07_1600_leaf1,2018,0.11479421238247767
2022,Primeiro turno 2022 - 2019,Ciro Gomes,13.007231651785684,3.04,random_forest_sqrt_1600_leaf1,2018,9.967231651785685
2022,Primeiro turno 2022 - 2019,Jair Bolsonaro,46.03975208333266,43.2,random_forest_sqrt_1600_leaf1,2018,2.8397520833326553
2022,Primeiro turno 2022 - 2020,Ciro Gomes,10.798984151785668,3.04,random_forest_sqrt_1600_leaf1,2018,7.7589841517856675
2022,Primeiro turno 2022 - 2020,Jair Bolsonaro,45.884955208332755,43.2,random_forest_sqrt_1600_leaf1,2018,2.6849552083327524
2022,Primeiro turno 2022 - 2020,Lula,29.75246550595226,48.43,random_forest_sqrt_1600_leaf1,2018,18.67753449404774
2022,Primeiro turno 2022 - 2021,Ciro Gomes,10.899852901785671,3.04,random_forest_sqrt_1600_leaf1,2018,7.859852901785671
2022,Primeiro turno 2022 - 2021,Jair Bolsonaro,41.84078124999957,43.2,random_forest_sqrt_1600_leaf1,2018,1.35921875000043
2022,Primeiro turno 2022 - 2021,Lula,41.243964166666416,48.43,random_forest_sqrt_1600_leaf1,2018,7.186035833333584
2022,Primeiro turno 2022 - 2021,Simone Tebet,9.617851339285655,4.16,random_forest_sqrt_1600_leaf1,2018,5.457851339285655
2022,Primeiro turno 2022 - 2021 alternativo,Ciro Gomes,14.653046703869068,3.04,random_forest_sqrt_1600_leaf1,2018,11.613046703869067
2022,Primeiro turno 2022 - 2021 alternativo,Jair Bolsonaro,45.26586354166604,43.2,random_forest_sqrt_1600_leaf1,2018,2.0658635416660402
2022,Primeiro turno 2022 - 2021 alternativo,Lula,39.74862666666645,48.43,random_forest_sqrt_1600_leaf1,2018,8.681373333333546
2022,Primeiro turno 2022 - abril a junho,Ciro Gomes,12.346944047618955,3.04,random_forest_sqrt_1600_leaf1,2018,9.306944047618956
2022,Primeiro turno 2022 - abril a junho,Jair Bolsonaro,45.37506979166596,43.2,random_forest_sqrt_1600_leaf1,2018,2.1750697916659547
2022,Primeiro turno 2022 - abril a junho,Lula,39.9617922916664,48.43,random_forest_sqrt_1600_leaf1,2018,8.468207708333601
2022,Primeiro turno 2022 - janeiro a marco,Ciro Gomes,9.86143593749993,3.04,random_forest_sqrt_1600_leaf1,2018,6.82143593749993
2022,Primeiro turno 2022 - janeiro a marco,Jair Bolsonaro,45.44104479166596,43.2,random_forest_sqrt_1600_leaf1,2018,2.2410447916659564
2022,Primeiro turno 2022 - janeiro a marco,Lula,39.62433916666642,48.43,random_forest_sqrt_1600_leaf1,2018,8.805660833333583
2022,Primeiro turno 2022 - reta final,Ciro Gomes,12.247243781961656,3.04,random_forest_sqrt_1600_leaf1,2018,9.207243781961655
2022,Primeiro turno 2022 - reta final,Jair Bolsonaro,44.259096238439504,43.2,random_forest_sqrt_1600_leaf1,2018,1.0590962384395013
2022,Primeiro turno 2022 - reta final,Lula,40.56589082144714,48.43,random_forest_sqrt_1600_leaf1,2018,7.864109178552859
2022,Primeiro turno 2022 - reta final,Simone Tebet,12.471136987821488,4.16,random_forest_sqrt_1600_leaf1,2018,8.311136987821488
2022,Primeiro turno 2022 - 2019,Ciro Gomes,14.377384374999963,3.04,random_forest_log2_1600_leaf1,2018,11.337384374999964
2022,Primeiro turno 2022 - 2019,Jair Bolsonaro,45.41288463541602,43.2,random_forest_log2_1600_leaf1,2018,2.2128846354160174
2022,Primeiro turno 2022 - 2020,Ciro Gomes,12.285979821428532,3.04,random_forest_log2_1600_leaf1,2018,9.24597982142853
2022,Primeiro turno 2022 - 2020,Jair Bolsonaro,44.88438020833283,43.2,random_forest_log2_1600_leaf1,2018,1.6843802083328256
2022,Primeiro turno 2022 - 2020,Lula,30.65230249503954,48.43,random_forest_log2_1600_leaf1,2018,17.77769750496046
2022,Primeiro turno 2022 - 2021,Ciro Gomes,12.051783645833254,3.04,random_forest_log2_1600_leaf1,2018,9.011783645833255
2022,Primeiro turno 2022 - 2021,Jair Bolsonaro,41.58863463541624,43.2,random_forest_log2_1600_leaf1,2018,1.6113653645837616
2022,Primeiro turno 2022 - 2021,Lula,40.32518611111082,48.43,random_forest_log2_1600_leaf1,2018,8.104813888889183
2022,Primeiro turno 2022 - 2021,Simone Tebet,10.751907812499917,4.16,random_forest_log2_1600_leaf1,2018,6.591907812499917
2022,Primeiro turno 2022 - 2021 alternativo,Ciro Gomes,15.520682165178583,3.04,random_forest_log2_1600_leaf1,2018,12.480682165178582
2022,Primeiro turno 2022 - 2021 alternativo,Jair Bolsonaro,44.37343645833285,43.2,random_forest_log2_1600_leaf1,2018,1.1734364583328443
2022,Primeiro turno 2022 - 2021 alternativo,Lula,39.34280486111087,48.43,random_forest_log2_1600_leaf1,2018,9.087195138889129
2022,Primeiro turno 2022 - abril a junho,Ciro Gomes,13.478784486607074,3.04,random_forest_log2_1600_leaf1,2018,10.438784486607073
2022,Primeiro turno 2022 - abril a junho,Jair Bolsonaro,44.78601380208273,43.2,random_forest_log2_1600_leaf1,2018,1.586013802082725
2022,Primeiro turno 2022 - abril a junho,Lula,39.64055798611083,48.43,random_forest_log2_1600_leaf1,2018,8.789442013889172
2022,Primeiro turno 2022 - janeiro a marco,Ciro Gomes,11.323919977678491,3.04,random_forest_log2_1600_leaf1,2018,8.28391997767849
2022,Primeiro turno 2022 - janeiro a marco,Jair Bolsonaro,45.24229973958267,43.2,random_forest_log2_1600_leaf1,2018,2.042299739582667
2022,Primeiro turno 2022 - janeiro a marco,Lula,39.44081579861084,48.43,random_forest_log2_1600_leaf1,2018,8.989184201389158
2022,Primeiro turno 2022 - reta final,Ciro Gomes,13.065138144854735,3.04,random_forest_log2_1600_leaf1,2018,10.025138144854736
2022,Primeiro turno 2022 - reta final,Jair Bolsonaro,44.11867265894019,43.2,random_forest_log2_1600_leaf1,2018,0.9186726589401886
2022,Primeiro turno 2022 - reta final,Lula,40.34170505105187,48.43,random_forest_log2_1600_leaf1,2018,8.088294948948132
2022,Primeiro turno 2022 - reta final,Simone Tebet,13.312330445476974,4.16,random_forest_log2_1600_leaf1,2018,9.152330445476974
2022,Primeiro turno 2022 - 2019,Ciro Gomes,11.607142323973102,3.04,random_forest_05_2000_leaf3,2018,8.567142323973101
2022,Primeiro turno 2022 - 2019,Jair Bolsonaro,48.41132380030998,43.2,random_forest_05_2000_leaf3,2018,5.211323800309977
2022,Primeiro turno 2022 - 2020,Ciro Gomes,5.2380693002008805,3.04,random_forest_05_2000_leaf3,2018,2.1980693002008804
2022,Primeiro turno 2022 - 2020,Jair Bolsonaro,47.69710498154738,43.2,random_forest_05_2000_leaf3,2018,4.4971049815473805
2022,Primeiro turno 2022 - 2020,Lula,28.30294626350036,48.43,random_forest_05_2000_leaf3,2018,20.12705373649964
2022,Primeiro turno 2022 - 2021,Ciro Gomes,7.255878749154833,3.04,random_forest_05_2000_leaf3,2018,4.215878749154833
2022,Primeiro turno 2022 - 2021,Jair Bolsonaro,34.623515554351734,43.2,random_forest_05_2000_leaf3,2018,8.57648444564827
2022,Primeiro turno 2022 - 2021,Lula,43.877131609870176,48.43,random_forest_05_2000_leaf3,2018,4.552868390129824
2022,Primeiro turno 2022 - 2021,Simone Tebet,3.9259178043015868,4.16,random_forest_05_2000_leaf3,2018,0.23408219569841338
2022,Primeiro turno 2022 - 2021 alternativo,Ciro Gomes,11.907344834732797,3.04,random_forest_05_2000_leaf3,2018,8.867344834732798
2022,Primeiro turno 2022 - 2021 alternativo,Jair Bolsonaro,46.99780417261841,43.2,random_forest_05_2000_leaf3,2018,3.797804172618406
2022,Primeiro turno 2022 - 2021 alternativo,Lula,41.83999349775708,48.43,random_forest_05_2000_leaf3,2018,6.590006502242922
2022,Primeiro turno 2022 - abril a junho,Ciro Gomes,6.794034776923041,3.04,random_forest_05_2000_leaf3,2018,3.7540347769230413
2022,Primeiro turno 2022 - abril a junho,Jair Bolsonaro,48.04439064699116,43.2,random_forest_05_2000_leaf3,2018,4.844390646991158
2022,Primeiro turno 2022 - abril a junho,Lula,41.85214576668258,48.43,random_forest_05_2000_leaf3,2018,6.577854233317417
2022,Primeiro turno 2022 - janeiro a marco,Ciro Gomes,4.725240435512458,3.04,random_forest_05_2000_leaf3,2018,1.6852404355124584
2022,Primeiro turno 2022 - janeiro a marco,Jair Bolsonaro,47.87403622094502,43.2,random_forest_05_2000_leaf3,2018,4.67403622094502
2022,Primeiro turno 2022 - janeiro a marco,Lula,41.58662105203617,48.43,random_forest_05_2000_leaf3,2018,6.843378947963828
2022,Primeiro turno 2022 - reta final,Ciro Gomes,4.675693712573875,3.04,random_forest_05_2000_leaf3,2018,1.6356937125738753
2022,Primeiro turno 2022 - reta final,Jair Bolsonaro,47.653770264277014,43.2,random_forest_05_2000_leaf3,2018,4.453770264277011
2022,Primeiro turno 2022 - reta final,Lula,44.16374920568555,48.43,random_forest_05_2000_leaf3,2018,4.266250794314452
2022,Primeiro turno 2022 - reta final,Simone Tebet,4.8140620566252155,4.16,random_forest_05_2000_leaf3,2018,0.6540620566252153
2022,Primeiro turno 2022 - 2019,Ciro Gomes,11.210699999999978,3.04,extra_trees,2018,8.170699999999979
2022,Primeiro turno 2022 - 2019,Jair Bolsonaro,48.35648000000003,43.2,extra_trees,2018,5.15648000000003
2022,Primeiro turno 2022 - 2020,Ciro Gomes,4.244899999999994,3.04,extra_trees,2018,1.204899999999994
2022,Primeiro turno 2022 - 2020,Jair Bolsonaro,46.361840000000015,43.2,extra_trees,2018,3.161840000000012
2022,Primeiro turno 2022 - 2020,Lula,31.537340000000043,48.43,extra_trees,2018,16.892659999999957
2022,Primeiro turno 2022 - 2021,Ciro Gomes,6.390599999999995,3.04,extra_trees,2018,3.3505999999999947
2022,Primeiro turno 2022 - 2021,Jair Bolsonaro,38.2464,43.2,extra_trees,2018,4.953600000000002
2022,Primeiro turno 2022 - 2021,Lula,40.89580000000002,48.43,extra_trees,2018,7.534199999999977
2022,Primeiro turno 2022 - 2021,Simone Tebet,2.817919999999991,4.16,extra_trees,2018,1.342080000000009
2022,Primeiro turno 2022 - 2021 alternativo,Ciro Gomes,11.95707999999997,3.04,extra_trees,2018,8.91707999999997
2022,Primeiro turno 2022 - 2021 alternativo,Jair Bolsonaro,46.659,43.2,extra_trees,2018,3.458999999999996
2022,Primeiro turno 2022 - 2021 alternativo,Lula,39.79872,48.43,extra_trees,2018,8.631279999999997
2022,Primeiro turno 2022 - abril a junho,Ciro Gomes,5.817539999999995,3.04,extra_trees,2018,2.777539999999995
2022,Primeiro turno 2022 - abril a junho,Jair Bolsonaro,47.17875999999999,43.2,extra_trees,2018,3.978759999999987
2022,Primeiro turno 2022 - abril a junho,Lula,39.67008,48.43,extra_trees,2018,8.759920000000001
2022,Primeiro turno 2022 - janeiro a marco,Ciro Gomes,3.1361599999999923,3.04,extra_trees,2018,0.09615999999999225
2022,Primeiro turno 2022 - janeiro a marco,Jair Bolsonaro,47.33648000000001,43.2,extra_trees,2018,4.136480000000006
2022,Primeiro turno 2022 - janeiro a marco,Lula,39.112519999999975,48.43,extra_trees,2018,9.317480000000025
2022,Primeiro turno 2022 - reta final,Ciro Gomes,3.4703754884055633,3.04,extra_trees,2018,0.4303754884055633
2022,Primeiro turno 2022 - reta final,Jair Bolsonaro,45.390302851776404,43.2,extra_trees,2018,2.1903028517764014
2022,Primeiro turno 2022 - reta final,Lula,40.874077203048216,48.43,extra_trees,2018,7.5559227969517835
2022,Primeiro turno 2022 - reta final,Simone Tebet,3.6166879103369207,4.16,extra_trees,2018,0.5433120896630794
2022,Primeiro turno 2022 - 2019,Ciro Gomes,11.455777749999978,3.04,extra_trees_1000,2018,8.415777749999979
2022,Primeiro turno 2022 - 2019,Jair Bolsonaro,48.60727476190452,43.2,extra_trees_1000,2018,5.407274761904517
2022,Primeiro turno 2022 - 2020,Ciro Gomes,5.508850714285767,3.04,extra_trees_1000,2018,2.468850714285767
2022,Primeiro turno 2022 - 2020,Jair Bolsonaro,47.60238226190455,43.2,extra_trees_1000,2018,4.402382261904549
2022,Primeiro turno 2022 - 2020,Lula,33.76384630952351,48.43,extra_trees_1000,2018,14.666153690476492
2022,Primeiro turno 2022 - 2021,Ciro Gomes,7.665616500000074,3.04,extra_trees_1000,2018,4.625616500000074
2022,Primeiro turno 2022 - 2021,Jair Bolsonaro,43.57837583333323,43.2,extra_trees_1000,2018,0.3783758333332301
2022,Primeiro turno 2022 - 2021,Lula,41.57460999999973,48.43,extra_trees_1000,2018,6.85539000000027
2022,Primeiro turno 2022 - 2021,Simone Tebet,3.54133526190475,4.16,extra_trees_1000,2018,0.6186647380952501
2022,Primeiro turno 2022 - 2021 alternativo,Ciro Gomes,12.037292666666616,3.04,extra_trees_1000,2018,8.997292666666617
2022,Primeiro turno 2022 - 2021 alternativo,Jair Bolsonaro,47.14037059523791,43.2,extra_trees_1000,2018,3.9403705952379084
2022,Primeiro turno 2022 - 2021 alternativo,Lula,40.47000499999977,48.43,extra_trees_1000,2018,7.959995000000227
2022,Primeiro turno 2022 - abril a junho,Ciro Gomes,6.606656166666737,3.04,extra_trees_1000,2018,3.5666561666667373
2022,Primeiro turno 2022 - abril a junho,Jair Bolsonaro,47.82617226190456,43.2,extra_trees_1000,2018,4.626172261904557
2022,Primeiro turno 2022 - abril a junho,Lula,40.546066428571194,48.43,extra_trees_1000,2018,7.8839335714288055
2022,Primeiro turno 2022 - janeiro a marco,Ciro Gomes,3.305562047619046,3.04,extra_trees_1000,2018,0.2655620476190461
2022,Primeiro turno 2022 - janeiro a marco,Jair Bolsonaro,47.986299166666456,43.2,extra_trees_1000,2018,4.786299166666453
2022,Primeiro turno 2022 - janeiro a marco,Lula,40.053068333333094,48.43,extra_trees_1000,2018,8.376931666666906
2022,Primeiro turno 2022 - reta final,Ciro Gomes,4.297025388673278,3.04,extra_trees_1000,2018,1.257025388673278
2022,Primeiro turno 2022 - reta final,Jair Bolsonaro,47.39311923973186,43.2,extra_trees_1000,2018,4.193119239731857
2022,Primeiro turno 2022 - reta final,Lula,41.093121144346796,48.43,extra_trees_1000,2018,7.336878855653204
2022,Primeiro turno 2022 - reta final,Simone Tebet,4.899476128464658,4.16,extra_trees_1000,2018,0.7394761284646583
2022,Primeiro turno 2022 - 2019,Ciro Gomes,12.458809270833335,3.04,extra_trees_03_1600_leaf1,2018,9.418809270833336
2022,Primeiro turno 2022 - 2019,Jair Bolsonaro,47.80367687499934,43.2,extra_trees_03_1600_leaf1,2018,4.603676874999337
2022,Primeiro turno 2022 - 2020,Ciro Gomes,7.804951458333338,3.04,extra_trees_03_1600_leaf1,2018,4.764951458333338
2022,Primeiro turno 2022 - 2020,Jair Bolsonaro,46.969267499999404,43.2,extra_trees_03_1600_leaf1,2018,3.769267499999401
2022,Primeiro turno 2022 - 2020,Lula,35.34952062499971,48.43,extra_trees_03_1600_leaf1,2018,13.080479375000287
2022,Primeiro turno 2022 - 2021,Ciro Gomes,9.457936874999978,3.04,extra_trees_03_1600_leaf1,2018,6.417936874999978
2022,Primeiro turno 2022 - 2021,Jair Bolsonaro,44.639270624999526,43.2,extra_trees_03_1600_leaf1,2018,1.4392706249995229
2022,Primeiro turno 2022 - 2021,Lula,41.30467583333296,48.43,extra_trees_03_1600_leaf1,2018,7.125324166667042
2022,Primeiro turno 2022 - 2021,Simone Tebet,6.323207708333349,4.16,extra_trees_03_1600_leaf1,2018,2.163207708333349
2022,Primeiro turno 2022 - 2021 alternativo,Ciro Gomes,12.931856666666693,3.04,extra_trees_03_1600_leaf1,2018,9.891856666666694
2022,Primeiro turno 2022 - 2021 alternativo,Jair Bolsonaro,47.067567499999384,43.2,extra_trees_03_1600_leaf1,2018,3.8675674999993817
2022,Primeiro turno 2022 - 2021 alternativo,Lula,40.21684041666628,48.43,extra_trees_03_1600_leaf1,2018,8.21315958333372
2022,Primeiro turno 2022 - abril a junho,Ciro Gomes,8.740678333333324,3.04,extra_trees_03_1600_leaf1,2018,5.700678333333324
2022,Primeiro turno 2022 - abril a junho,Jair Bolsonaro,47.26097374999937,43.2,extra_trees_03_1600_leaf1,2018,4.06097374999937
2022,Primeiro turno 2022 - abril a junho,Lula,40.3276485416663,48.43,extra_trees_03_1600_leaf1,2018,8.1023514583337
2022,Primeiro turno 2022 - janeiro a marco,Ciro Gomes,5.920375416666692,3.04,extra_trees_03_1600_leaf1,2018,2.880375416666692
2022,Primeiro turno 2022 - janeiro a marco,Jair Bolsonaro,47.564398749999334,43.2,extra_trees_03_1600_leaf1,2018,4.3643987499993315
2022,Primeiro turno 2022 - janeiro a marco,Lula,39.76834041666626,48.43,extra_trees_03_1600_leaf1,2018,8.661659583333737
2022,Primeiro turno 2022 - reta final,Ciro Gomes,7.324531643731529,3.04,extra_trees_03_1600_leaf1,2018,4.284531643731529
2022,Primeiro turno 2022 - reta final,Jair Bolsonaro,46.46508962214735,43.2,extra_trees_03_1600_leaf1,2018,3.26508962214735
2022,Primeiro turno 2022 - reta final,Lula,41.034471699113666,48.43,extra_trees_03_1600_leaf1,2018,7.395528300886333
2022,Primeiro turno 2022 - reta final,Simone Tebet,7.700720469436182,4.16,extra_trees_03_1600_leaf1,2018,3.540720469436182
2022,Primeiro turno 2022 - 2019,Ciro Gomes,11.533645104166645,3.04,extra_trees_05_1600_leaf1,2018,8.493645104166646
2022,Primeiro turno 2022 - 2019,Jair Bolsonaro,48.53437374999929,43.2,extra_trees_05_1600_leaf1,2018,5.334373749999287
2022,Primeiro turno 2022 - 2020,Ciro Gomes,6.281015416666734,3.04,extra_trees_05_1600_leaf1,2018,3.241015416666734
2022,Primeiro turno 2022 - 2020,Jair Bolsonaro,47.46167999999939,43.2,extra_trees_05_1600_leaf1,2018,4.261679999999387
2022,Primeiro turno 2022 - 2020,Lula,35.22990395833306,48.43,extra_trees_05_1600_leaf1,2018,13.200096041666939
2022,Primeiro turno 2022 - 2021,Ciro Gomes,7.863290416666712,3.04,extra_trees_05_1600_leaf1,2018,4.823290416666712
2022,Primeiro turno 2022 - 2021,Jair Bolsonaro,44.17009874999956,43.2,extra_trees_05_1600_leaf1,2018,0.9700987499995577
2022,Primeiro turno 2022 - 2021,Lula,42.16302895833288,48.43,extra_trees_05_1600_leaf1,2018,6.266971041667119
2022,Primeiro turno 2022 - 2021,Simone Tebet,4.552085208333399,4.16,extra_trees_05_1600_leaf1,2018,0.3920852083333992
2022,Primeiro turno 2022 - 2021 alternativo,Ciro Gomes,11.972222708333339,3.04,extra_trees_05_1600_leaf1,2018,8.932222708333338
2022,Primeiro turno 2022 - 2021 alternativo,Jair Bolsonaro,47.5103862499994,43.2,extra_trees_05_1600_leaf1,2018,4.310386249999397
2022,Primeiro turno 2022 - 2021 alternativo,Lula,41.159622708332925,48.43,extra_trees_05_1600_leaf1,2018,7.270377291667074
2022,Primeiro turno 2022 - abril a junho,Ciro Gomes,7.074872708333395,3.04,extra_trees_05_1600_leaf1,2018,4.034872708333395
2022,Primeiro turno 2022 - abril a junho,Jair Bolsonaro,48.07613624999935,43.2,extra_trees_05_1600_leaf1,2018,4.876136249999348
2022,Primeiro turno 2022 - abril a junho,Lula,41.084175833332935,48.43,extra_trees_05_1600_leaf1,2018,7.3458241666670645
2022,Primeiro turno 2022 - janeiro a marco,Ciro Gomes,3.915140416666726,3.04,extra_trees_05_1600_leaf1,2018,0.875140416666726
2022,Primeiro turno 2022 - janeiro a marco,Jair Bolsonaro,48.252179999999335,43.2,extra_trees_05_1600_leaf1,2018,5.052179999999332
2022,Primeiro turno 2022 - janeiro a marco,Lula,40.638607083332865,48.43,extra_trees_05_1600_leaf1,2018,7.791392916667135
2022,Primeiro turno 2022 - reta final,Ciro Gomes,5.203872048324662,3.04,extra_trees_05_1600_leaf1,2018,2.163872048324662
2022,Primeiro turno 2022 - reta final,Jair Bolsonaro,46.984244775894034,43.2,extra_trees_05_1600_leaf1,2018,3.784244775894031
2022,Primeiro turno 2022 - reta final,Lula,41.61625529306565,48.43,extra_trees_05_1600_leaf1,2018,6.813744706934351
2022,Primeiro turno 2022 - reta final,Simone Tebet,5.633890833166029,4.16,extra_trees_05_1600_leaf1,2018,1.4738908331660285
2022,Primeiro turno 2022 - 2019,Ciro Gomes,15.579326250000067,3.04,extra_trees_sqrt_1600_leaf1,2018,12.539326250000066
2022,Primeiro turno 2022 - 2019,Jair Bolsonaro,44.88470052083281,43.2,extra_trees_sqrt_1600_leaf1,2018,1.6847005208328056
2022,Primeiro turno 2022 - 2020,Ciro Gomes,12.594702187499985,3.04,extra_trees_sqrt_1600_leaf1,2018,9.554702187499984
2022,Primeiro turno 2022 - 2020,Jair Bolsonaro,43.88852739583289,43.2,extra_trees_sqrt_1600_leaf1,2018,0.6885273958328852
2022,Primeiro turno 2022 - 2020,Lula,33.79254354166661,48.43,extra_trees_sqrt_1600_leaf1,2018,14.63745645833339
2022,Primeiro turno 2022 - 2021,Ciro Gomes,13.36414885416667,3.04,extra_trees_sqrt_1600_leaf1,2018,10.324148854166669
2022,Primeiro turno 2022 - 2021,Jair Bolsonaro,42.23095812499963,43.2,extra_trees_sqrt_1600_leaf1,2018,0.9690418750003715
2022,Primeiro turno 2022 - 2021,Lula,38.656588288690365,48.43,extra_trees_sqrt_1600_leaf1,2018,9.773411711309635
2022,Primeiro turno 2022 - 2021,Simone Tebet,11.640371249999925,4.16,extra_trees_sqrt_1600_leaf1,2018,7.480371249999925
2022,Primeiro turno 2022 - 2021 alternativo,Ciro Gomes,16.507260590277877,3.04,extra_trees_sqrt_1600_leaf1,2018,13.467260590277878
2022,Primeiro turno 2022 - 2021 alternativo,Jair Bolsonaro,44.04766482638839,43.2,extra_trees_sqrt_1600_leaf1,2018,0.8476648263883888
2022,Primeiro turno 2022 - 2021 alternativo,Lula,37.97765322916659,48.43,extra_trees_sqrt_1600_leaf1,2018,10.452346770833408
2022,Primeiro turno 2022 - abril a junho,Ciro Gomes,13.551411215277799,3.04,extra_trees_sqrt_1600_leaf1,2018,10.5114112152778
2022,Primeiro turno 2022 - abril a junho,Jair Bolsonaro,44.210099201388374,43.2,extra_trees_sqrt_1600_leaf1,2018,1.0100992013883712
2022,Primeiro turno 2022 - abril a junho,Lula,38.29279072916661,48.43,extra_trees_sqrt_1600_leaf1,2018,10.137209270833388
2022,Primeiro turno 2022 - janeiro a marco,Ciro Gomes,11.390541041666586,3.04,extra_trees_sqrt_1600_leaf1,2018,8.350541041666585
2022,Primeiro turno 2022 - janeiro a marco,Jair Bolsonaro,44.58679677083277,43.2,extra_trees_sqrt_1600_leaf1,2018,1.3867967708327669
2022,Primeiro turno 2022 - janeiro a marco,Lula,37.56234864583321,48.43,extra_trees_sqrt_1600_leaf1,2018,10.867651354166789
2022,Primeiro turno 2022 - reta final,Ciro Gomes,13.020324486102512,3.04,extra_trees_sqrt_1600_leaf1,2018,9.98032448610251
2022,Primeiro turno 2022 - reta final,Jair Bolsonaro,43.52786508102394,43.2,extra_trees_sqrt_1600_leaf1,2018,0.32786508102393697
2022,Primeiro turno 2022 - reta final,Lula,39.40340267104924,48.43,extra_trees_sqrt_1600_leaf1,2018,9.026597328950757
2022,Primeiro turno 2022 - reta final,Simone Tebet,13.212841938489017,4.16,extra_trees_sqrt_1600_leaf1,2018,9.052841938489017
2022,Primeiro turno 2022 - 2019,Ciro Gomes,16.251962718901012,3.04,extra_trees_log2_1600_leaf1,2018,13.211962718901013
2022,Primeiro turno 2022 - 2019,Jair Bolsonaro,43.27891714285676,43.2,extra_trees_log2_1600_leaf1,2018,0.07891714285675988
2022,Primeiro turno 2022 - 2020,Ciro Gomes,13.664265461956488,3.04,extra_trees_log2_1600_leaf1,2018,10.624265461956487
2022,Primeiro turno 2022 - 2020,Jair Bolsonaro,42.485565059523466,43.2,extra_trees_log2_1600_leaf1,2018,0.7144349404765364
2022,Primeiro turno 2022 - 2020,Lula,32.12083208333334,48.43,extra_trees_log2_1600_leaf1,2018,16.30916791666666
2022,Primeiro turno 2022 - 2021,Ciro Gomes,14.364673586956519,3.04,extra_trees_log2_1600_leaf1,2018,11.324673586956518
2022,Primeiro turno 2022 - 2021,Jair Bolsonaro,40.703302395833035,43.2,extra_trees_log2_1600_leaf1,2018,2.496697604166968
2022,Primeiro turno 2022 - 2021,Lula,37.701135937499956,48.43,extra_trees_log2_1600_leaf1,2018,10.728864062500044
2022,Primeiro turno 2022 - 2021,Simone Tebet,12.843333407738037,4.16,extra_trees_log2_1600_leaf1,2018,8.683333407738036
2022,Primeiro turno 2022 - 2021 alternativo,Ciro Gomes,17.012020560515936,3.04,extra_trees_log2_1600_leaf1,2018,13.972020560515936
2022,Primeiro turno 2022 - 2021 alternativo,Jair Bolsonaro,42.46483818452342,43.2,extra_trees_log2_1600_leaf1,2018,0.7351618154765802
2022,Primeiro turno 2022 - 2021 alternativo,Lula,37.24288683035712,48.43,extra_trees_log2_1600_leaf1,2018,11.187113169642878
2022,Primeiro turno 2022 - abril a junho,Ciro Gomes,14.652552470238087,3.04,extra_trees_log2_1600_leaf1,2018,11.612552470238086
2022,Primeiro turno 2022 - abril a junho,Jair Bolsonaro,42.635922976190066,43.2,extra_trees_log2_1600_leaf1,2018,0.5640770238099364
2022,Primeiro turno 2022 - abril a junho,Lula,37.538723705357114,48.43,extra_trees_log2_1600_leaf1,2018,10.891276294642886
2022,Primeiro turno 2022 - janeiro a marco,Ciro Gomes,13.009894553571355,3.04,extra_trees_log2_1600_leaf1,2018,9.969894553571354
2022,Primeiro turno 2022 - janeiro a marco,Jair Bolsonaro,43.17979937499952,43.2,extra_trees_log2_1600_leaf1,2018,0.02020062500048425
2022,Primeiro turno 2022 - janeiro a marco,Lula,36.69202489583326,48.43,extra_trees_log2_1600_leaf1,2018,11.737975104166736
2022,Primeiro turno 2022 - reta final,Ciro Gomes,13.996814064429953,3.04,extra_trees_log2_1600_leaf1,2018,10.956814064429953
2022,Primeiro turno 2022 - reta final,Jair Bolsonaro,42.220009784406564,43.2,extra_trees_log2_1600_leaf1,2018,0.979990215593439
2022,Primeiro turno 2022 - reta final,Lula,38.57336617924201,48.43,extra_trees_log2_1600_leaf1,2018,9.856633820757992
2022,Primeiro turno 2022 - reta final,Simone Tebet,14.176389679987716,4.16,extra_trees_log2_1600_leaf1,2018,10.016389679987716
2022,Primeiro turno 2022 - 2019,Ciro Gomes,11.573601922175175,3.04,extra_trees_05_2000_leaf3,2018,8.533601922175176
2022,Primeiro turno 2022 - 2019,Jair Bolsonaro,48.40542895535624,43.2,extra_trees_05_2000_leaf3,2018,5.20542895535624
2022,Primeiro turno 2022 - 2020,Ciro Gomes,6.531450196225292,3.04,extra_trees_05_2000_leaf3,2018,3.4914501962252924
2022,Primeiro turno 2022 - 2020,Jair Bolsonaro,47.68835060614997,43.2,extra_trees_05_2000_leaf3,2018,4.4883506061499645
2022,Primeiro turno 2022 - 2020,Lula,34.877895407959954,48.43,extra_trees_05_2000_leaf3,2018,13.552104592040045
2022,Primeiro turno 2022 - 2021,Ciro Gomes,8.231494185293785,3.04,extra_trees_05_2000_leaf3,2018,5.191494185293785
2022,Primeiro turno 2022 - 2021,Jair Bolsonaro,44.464314024222816,43.2,extra_trees_05_2000_leaf3,2018,1.2643140242228128
2022,Primeiro turno 2022 - 2021,Lula,41.93389119417961,48.43,extra_trees_05_2000_leaf3,2018,6.496108805820391
2022,Primeiro turno 2022 - 2021,Simone Tebet,4.9855491707707875,4.16,extra_trees_05_2000_leaf3,2018,0.8255491707707874
2022,Primeiro turno 2022 - 2021 alternativo,Ciro Gomes,11.975295758798186,3.04,extra_trees_05_2000_leaf3,2018,8.935295758798187
2022,Primeiro turno 2022 - 2021 alternativo,Jair Bolsonaro,47.41853727353818,43.2,extra_trees_05_2000_leaf3,2018,4.218537273538175
2022,Primeiro turno 2022 - 2021 alternativo,Lula,40.917721788834214,48.43,extra_trees_05_2000_leaf3,2018,7.5122782111657855
2022,Primeiro turno 2022 - abril a junho,Ciro Gomes,7.4180914657119,3.04,extra_trees_05_2000_leaf3,2018,4.3780914657119
2022,Primeiro turno 2022 - abril a junho,Jair Bolsonaro,47.86536430456265,43.2,extra_trees_05_2000_leaf3,2018,4.665364304562644
2022,Primeiro turno 2022 - abril a junho,Lula,40.97915384763651,48.43,extra_trees_05_2000_leaf3,2018,7.450846152363489
2022,Primeiro turno 2022 - janeiro a marco,Ciro Gomes,4.913664513716067,3.04,extra_trees_05_2000_leaf3,2018,1.8736645137160668
2022,Primeiro turno 2022 - janeiro a marco,Jair Bolsonaro,47.96528290178487,43.2,extra_trees_05_2000_leaf3,2018,4.765282901784865
2022,Primeiro turno 2022 - janeiro a marco,Lula,40.50032398091056,48.43,extra_trees_05_2000_leaf3,2018,7.929676019089442
2022,Primeiro turno 2022 - reta final,Ciro Gomes,5.750099013763186,3.04,extra_trees_05_2000_leaf3,2018,2.7100990137631857
2022,Primeiro turno 2022 - reta final,Jair Bolsonaro,47.672832837257126,43.2,extra_trees_05_2000_leaf3,2018,4.472832837257123
2022,Primeiro turno 2022 - reta final,Lula,41.203003438685634,48.43,extra_trees_05_2000_leaf3,2018,7.226996561314365
2022,Primeiro turno 2022 - reta final,Simone Tebet,6.154376161997941,4.16,extra_trees_05_2000_leaf3,2018,1.9943761619979412
2022,Primeiro turno 2022 - 2019,Ciro Gomes,11.621350272650574,3.04,gradient_boosting,2018,8.581350272650575
2022,Primeiro turno 2022 - 2019,Jair Bolsonaro,49.686280169317314,43.2,gradient_boosting,2018,6.486280169317311
2022,Primeiro turno 2022 - 2020,Ciro Gomes,4.708653778016911,3.04,gradient_boosting,2018,1.6686537780169113
2022,Primeiro turno 2022 - 2020,Jair Bolsonaro,50.58745098188443,43.2,gradient_boosting,2018,7.387450981884427
2022,Primeiro turno 2022 - 2020,Lula,26.685567433684913,48.43,gradient_boosting,2018,21.744432566315087
2022,Primeiro turno 2022 - 2021,Ciro Gomes,6.537562118230473,3.04,gradient_boosting,2018,3.497562118230473
2022,Primeiro turno 2022 - 2021,Jair Bolsonaro,24.080066977560726,43.2,gradient_boosting,2018,19.119933022439277
2022,Primeiro turno 2022 - 2021,Lula,43.83193312009932,48.43,gradient_boosting,2018,4.598066879900678
2022,Primeiro turno 2022 - 2021,Simone Tebet,3.8424434202858837,4.16,gradient_boosting,2018,0.31755657971411644
2022,Primeiro turno 2022 - 2021 alternativo,Ciro Gomes,11.985624799943885,3.04,gradient_boosting,2018,8.945624799943886
2022,Primeiro turno 2022 - 2021 alternativo,Jair Bolsonaro,47.88057484918403,43.2,gradient_boosting,2018,4.680574849184026
2022,Primeiro turno 2022 - 2021 alternativo,Lula,42.3215285773415,48.43,gradient_boosting,2018,6.108471422658496
2022,Primeiro turno 2022 - abril a junho,Ciro Gomes,5.669990307614344,3.04,gradient_boosting,2018,2.629990307614344
2022,Primeiro turno 2022 - abril a junho,Jair Bolsonaro,49.160756397719645,43.2,gradient_boosting,2018,5.960756397719642
2022,Primeiro turno 2022 - abril a junho,Lula,42.3215285773415,48.43,gradient_boosting,2018,6.108471422658496
2022,Primeiro turno 2022 - janeiro a marco,Ciro Gomes,3.092006590335428,3.04,gradient_boosting,2018,0.05200659033542809
2022,Primeiro turno 2022 - janeiro a marco,Jair Bolsonaro,49.16075639771965,43.2,gradient_boosting,2018,5.960756397719649
2022,Primeiro turno 2022 - janeiro a marco,Lula,42.3215285773415,48.43,gradient_boosting,2018,6.108471422658496
2022,Primeiro turno 2022 - reta final,Ciro Gomes,3.4357197008489893,3.04,gradient_boosting,2018,0.3957197008489892
2022,Primeiro turno 2022 - reta final,Jair Bolsonaro,50.58745098188443,43.2,gradient_boosting,2018,7.387450981884427
2022,Primeiro turno 2022 - reta final,Lula,43.83193312009932,48.43,gradient_boosting,2018,4.598066879900678
2022,Primeiro turno 2022 - reta final,Simone Tebet,3.4357197008489893,4.16,gradient_boosting,2018,0.7242802991510109
2022,Primeiro turno 2022 - 2019,Ciro Gomes,10.859447006466763,3.04,gradient_boosting_slow,2018,7.8194470064667625
2022,Primeiro turno 2022 - 2019,Jair Bolsonaro,48.22829450716351,43.2,gradient_boosting_slow,2018,5.028294507163508
2022,Primeiro turno 2022 - 2020,Ciro Gomes,2.200269875221423,3.04,gradient_boosting_slow,2018,0.8397301247785771
2022,Primeiro turno 2022 - 2020,Jair Bolsonaro,46.63237647931436,43.2,gradient_boosting_slow,2018,3.4323764793143567
2022,Primeiro turno 2022 - 2020,Lula,27.808060360085513,48.43,gradient_boosting_slow,2018,20.621939639914487
2022,Primeiro turno 2022 - 2021,Ciro Gomes,4.48034176865761,3.04,gradient_boosting_slow,2018,1.4403417686576097
2022,Primeiro turno 2022 - 2021,Jair Bolsonaro,32.254922252378854,43.2,gradient_boosting_slow,2018,10.945077747621148
2022,Primeiro turno 2022 - 2021,Lula,43.92571113210387,48.43,gradient_boosting_slow,2018,4.504288867896129
2022,Primeiro turno 2022 - 2021,Simone Tebet,1.9049085987036878,4.16,gradient_boosting_slow,2018,2.2550914012963124
2022,Primeiro turno 2022 - 2021 alternativo,Ciro Gomes,10.655696808234216,3.04,gradient_boosting_slow,2018,7.615696808234216
2022,Primeiro turno 2022 - 2021 alternativo,Jair Bolsonaro,45.73700609154932,43.2,gradient_boosting_slow,2018,2.5370060915493156
2022,Primeiro turno 2022 - 2021 alternativo,Lula,45.371387060725844,48.43,gradient_boosting_slow,2018,3.0586129392741555
2022,Primeiro turno 2022 - abril a junho,Ciro Gomes,4.899471208730437,3.04,gradient_boosting_slow,2018,1.8594712087304366
2022,Primeiro turno 2022 - abril a junho,Jair Bolsonaro,48.07805240793633,43.2,gradient_boosting_slow,2018,4.87805240793633
2022,Primeiro turno 2022 - abril a junho,Lula,45.371387060725844,48.43,gradient_boosting_slow,2018,3.0586129392741555
2022,Primeiro turno 2022 - janeiro a marco,Ciro Gomes,2.732390998880876,3.04,gradient_boosting_slow,2018,0.30760900111912415
2022,Primeiro turno 2022 - janeiro a marco,Jair Bolsonaro,48.13313860087086,43.2,gradient_boosting_slow,2018,4.933138600870855
2022,Primeiro turno 2022 - janeiro a marco,Lula,45.42647325366037,48.43,gradient_boosting_slow,2018,3.003526746339631
2022,Primeiro turno 2022 - reta final,Ciro Gomes,2.6315730094822682,3.04,gradient_boosting_slow,2018,0.4084269905177318
2022,Primeiro turno 2022 - reta final,Jair Bolsonaro,48.11131117277295,43.2,gradient_boosting_slow,2018,4.9113111727729475
2022,Primeiro turno 2022 - reta final,Lula,46.05312720769325,48.43,gradient_boosting_slow,2018,2.3768727923067487
2022,Primeiro turno 2022 - reta final,Simone Tebet,2.690503298672764,4.16,gradient_boosting_slow,2018,1.4694967013272362
2022,Primeiro turno 2022 - 2019,Ciro Gomes,11.33266572557557,3.04,gradient_boosting_deep,2018,8.29266572557557
2022,Primeiro turno 2022 - 2019,Jair Bolsonaro,49.761345452909985,43.2,gradient_boosting_deep,2018,6.561345452909983
2022,Primeiro turno 2022 - 2020,Ciro Gomes,5.527444463851994,3.04,gradient_boosting_deep,2018,2.487444463851994
2022,Primeiro turno 2022 - 2020,Jair Bolsonaro,49.571363720089295,43.2,gradient_boosting_deep,2018,6.371363720089292
2022,Primeiro turno 2022 - 2020,Lula,22.597525164159805,48.43,gradient_boosting_deep,2018,25.832474835840195
2022,Primeiro turno 2022 - 2021,Ciro Gomes,6.581377551046042,3.04,gradient_boosting_deep,2018,3.5413775510460423
2022,Primeiro turno 2022 - 2021,Jair Bolsonaro,22.83969591820839,43.2,gradient_boosting_deep,2018,20.360304081791615
2022,Primeiro turno 2022 - 2021,Lula,42.49947339909974,48.43,gradient_boosting_deep,2018,5.930526600900258
2022,Primeiro turno 2022 - 2021,Simone Tebet,4.766325243579778,4.16,gradient_boosting_deep,2018,0.6063252435797777
2022,Primeiro turno 2022 - 2021 alternativo,Ciro Gomes,11.448764000287213,3.04,gradient_boosting_deep,2018,8.408764000287213
2022,Primeiro turno 2022 - 2021 alternativo,Jair Bolsonaro,47.66454392746096,43.2,gradient_boosting_deep,2018,4.464543927460959
2022,Primeiro turno 2022 - 2021 alternativo,Lula,41.699941601277146,48.43,gradient_boosting_deep,2018,6.7300583987228535
2022,Primeiro turno 2022 - abril a junho,Ciro Gomes,5.598736351613427,3.04,gradient_boosting_deep,2018,2.558736351613427
2022,Primeiro turno 2022 - abril a junho,Jair Bolsonaro,48.993857762888325,43.2,gradient_boosting_deep,2018,5.793857762888322
2022,Primeiro turno 2022 - abril a junho,Lula,41.699941601277146,48.43,gradient_boosting_deep,2018,6.7300583987228535
2022,Primeiro turno 2022 - janeiro a marco,Ciro Gomes,3.470041316644133,3.04,gradient_boosting_deep,2018,0.4300413166441328
2022,Primeiro turno 2022 - janeiro a marco,Jair Bolsonaro,48.993857762888325,43.2,gradient_boosting_deep,2018,5.793857762888322
2022,Primeiro turno 2022 - janeiro a marco,Lula,41.699941601277146,48.43,gradient_boosting_deep,2018,6.7300583987228535
2022,Primeiro turno 2022 - reta final,Ciro Gomes,3.7307879085597215,3.04,gradient_boosting_deep,2018,0.6907879085597215
2022,Primeiro turno 2022 - reta final,Jair Bolsonaro,49.57136372008929,43.2,gradient_boosting_deep,2018,6.371363720089285
2022,Primeiro turno 2022 - reta final,Lula,42.499473399099735,48.43,gradient_boosting_deep,2018,5.930526600900265
2022,Primeiro turno 2022 - reta final,Simone Tebet,3.7307879085597215,4.16,gradient_boosting_deep,2018,0.4292120914402786
2022,Primeiro turno 2022 - 2019,Ciro Gomes,12.75362071701445,3.04,hist_gradient_boosting,2018,9.71362071701445
2022,Primeiro turno 2022 - 2019,Jair Bolsonaro,50.82606842796642,43.2,hist_gradient_boosting,2018,7.626068427966416
2022,Primeiro turno 2022 - 2020,Ciro Gomes,5.562759156506161,3.04,hist_gradient_boosting,2018,2.5227591565061607
2022,Primeiro turno 2022 - 2020,Jair Bolsonaro,42.1458571215298,43.2,hist_gradient_boosting,2018,1.054142878470202
2022,Primeiro turno 2022 - 2020,Lula,29.322796797742082,48.43,hist_gradient_boosting,2018,19.107203202257917
2022,Primeiro turno 2022 - 2021,Ciro Gomes,5.947515058844006,3.04,hist_gradient_boosting,2018,2.907515058844006
2022,Primeiro turno 2022 - 2021,Jair Bolsonaro,10.554749788710414,43.2,hist_gradient_boosting,2018,32.64525021128959
2022,Primeiro turno 2022 - 2021,Lula,45.56471169727844,48.43,hist_gradient_boosting,2018,2.8652883027215594
2022,Primeiro turno 2022 - 2021,Simone Tebet,4.925822884492312,4.16,hist_gradient_boosting,2018,0.7658228844923123
2022,Primeiro turno 2022 - 2021 alternativo,Ciro Gomes,13.103568533670916,3.04,hist_gradient_boosting,2018,10.063568533670917
2022,Primeiro turno 2022 - 2021 alternativo,Jair Bolsonaro,42.23520445878933,43.2,hist_gradient_boosting,2018,0.9647955412106697
2022,Primeiro turno 2022 - 2021 alternativo,Lula,46.1393475475028,48.43,hist_gradient_boosting,2018,2.2906524524971985
2022,Primeiro turno 2022 - abril a junho,Ciro Gomes,4.833621989416573,3.04,hist_gradient_boosting,2018,1.7936219894165726
2022,Primeiro turno 2022 - abril a junho,Jair Bolsonaro,47.03204720333111,43.2,hist_gradient_boosting,2018,3.8320472033311077
2022,Primeiro turno 2022 - abril a junho,Lula,46.247033547561756,48.43,hist_gradient_boosting,2018,2.1829664524382437
2022,Primeiro turno 2022 - janeiro a marco,Ciro Gomes,2.847286158710302,3.04,hist_gradient_boosting,2018,0.19271384128969782
2022,Primeiro turno 2022 - janeiro a marco,Jair Bolsonaro,46.45601349667509,43.2,hist_gradient_boosting,2018,3.256013496675088
2022,Primeiro turno 2022 - janeiro a marco,Lula,46.19056664213122,48.43,hist_gradient_boosting,2018,2.2394333578687764
2022,Primeiro turno 2022 - reta final,Ciro Gomes,3.3908393997742445,3.04,hist_gradient_boosting,2018,0.3508393997742445
2022,Primeiro turno 2022 - reta final,Jair Bolsonaro,45.36257053249797,43.2,hist_gradient_boosting,2018,2.1625705324979663
2022,Primeiro turno 2022 - reta final,Lula,45.738537700268076,48.43,hist_gradient_boosting,2018,2.691462299731924
2022,Primeiro turno 2022 - reta final,Simone Tebet,3.4975284077685798,4.16,hist_gradient_boosting,2018,0.6624715922314204
2022,Primeiro turno 2022 - 2019,Ciro Gomes,12.219696310339504,3.04,hist_gradient_boosting_l2,2018,9.179696310339505
2022,Primeiro turno 2022 - 2019,Jair Bolsonaro,51.10977344913729,43.2,hist_gradient_boosting_l2,2018,7.90977344913729
2022,Primeiro turno 2022 - 2020,Ciro Gomes,5.290074956214349,3.04,hist_gradient_boosting_l2,2018,2.250074956214349
2022,Primeiro turno 2022 - 2020,Jair Bolsonaro,42.390579466676265,43.2,hist_gradient_boosting_l2,2018,0.8094205333237383
2022,Primeiro turno 2022 - 2020,Lula,30.00633248825221,48.43,hist_gradient_boosting_l2,2018,18.42366751174779
2022,Primeiro turno 2022 - 2021,Ciro Gomes,5.563878266031469,3.04,hist_gradient_boosting_l2,2018,2.5238782660314687
2022,Primeiro turno 2022 - 2021,Jair Bolsonaro,10.5438866976712,43.2,hist_gradient_boosting_l2,2018,32.656113302328805
2022,Primeiro turno 2022 - 2021,Lula,44.89513189385559,48.43,hist_gradient_boosting_l2,2018,3.5348681061444083
2022,Primeiro turno 2022 - 2021,Simone Tebet,4.450550049042989,4.16,hist_gradient_boosting_l2,2018,0.29055004904298887
2022,Primeiro turno 2022 - 2021 alternativo,Ciro Gomes,13.570541693229337,3.04,hist_gradient_boosting_l2,2018,10.530541693229338
2022,Primeiro turno 2022 - 2021 alternativo,Jair Bolsonaro,41.36045161698587,43.2,hist_gradient_boosting_l2,2018,1.839548383014133
2022,Primeiro turno 2022 - 2021 alternativo,Lula,45.36061667056153,48.43,hist_gradient_boosting_l2,2018,3.069383329438473
2022,Primeiro turno 2022 - abril a junho,Ciro Gomes,4.877405763115585,3.04,hist_gradient_boosting_l2,2018,1.8374057631155853
2022,Primeiro turno 2022 - abril a junho,Jair Bolsonaro,48.01655644380723,43.2,hist_gradient_boosting_l2,2018,4.8165564438072295
2022,Primeiro turno 2022 - abril a junho,Lula,45.463978058398766,48.43,hist_gradient_boosting_l2,2018,2.966021941601234
2022,Primeiro turno 2022 - janeiro a marco,Ciro Gomes,3.172131477709965,3.04,hist_gradient_boosting_l2,2018,0.13213147770996514
2022,Primeiro turno 2022 - janeiro a marco,Jair Bolsonaro,46.56701749617027,43.2,hist_gradient_boosting_l2,2018,3.36701749617027
2022,Primeiro turno 2022 - janeiro a marco,Lula,45.528888860397615,48.43,hist_gradient_boosting_l2,2018,2.901111139602385
2022,Primeiro turno 2022 - reta final,Ciro Gomes,3.294497702923954,3.04,hist_gradient_boosting_l2,2018,0.2544977029239539
2022,Primeiro turno 2022 - reta final,Jair Bolsonaro,46.06804036019775,43.2,hist_gradient_boosting_l2,2018,2.868040360197746
2022,Primeiro turno 2022 - reta final,Lula,45.31328255239041,48.43,hist_gradient_boosting_l2,2018,3.116717447609588
2022,Primeiro turno 2022 - reta final,Simone Tebet,3.4790653727210805,4.16,hist_gradient_boosting_l2,2018,0.6809346272789196
2022,Primeiro turno 2022 - 2019,Ciro Gomes,14.39502603012847,3.04,ada_boost,2018,11.355026030128471
2022,Primeiro turno 2022 - 2019,Jair Bolsonaro,44.13346428571439,43.2,ada_boost,2018,0.9334642857143862
2022,Primeiro turno 2022 - 2020,Ciro Gomes,7.528231292517025,3.04,ada_boost,2018,4.488231292517025
2022,Primeiro turno 2022 - 2020,Jair Bolsonaro,37.82250000000003,43.2,ada_boost,2018,5.377499999999969
2022,Primeiro turno 2022 - 2020,Lula,29.27999999999999,48.43,ada_boost,2018,19.15000000000001
2022,Primeiro turno 2022 - 2021,Ciro Gomes,7.825617977528088,3.04,ada_boost,2018,4.785617977528088
2022,Primeiro turno 2022 - 2021,Jair Bolsonaro,12.48,43.2,ada_boost,2018,30.720000000000002
2022,Primeiro turno 2022 - 2021,Lula,37.82250000000003,48.43,ada_boost,2018,10.607499999999966
2022,Primeiro turno 2022 - 2021,Simone Tebet,7.528231292517024,4.16,ada_boost,2018,3.3682312925170237
2022,Primeiro turno 2022 - 2021 alternativo,Ciro Gomes,14.43356557377048,3.04,ada_boost,2018,11.39356557377048
2022,Primeiro turno 2022 - 2021 alternativo,Jair Bolsonaro,39.451823529411854,43.2,ada_boost,2018,3.748176470588149
2022,Primeiro turno 2022 - 2021 alternativo,Lula,38.77948717948709,48.43,ada_boost,2018,9.650512820512908
2022,Primeiro turno 2022 - abril a junho,Ciro Gomes,7.825617977528089,3.04,ada_boost,2018,4.785617977528089
2022,Primeiro turno 2022 - abril a junho,Jair Bolsonaro,40.89298368298389,43.2,ada_boost,2018,2.3070163170161138
2022,Primeiro turno 2022 - abril a junho,Lula,38.77948717948709,48.43,ada_boost,2018,9.650512820512908
2022,Primeiro turno 2022 - janeiro a marco,Ciro Gomes,7.528231292517025,3.04,ada_boost,2018,4.488231292517025
2022,Primeiro turno 2022 - janeiro a marco,Jair Bolsonaro,40.89298368298389,43.2,ada_boost,2018,2.3070163170161138
2022,Primeiro turno 2022 - janeiro a marco,Lula,38.77948717948709,48.43,ada_boost,2018,9.650512820512908
2022,Primeiro turno 2022 - reta final,Ciro Gomes,7.528231292517024,3.04,ada_boost,2018,4.488231292517024
2022,Primeiro turno 2022 - reta final,Jair Bolsonaro,37.82250000000003,43.2,ada_boost,2018,5.377499999999969
2022,Primeiro turno 2022 - reta final,Lula,37.82250000000003,48.43,ada_boost,2018,10.607499999999966
2022,Primeiro turno 2022 - reta final,Simone Tebet,7.528231292517024,4.16,ada_boost,2018,3.3682312925170237
2022,Primeiro turno 2022 - 2019,Ciro Gomes,30.843128780292645,3.04,mlp_pequena,2018,27.803128780292646
2022,Primeiro turno 2022 - 2019,Jair Bolsonaro,64.65323508731403,43.2,mlp_pequena,2018,21.453235087314027
2022,Primeiro turno 2022 - 2020,Ciro Gomes,16.548297071634018,3.04,mlp_pequena,2018,13.508297071634018
2022,Primeiro turno 2022 - 2020,Jair Bolsonaro,60.27063152840019,43.2,mlp_pequena,2018,17.070631528400185
2022,Primeiro turno 2022 - 2020,Lula,54.522774201348746,48.43,mlp_pequena,2018,6.092774201348746
2022,Primeiro turno 2022 - 2021,Ciro Gomes,5.338452773768401,3.04,mlp_pequena,2018,2.2984527737684006
2022,Primeiro turno 2022 - 2021,Jair Bolsonaro,51.15937424505807,43.2,mlp_pequena,2018,7.959374245058065
2022,Primeiro turno 2022 - 2021,Lula,48.5057137507833,48.43,mlp_pequena,2018,0.07571375078330078
2022,Primeiro turno 2022 - 2021,Simone Tebet,1.8738950073400595,4.16,mlp_pequena,2018,2.286104992659941
2022,Primeiro turno 2022 - 2021 alternativo,Ciro Gomes,19.907411069774657,3.04,mlp_pequena,2018,16.867411069774658
2022,Primeiro turno 2022 - 2021 alternativo,Jair Bolsonaro,54.43154576627217,43.2,mlp_pequena,2018,11.23154576627217
2022,Primeiro turno 2022 - 2021 alternativo,Lula,51.16520590469191,48.43,mlp_pequena,2018,2.7352059046919095
2022,Primeiro turno 2022 - abril a junho,Ciro Gomes,0.0,3.04,mlp_pequena,2018,3.04
2022,Primeiro turno 2022 - abril a junho,Jair Bolsonaro,42.01563420102652,43.2,mlp_pequena,2018,1.1843657989734808
2022,Primeiro turno 2022 - abril a junho,Lula,38.93365926727821,48.43,mlp_pequena,2018,9.49634073272179
2022,Primeiro turno 2022 - janeiro a marco,Ciro Gomes,0.0,3.04,mlp_pequena,2018,3.04
2022,Primeiro turno 2022 - janeiro a marco,Jair Bolsonaro,44.65493011832869,43.2,mlp_pequena,2018,1.45493011832869
2022,Primeiro turno 2022 - janeiro a marco,Lula,40.862433943347845,48.43,mlp_pequena,2018,7.567566056652154
2022,Primeiro turno 2022 - reta final,Ciro Gomes,0.0,3.04,mlp_pequena,2018,3.04
2022,Primeiro turno 2022 - reta final,Jair Bolsonaro,41.50191977320664,43.2,mlp_pequena,2018,1.6980802267933655
2022,Primeiro turno 2022 - reta final,Lula,38.65710234875851,48.43,mlp_pequena,2018,9.772897651241493
2022,Primeiro turno 2022 - reta final,Simone Tebet,0.0,4.16,mlp_pequena,2018,4.16
2022,Primeiro turno 2022 - 2019,Ciro Gomes,29.367737003800286,3.04,mlp_media,2018,26.327737003800287
2022,Primeiro turno 2022 - 2019,Jair Bolsonaro,44.91462535411433,43.2,mlp_media,2018,1.7146253541143253
2022,Primeiro turno 2022 - 2020,Ciro Gomes,19.82498191798246,3.04,mlp_media,2018,16.78498191798246
2022,Primeiro turno 2022 - 2020,Jair Bolsonaro,39.93578595837531,43.2,mlp_media,2018,3.2642140416246903
2022,Primeiro turno 2022 - 2020,Lula,35.814012887875045,48.43,mlp_media,2018,12.615987112124955
2022,Primeiro turno 2022 - 2021,Ciro Gomes,5.790060909378248,3.04,mlp_media,2018,2.7500609093782478
2022,Primeiro turno 2022 - 2021,Jair Bolsonaro,27.884858198676735,43.2,mlp_media,2018,15.315141801323268
2022,Primeiro turno 2022 - 2021,Lula,29.233275059426695,48.43,mlp_media,2018,19.196724940573304
2022,Primeiro turno 2022 - 2021,Simone Tebet,6.152589854970276,4.16,mlp_media,2018,1.9925898549702756
2022,Primeiro turno 2022 - 2021 alternativo,Ciro Gomes,12.98819618374994,3.04,mlp_media,2018,9.948196183749939
2022,Primeiro turno 2022 - 2021 alternativo,Jair Bolsonaro,33.80697871517172,43.2,mlp_media,2018,9.393021284828286
2022,Primeiro turno 2022 - 2021 alternativo,Lula,34.53534142395969,48.43,mlp_media,2018,13.894658576040307
2022,Primeiro turno 2022 - abril a junho,Ciro Gomes,0.0,3.04,mlp_media,2018,3.04
2022,Primeiro turno 2022 - abril a junho,Jair Bolsonaro,29.832900095001317,43.2,mlp_media,2018,13.367099904998685
2022,Primeiro turno 2022 - abril a junho,Lula,28.592437789795344,48.43,mlp_media,2018,19.837562210204656
2022,Primeiro turno 2022 - janeiro a marco,Ciro Gomes,0.0,3.04,mlp_media,2018,3.04
2022,Primeiro turno 2022 - janeiro a marco,Jair Bolsonaro,31.288060595977967,43.2,mlp_media,2018,11.911939404022036
2022,Primeiro turno 2022 - janeiro a marco,Lula,30.12134184503264,48.43,mlp_media,2018,18.30865815496736
2022,Primeiro turno 2022 - reta final,Ciro Gomes,0.0,3.04,mlp_media,2018,3.04
2022,Primeiro turno 2022 - reta final,Jair Bolsonaro,28.69937410953219,43.2,mlp_media,2018,14.500625890467813
2022,Primeiro turno 2022 - reta final,Lula,32.043412602967464,48.43,mlp_media,2018,16.386587397032535
2022,Primeiro turno 2022 - reta final,Simone Tebet,0.0,4.16,mlp_media,2018,4.16
2022,Primeiro turno 2022 - 2019,Ciro Gomes,26.066468001590675,3.04,mlp_profunda,2018,23.026468001590676
2022,Primeiro turno 2022 - 2019,Jair Bolsonaro,38.62730384571158,43.2,mlp_profunda,2018,4.572696154288423
2022,Primeiro turno 2022 - 2020,Ciro Gomes,13.513915982604482,3.04,mlp_profunda,2018,10.473915982604481
2022,Primeiro turno 2022 - 2020,Jair Bolsonaro,33.566139903868525,43.2,mlp_profunda,2018,9.633860096131478
2022,Primeiro turno 2022 - 2020,Lula,30.12791589519626,48.43,mlp_profunda,2018,18.30208410480374
2022,Primeiro turno 2022 - 2021,Ciro Gomes,6.551069038641494,3.04,mlp_profunda,2018,3.5110690386414936
2022,Primeiro turno 2022 - 2021,Jair Bolsonaro,25.638458475095888,43.2,mlp_profunda,2018,17.561541524904115
2022,Primeiro turno 2022 - 2021,Lula,35.84801485235402,48.43,mlp_profunda,2018,12.58198514764598
2022,Primeiro turno 2022 - 2021,Simone Tebet,3.784397809053087,4.16,mlp_profunda,2018,0.37560219094691316
2022,Primeiro turno 2022 - 2021 alternativo,Ciro Gomes,16.892895834209156,3.04,mlp_profunda,2018,13.852895834209157
2022,Primeiro turno 2022 - 2021 alternativo,Jair Bolsonaro,35.524646795741454,43.2,mlp_profunda,2018,7.675353204258549
2022,Primeiro turno 2022 - 2021 alternativo,Lula,48.74916805835279,48.43,mlp_profunda,2018,0.31916805835278694
2022,Primeiro turno 2022 - abril a junho,Ciro Gomes,0.6560799151595692,3.04,mlp_profunda,2018,2.383920084840431
2022,Primeiro turno 2022 - abril a junho,Jair Bolsonaro,26.875973027258095,43.2,mlp_profunda,2018,16.32402697274191
2022,Primeiro turno 2022 - abril a junho,Lula,37.48459778713818,48.43,mlp_profunda,2018,10.945402212861822
2022,Primeiro turno 2022 - janeiro a marco,Ciro Gomes,0.57653518268857,3.04,mlp_profunda,2018,2.46346481731143
2022,Primeiro turno 2022 - janeiro a marco,Jair Bolsonaro,35.53353674554443,43.2,mlp_profunda,2018,7.6664632544555715
2022,Primeiro turno 2022 - janeiro a marco,Lula,47.72486508896102,48.43,mlp_profunda,2018,0.7051349110389822
2022,Primeiro turno 2022 - reta final,Ciro Gomes,5.524093670165459,3.04,mlp_profunda,2018,2.484093670165459
2022,Primeiro turno 2022 - reta final,Jair Bolsonaro,24.191264179090748,43.2,mlp_profunda,2018,19.008735820909255
2022,Primeiro turno 2022 - reta final,Lula,49.33382716543305,48.43,mlp_profunda,2018,0.9038271654330501
2022,Primeiro turno 2022 - reta final,Simone Tebet,5.726433761446845,4.16,mlp_profunda,2018,1.566433761446845
2022,Primeiro turno 2022 - 2019,Ciro Gomes,0.0,3.04,mlp_larga,2018,3.04
2022,Primeiro turno 2022 - 2019,Jair Bolsonaro,11.1663481260114,43.2,mlp_larga,2018,32.0336518739886
2022,Primeiro turno 2022 - 2020,Ciro Gomes,0.0,3.04,mlp_larga,2018,3.04
2022,Primeiro turno 2022 - 2020,Jair Bolsonaro,14.310936376403912,43.2,mlp_larga,2018,28.88906362359609
2022,Primeiro turno 2022 - 2020,Lula,6.750144970148591,48.43,mlp_larga,2018,41.67985502985141
2022,Primeiro turno 2022 - 2021,Ciro Gomes,0.0,3.04,mlp_larga,2018,3.04
2022,Primeiro turno 2022 - 2021,Jair Bolsonaro,15.674526184102872,43.2,mlp_larga,2018,27.52547381589713
2022,Primeiro turno 2022 - 2021,Lula,17.598513504745025,48.43,mlp_larga,2018,30.831486495254975
2022,Primeiro turno 2022 - 2021,Simone Tebet,0.0,4.16,mlp_larga,2018,4.16
2022,Primeiro turno 2022 - 2021 alternativo,Ciro Gomes,0.0,3.04,mlp_larga,2018,3.04
2022,Primeiro turno 2022 - 2021 alternativo,Jair Bolsonaro,11.474030237027193,43.2,mlp_larga,2018,31.72596976297281
2022,Primeiro turno 2022 - 2021 alternativo,Lula,19.76274321981788,48.43,mlp_larga,2018,28.667256780182118
2022,Primeiro turno 2022 - abril a junho,Ciro Gomes,0.0,3.04,mlp_larga,2018,3.04
2022,Primeiro turno 2022 - abril a junho,Jair Bolsonaro,20.75865205456286,43.2,mlp_larga,2018,22.441347945437144
2022,Primeiro turno 2022 - abril a junho,Lula,32.12832154131816,48.43,mlp_larga,2018,16.30167845868184
2022,Primeiro turno 2022 - janeiro a marco,Ciro Gomes,0.0,3.04,mlp_larga,2018,3.04
2022,Primeiro turno 2022 - janeiro a marco,Jair Bolsonaro,14.569927458312712,43.2,mlp_larga,2018,28.63007254168729
2022,Primeiro turno 2022 - janeiro a marco,Lula,27.881092451324808,48.43,mlp_larga,2018,20.548907548675192
2022,Primeiro turno 2022 - reta final,Ciro Gomes,0.0,3.04,mlp_larga,2018,3.04
2022,Primeiro turno 2022 - reta final,Jair Bolsonaro,27.86622318709109,43.2,mlp_larga,2018,15.333776812908912
2022,Primeiro turno 2022 - reta final,Lula,38.53808951450893,48.43,mlp_larga,2018,9.891910485491067
2022,Primeiro turno 2022 - reta final,Simone Tebet,0.0,4.16,mlp_larga,2018,4.16
2022,Primeiro turno 2022 - 2019,Ciro Gomes,7.411506940219059,3.04,voting_ia,2018,4.371506940219059
2022,Primeiro turno 2022 - 2019,Jair Bolsonaro,42.378843321140344,43.2,voting_ia,2018,0.8211566788596585
2022,Primeiro turno 2022 - 2020,Ciro Gomes,1.0114120720457842,3.04,voting_ia,2018,2.0285879279542156
2022,Primeiro turno 2022 - 2020,Jair Bolsonaro,41.395532317472515,43.2,voting_ia,2018,1.8044676825274877
2022,Primeiro turno 2022 - 2020,Lula,28.094443601607964,48.43,voting_ia,2018,20.335556398392036
2022,Primeiro turno 2022 - 2021,Ciro Gomes,3.2452678091883596,3.04,voting_ia,2018,0.20526780918835952
2022,Primeiro turno 2022 - 2021,Jair Bolsonaro,19.257704167557126,43.2,voting_ia,2018,23.942295832442877
2022,Primeiro turno 2022 - 2021,Lula,43.48005699819269,48.43,voting_ia,2018,4.949943001807313
2022,Primeiro turno 2022 - 2021,Simone Tebet,0.46906553009265184,4.16,voting_ia,2018,3.690934469907348
2022,Primeiro turno 2022 - 2021 alternativo,Ciro Gomes,8.967164279461997,3.04,voting_ia,2018,5.927164279461997
2022,Primeiro turno 2022 - 2021 alternativo,Jair Bolsonaro,40.60467866104715,43.2,voting_ia,2018,2.59532133895285
2022,Primeiro turno 2022 - 2021 alternativo,Lula,42.89969565881821,48.43,voting_ia,2018,5.53030434118179
2022,Primeiro turno 2022 - abril a junho,Ciro Gomes,3.9501891292679328,3.04,voting_ia,2018,0.9101891292679327
2022,Primeiro turno 2022 - abril a junho,Jair Bolsonaro,43.0323897799378,43.2,voting_ia,2018,0.16761022006220117
2022,Primeiro turno 2022 - abril a junho,Lula,45.44423243115208,48.43,voting_ia,2018,2.985767568847919
2022,Primeiro turno 2022 - janeiro a marco,Ciro Gomes,2.194968642074564,3.04,voting_ia,2018,0.845031357925436
2022,Primeiro turno 2022 - janeiro a marco,Jair Bolsonaro,43.39764907006195,43.2,voting_ia,2018,0.19764907006194932
2022,Primeiro turno 2022 - janeiro a marco,Lula,43.581464274796076,48.43,voting_ia,2018,4.848535725203924
2022,Primeiro turno 2022 - reta final,Ciro Gomes,2.237381036125109,3.04,voting_ia,2018,0.8026189638748908
2022,Primeiro turno 2022 - reta final,Jair Bolsonaro,43.50625375527144,43.2,voting_ia,2018,0.3062537552714346
2022,Primeiro turno 2022 - reta final,Lula,47.21699515996583,48.43,voting_ia,2018,1.2130048400341664
2022,Primeiro turno 2022 - reta final,Simone Tebet,2.407772134742376,4.16,voting_ia,2018,1.7522278652576242
2022,Primeiro turno 2022 - 2019,Ciro Gomes,5.2525017109686845,3.04,stacking_ia,2018,2.2125017109686844
2022,Primeiro turno 2022 - 2019,Jair Bolsonaro,40.19296366109429,43.2,stacking_ia,2018,3.0070363389057135
2022,Primeiro turno 2022 - 2020,Ciro Gomes,0.0,3.04,stacking_ia,2018,3.04
2022,Primeiro turno 2022 - 2020,Jair Bolsonaro,39.56902879136675,43.2,stacking_ia,2018,3.6309712086332553
2022,Primeiro turno 2022 - 2020,Lula,20.727917283044967,48.43,stacking_ia,2018,27.702082716955033
2022,Primeiro turno 2022 - 2021,Ciro Gomes,2.5252624643935393,3.04,stacking_ia,2018,0.5147375356064607
2022,Primeiro turno 2022 - 2021,Jair Bolsonaro,27.099790939151703,43.2,stacking_ia,2018,16.1002090608483
2022,Primeiro turno 2022 - 2021,Lula,42.92057182018081,48.43,stacking_ia,2018,5.509428179819189
2022,Primeiro turno 2022 - 2021,Simone Tebet,0.0,4.16,stacking_ia,2018,4.16
2022,Primeiro turno 2022 - 2021 alternativo,Ciro Gomes,6.98475856811085,3.04,stacking_ia,2018,3.94475856811085
2022,Primeiro turno 2022 - 2021 alternativo,Jair Bolsonaro,36.86275387080262,43.2,stacking_ia,2018,6.337246129197382
2022,Primeiro turno 2022 - 2021 alternativo,Lula,42.11860323538625,48.43,stacking_ia,2018,6.311396764613747
2022,Primeiro turno 2022 - abril a junho,Ciro Gomes,3.7478002039293563,3.04,stacking_ia,2018,0.7078002039293563
2022,Primeiro turno 2022 - abril a junho,Jair Bolsonaro,40.45391285074055,43.2,stacking_ia,2018,2.746087149259452
2022,Primeiro turno 2022 - abril a junho,Lula,44.80248995055374,48.43,stacking_ia,2018,3.6275100494462578
2022,Primeiro turno 2022 - janeiro a marco,Ciro Gomes,0.0,3.04,stacking_ia,2018,3.04
2022,Primeiro turno 2022 - janeiro a marco,Jair Bolsonaro,40.98021724081069,43.2,stacking_ia,2018,2.2197827591893144
2022,Primeiro turno 2022 - janeiro a marco,Lula,42.77661949697655,48.43,stacking_ia,2018,5.653380503023449
2022,Primeiro turno 2022 - reta final,Ciro Gomes,0.08867463533176677,3.04,stacking_ia,2018,2.951325364668233
2022,Primeiro turno 2022 - reta final,Jair Bolsonaro,42.037076814780676,43.2,stacking_ia,2018,1.1629231852193271
2022,Primeiro turno 2022 - reta final,Lula,46.69441113104432,48.43,stacking_ia,2018,1.7355888689556807
2022,Primeiro turno 2022 - reta final,Simone Tebet,0.3107040919667024,4.16,stacking_ia,2018,3.8492959080332976
2022,Primeiro turno 2022 - 2019,Ciro Gomes,11.204580251336065,3.04,voting_arvores_ia,2018,8.164580251336066
2022,Primeiro turno 2022 - 2019,Jair Bolsonaro,48.086523448123216,43.2,voting_arvores_ia,2018,4.886523448123214
2022,Primeiro turno 2022 - 2020,Ciro Gomes,5.582893636726813,3.04,voting_arvores_ia,2018,2.542893636726813
2022,Primeiro turno 2022 - 2020,Jair Bolsonaro,47.913713408437985,43.2,voting_arvores_ia,2018,4.713713408437982
2022,Primeiro turno 2022 - 2020,Lula,29.140542322990914,48.43,voting_arvores_ia,2018,19.289457677009086
2022,Primeiro turno 2022 - 2021,Ciro Gomes,6.982809319809324,3.04,voting_arvores_ia,2018,3.9428093198093244
2022,Primeiro turno 2022 - 2021,Jair Bolsonaro,33.59710773188599,43.2,voting_arvores_ia,2018,9.602892268114012
2022,Primeiro turno 2022 - 2021,Lula,42.46367865273071,48.43,voting_arvores_ia,2018,5.966321347269293
2022,Primeiro turno 2022 - 2021,Simone Tebet,4.1921723762444625,4.16,voting_arvores_ia,2018,0.03217237624446234
2022,Primeiro turno 2022 - 2021 alternativo,Ciro Gomes,11.547944814140285,3.04,voting_arvores_ia,2018,8.507944814140284
2022,Primeiro turno 2022 - 2021 alternativo,Jair Bolsonaro,46.87421865494093,43.2,voting_arvores_ia,2018,3.6742186549409297
2022,Primeiro turno 2022 - 2021 alternativo,Lula,41.05989135556087,48.43,voting_arvores_ia,2018,7.370108644439128
2022,Primeiro turno 2022 - abril a junho,Ciro Gomes,6.248172972731073,3.04,voting_arvores_ia,2018,3.208172972731073
2022,Primeiro turno 2022 - abril a junho,Jair Bolsonaro,47.80593130755647,43.2,voting_arvores_ia,2018,4.605931307556467
2022,Primeiro turno 2022 - abril a junho,Lula,41.141748637306904,48.43,voting_arvores_ia,2018,7.288251362693096
2022,Primeiro turno 2022 - janeiro a marco,Ciro Gomes,3.689613682194158,3.04,voting_arvores_ia,2018,0.649613682194158
2022,Primeiro turno 2022 - janeiro a marco,Jair Bolsonaro,47.789670774046776,43.2,voting_arvores_ia,2018,4.589670774046773
2022,Primeiro turno 2022 - janeiro a marco,Lula,40.80970621887657,48.43,voting_arvores_ia,2018,7.620293781123429
2022,Primeiro turno 2022 - reta final,Ciro Gomes,4.314102963281035,3.04,voting_arvores_ia,2018,1.2741029632810346
2022,Primeiro turno 2022 - reta final,Jair Bolsonaro,47.77158992115383,43.2,voting_arvores_ia,2018,4.57158992115383
2022,Primeiro turno 2022 - reta final,Lula,42.71259501749142,48.43,voting_arvores_ia,2018,5.717404982508583
2022,Primeiro turno 2022 - reta final,Simone Tebet,4.560939875507758,4.16,voting_arvores_ia,2018,0.400939875507758
2022,Primeiro turno 2022 - 2019,Ciro Gomes,11.150490876427995,3.04,stacking_arvores_ia,2018,8.110490876427995
2022,Primeiro turno 2022 - 2019,Jair Bolsonaro,50.777065040911836,43.2,stacking_arvores_ia,2018,7.577065040911833
2022,Primeiro turno 2022 - 2020,Ciro Gomes,3.9685600250198028,3.04,stacking_arvores_ia,2018,0.9285600250198027
2022,Primeiro turno 2022 - 2020,Jair Bolsonaro,48.44753408298388,43.2,stacking_arvores_ia,2018,5.247534082983876
2022,Primeiro turno 2022 - 2020,Lula,40.017539106352345,48.43,stacking_arvores_ia,2018,8.412460893647655
2022,Primeiro turno 2022 - 2021,Ciro Gomes,7.677043660931837,3.04,stacking_arvores_ia,2018,4.637043660931837
2022,Primeiro turno 2022 - 2021,Jair Bolsonaro,59.295038511882154,43.2,stacking_arvores_ia,2018,16.09503851188215
2022,Primeiro turno 2022 - 2021,Lula,42.20905018370995,48.43,stacking_arvores_ia,2018,6.220949816290052
2022,Primeiro turno 2022 - 2021,Simone Tebet,1.0319814985587596,4.16,stacking_arvores_ia,2018,3.1280185014412405
2022,Primeiro turno 2022 - 2021 alternativo,Ciro Gomes,11.758530692572915,3.04,stacking_arvores_ia,2018,8.718530692572916
2022,Primeiro turno 2022 - 2021 alternativo,Jair Bolsonaro,49.302923074727346,43.2,stacking_arvores_ia,2018,6.102923074727343
2022,Primeiro turno 2022 - 2021 alternativo,Lula,40.88697113877298,48.43,stacking_arvores_ia,2018,7.543028861227022
2022,Primeiro turno 2022 - abril a junho,Ciro Gomes,6.103937438507371,3.04,stacking_arvores_ia,2018,3.063937438507371
2022,Primeiro turno 2022 - abril a junho,Jair Bolsonaro,49.64110239038631,43.2,stacking_arvores_ia,2018,6.441102390386305
2022,Primeiro turno 2022 - abril a junho,Lula,41.044916476313134,48.43,stacking_arvores_ia,2018,7.385083523686866
2022,Primeiro turno 2022 - janeiro a marco,Ciro Gomes,2.3398881469971036,3.04,stacking_arvores_ia,2018,0.7001118530028965
2022,Primeiro turno 2022 - janeiro a marco,Jair Bolsonaro,49.8513591495918,43.2,stacking_arvores_ia,2018,6.651359149591798
2022,Primeiro turno 2022 - janeiro a marco,Lula,40.14987524474441,48.43,stacking_arvores_ia,2018,8.280124755255592
2022,Primeiro turno 2022 - reta final,Ciro Gomes,3.5568009389868656,3.04,stacking_arvores_ia,2018,0.5168009389868655
2022,Primeiro turno 2022 - reta final,Jair Bolsonaro,48.06684988357699,43.2,stacking_arvores_ia,2018,4.8668498835769896
2022,Primeiro turno 2022 - reta final,Lula,40.61041131514447,48.43,stacking_arvores_ia,2018,7.819588684855532
2022,Primeiro turno 2022 - reta final,Simone Tebet,4.547530304084237,4.16,stacking_arvores_ia,2018,0.38753030408423683
