ano_eleicao,cenario_rotulo,candidato,previsto,modelo,ano_treino_max
2026,Primeiro turno 2026 - 2025 com Freitas/Gomes,Flávio Bolsonaro,28.409099999999995,baseline_pesquisa,2022
2026,Primeiro turno 2026 - 2025 com Freitas/Gomes,Lula,38.6364,baseline_pesquisa,2022
2026,Primeiro turno 2026 - 2025 com Freitas/Gomes,Romeu Zema,4.5455,baseline_pesquisa,2022
2026,Primeiro turno 2026 - 2025 com Freitas/Gomes,Ronaldo Caiado,6.818200000000001,baseline_pesquisa,2022
2026,Primeiro turno 2026 - Lula vs Flavio,Augusto Cury,6.822960944525297,baseline_pesquisa,2022
2026,Primeiro turno 2026 - Lula vs Flavio,Flávio Bolsonaro,37.76533082210649,baseline_pesquisa,2022
2026,Primeiro turno 2026 - Lula vs Flavio,Lula,43.04077311344785,baseline_pesquisa,2022
2026,Primeiro turno 2026 - Lula vs Flavio,Romeu Zema,1.4929822588819446,baseline_pesquisa,2022
2026,Primeiro turno 2026 - Lula vs Flavio,Ronaldo Caiado,4.621305784604936,baseline_pesquisa,2022
2026,Primeiro turno 2026 - Lula vs Flavio ampliado,Augusto Cury,2.439,baseline_pesquisa,2022
2026,Primeiro turno 2026 - Lula vs Flavio ampliado,Flávio Bolsonaro,37.8049,baseline_pesquisa,2022
2026,Primeiro turno 2026 - Lula vs Flavio ampliado,Lula,46.3415,baseline_pesquisa,2022
2026,Primeiro turno 2026 - Lula vs Flavio ampliado,Romeu Zema,2.439,baseline_pesquisa,2022
2026,Primeiro turno 2026 - Lula vs Flavio ampliado,Ronaldo Caiado,4.878,baseline_pesquisa,2022
2026,Primeiro turno 2026 - agosto/setembro com Marcal,Augusto Cury,8.303543774138907,baseline_pesquisa,2022
2026,Primeiro turno 2026 - agosto/setembro com Marcal,Clariana Barão,0.17074302304957634,baseline_pesquisa,2022
2026,Primeiro turno 2026 - agosto/setembro com Marcal,Edmilson Costa,1.0417,baseline_pesquisa,2022
2026,Primeiro turno 2026 - agosto/setembro com Marcal,Flávio Bolsonaro,37.65654261321178,baseline_pesquisa,2022
2026,Primeiro turno 2026 - agosto/setembro com Marcal,Hertz Dias,1.0417,baseline_pesquisa,2022
2026,Primeiro turno 2026 - agosto/setembro com Marcal,Lula,41.753370566877614,baseline_pesquisa,2022
2026,Primeiro turno 2026 - agosto/setembro com Marcal,Pablo Marçal,1.4785428635748996,baseline_pesquisa,2022
2026,Primeiro turno 2026 - agosto/setembro com Marcal,Renan Santos,5.063863100352069,baseline_pesquisa,2022
2026,Primeiro turno 2026 - agosto/setembro com Marcal,Romeu Zema,1.6500072388845466,baseline_pesquisa,2022
2026,Primeiro turno 2026 - agosto/setembro com Marcal,Ronaldo Caiado,1.535457204591425,baseline_pesquisa,2022
2026,Primeiro turno 2026 - agosto/setembro com Marcal,Rui Costa Pimenta,0.45469337587213304,baseline_pesquisa,2022
2026,Primeiro turno 2026 - agosto/setembro com Marcal,Samara Martins,0.5691997609979441,baseline_pesquisa,2022
2026,Primeiro turno 2026 - agosto/setembro com Marcal,Wilson Grassi,0.0,baseline_pesquisa,2022
2026,Primeiro turno 2026 - agosto/setembro com Renan,Augusto Cury,4.184893239286235,baseline_pesquisa,2022
2026,Primeiro turno 2026 - agosto/setembro com Renan,Clariana Barão,0.0,baseline_pesquisa,2022
2026,Primeiro turno 2026 - agosto/setembro com Renan,Edmilson Costa,0.0,baseline_pesquisa,2022
2026,Primeiro turno 2026 - agosto/setembro com Renan,Flávio Bolsonaro,41.173144274073096,baseline_pesquisa,2022
2026,Primeiro turno 2026 - agosto/setembro com Renan,Hertz Dias,0.0,baseline_pesquisa,2022
2026,Primeiro turno 2026 - agosto/setembro com Renan,Lula,43.5627069064885,baseline_pesquisa,2022
2026,Primeiro turno 2026 - agosto/setembro com Renan,Renan Santos,6.286988990890069,baseline_pesquisa,2022
2026,Primeiro turno 2026 - agosto/setembro com Renan,Romeu Zema,1.0478531998438694,baseline_pesquisa,2022
2026,Primeiro turno 2026 - agosto/setembro com Renan,Ronaldo Caiado,2.2459954052008944,baseline_pesquisa,2022
2026,Primeiro turno 2026 - agosto/setembro com Renan,Rui Costa Pimenta,0.425404095827591,baseline_pesquisa,2022
2026,Primeiro turno 2026 - agosto/setembro com Renan,Samara Martins,1.0753,baseline_pesquisa,2022
2026,Primeiro turno 2026 - agosto/setembro com Renan,Wilson Grassi,0.0,baseline_pesquisa,2022
2026,Primeiro turno 2026 - alternativa com Tarcisio,Flávio Bolsonaro,42.9545,baseline_pesquisa,2022
2026,Primeiro turno 2026 - alternativa com Tarcisio,Lula,46.9318,baseline_pesquisa,2022
2026,Primeiro turno 2026 - alternativa com Tarcisio,Romeu Zema,3.4090999999999996,baseline_pesquisa,2022
2026,Primeiro turno 2026 - alternativa com Tarcisio,Ronaldo Caiado,4.0909,baseline_pesquisa,2022
2026,Primeiro turno 2026 - cenario reduzido,Lula,46.6173,baseline_pesquisa,2022
2026,Primeiro turno 2026 - cenario reduzido,Romeu Zema,1.4799,baseline_pesquisa,2022
2026,Primeiro turno 2026 - cenario reduzido,Ronaldo Caiado,4.9683,baseline_pesquisa,2022
2026,Primeiro turno 2026 - oficial pos-TSE,Augusto Cury,3.1842563701880393,baseline_pesquisa,2022
2026,Primeiro turno 2026 - oficial pos-TSE,Clariana Barão,0.0,baseline_pesquisa,2022
2026,Primeiro turno 2026 - oficial pos-TSE,Edmilson Costa,0.0,baseline_pesquisa,2022
2026,Primeiro turno 2026 - oficial pos-TSE,Flávio Bolsonaro,43.969902416548365,baseline_pesquisa,2022
2026,Primeiro turno 2026 - oficial pos-TSE,Hertz Dias,0.0,baseline_pesquisa,2022
2026,Primeiro turno 2026 - oficial pos-TSE,Lula,45.51411064439567,baseline_pesquisa,2022
2026,Primeiro turno 2026 - oficial pos-TSE,Renan Santos,2.9908914812233838,baseline_pesquisa,2022
2026,Primeiro turno 2026 - oficial pos-TSE,Romeu Zema,0.6523963103431757,baseline_pesquisa,2022
2026,Primeiro turno 2026 - oficial pos-TSE,Ronaldo Caiado,3.0249729095184716,baseline_pesquisa,2022
2026,Primeiro turno 2026 - oficial pos-TSE,Rui Costa Pimenta,0.425404095827591,baseline_pesquisa,2022
2026,Primeiro turno 2026 - oficial pos-TSE,Samara Martins,0.7136646549690033,baseline_pesquisa,2022
2026,Primeiro turno 2026 - oficial pos-TSE,Wilson Grassi,0.0,baseline_pesquisa,2022
2026,Primeiro turno 2026 - reta final em votos validos,Augusto Cury,3.1842563701880393,baseline_pesquisa,2022
2026,Primeiro turno 2026 - reta final em votos validos,Flávio Bolsonaro,43.969902416548365,baseline_pesquisa,2022
2026,Primeiro turno 2026 - reta final em votos validos,Lula,45.51411064439567,baseline_pesquisa,2022
2026,Primeiro turno 2026 - reta final em votos validos,Renan Santos,2.9908914812233838,baseline_pesquisa,2022
2026,Primeiro turno 2026 - reta final em votos validos,Romeu Zema,0.6523963103431757,baseline_pesquisa,2022
2026,Primeiro turno 2026 - reta final em votos validos,Ronaldo Caiado,3.0249729095184716,baseline_pesquisa,2022
2026,Primeiro turno 2026 - reta final em votos validos,Samara Martins,0.7136646549690033,baseline_pesquisa,2022
2026,Primeiro turno 2026 - 2025 com Freitas/Gomes,Flávio Bolsonaro,28.409099999999995,baseline_ajustado,2022
2026,Primeiro turno 2026 - 2025 com Freitas/Gomes,Lula,38.6364,baseline_ajustado,2022
2026,Primeiro turno 2026 - 2025 com Freitas/Gomes,Romeu Zema,4.5455,baseline_ajustado,2022
2026,Primeiro turno 2026 - 2025 com Freitas/Gomes,Ronaldo Caiado,6.818200000000001,baseline_ajustado,2022
2026,Primeiro turno 2026 - Lula vs Flavio,Augusto Cury,7.209618694716971,baseline_ajustado,2022
2026,Primeiro turno 2026 - Lula vs Flavio,Flávio Bolsonaro,38.151988572298166,baseline_ajustado,2022
2026,Primeiro turno 2026 - Lula vs Flavio,Lula,43.42743086363952,baseline_ajustado,2022
2026,Primeiro turno 2026 - Lula vs Flavio,Romeu Zema,1.879640009073617,baseline_ajustado,2022
2026,Primeiro turno 2026 - Lula vs Flavio,Ronaldo Caiado,5.007963534796608,baseline_ajustado,2022
2026,Primeiro turno 2026 - Lula vs Flavio ampliado,Augusto Cury,2.439,baseline_ajustado,2022
2026,Primeiro turno 2026 - Lula vs Flavio ampliado,Flávio Bolsonaro,37.8049,baseline_ajustado,2022
2026,Primeiro turno 2026 - Lula vs Flavio ampliado,Lula,46.3415,baseline_ajustado,2022
2026,Primeiro turno 2026 - Lula vs Flavio ampliado,Romeu Zema,2.439,baseline_ajustado,2022
2026,Primeiro turno 2026 - Lula vs Flavio ampliado,Ronaldo Caiado,4.878,baseline_ajustado,2022
2026,Primeiro turno 2026 - agosto/setembro com Marcal,Augusto Cury,8.303543774138907,baseline_ajustado,2022
2026,Primeiro turno 2026 - agosto/setembro com Marcal,Clariana Barão,0.17074302304957634,baseline_ajustado,2022
2026,Primeiro turno 2026 - agosto/setembro com Marcal,Edmilson Costa,1.0417,baseline_ajustado,2022
2026,Primeiro turno 2026 - agosto/setembro com Marcal,Flávio Bolsonaro,37.65654261321178,baseline_ajustado,2022
2026,Primeiro turno 2026 - agosto/setembro com Marcal,Hertz Dias,1.0417,baseline_ajustado,2022
2026,Primeiro turno 2026 - agosto/setembro com Marcal,Lula,41.753370566877614,baseline_ajustado,2022
2026,Primeiro turno 2026 - agosto/setembro com Marcal,Pablo Marçal,1.4785428635748996,baseline_ajustado,2022
2026,Primeiro turno 2026 - agosto/setembro com Marcal,Renan Santos,5.063863100352069,baseline_ajustado,2022
2026,Primeiro turno 2026 - agosto/setembro com Marcal,Romeu Zema,1.6500072388845466,baseline_ajustado,2022
2026,Primeiro turno 2026 - agosto/setembro com Marcal,Ronaldo Caiado,1.535457204591425,baseline_ajustado,2022
2026,Primeiro turno 2026 - agosto/setembro com Marcal,Rui Costa Pimenta,0.45469337587213304,baseline_ajustado,2022
2026,Primeiro turno 2026 - agosto/setembro com Marcal,Samara Martins,0.5691997609979441,baseline_ajustado,2022
2026,Primeiro turno 2026 - agosto/setembro com Marcal,Wilson Grassi,0.0,baseline_ajustado,2022
2026,Primeiro turno 2026 - agosto/setembro com Renan,Augusto Cury,5.070688553143966,baseline_ajustado,2022
2026,Primeiro turno 2026 - agosto/setembro com Renan,Clariana Barão,0.0,baseline_ajustado,2022
2026,Primeiro turno 2026 - agosto/setembro com Renan,Edmilson Costa,0.0,baseline_ajustado,2022
2026,Primeiro turno 2026 - agosto/setembro com Renan,Flávio Bolsonaro,42.05893958793082,baseline_ajustado,2022
2026,Primeiro turno 2026 - agosto/setembro com Renan,Hertz Dias,0.0,baseline_ajustado,2022
2026,Primeiro turno 2026 - agosto/setembro com Renan,Lula,44.448502220346235,baseline_ajustado,2022
2026,Primeiro turno 2026 - agosto/setembro com Renan,Renan Santos,7.1727843047477995,baseline_ajustado,2022
2026,Primeiro turno 2026 - agosto/setembro com Renan,Romeu Zema,1.9336485137016006,baseline_ajustado,2022
2026,Primeiro turno 2026 - agosto/setembro com Renan,Ronaldo Caiado,3.131790719058625,baseline_ajustado,2022
2026,Primeiro turno 2026 - agosto/setembro com Renan,Rui Costa Pimenta,0.7246937490858902,baseline_ajustado,2022
2026,Primeiro turno 2026 - agosto/setembro com Renan,Samara Martins,1.8484223163841804,baseline_ajustado,2022
2026,Primeiro turno 2026 - agosto/setembro com Renan,Wilson Grassi,0.0,baseline_ajustado,2022
2026,Primeiro turno 2026 - alternativa com Tarcisio,Flávio Bolsonaro,44.276190322580646,baseline_ajustado,2022
2026,Primeiro turno 2026 - alternativa com Tarcisio,Lula,48.253490322580646,baseline_ajustado,2022
2026,Primeiro turno 2026 - alternativa com Tarcisio,Romeu Zema,4.730790322580646,baseline_ajustado,2022
2026,Primeiro turno 2026 - alternativa com Tarcisio,Ronaldo Caiado,5.412590322580646,baseline_ajustado,2022
2026,Primeiro turno 2026 - cenario reduzido,Lula,46.6173,baseline_ajustado,2022
2026,Primeiro turno 2026 - cenario reduzido,Romeu Zema,1.4799,baseline_ajustado,2022
2026,Primeiro turno 2026 - cenario reduzido,Ronaldo Caiado,4.9683,baseline_ajustado,2022
2026,Primeiro turno 2026 - oficial pos-TSE,Augusto Cury,3.597984160346476,baseline_ajustado,2022
2026,Primeiro turno 2026 - oficial pos-TSE,Clariana Barão,0.0,baseline_ajustado,2022
2026,Primeiro turno 2026 - oficial pos-TSE,Edmilson Costa,0.0,baseline_ajustado,2022
2026,Primeiro turno 2026 - oficial pos-TSE,Flávio Bolsonaro,44.3836302067068,baseline_ajustado,2022
2026,Primeiro turno 2026 - oficial pos-TSE,Hertz Dias,0.0,baseline_ajustado,2022
2026,Primeiro turno 2026 - oficial pos-TSE,Lula,45.92783843455411,baseline_ajustado,2022
2026,Primeiro turno 2026 - oficial pos-TSE,Renan Santos,3.4046192713818204,baseline_ajustado,2022
2026,Primeiro turno 2026 - oficial pos-TSE,Romeu Zema,1.297912401207185,baseline_ajustado,2022
2026,Primeiro turno 2026 - oficial pos-TSE,Ronaldo Caiado,3.4387006996769083,baseline_ajustado,2022
2026,Primeiro turno 2026 - oficial pos-TSE,Rui Costa Pimenta,0.7246937490858902,baseline_ajustado,2022
2026,Primeiro turno 2026 - oficial pos-TSE,Samara Martins,0.7136646549690033,baseline_ajustado,2022
2026,Primeiro turno 2026 - oficial pos-TSE,Wilson Grassi,0.0,baseline_ajustado,2022
2026,Primeiro turno 2026 - reta final em votos validos,Augusto Cury,3.597984160346476,baseline_ajustado,2022
2026,Primeiro turno 2026 - reta final em votos validos,Flávio Bolsonaro,44.3836302067068,baseline_ajustado,2022
2026,Primeiro turno 2026 - reta final em votos validos,Lula,45.92783843455411,baseline_ajustado,2022
2026,Primeiro turno 2026 - reta final em votos validos,Renan Santos,3.4046192713818204,baseline_ajustado,2022
2026,Primeiro turno 2026 - reta final em votos validos,Romeu Zema,1.297912401207185,baseline_ajustado,2022
2026,Primeiro turno 2026 - reta final em votos validos,Ronaldo Caiado,3.4387006996769083,baseline_ajustado,2022
2026,Primeiro turno 2026 - reta final em votos validos,Samara Martins,0.7136646549690033,baseline_ajustado,2022
2026,Primeiro turno 2026 - 2025 com Freitas/Gomes,Flávio Bolsonaro,28.409099999999995,baseline_efeito_casa,2022
2026,Primeiro turno 2026 - 2025 com Freitas/Gomes,Lula,38.6364,baseline_efeito_casa,2022
2026,Primeiro turno 2026 - 2025 com Freitas/Gomes,Romeu Zema,4.5455,baseline_efeito_casa,2022
2026,Primeiro turno 2026 - 2025 com Freitas/Gomes,Ronaldo Caiado,6.818200000000001,baseline_efeito_casa,2022
2026,Primeiro turno 2026 - Lula vs Flavio,Augusto Cury,7.209618694716971,baseline_efeito_casa,2022
2026,Primeiro turno 2026 - Lula vs Flavio,Flávio Bolsonaro,38.151988572298166,baseline_efeito_casa,2022
2026,Primeiro turno 2026 - Lula vs Flavio,Lula,43.712632310403066,baseline_efeito_casa,2022
2026,Primeiro turno 2026 - Lula vs Flavio,Romeu Zema,1.879640009073617,baseline_efeito_casa,2022
2026,Primeiro turno 2026 - Lula vs Flavio,Ronaldo Caiado,5.007963534796608,baseline_efeito_casa,2022
2026,Primeiro turno 2026 - Lula vs Flavio ampliado,Augusto Cury,2.439,baseline_efeito_casa,2022
2026,Primeiro turno 2026 - Lula vs Flavio ampliado,Flávio Bolsonaro,37.8049,baseline_efeito_casa,2022
2026,Primeiro turno 2026 - Lula vs Flavio ampliado,Lula,46.3415,baseline_efeito_casa,2022
2026,Primeiro turno 2026 - Lula vs Flavio ampliado,Romeu Zema,2.439,baseline_efeito_casa,2022
2026,Primeiro turno 2026 - Lula vs Flavio ampliado,Ronaldo Caiado,4.878,baseline_efeito_casa,2022
2026,Primeiro turno 2026 - agosto/setembro com Marcal,Augusto Cury,8.303543774138907,baseline_efeito_casa,2022
2026,Primeiro turno 2026 - agosto/setembro com Marcal,Clariana Barão,0.17074302304957634,baseline_efeito_casa,2022
2026,Primeiro turno 2026 - agosto/setembro com Marcal,Edmilson Costa,1.0417,baseline_efeito_casa,2022
2026,Primeiro turno 2026 - agosto/setembro com Marcal,Flávio Bolsonaro,37.65654261321178,baseline_efeito_casa,2022
2026,Primeiro turno 2026 - agosto/setembro com Marcal,Hertz Dias,1.0417,baseline_efeito_casa,2022
2026,Primeiro turno 2026 - agosto/setembro com Marcal,Lula,41.753370566877614,baseline_efeito_casa,2022
2026,Primeiro turno 2026 - agosto/setembro com Marcal,Pablo Marçal,1.4785428635748996,baseline_efeito_casa,2022
2026,Primeiro turno 2026 - agosto/setembro com Marcal,Renan Santos,5.063863100352069,baseline_efeito_casa,2022
2026,Primeiro turno 2026 - agosto/setembro com Marcal,Romeu Zema,1.6500072388845466,baseline_efeito_casa,2022
2026,Primeiro turno 2026 - agosto/setembro com Marcal,Ronaldo Caiado,1.535457204591425,baseline_efeito_casa,2022
2026,Primeiro turno 2026 - agosto/setembro com Marcal,Rui Costa Pimenta,0.45469337587213304,baseline_efeito_casa,2022
2026,Primeiro turno 2026 - agosto/setembro com Marcal,Samara Martins,0.5691997609979441,baseline_efeito_casa,2022
2026,Primeiro turno 2026 - agosto/setembro com Marcal,Wilson Grassi,0.0,baseline_efeito_casa,2022
2026,Primeiro turno 2026 - agosto/setembro com Renan,Augusto Cury,5.070688553143966,baseline_efeito_casa,2022
2026,Primeiro turno 2026 - agosto/setembro com Renan,Clariana Barão,0.0,baseline_efeito_casa,2022
2026,Primeiro turno 2026 - agosto/setembro com Renan,Edmilson Costa,0.0,baseline_efeito_casa,2022
2026,Primeiro turno 2026 - agosto/setembro com Renan,Flávio Bolsonaro,42.05893958793082,baseline_efeito_casa,2022
2026,Primeiro turno 2026 - agosto/setembro com Renan,Hertz Dias,0.0,baseline_efeito_casa,2022
2026,Primeiro turno 2026 - agosto/setembro com Renan,Lula,44.60779954360731,baseline_efeito_casa,2022
2026,Primeiro turno 2026 - agosto/setembro com Renan,Renan Santos,7.1727843047477995,baseline_efeito_casa,2022
2026,Primeiro turno 2026 - agosto/setembro com Renan,Romeu Zema,1.9336485137016006,baseline_efeito_casa,2022
2026,Primeiro turno 2026 - agosto/setembro com Renan,Ronaldo Caiado,3.131790719058625,baseline_efeito_casa,2022
2026,Primeiro turno 2026 - agosto/setembro com Renan,Rui Costa Pimenta,0.7246937490858902,baseline_efeito_casa,2022
2026,Primeiro turno 2026 - agosto/setembro com Renan,Samara Martins,1.8484223163841804,baseline_efeito_casa,2022
2026,Primeiro turno 2026 - agosto/setembro com Renan,Wilson Grassi,0.0,baseline_efeito_casa,2022
2026,Primeiro turno 2026 - alternativa com Tarcisio,Flávio Bolsonaro,44.276190322580646,baseline_efeito_casa,2022
2026,Primeiro turno 2026 - alternativa com Tarcisio,Lula,50.753144444444445,baseline_efeito_casa,2022
2026,Primeiro turno 2026 - alternativa com Tarcisio,Romeu Zema,4.730790322580646,baseline_efeito_casa,2022
2026,Primeiro turno 2026 - alternativa com Tarcisio,Ronaldo Caiado,5.412590322580646,baseline_efeito_casa,2022
2026,Primeiro turno 2026 - cenario reduzido,Lula,46.6173,baseline_efeito_casa,2022
2026,Primeiro turno 2026 - cenario reduzido,Romeu Zema,1.4799,baseline_efeito_casa,2022
2026,Primeiro turno 2026 - cenario reduzido,Ronaldo Caiado,4.9683,baseline_efeito_casa,2022
2026,Primeiro turno 2026 - oficial pos-TSE,Augusto Cury,3.597984160346476,baseline_efeito_casa,2022
2026,Primeiro turno 2026 - oficial pos-TSE,Clariana Barão,0.0,baseline_efeito_casa,2022
2026,Primeiro turno 2026 - oficial pos-TSE,Edmilson Costa,0.0,baseline_efeito_casa,2022
2026,Primeiro turno 2026 - oficial pos-TSE,Flávio Bolsonaro,44.3836302067068,baseline_efeito_casa,2022
2026,Primeiro turno 2026 - oficial pos-TSE,Hertz Dias,0.0,baseline_efeito_casa,2022
2026,Primeiro turno 2026 - oficial pos-TSE,Lula,46.48752665819545,baseline_efeito_casa,2022
2026,Primeiro turno 2026 - oficial pos-TSE,Renan Santos,3.4046192713818204,baseline_efeito_casa,2022
2026,Primeiro turno 2026 - oficial pos-TSE,Romeu Zema,1.297912401207185,baseline_efeito_casa,2022
2026,Primeiro turno 2026 - oficial pos-TSE,Ronaldo Caiado,3.4387006996769083,baseline_efeito_casa,2022
2026,Primeiro turno 2026 - oficial pos-TSE,Rui Costa Pimenta,0.7246937490858902,baseline_efeito_casa,2022
2026,Primeiro turno 2026 - oficial pos-TSE,Samara Martins,0.7136646549690033,baseline_efeito_casa,2022
2026,Primeiro turno 2026 - oficial pos-TSE,Wilson Grassi,0.0,baseline_efeito_casa,2022
2026,Primeiro turno 2026 - reta final em votos validos,Augusto Cury,3.597984160346476,baseline_efeito_casa,2022
2026,Primeiro turno 2026 - reta final em votos validos,Flávio Bolsonaro,44.3836302067068,baseline_efeito_casa,2022
2026,Primeiro turno 2026 - reta final em votos validos,Lula,46.48752665819545,baseline_efeito_casa,2022
2026,Primeiro turno 2026 - reta final em votos validos,Renan Santos,3.4046192713818204,baseline_efeito_casa,2022
2026,Primeiro turno 2026 - reta final em votos validos,Romeu Zema,1.297912401207185,baseline_efeito_casa,2022
2026,Primeiro turno 2026 - reta final em votos validos,Ronaldo Caiado,3.4387006996769083,baseline_efeito_casa,2022
2026,Primeiro turno 2026 - reta final em votos validos,Samara Martins,0.7136646549690033,baseline_efeito_casa,2022
2026,Primeiro turno 2026 - 2025 com Freitas/Gomes,Flávio Bolsonaro,30.004370973211106,inferencial_ols,2022
2026,Primeiro turno 2026 - 2025 com Freitas/Gomes,Lula,48.31080725458319,inferencial_ols,2022
2026,Primeiro turno 2026 - 2025 com Freitas/Gomes,Romeu Zema,10.366076314170641,inferencial_ols,2022
2026,Primeiro turno 2026 - 2025 com Freitas/Gomes,Ronaldo Caiado,12.23637049742888,inferencial_ols,2022
2026,Primeiro turno 2026 - Lula vs Flavio,Augusto Cury,6.19292823961371,inferencial_ols,2022
2026,Primeiro turno 2026 - Lula vs Flavio,Flávio Bolsonaro,31.6566209391627,inferencial_ols,2022
2026,Primeiro turno 2026 - Lula vs Flavio,Lula,45.88797882531027,inferencial_ols,2022
2026,Primeiro turno 2026 - Lula vs Flavio,Romeu Zema,1.8066792262599254,inferencial_ols,2022
2026,Primeiro turno 2026 - Lula vs Flavio,Ronaldo Caiado,4.38109964844922,inferencial_ols,2022
2026,Primeiro turno 2026 - Lula vs Flavio ampliado,Augusto Cury,3.2026662569283584,inferencial_ols,2022
2026,Primeiro turno 2026 - Lula vs Flavio ampliado,Flávio Bolsonaro,32.30665580930768,inferencial_ols,2022
2026,Primeiro turno 2026 - Lula vs Flavio ampliado,Lula,49.22174858927847,inferencial_ols,2022
2026,Primeiro turno 2026 - Lula vs Flavio ampliado,Romeu Zema,3.2026662569283584,inferencial_ols,2022
2026,Primeiro turno 2026 - Lula vs Flavio ampliado,Ronaldo Caiado,5.209815248421666,inferencial_ols,2022
2026,Primeiro turno 2026 - agosto/setembro com Marcal,Augusto Cury,7.086230202121875,inferencial_ols,2022
2026,Primeiro turno 2026 - agosto/setembro com Marcal,Clariana Barão,0.39342871562537607,inferencial_ols,2022
2026,Primeiro turno 2026 - agosto/setembro com Marcal,Edmilson Costa,1.2942255799409164,inferencial_ols,2022
2026,Primeiro turno 2026 - agosto/setembro com Marcal,Flávio Bolsonaro,31.24196698652095,inferencial_ols,2022
2026,Primeiro turno 2026 - agosto/setembro com Marcal,Hertz Dias,1.2942255799409164,inferencial_ols,2022
2026,Primeiro turno 2026 - agosto/setembro com Marcal,Lula,44.503396795905516,inferencial_ols,2022
2026,Primeiro turno 2026 - agosto/setembro com Marcal,Pablo Marçal,1.4696686217284969,inferencial_ols,2022
2026,Primeiro turno 2026 - agosto/setembro com Marcal,Renan Santos,4.420169604683743,inferencial_ols,2022
2026,Primeiro turno 2026 - agosto/setembro com Marcal,Romeu Zema,1.6107733974479672,inferencial_ols,2022
2026,Primeiro turno 2026 - agosto/setembro com Marcal,Ronaldo Caiado,1.5165056705898439,inferencial_ols,2022
2026,Primeiro turno 2026 - agosto/setembro com Marcal,Rui Costa Pimenta,0.6271026247282724,inferencial_ols,2022
2026,Primeiro turno 2026 - agosto/setembro com Marcal,Samara Martins,0.7213344309705092,inferencial_ols,2022
2026,Primeiro turno 2026 - agosto/setembro com Marcal,Wilson Grassi,0.2529175690413353,inferencial_ols,2022
2026,Primeiro turno 2026 - agosto/setembro com Renan,Augusto Cury,3.5188381118548744,inferencial_ols,2022
2026,Primeiro turno 2026 - agosto/setembro com Renan,Clariana Barão,0.0,inferencial_ols,2022
2026,Primeiro turno 2026 - agosto/setembro com Renan,Edmilson Costa,0.0,inferencial_ols,2022
2026,Primeiro turno 2026 - agosto/setembro com Renan,Flávio Bolsonaro,33.95792411496013,inferencial_ols,2022
2026,Primeiro turno 2026 - agosto/setembro com Renan,Hertz Dias,0.0,inferencial_ols,2022
2026,Primeiro turno 2026 - agosto/setembro com Renan,Lula,45.81437816880584,inferencial_ols,2022
2026,Primeiro turno 2026 - agosto/setembro com Renan,Renan Santos,5.2487353516474125,inferencial_ols,2022
2026,Primeiro turno 2026 - agosto/setembro com Renan,Romeu Zema,0.9372445278282776,inferencial_ols,2022
2026,Primeiro turno 2026 - agosto/setembro com Renan,Ronaldo Caiado,1.9232428546621934,inferencial_ols,2022
2026,Primeiro turno 2026 - agosto/setembro com Renan,Rui Costa Pimenta,0.5139843629635397,inferencial_ols,2022
2026,Primeiro turno 2026 - agosto/setembro com Renan,Samara Martins,1.1758780048321107,inferencial_ols,2022
2026,Primeiro turno 2026 - agosto/setembro com Renan,Wilson Grassi,0.0,inferencial_ols,2022
2026,Primeiro turno 2026 - alternativa com Tarcisio,Flávio Bolsonaro,39.57772111525498,inferencial_ols,2022
2026,Primeiro turno 2026 - alternativa com Tarcisio,Lula,52.740786672218206,inferencial_ols,2022
2026,Primeiro turno 2026 - alternativa com Tarcisio,Romeu Zema,7.034256692048969,inferencial_ols,2022
2026,Primeiro turno 2026 - alternativa com Tarcisio,Ronaldo Caiado,7.595336717633282,inferencial_ols,2022
2026,Primeiro turno 2026 - cenario reduzido,Lula,58.92290738339319,inferencial_ols,2022
2026,Primeiro turno 2026 - cenario reduzido,Romeu Zema,11.887577289831475,inferencial_ols,2022
2026,Primeiro turno 2026 - cenario reduzido,Ronaldo Caiado,14.758318799435926,inferencial_ols,2022
2026,Primeiro turno 2026 - oficial pos-TSE,Augusto Cury,2.470650800415482,inferencial_ols,2022
2026,Primeiro turno 2026 - oficial pos-TSE,Clariana Barão,0.0,inferencial_ols,2022
2026,Primeiro turno 2026 - oficial pos-TSE,Edmilson Costa,0.0,inferencial_ols,2022
2026,Primeiro turno 2026 - oficial pos-TSE,Flávio Bolsonaro,36.03476245656764,inferencial_ols,2022
2026,Primeiro turno 2026 - oficial pos-TSE,Hertz Dias,0.0,inferencial_ols,2022
2026,Primeiro turno 2026 - oficial pos-TSE,Lula,47.19554113502045,inferencial_ols,2022
2026,Primeiro turno 2026 - oficial pos-TSE,Renan Santos,2.3115232309707814,inferencial_ols,2022
2026,Primeiro turno 2026 - oficial pos-TSE,Romeu Zema,0.49471757525117815,inferencial_ols,2022
2026,Primeiro turno 2026 - oficial pos-TSE,Ronaldo Caiado,2.3395701782570204,inferencial_ols,2022
2026,Primeiro turno 2026 - oficial pos-TSE,Rui Costa Pimenta,0.5139843629635397,inferencial_ols,2022
2026,Primeiro turno 2026 - oficial pos-TSE,Samara Martins,0.6352881898751813,inferencial_ols,2022
2026,Primeiro turno 2026 - oficial pos-TSE,Wilson Grassi,0.0,inferencial_ols,2022
2026,Primeiro turno 2026 - reta final em votos validos,Augusto Cury,2.470650800415482,inferencial_ols,2022
2026,Primeiro turno 2026 - reta final em votos validos,Flávio Bolsonaro,36.03476245656764,inferencial_ols,2022
2026,Primeiro turno 2026 - reta final em votos validos,Lula,47.19554113502045,inferencial_ols,2022
2026,Primeiro turno 2026 - reta final em votos validos,Renan Santos,2.3115232309707814,inferencial_ols,2022
2026,Primeiro turno 2026 - reta final em votos validos,Romeu Zema,0.49471757525117815,inferencial_ols,2022
2026,Primeiro turno 2026 - reta final em votos validos,Ronaldo Caiado,2.3395701782570204,inferencial_ols,2022
2026,Primeiro turno 2026 - reta final em votos validos,Samara Martins,0.6352881898751813,inferencial_ols,2022
2026,Primeiro turno 2026 - 2025 com Freitas/Gomes,Flávio Bolsonaro,19.835830210991116,ridge,2022
2026,Primeiro turno 2026 - 2025 com Freitas/Gomes,Lula,45.37541726334716,ridge,2022
2026,Primeiro turno 2026 - 2025 com Freitas/Gomes,Romeu Zema,3.5643813288626447,ridge,2022
2026,Primeiro turno 2026 - 2025 com Freitas/Gomes,Ronaldo Caiado,5.114026892583681,ridge,2022
2026,Primeiro turno 2026 - Lula vs Flavio,Augusto Cury,1.14425515755923,ridge,2022
2026,Primeiro turno 2026 - Lula vs Flavio,Flávio Bolsonaro,22.242379068242204,ridge,2022
2026,Primeiro turno 2026 - Lula vs Flavio,Lula,44.40553089799927,ridge,2022
2026,Primeiro turno 2026 - Lula vs Flavio,Romeu Zema,0.0,ridge,2022
2026,Primeiro turno 2026 - Lula vs Flavio,Ronaldo Caiado,0.0,ridge,2022
2026,Primeiro turno 2026 - Lula vs Flavio ampliado,Augusto Cury,0.0,ridge,2022
2026,Primeiro turno 2026 - Lula vs Flavio ampliado,Flávio Bolsonaro,23.107120531229885,ridge,2022
2026,Primeiro turno 2026 - Lula vs Flavio ampliado,Lula,47.49390001787855,ridge,2022
2026,Primeiro turno 2026 - Lula vs Flavio ampliado,Romeu Zema,0.0,ridge,2022
2026,Primeiro turno 2026 - Lula vs Flavio ampliado,Ronaldo Caiado,0.6558403305495233,ridge,2022
2026,Primeiro turno 2026 - agosto/setembro com Marcal,Augusto Cury,2.7642675421360696,ridge,2022
2026,Primeiro turno 2026 - agosto/setembro com Marcal,Clariana Barão,0.0,ridge,2022
2026,Primeiro turno 2026 - agosto/setembro com Marcal,Edmilson Costa,0.0,ridge,2022
2026,Primeiro turno 2026 - agosto/setembro com Marcal,Flávio Bolsonaro,22.778675265495103,ridge,2022
2026,Primeiro turno 2026 - agosto/setembro com Marcal,Hertz Dias,0.0,ridge,2022
2026,Primeiro turno 2026 - agosto/setembro com Marcal,Lula,44.138186280486956,ridge,2022
2026,Primeiro turno 2026 - agosto/setembro com Marcal,Pablo Marçal,0.0,ridge,2022
2026,Primeiro turno 2026 - agosto/setembro com Marcal,Renan Santos,0.8888962398408,ridge,2022
2026,Primeiro turno 2026 - agosto/setembro com Marcal,Romeu Zema,0.0,ridge,2022
2026,Primeiro turno 2026 - agosto/setembro com Marcal,Ronaldo Caiado,0.0,ridge,2022
2026,Primeiro turno 2026 - agosto/setembro com Marcal,Rui Costa Pimenta,0.0,ridge,2022
2026,Primeiro turno 2026 - agosto/setembro com Marcal,Samara Martins,0.0,ridge,2022
2026,Primeiro turno 2026 - agosto/setembro com Marcal,Wilson Grassi,0.0,ridge,2022
2026,Primeiro turno 2026 - agosto/setembro com Renan,Augusto Cury,0.5785679449772995,ridge,2022
2026,Primeiro turno 2026 - agosto/setembro com Renan,Clariana Barão,0.0,ridge,2022
2026,Primeiro turno 2026 - agosto/setembro com Renan,Edmilson Costa,0.0,ridge,2022
2026,Primeiro turno 2026 - agosto/setembro com Renan,Flávio Bolsonaro,25.0942426820318,ridge,2022
2026,Primeiro turno 2026 - agosto/setembro com Renan,Hertz Dias,0.0,ridge,2022
2026,Primeiro turno 2026 - agosto/setembro com Renan,Lula,45.28965103007665,ridge,2022
2026,Primeiro turno 2026 - agosto/setembro com Renan,Renan Santos,1.5565877326200286,ridge,2022
2026,Primeiro turno 2026 - agosto/setembro com Renan,Romeu Zema,0.0,ridge,2022
2026,Primeiro turno 2026 - agosto/setembro com Renan,Ronaldo Caiado,0.0,ridge,2022
2026,Primeiro turno 2026 - agosto/setembro com Renan,Rui Costa Pimenta,0.0,ridge,2022
2026,Primeiro turno 2026 - agosto/setembro com Renan,Samara Martins,0.0,ridge,2022
2026,Primeiro turno 2026 - agosto/setembro com Renan,Wilson Grassi,0.0,ridge,2022
2026,Primeiro turno 2026 - alternativa com Tarcisio,Flávio Bolsonaro,28.18280590470287,ridge,2022
2026,Primeiro turno 2026 - alternativa com Tarcisio,Lula,49.460816517908796,ridge,2022
2026,Primeiro turno 2026 - alternativa com Tarcisio,Romeu Zema,1.2186867180200913,ridge,2022
2026,Primeiro turno 2026 - alternativa com Tarcisio,Ronaldo Caiado,1.6835735686141007,ridge,2022
2026,Primeiro turno 2026 - cenario reduzido,Lula,54.15726279080279,ridge,2022
2026,Primeiro turno 2026 - cenario reduzido,Romeu Zema,4.81414619470678,ridge,2022
2026,Primeiro turno 2026 - cenario reduzido,Ronaldo Caiado,7.1927195147597836,ridge,2022
2026,Primeiro turno 2026 - oficial pos-TSE,Augusto Cury,0.0,ridge,2022
2026,Primeiro turno 2026 - oficial pos-TSE,Clariana Barão,0.0,ridge,2022
2026,Primeiro turno 2026 - oficial pos-TSE,Edmilson Costa,0.0,ridge,2022
2026,Primeiro turno 2026 - oficial pos-TSE,Flávio Bolsonaro,26.847834309307096,ridge,2022
2026,Primeiro turno 2026 - oficial pos-TSE,Hertz Dias,0.0,ridge,2022
2026,Primeiro turno 2026 - oficial pos-TSE,Lula,46.46683587123367,ridge,2022
2026,Primeiro turno 2026 - oficial pos-TSE,Renan Santos,0.0,ridge,2022
2026,Primeiro turno 2026 - oficial pos-TSE,Romeu Zema,0.0,ridge,2022
2026,Primeiro turno 2026 - oficial pos-TSE,Ronaldo Caiado,0.0,ridge,2022
2026,Primeiro turno 2026 - oficial pos-TSE,Rui Costa Pimenta,0.0,ridge,2022
2026,Primeiro turno 2026 - oficial pos-TSE,Samara Martins,0.0,ridge,2022
2026,Primeiro turno 2026 - oficial pos-TSE,Wilson Grassi,0.0,ridge,2022
2026,Primeiro turno 2026 - reta final em votos validos,Augusto Cury,0.0,ridge,2022
2026,Primeiro turno 2026 - reta final em votos validos,Flávio Bolsonaro,26.77465300922007,ridge,2022
2026,Primeiro turno 2026 - reta final em votos validos,Lula,46.39365457114664,ridge,2022
2026,Primeiro turno 2026 - reta final em votos validos,Renan Santos,0.0,ridge,2022
2026,Primeiro turno 2026 - reta final em votos validos,Romeu Zema,0.0,ridge,2022
2026,Primeiro turno 2026 - reta final em votos validos,Ronaldo Caiado,0.0,ridge,2022
2026,Primeiro turno 2026 - reta final em votos validos,Samara Martins,0.0,ridge,2022
2026,Primeiro turno 2026 - 2025 com Freitas/Gomes,Flávio Bolsonaro,17.734984870058632,huber,2022
2026,Primeiro turno 2026 - 2025 com Freitas/Gomes,Lula,45.94572634863779,huber,2022
2026,Primeiro turno 2026 - 2025 com Freitas/Gomes,Romeu Zema,3.9722809860023993,huber,2022
2026,Primeiro turno 2026 - 2025 com Freitas/Gomes,Ronaldo Caiado,5.283000957728984,huber,2022
2026,Primeiro turno 2026 - Lula vs Flavio,Augusto Cury,5.426897566982689,huber,2022
2026,Primeiro turno 2026 - Lula vs Flavio,Flávio Bolsonaro,23.272095864644875,huber,2022
2026,Primeiro turno 2026 - Lula vs Flavio,Lula,48.626983602788805,huber,2022
2026,Primeiro turno 2026 - Lula vs Flavio,Romeu Zema,2.352972494535919,huber,2022
2026,Primeiro turno 2026 - Lula vs Flavio,Ronaldo Caiado,4.157150838878445,huber,2022
2026,Primeiro turno 2026 - Lula vs Flavio ampliado,Augusto Cury,3.915403898108789,huber,2022
2026,Primeiro turno 2026 - Lula vs Flavio ampliado,Flávio Bolsonaro,24.31175689150226,huber,2022
2026,Primeiro turno 2026 - Lula vs Flavio ampliado,Lula,51.54743159655295,huber,2022
2026,Primeiro turno 2026 - Lula vs Flavio ampliado,Romeu Zema,3.915403898108789,huber,2022
2026,Primeiro turno 2026 - Lula vs Flavio ampliado,Ronaldo Caiado,5.322033022516386,huber,2022
2026,Primeiro turno 2026 - agosto/setembro com Marcal,Augusto Cury,2.8791476774373965,huber,2022
2026,Primeiro turno 2026 - agosto/setembro com Marcal,Clariana Barão,0.0,huber,2022
2026,Primeiro turno 2026 - agosto/setembro com Marcal,Edmilson Costa,0.0,huber,2022
2026,Primeiro turno 2026 - agosto/setembro com Marcal,Flávio Bolsonaro,19.807718015995135,huber,2022
2026,Primeiro turno 2026 - agosto/setembro com Marcal,Hertz Dias,0.0,huber,2022
2026,Primeiro turno 2026 - agosto/setembro com Marcal,Lula,44.482870922725056,huber,2022
2026,Primeiro turno 2026 - agosto/setembro com Marcal,Pablo Marçal,0.0,huber,2022
2026,Primeiro turno 2026 - agosto/setembro com Marcal,Renan Santos,1.0582652799674623,huber,2022
2026,Primeiro turno 2026 - agosto/setembro com Marcal,Romeu Zema,0.0,huber,2022
2026,Primeiro turno 2026 - agosto/setembro com Marcal,Ronaldo Caiado,0.0,huber,2022
2026,Primeiro turno 2026 - agosto/setembro com Marcal,Rui Costa Pimenta,0.0,huber,2022
2026,Primeiro turno 2026 - agosto/setembro com Marcal,Samara Martins,0.0,huber,2022
2026,Primeiro turno 2026 - agosto/setembro com Marcal,Wilson Grassi,0.0,huber,2022
2026,Primeiro turno 2026 - agosto/setembro com Renan,Augusto Cury,1.5735183974322347,huber,2022
2026,Primeiro turno 2026 - agosto/setembro com Renan,Clariana Barão,0.0,huber,2022
2026,Primeiro turno 2026 - agosto/setembro com Renan,Edmilson Costa,0.0,huber,2022
2026,Primeiro turno 2026 - agosto/setembro com Renan,Flávio Bolsonaro,22.528969450195,huber,2022
2026,Primeiro turno 2026 - agosto/setembro com Renan,Hertz Dias,0.0,huber,2022
2026,Primeiro turno 2026 - agosto/setembro com Renan,Lula,46.219501969896655,huber,2022
2026,Primeiro turno 2026 - agosto/setembro com Renan,Renan Santos,2.4092966088947754,huber,2022
2026,Primeiro turno 2026 - agosto/setembro com Renan,Romeu Zema,0.19442740094622826,huber,2022
2026,Primeiro turno 2026 - agosto/setembro com Renan,Ronaldo Caiado,0.7151024741370272,huber,2022
2026,Primeiro turno 2026 - agosto/setembro com Renan,Rui Costa Pimenta,0.2747155927157737,huber,2022
2026,Primeiro turno 2026 - agosto/setembro com Renan,Samara Martins,0.6960207811386319,huber,2022
2026,Primeiro turno 2026 - agosto/setembro com Renan,Wilson Grassi,0.0,huber,2022
2026,Primeiro turno 2026 - alternativa com Tarcisio,Flávio Bolsonaro,26.802628778132778,huber,2022
2026,Primeiro turno 2026 - alternativa com Tarcisio,Lula,51.408847080185694,huber,2022
2026,Primeiro turno 2026 - alternativa com Tarcisio,Romeu Zema,3.995859046132683,huber,2022
2026,Primeiro turno 2026 - alternativa com Tarcisio,Ronaldo Caiado,4.389069270413575,huber,2022
2026,Primeiro turno 2026 - cenario reduzido,Lula,50.24719110655377,huber,2022
2026,Primeiro turno 2026 - cenario reduzido,Romeu Zema,1.90296730079886,huber,2022
2026,Primeiro turno 2026 - cenario reduzido,Ronaldo Caiado,3.9148102846379156,huber,2022
2026,Primeiro turno 2026 - oficial pos-TSE,Augusto Cury,0.030044906196968063,huber,2022
2026,Primeiro turno 2026 - oficial pos-TSE,Clariana Barão,0.0,huber,2022
2026,Primeiro turno 2026 - oficial pos-TSE,Edmilson Costa,0.0,huber,2022
2026,Primeiro turno 2026 - oficial pos-TSE,Flávio Bolsonaro,23.271562420756663,huber,2022
2026,Primeiro turno 2026 - oficial pos-TSE,Hertz Dias,0.0,huber,2022
2026,Primeiro turno 2026 - oficial pos-TSE,Lula,46.474559013475236,huber,2022
2026,Primeiro turno 2026 - oficial pos-TSE,Renan Santos,0.08154777781750823,huber,2022
2026,Primeiro turno 2026 - oficial pos-TSE,Romeu Zema,0.0,huber,2022
2026,Primeiro turno 2026 - oficial pos-TSE,Ronaldo Caiado,0.11399186350746908,huber,2022
2026,Primeiro turno 2026 - oficial pos-TSE,Rui Costa Pimenta,0.14141236330259976,huber,2022
2026,Primeiro turno 2026 - oficial pos-TSE,Samara Martins,0.0,huber,2022
2026,Primeiro turno 2026 - oficial pos-TSE,Wilson Grassi,0.0,huber,2022
2026,Primeiro turno 2026 - reta final em votos validos,Augusto Cury,0.02229720612579786,huber,2022
2026,Primeiro turno 2026 - reta final em votos validos,Flávio Bolsonaro,23.190126098034035,huber,2022
2026,Primeiro turno 2026 - reta final em votos validos,Lula,46.393122690752605,huber,2022
2026,Primeiro turno 2026 - reta final em votos validos,Renan Santos,0.059090627025306576,huber,2022
2026,Primeiro turno 2026 - reta final em votos validos,Romeu Zema,0.0,huber,2022
2026,Primeiro turno 2026 - reta final em votos validos,Ronaldo Caiado,0.07698745108006079,huber,2022
2026,Primeiro turno 2026 - reta final em votos validos,Samara Martins,0.0,huber,2022
2026,Primeiro turno 2026 - 2025 com Freitas/Gomes,Flávio Bolsonaro,20.95410404107986,elastic_net,2022
2026,Primeiro turno 2026 - 2025 com Freitas/Gomes,Lula,46.13906296560966,elastic_net,2022
2026,Primeiro turno 2026 - 2025 com Freitas/Gomes,Romeu Zema,5.294956897671938,elastic_net,2022
2026,Primeiro turno 2026 - 2025 com Freitas/Gomes,Ronaldo Caiado,6.7862886210004865,elastic_net,2022
2026,Primeiro turno 2026 - Lula vs Flavio,Augusto Cury,3.2405493995257726,elastic_net,2022
2026,Primeiro turno 2026 - Lula vs Flavio,Flávio Bolsonaro,23.544741678930258,elastic_net,2022
2026,Primeiro turno 2026 - Lula vs Flavio,Lula,45.480322115172264,elastic_net,2022
2026,Primeiro turno 2026 - Lula vs Flavio,Romeu Zema,0.13296296724597714,elastic_net,2022
2026,Primeiro turno 2026 - Lula vs Flavio,Ronaldo Caiado,1.795836862094865,elastic_net,2022
2026,Primeiro turno 2026 - Lula vs Flavio ampliado,Augusto Cury,0.42012704530516487,elastic_net,2022
2026,Primeiro turno 2026 - Lula vs Flavio ampliado,Flávio Bolsonaro,23.627012509319407,elastic_net,2022
2026,Primeiro turno 2026 - Lula vs Flavio ampliado,Lula,47.702544521088356,elastic_net,2022
2026,Primeiro turno 2026 - Lula vs Flavio ampliado,Romeu Zema,0.42012704530516487,elastic_net,2022
2026,Primeiro turno 2026 - Lula vs Flavio ampliado,Ronaldo Caiado,2.020583802993521,elastic_net,2022
2026,Primeiro turno 2026 - agosto/setembro com Marcal,Augusto Cury,5.059059558307971,elastic_net,2022
2026,Primeiro turno 2026 - agosto/setembro com Marcal,Clariana Barão,0.0,elastic_net,2022
2026,Primeiro turno 2026 - agosto/setembro com Marcal,Edmilson Costa,0.31541340700138676,elastic_net,2022
2026,Primeiro turno 2026 - agosto/setembro com Marcal,Flávio Bolsonaro,24.320316364545263,elastic_net,2022
2026,Primeiro turno 2026 - agosto/setembro com Marcal,Hertz Dias,0.31541340700138676,elastic_net,2022
2026,Primeiro turno 2026 - agosto/setembro com Marcal,Lula,45.48249734140179,elastic_net,2022
2026,Primeiro turno 2026 - agosto/setembro com Marcal,Pablo Marçal,0.5805360533709633,elastic_net,2022
2026,Primeiro turno 2026 - agosto/setembro com Marcal,Renan Santos,2.9332010806062407,elastic_net,2022
2026,Primeiro turno 2026 - agosto/setembro com Marcal,Romeu Zema,0.6930499189581454,elastic_net,2022
2026,Primeiro turno 2026 - agosto/setembro com Marcal,Ronaldo Caiado,0.6178828929319662,elastic_net,2022
2026,Primeiro turno 2026 - agosto/setembro com Marcal,Rui Costa Pimenta,0.13767532574137625,elastic_net,2022
2026,Primeiro turno 2026 - agosto/setembro com Marcal,Samara Martins,0.14452238097690173,elastic_net,2022
2026,Primeiro turno 2026 - agosto/setembro com Marcal,Wilson Grassi,0.0,elastic_net,2022
2026,Primeiro turno 2026 - agosto/setembro com Renan,Augusto Cury,2.4746481083306096,elastic_net,2022
2026,Primeiro turno 2026 - agosto/setembro com Renan,Clariana Barão,0.0,elastic_net,2022
2026,Primeiro turno 2026 - agosto/setembro com Renan,Edmilson Costa,0.0,elastic_net,2022
2026,Primeiro turno 2026 - agosto/setembro com Renan,Flávio Bolsonaro,26.74611031566889,elastic_net,2022
2026,Primeiro turno 2026 - agosto/setembro com Renan,Hertz Dias,0.0,elastic_net,2022
2026,Primeiro turno 2026 - agosto/setembro com Renan,Lula,46.787994318125165,elastic_net,2022
2026,Primeiro turno 2026 - agosto/setembro com Renan,Renan Santos,3.8540303760478474,elastic_net,2022
2026,Primeiro turno 2026 - agosto/setembro com Renan,Romeu Zema,0.4161417818589093,elastic_net,2022
2026,Primeiro turno 2026 - agosto/setembro com Renan,Ronaldo Caiado,1.2023553075806301,elastic_net,2022
2026,Primeiro turno 2026 - agosto/setembro com Renan,Rui Costa Pimenta,0.18112735899643584,elastic_net,2022
2026,Primeiro turno 2026 - agosto/setembro com Renan,Samara Martins,0.4865559029722135,elastic_net,2022
2026,Primeiro turno 2026 - agosto/setembro com Renan,Wilson Grassi,0.0,elastic_net,2022
2026,Primeiro turno 2026 - alternativa com Tarcisio,Flávio Bolsonaro,28.682321625922,elastic_net,2022
2026,Primeiro turno 2026 - alternativa com Tarcisio,Lula,49.76606909676084,elastic_net,2022
2026,Primeiro turno 2026 - alternativa com Tarcisio,Romeu Zema,2.732874038595533,elastic_net,2022
2026,Primeiro turno 2026 - alternativa com Tarcisio,Ronaldo Caiado,3.1802669936557706,elastic_net,2022
2026,Primeiro turno 2026 - cenario reduzido,Lula,54.7852442421686,elastic_net,2022
2026,Primeiro turno 2026 - cenario reduzido,Romeu Zema,6.692493002519335,elastic_net,2022
2026,Primeiro turno 2026 - cenario reduzido,Ronaldo Caiado,8.981559568128212,elastic_net,2022
2026,Primeiro turno 2026 - oficial pos-TSE,Augusto Cury,1.7852643070150023,elastic_net,2022
2026,Primeiro turno 2026 - oficial pos-TSE,Clariana Barão,0.0,elastic_net,2022
2026,Primeiro turno 2026 - oficial pos-TSE,Edmilson Costa,0.0,elastic_net,2022
2026,Primeiro turno 2026 - oficial pos-TSE,Flávio Bolsonaro,28.54855370085792,elastic_net,2022
2026,Primeiro turno 2026 - oficial pos-TSE,Hertz Dias,0.0,elastic_net,2022
2026,Primeiro turno 2026 - oficial pos-TSE,Lula,48.03572135668334,elastic_net,2022
2026,Primeiro turno 2026 - oficial pos-TSE,Renan Santos,1.6583794594368368,elastic_net,2022
2026,Primeiro turno 2026 - oficial pos-TSE,Romeu Zema,0.20735892759137106,elastic_net,2022
2026,Primeiro turno 2026 - oficial pos-TSE,Ronaldo Caiado,1.680743482489953,elastic_net,2022
2026,Primeiro turno 2026 - oficial pos-TSE,Rui Costa Pimenta,0.17461546460230296,elastic_net,2022
2026,Primeiro turno 2026 - oficial pos-TSE,Samara Martins,0.1706010545925746,elastic_net,2022
2026,Primeiro turno 2026 - oficial pos-TSE,Wilson Grassi,0.0,elastic_net,2022
2026,Primeiro turno 2026 - reta final em votos validos,Augusto Cury,1.7537353807795286,elastic_net,2022
2026,Primeiro turno 2026 - reta final em votos validos,Flávio Bolsonaro,28.517024774622442,elastic_net,2022
2026,Primeiro turno 2026 - reta final em votos validos,Lula,48.00419243044787,elastic_net,2022
2026,Primeiro turno 2026 - reta final em votos validos,Renan Santos,1.626850533201363,elastic_net,2022
2026,Primeiro turno 2026 - reta final em votos validos,Romeu Zema,0.18387362110374864,elastic_net,2022
2026,Primeiro turno 2026 - reta final em votos validos,Ronaldo Caiado,1.6492145562544793,elastic_net,2022
2026,Primeiro turno 2026 - reta final em votos validos,Samara Martins,0.1781507826863404,elastic_net,2022
2026,Primeiro turno 2026 - 2025 com Freitas/Gomes,Flávio Bolsonaro,19.64923427561474,ridge_forte,2022
2026,Primeiro turno 2026 - 2025 com Freitas/Gomes,Lula,45.244978868405596,ridge_forte,2022
2026,Primeiro turno 2026 - 2025 com Freitas/Gomes,Romeu Zema,3.5931914172205097,ridge_forte,2022
2026,Primeiro turno 2026 - 2025 com Freitas/Gomes,Ronaldo Caiado,5.122322336456193,ridge_forte,2022
2026,Primeiro turno 2026 - Lula vs Flavio,Augusto Cury,1.1856685254184263,ridge_forte,2022
2026,Primeiro turno 2026 - Lula vs Flavio,Flávio Bolsonaro,22.004489528734368,ridge_forte,2022
2026,Primeiro turno 2026 - Lula vs Flavio,Lula,44.26849709949615,ridge_forte,2022
2026,Primeiro turno 2026 - Lula vs Flavio,Romeu Zema,0.0,ridge_forte,2022
2026,Primeiro turno 2026 - Lula vs Flavio,Ronaldo Caiado,0.0,ridge_forte,2022
2026,Primeiro turno 2026 - Lula vs Flavio ampliado,Augusto Cury,0.0,ridge_forte,2022
2026,Primeiro turno 2026 - Lula vs Flavio ampliado,Flávio Bolsonaro,22.60149234308768,ridge_forte,2022
2026,Primeiro turno 2026 - Lula vs Flavio ampliado,Lula,47.05969056145528,ridge_forte,2022
2026,Primeiro turno 2026 - Lula vs Flavio ampliado,Romeu Zema,0.0,ridge_forte,2022
2026,Primeiro turno 2026 - Lula vs Flavio ampliado,Ronaldo Caiado,0.44742851390595817,ridge_forte,2022
2026,Primeiro turno 2026 - agosto/setembro com Marcal,Augusto Cury,2.9522069967090094,ridge_forte,2022
2026,Primeiro turno 2026 - agosto/setembro com Marcal,Clariana Barão,0.0,ridge_forte,2022
2026,Primeiro turno 2026 - agosto/setembro com Marcal,Edmilson Costa,0.0,ridge_forte,2022
2026,Primeiro turno 2026 - agosto/setembro com Marcal,Flávio Bolsonaro,22.70165835285604,ridge_forte,2022
2026,Primeiro turno 2026 - agosto/setembro com Marcal,Hertz Dias,0.0,ridge_forte,2022
2026,Primeiro turno 2026 - agosto/setembro com Marcal,Lula,44.17266393233251,ridge_forte,2022
2026,Primeiro turno 2026 - agosto/setembro com Marcal,Pablo Marçal,0.0,ridge_forte,2022
2026,Primeiro turno 2026 - agosto/setembro com Marcal,Renan Santos,1.0047845196548966,ridge_forte,2022
2026,Primeiro turno 2026 - agosto/setembro com Marcal,Romeu Zema,0.0,ridge_forte,2022
2026,Primeiro turno 2026 - agosto/setembro com Marcal,Ronaldo Caiado,0.0,ridge_forte,2022
2026,Primeiro turno 2026 - agosto/setembro com Marcal,Rui Costa Pimenta,0.0,ridge_forte,2022
2026,Primeiro turno 2026 - agosto/setembro com Marcal,Samara Martins,0.0,ridge_forte,2022
2026,Primeiro turno 2026 - agosto/setembro com Marcal,Wilson Grassi,0.0,ridge_forte,2022
2026,Primeiro turno 2026 - agosto/setembro com Renan,Augusto Cury,0.6640676070925347,ridge_forte,2022
2026,Primeiro turno 2026 - agosto/setembro com Renan,Clariana Barão,0.0,ridge_forte,2022
2026,Primeiro turno 2026 - agosto/setembro com Renan,Edmilson Costa,0.0,ridge_forte,2022
2026,Primeiro turno 2026 - agosto/setembro com Renan,Flávio Bolsonaro,24.964066691047694,ridge_forte,2022
2026,Primeiro turno 2026 - agosto/setembro com Renan,Hertz Dias,0.0,ridge_forte,2022
2026,Primeiro turno 2026 - agosto/setembro com Renan,Lula,45.28638032259314,ridge_forte,2022
2026,Primeiro turno 2026 - agosto/setembro com Renan,Renan Santos,1.6753757526108704,ridge_forte,2022
2026,Primeiro turno 2026 - agosto/setembro com Renan,Romeu Zema,0.0,ridge_forte,2022
2026,Primeiro turno 2026 - agosto/setembro com Renan,Ronaldo Caiado,0.01849038142202433,ridge_forte,2022
2026,Primeiro turno 2026 - agosto/setembro com Renan,Rui Costa Pimenta,0.0,ridge_forte,2022
2026,Primeiro turno 2026 - agosto/setembro com Renan,Samara Martins,0.0,ridge_forte,2022
2026,Primeiro turno 2026 - agosto/setembro com Renan,Wilson Grassi,0.0,ridge_forte,2022
2026,Primeiro turno 2026 - alternativa com Tarcisio,Flávio Bolsonaro,27.72491126362846,ridge_forte,2022
2026,Primeiro turno 2026 - alternativa com Tarcisio,Lula,49.11549536659532,ridge_forte,2022
2026,Primeiro turno 2026 - alternativa com Tarcisio,Romeu Zema,1.1177506821427095,ridge_forte,2022
2026,Primeiro turno 2026 - alternativa com Tarcisio,Ronaldo Caiado,1.5764832296566347,ridge_forte,2022
2026,Primeiro turno 2026 - cenario reduzido,Lula,53.935675800485285,ridge_forte,2022
2026,Primeiro turno 2026 - cenario reduzido,Romeu Zema,4.851519493165664,ridge_forte,2022
2026,Primeiro turno 2026 - cenario reduzido,Ronaldo Caiado,7.198604589597988,ridge_forte,2022
2026,Primeiro turno 2026 - oficial pos-TSE,Augusto Cury,0.0,ridge_forte,2022
2026,Primeiro turno 2026 - oficial pos-TSE,Clariana Barão,0.0,ridge_forte,2022
2026,Primeiro turno 2026 - oficial pos-TSE,Edmilson Costa,0.0,ridge_forte,2022
2026,Primeiro turno 2026 - oficial pos-TSE,Flávio Bolsonaro,26.7103545881338,ridge_forte,2022
2026,Primeiro turno 2026 - oficial pos-TSE,Hertz Dias,0.0,ridge_forte,2022
2026,Primeiro turno 2026 - oficial pos-TSE,Lula,46.46389206896109,ridge_forte,2022
2026,Primeiro turno 2026 - oficial pos-TSE,Renan Santos,0.03853758626482848,ridge_forte,2022
2026,Primeiro turno 2026 - oficial pos-TSE,Romeu Zema,0.0,ridge_forte,2022
2026,Primeiro turno 2026 - oficial pos-TSE,Ronaldo Caiado,0.012718459048708107,ridge_forte,2022
2026,Primeiro turno 2026 - oficial pos-TSE,Rui Costa Pimenta,0.0,ridge_forte,2022
2026,Primeiro turno 2026 - oficial pos-TSE,Samara Martins,0.0,ridge_forte,2022
2026,Primeiro turno 2026 - oficial pos-TSE,Wilson Grassi,0.0,ridge_forte,2022
2026,Primeiro turno 2026 - reta final em votos validos,Augusto Cury,0.0,ridge_forte,2022
2026,Primeiro turno 2026 - reta final em votos validos,Flávio Bolsonaro,26.64887648625541,ridge_forte,2022
2026,Primeiro turno 2026 - reta final em votos validos,Lula,46.402413967082694,ridge_forte,2022
2026,Primeiro turno 2026 - reta final em votos validos,Renan Santos,0.02076199835567719,ridge_forte,2022
2026,Primeiro turno 2026 - reta final em votos validos,Romeu Zema,0.0,ridge_forte,2022
2026,Primeiro turno 2026 - reta final em votos validos,Ronaldo Caiado,0.0,ridge_forte,2022
2026,Primeiro turno 2026 - reta final em votos validos,Samara Martins,0.0,ridge_forte,2022
2026,Primeiro turno 2026 - 2025 com Freitas/Gomes,Flávio Bolsonaro,38.87853333333325,random_forest_07_600,2022
2026,Primeiro turno 2026 - 2025 com Freitas/Gomes,Lula,41.40770000000018,random_forest_07_600,2022
2026,Primeiro turno 2026 - 2025 com Freitas/Gomes,Romeu Zema,6.623449999999967,random_forest_07_600,2022
2026,Primeiro turno 2026 - 2025 com Freitas/Gomes,Ronaldo Caiado,6.918283333333317,random_forest_07_600,2022
2026,Primeiro turno 2026 - Lula vs Flavio,Augusto Cury,7.971688245459392,random_forest_07_600,2022
2026,Primeiro turno 2026 - Lula vs Flavio,Flávio Bolsonaro,33.822572240963765,random_forest_07_600,2022
2026,Primeiro turno 2026 - Lula vs Flavio,Lula,42.72596282483802,random_forest_07_600,2022
2026,Primeiro turno 2026 - Lula vs Flavio,Romeu Zema,7.0260329980837275,random_forest_07_600,2022
2026,Primeiro turno 2026 - Lula vs Flavio,Ronaldo Caiado,7.190058631101128,random_forest_07_600,2022
2026,Primeiro turno 2026 - Lula vs Flavio ampliado,Augusto Cury,6.982683333333309,random_forest_07_600,2022
2026,Primeiro turno 2026 - Lula vs Flavio ampliado,Flávio Bolsonaro,33.11933333333341,random_forest_07_600,2022
2026,Primeiro turno 2026 - Lula vs Flavio ampliado,Lula,43.37150000000015,random_forest_07_600,2022
2026,Primeiro turno 2026 - Lula vs Flavio ampliado,Romeu Zema,6.982683333333309,random_forest_07_600,2022
2026,Primeiro turno 2026 - Lula vs Flavio ampliado,Ronaldo Caiado,7.173133333333329,random_forest_07_600,2022
2026,Primeiro turno 2026 - agosto/setembro com Marcal,Augusto Cury,9.952260623964436,random_forest_07_600,2022
2026,Primeiro turno 2026 - agosto/setembro com Marcal,Clariana Barão,6.925443104610413,random_forest_07_600,2022
2026,Primeiro turno 2026 - agosto/setembro com Marcal,Edmilson Costa,6.946716666666645,random_forest_07_600,2022
2026,Primeiro turno 2026 - agosto/setembro com Marcal,Flávio Bolsonaro,33.97045731390339,random_forest_07_600,2022
2026,Primeiro turno 2026 - agosto/setembro com Marcal,Hertz Dias,6.946716666666645,random_forest_07_600,2022
2026,Primeiro turno 2026 - agosto/setembro com Marcal,Lula,45.03078594419092,random_forest_07_600,2022
2026,Primeiro turno 2026 - agosto/setembro com Marcal,Pablo Marçal,6.9023672448256645,random_forest_07_600,2022
2026,Primeiro turno 2026 - agosto/setembro com Marcal,Renan Santos,7.412075178685275,random_forest_07_600,2022
2026,Primeiro turno 2026 - agosto/setembro com Marcal,Romeu Zema,6.886355533050602,random_forest_07_600,2022
2026,Primeiro turno 2026 - agosto/setembro com Marcal,Ronaldo Caiado,6.879902046193399,random_forest_07_600,2022
2026,Primeiro turno 2026 - agosto/setembro com Marcal,Rui Costa Pimenta,6.912464752196797,random_forest_07_600,2022
2026,Primeiro turno 2026 - agosto/setembro com Marcal,Samara Martins,6.925443104610413,random_forest_07_600,2022
2026,Primeiro turno 2026 - agosto/setembro com Marcal,Wilson Grassi,6.925443104610413,random_forest_07_600,2022
2026,Primeiro turno 2026 - agosto/setembro com Renan,Augusto Cury,7.289819423846999,random_forest_07_600,2022
2026,Primeiro turno 2026 - agosto/setembro com Renan,Clariana Barão,6.844399999999974,random_forest_07_600,2022
2026,Primeiro turno 2026 - agosto/setembro com Renan,Edmilson Costa,6.844399999999974,random_forest_07_600,2022
2026,Primeiro turno 2026 - agosto/setembro com Renan,Flávio Bolsonaro,34.53892726663089,random_forest_07_600,2022
2026,Primeiro turno 2026 - agosto/setembro com Renan,Hertz Dias,6.844399999999974,random_forest_07_600,2022
2026,Primeiro turno 2026 - agosto/setembro com Renan,Lula,45.37260836719344,random_forest_07_600,2022
2026,Primeiro turno 2026 - agosto/setembro com Renan,Renan Santos,7.912675545436552,random_forest_07_600,2022
2026,Primeiro turno 2026 - agosto/setembro com Renan,Romeu Zema,6.910032316304453,random_forest_07_600,2022
2026,Primeiro turno 2026 - agosto/setembro com Renan,Ronaldo Caiado,6.959393062823918,random_forest_07_600,2022
2026,Primeiro turno 2026 - agosto/setembro com Renan,Rui Costa Pimenta,6.857161993835431,random_forest_07_600,2022
2026,Primeiro turno 2026 - agosto/setembro com Renan,Samara Martins,6.872966666666643,random_forest_07_600,2022
2026,Primeiro turno 2026 - agosto/setembro com Renan,Wilson Grassi,6.844399999999974,random_forest_07_600,2022
2026,Primeiro turno 2026 - alternativa com Tarcisio,Flávio Bolsonaro,33.920716666666735,random_forest_07_600,2022
2026,Primeiro turno 2026 - alternativa com Tarcisio,Lula,43.24771666666682,random_forest_07_600,2022
2026,Primeiro turno 2026 - alternativa com Tarcisio,Romeu Zema,6.510066666666632,random_forest_07_600,2022
2026,Primeiro turno 2026 - alternativa com Tarcisio,Ronaldo Caiado,6.5144833333333,random_forest_07_600,2022
2026,Primeiro turno 2026 - cenario reduzido,Lula,40.42185000000022,random_forest_07_600,2022
2026,Primeiro turno 2026 - cenario reduzido,Romeu Zema,11.24238333333337,random_forest_07_600,2022
2026,Primeiro turno 2026 - cenario reduzido,Ronaldo Caiado,11.297633333333373,random_forest_07_600,2022
2026,Primeiro turno 2026 - oficial pos-TSE,Augusto Cury,6.800559961350526,random_forest_07_600,2022
2026,Primeiro turno 2026 - oficial pos-TSE,Clariana Barão,6.797733333333307,random_forest_07_600,2022
2026,Primeiro turno 2026 - oficial pos-TSE,Edmilson Costa,6.797733333333307,random_forest_07_600,2022
2026,Primeiro turno 2026 - oficial pos-TSE,Flávio Bolsonaro,35.21546508639614,random_forest_07_600,2022
2026,Primeiro turno 2026 - oficial pos-TSE,Hertz Dias,6.797733333333307,random_forest_07_600,2022
2026,Primeiro turno 2026 - oficial pos-TSE,Lula,45.61474204339703,random_forest_07_600,2022
2026,Primeiro turno 2026 - oficial pos-TSE,Renan Santos,6.9014381919264665,random_forest_07_600,2022
2026,Primeiro turno 2026 - oficial pos-TSE,Romeu Zema,6.809295118003659,random_forest_07_600,2022
2026,Primeiro turno 2026 - oficial pos-TSE,Ronaldo Caiado,6.796982346227187,random_forest_07_600,2022
2026,Primeiro turno 2026 - oficial pos-TSE,Rui Costa Pimenta,6.82894150531617,random_forest_07_600,2022
2026,Primeiro turno 2026 - oficial pos-TSE,Samara Martins,6.742480244088368,random_forest_07_600,2022
2026,Primeiro turno 2026 - oficial pos-TSE,Wilson Grassi,6.797733333333307,random_forest_07_600,2022
2026,Primeiro turno 2026 - reta final em votos validos,Augusto Cury,6.75553142585581,random_forest_07_600,2022
2026,Primeiro turno 2026 - reta final em votos validos,Flávio Bolsonaro,35.22057786000713,random_forest_07_600,2022
2026,Primeiro turno 2026 - reta final em votos validos,Lula,45.628836928241185,random_forest_07_600,2022
2026,Primeiro turno 2026 - reta final em votos validos,Renan Santos,6.859351822580117,random_forest_07_600,2022
2026,Primeiro turno 2026 - reta final em votos validos,Romeu Zema,6.759542546057565,random_forest_07_600,2022
2026,Primeiro turno 2026 - reta final em votos validos,Ronaldo Caiado,6.753276865474471,random_forest_07_600,2022
2026,Primeiro turno 2026 - reta final em votos validos,Samara Martins,6.737795479693276,random_forest_07_600,2022
2026,Primeiro turno 2026 - 2025 com Freitas/Gomes,Flávio Bolsonaro,36.26989005422843,random_forest_05_1200,2022
2026,Primeiro turno 2026 - 2025 com Freitas/Gomes,Lula,41.29862279761835,random_forest_05_1200,2022
2026,Primeiro turno 2026 - 2025 com Freitas/Gomes,Romeu Zema,9.507414350949972,random_forest_05_1200,2022
2026,Primeiro turno 2026 - 2025 com Freitas/Gomes,Ronaldo Caiado,10.035872743807126,random_forest_05_1200,2022
2026,Primeiro turno 2026 - Lula vs Flavio,Augusto Cury,9.516131750006515,random_forest_05_1200,2022
2026,Primeiro turno 2026 - Lula vs Flavio,Flávio Bolsonaro,34.69921943676337,random_forest_05_1200,2022
2026,Primeiro turno 2026 - Lula vs Flavio,Lula,42.7842848464893,random_forest_05_1200,2022
2026,Primeiro turno 2026 - Lula vs Flavio,Romeu Zema,8.584746829908187,random_forest_05_1200,2022
2026,Primeiro turno 2026 - Lula vs Flavio,Ronaldo Caiado,8.698690200633576,random_forest_05_1200,2022
2026,Primeiro turno 2026 - Lula vs Flavio ampliado,Augusto Cury,8.700774466690701,random_forest_05_1200,2022
2026,Primeiro turno 2026 - Lula vs Flavio ampliado,Flávio Bolsonaro,33.60432596350423,random_forest_05_1200,2022
2026,Primeiro turno 2026 - Lula vs Flavio ampliado,Lula,43.05991363095144,random_forest_05_1200,2022
2026,Primeiro turno 2026 - Lula vs Flavio ampliado,Romeu Zema,8.700774466690701,random_forest_05_1200,2022
2026,Primeiro turno 2026 - Lula vs Flavio ampliado,Ronaldo Caiado,8.80740367303992,random_forest_05_1200,2022
2026,Primeiro turno 2026 - agosto/setembro com Marcal,Augusto Cury,11.296528845644593,random_forest_05_1200,2022
2026,Primeiro turno 2026 - agosto/setembro com Marcal,Clariana Barão,8.372704868187233,random_forest_05_1200,2022
2026,Primeiro turno 2026 - agosto/setembro com Marcal,Edmilson Costa,8.37834143849206,random_forest_05_1200,2022
2026,Primeiro turno 2026 - agosto/setembro com Marcal,Flávio Bolsonaro,35.08381218799663,random_forest_05_1200,2022
2026,Primeiro turno 2026 - agosto/setembro com Marcal,Hertz Dias,8.37834143849206,random_forest_05_1200,2022
2026,Primeiro turno 2026 - agosto/setembro com Marcal,Lula,44.93128067007523,random_forest_05_1200,2022
2026,Primeiro turno 2026 - agosto/setembro com Marcal,Pablo Marçal,8.372361737233097,random_forest_05_1200,2022
2026,Primeiro turno 2026 - agosto/setembro com Marcal,Renan Santos,8.861506580833346,random_forest_05_1200,2022
2026,Primeiro turno 2026 - agosto/setembro com Marcal,Romeu Zema,8.373266811213222,random_forest_05_1200,2022
2026,Primeiro turno 2026 - agosto/setembro com Marcal,Ronaldo Caiado,8.372361737233097,random_forest_05_1200,2022
2026,Primeiro turno 2026 - agosto/setembro com Marcal,Rui Costa Pimenta,8.372704868187233,random_forest_05_1200,2022
2026,Primeiro turno 2026 - agosto/setembro com Marcal,Samara Martins,8.372704868187233,random_forest_05_1200,2022
2026,Primeiro turno 2026 - agosto/setembro com Marcal,Wilson Grassi,8.372704868187233,random_forest_05_1200,2022
2026,Primeiro turno 2026 - agosto/setembro com Renan,Augusto Cury,8.675785527956965,random_forest_05_1200,2022
2026,Primeiro turno 2026 - agosto/setembro com Renan,Clariana Barão,8.301845664682537,random_forest_05_1200,2022
2026,Primeiro turno 2026 - agosto/setembro com Renan,Edmilson Costa,8.301845664682537,random_forest_05_1200,2022
2026,Primeiro turno 2026 - agosto/setembro com Renan,Flávio Bolsonaro,35.88665386481227,random_forest_05_1200,2022
2026,Primeiro turno 2026 - agosto/setembro com Renan,Hertz Dias,8.301845664682537,random_forest_05_1200,2022
2026,Primeiro turno 2026 - agosto/setembro com Renan,Lula,45.45250983374389,random_forest_05_1200,2022
2026,Primeiro turno 2026 - agosto/setembro com Renan,Renan Santos,9.521704489381836,random_forest_05_1200,2022
2026,Primeiro turno 2026 - agosto/setembro com Renan,Romeu Zema,8.37318677549215,random_forest_05_1200,2022
2026,Primeiro turno 2026 - agosto/setembro com Renan,Ronaldo Caiado,8.403295401735726,random_forest_05_1200,2022
2026,Primeiro turno 2026 - agosto/setembro com Renan,Rui Costa Pimenta,8.316695175027334,random_forest_05_1200,2022
2026,Primeiro turno 2026 - agosto/setembro com Renan,Samara Martins,8.2989332771164,random_forest_05_1200,2022
2026,Primeiro turno 2026 - agosto/setembro com Renan,Wilson Grassi,8.301845664682537,random_forest_05_1200,2022
2026,Primeiro turno 2026 - alternativa com Tarcisio,Flávio Bolsonaro,33.47955467983419,random_forest_05_1200,2022
2026,Primeiro turno 2026 - alternativa com Tarcisio,Lula,42.744368214284805,random_forest_05_1200,2022
2026,Primeiro turno 2026 - alternativa com Tarcisio,Romeu Zema,8.39557294221983,random_forest_05_1200,2022
2026,Primeiro turno 2026 - alternativa com Tarcisio,Ronaldo Caiado,8.395819469997605,random_forest_05_1200,2022
2026,Primeiro turno 2026 - cenario reduzido,Lula,41.361215119046946,random_forest_05_1200,2022
2026,Primeiro turno 2026 - cenario reduzido,Romeu Zema,10.924084561988906,random_forest_05_1200,2022
2026,Primeiro turno 2026 - cenario reduzido,Ronaldo Caiado,10.9664380540524,random_forest_05_1200,2022
2026,Primeiro turno 2026 - oficial pos-TSE,Augusto Cury,8.279055283757547,random_forest_05_1200,2022
2026,Primeiro turno 2026 - oficial pos-TSE,Clariana Barão,8.280073898809519,random_forest_05_1200,2022
2026,Primeiro turno 2026 - oficial pos-TSE,Edmilson Costa,8.280073898809519,random_forest_05_1200,2022
2026,Primeiro turno 2026 - oficial pos-TSE,Flávio Bolsonaro,36.28346526312713,random_forest_05_1200,2022
2026,Primeiro turno 2026 - oficial pos-TSE,Hertz Dias,8.280073898809519,random_forest_05_1200,2022
2026,Primeiro turno 2026 - oficial pos-TSE,Lula,45.604620832344445,random_forest_05_1200,2022
2026,Primeiro turno 2026 - oficial pos-TSE,Renan Santos,8.32461699315911,random_forest_05_1200,2022
2026,Primeiro turno 2026 - oficial pos-TSE,Romeu Zema,8.268086775025466,random_forest_05_1200,2022
2026,Primeiro turno 2026 - oficial pos-TSE,Ronaldo Caiado,8.274021839573164,random_forest_05_1200,2022
2026,Primeiro turno 2026 - oficial pos-TSE,Rui Costa Pimenta,8.301312494075503,random_forest_05_1200,2022
2026,Primeiro turno 2026 - oficial pos-TSE,Samara Martins,8.250021808672322,random_forest_05_1200,2022
2026,Primeiro turno 2026 - oficial pos-TSE,Wilson Grassi,8.280073898809519,random_forest_05_1200,2022
2026,Primeiro turno 2026 - reta final em votos validos,Augusto Cury,8.274883162009868,random_forest_05_1200,2022
2026,Primeiro turno 2026 - reta final em votos validos,Flávio Bolsonaro,36.306515627268645,random_forest_05_1200,2022
2026,Primeiro turno 2026 - reta final em votos validos,Lula,45.59025800007624,random_forest_05_1200,2022
2026,Primeiro turno 2026 - reta final em votos validos,Renan Santos,8.32024868915512,random_forest_05_1200,2022
2026,Primeiro turno 2026 - reta final em votos validos,Romeu Zema,8.266158938478815,random_forest_05_1200,2022
2026,Primeiro turno 2026 - reta final em votos validos,Ronaldo Caiado,8.269936739109802,random_forest_05_1200,2022
2026,Primeiro turno 2026 - reta final em votos validos,Samara Martins,8.239253604358803,random_forest_05_1200,2022
2026,Primeiro turno 2026 - 2025 com Freitas/Gomes,Flávio Bolsonaro,28.71448409717733,random_forest_sqrt_1200,2022
2026,Primeiro turno 2026 - 2025 com Freitas/Gomes,Lula,42.46241692061773,random_forest_sqrt_1200,2022
2026,Primeiro turno 2026 - 2025 com Freitas/Gomes,Romeu Zema,16.168035934497237,random_forest_sqrt_1200,2022
2026,Primeiro turno 2026 - 2025 com Freitas/Gomes,Ronaldo Caiado,16.20219238036618,random_forest_sqrt_1200,2022
2026,Primeiro turno 2026 - Lula vs Flavio,Augusto Cury,14.554376158724413,random_forest_sqrt_1200,2022
2026,Primeiro turno 2026 - Lula vs Flavio,Flávio Bolsonaro,28.581996784471674,random_forest_sqrt_1200,2022
2026,Primeiro turno 2026 - Lula vs Flavio,Lula,42.679352487884174,random_forest_sqrt_1200,2022
2026,Primeiro turno 2026 - Lula vs Flavio,Romeu Zema,14.500610784972968,random_forest_sqrt_1200,2022
2026,Primeiro turno 2026 - Lula vs Flavio,Ronaldo Caiado,14.50146772511403,random_forest_sqrt_1200,2022
2026,Primeiro turno 2026 - Lula vs Flavio ampliado,Augusto Cury,14.996791008125129,random_forest_sqrt_1200,2022
2026,Primeiro turno 2026 - Lula vs Flavio ampliado,Flávio Bolsonaro,28.428786586140376,random_forest_sqrt_1200,2022
2026,Primeiro turno 2026 - Lula vs Flavio ampliado,Lula,42.61023151000908,random_forest_sqrt_1200,2022
2026,Primeiro turno 2026 - Lula vs Flavio ampliado,Romeu Zema,14.996791008125129,random_forest_sqrt_1200,2022
2026,Primeiro turno 2026 - Lula vs Flavio ampliado,Ronaldo Caiado,14.991193230347353,random_forest_sqrt_1200,2022
2026,Primeiro turno 2026 - agosto/setembro com Marcal,Augusto Cury,14.589510054863853,random_forest_sqrt_1200,2022
2026,Primeiro turno 2026 - agosto/setembro com Marcal,Clariana Barão,14.179793967485734,random_forest_sqrt_1200,2022
2026,Primeiro turno 2026 - agosto/setembro com Marcal,Edmilson Costa,14.186231462720244,random_forest_sqrt_1200,2022
2026,Primeiro turno 2026 - agosto/setembro com Marcal,Flávio Bolsonaro,29.487536434234197,random_forest_sqrt_1200,2022
2026,Primeiro turno 2026 - agosto/setembro com Marcal,Hertz Dias,14.186231462720244,random_forest_sqrt_1200,2022
2026,Primeiro turno 2026 - agosto/setembro com Marcal,Lula,43.34703879181157,random_forest_sqrt_1200,2022
2026,Primeiro turno 2026 - agosto/setembro com Marcal,Pablo Marçal,14.179793967485734,random_forest_sqrt_1200,2022
2026,Primeiro turno 2026 - agosto/setembro com Marcal,Renan Santos,14.210418018348369,random_forest_sqrt_1200,2022
2026,Primeiro turno 2026 - agosto/setembro com Marcal,Romeu Zema,14.179793967485734,random_forest_sqrt_1200,2022
2026,Primeiro turno 2026 - agosto/setembro com Marcal,Ronaldo Caiado,14.179793967485734,random_forest_sqrt_1200,2022
2026,Primeiro turno 2026 - agosto/setembro com Marcal,Rui Costa Pimenta,14.179793967485734,random_forest_sqrt_1200,2022
2026,Primeiro turno 2026 - agosto/setembro com Marcal,Samara Martins,14.179793967485734,random_forest_sqrt_1200,2022
2026,Primeiro turno 2026 - agosto/setembro com Marcal,Wilson Grassi,14.179793967485734,random_forest_sqrt_1200,2022
2026,Primeiro turno 2026 - agosto/setembro com Renan,Augusto Cury,13.821303628206433,random_forest_sqrt_1200,2022
2026,Primeiro turno 2026 - agosto/setembro com Renan,Clariana Barão,13.889834278307815,random_forest_sqrt_1200,2022
2026,Primeiro turno 2026 - agosto/setembro com Renan,Edmilson Costa,13.889834278307815,random_forest_sqrt_1200,2022
2026,Primeiro turno 2026 - agosto/setembro com Renan,Flávio Bolsonaro,29.16379752815045,random_forest_sqrt_1200,2022
2026,Primeiro turno 2026 - agosto/setembro com Renan,Hertz Dias,13.889834278307815,random_forest_sqrt_1200,2022
2026,Primeiro turno 2026 - agosto/setembro com Renan,Lula,43.34685155991447,random_forest_sqrt_1200,2022
2026,Primeiro turno 2026 - agosto/setembro com Renan,Renan Santos,13.90829179152074,random_forest_sqrt_1200,2022
2026,Primeiro turno 2026 - agosto/setembro com Renan,Romeu Zema,13.801964181623951,random_forest_sqrt_1200,2022
2026,Primeiro turno 2026 - agosto/setembro com Renan,Ronaldo Caiado,13.801419776325044,random_forest_sqrt_1200,2022
2026,Primeiro turno 2026 - agosto/setembro com Renan,Rui Costa Pimenta,13.838477567395914,random_forest_sqrt_1200,2022
2026,Primeiro turno 2026 - agosto/setembro com Renan,Samara Martins,13.690684027603881,random_forest_sqrt_1200,2022
2026,Primeiro turno 2026 - agosto/setembro com Renan,Wilson Grassi,13.889834278307815,random_forest_sqrt_1200,2022
2026,Primeiro turno 2026 - alternativa com Tarcisio,Flávio Bolsonaro,28.591963616768073,random_forest_sqrt_1200,2022
2026,Primeiro turno 2026 - alternativa com Tarcisio,Lula,42.82286348613351,random_forest_sqrt_1200,2022
2026,Primeiro turno 2026 - alternativa com Tarcisio,Romeu Zema,14.171028781366859,random_forest_sqrt_1200,2022
2026,Primeiro turno 2026 - alternativa com Tarcisio,Ronaldo Caiado,14.170562114700191,random_forest_sqrt_1200,2022
2026,Primeiro turno 2026 - cenario reduzido,Lula,42.529776263369115,random_forest_sqrt_1200,2022
2026,Primeiro turno 2026 - cenario reduzido,Romeu Zema,17.590808109725387,random_forest_sqrt_1200,2022
2026,Primeiro turno 2026 - cenario reduzido,Ronaldo Caiado,17.58919366528094,random_forest_sqrt_1200,2022
2026,Primeiro turno 2026 - oficial pos-TSE,Augusto Cury,14.46880032654396,random_forest_sqrt_1200,2022
2026,Primeiro turno 2026 - oficial pos-TSE,Clariana Barão,14.245593053387648,random_forest_sqrt_1200,2022
2026,Primeiro turno 2026 - oficial pos-TSE,Edmilson Costa,14.245593053387648,random_forest_sqrt_1200,2022
2026,Primeiro turno 2026 - oficial pos-TSE,Flávio Bolsonaro,29.816347462429484,random_forest_sqrt_1200,2022
2026,Primeiro turno 2026 - oficial pos-TSE,Hertz Dias,14.245593053387648,random_forest_sqrt_1200,2022
2026,Primeiro turno 2026 - oficial pos-TSE,Lula,43.37104012295847,random_forest_sqrt_1200,2022
2026,Primeiro turno 2026 - oficial pos-TSE,Renan Santos,14.470384086335853,random_forest_sqrt_1200,2022
2026,Primeiro turno 2026 - oficial pos-TSE,Romeu Zema,14.478208409019043,random_forest_sqrt_1200,2022
2026,Primeiro turno 2026 - oficial pos-TSE,Ronaldo Caiado,14.468740257730596,random_forest_sqrt_1200,2022
2026,Primeiro turno 2026 - oficial pos-TSE,Rui Costa Pimenta,14.155279626004507,random_forest_sqrt_1200,2022
2026,Primeiro turno 2026 - oficial pos-TSE,Samara Martins,14.25073174992939,random_forest_sqrt_1200,2022
2026,Primeiro turno 2026 - oficial pos-TSE,Wilson Grassi,14.245593053387648,random_forest_sqrt_1200,2022
2026,Primeiro turno 2026 - reta final em votos validos,Augusto Cury,14.384845174490962,random_forest_sqrt_1200,2022
2026,Primeiro turno 2026 - reta final em votos validos,Flávio Bolsonaro,29.833865706861346,random_forest_sqrt_1200,2022
2026,Primeiro turno 2026 - reta final em votos validos,Lula,43.483723065261216,random_forest_sqrt_1200,2022
2026,Primeiro turno 2026 - reta final em votos validos,Renan Santos,14.38642893428286,random_forest_sqrt_1200,2022
2026,Primeiro turno 2026 - reta final em votos validos,Romeu Zema,14.40444767167342,random_forest_sqrt_1200,2022
2026,Primeiro turno 2026 - reta final em votos validos,Ronaldo Caiado,14.3847851056776,random_forest_sqrt_1200,2022
2026,Primeiro turno 2026 - reta final em votos validos,Samara Martins,14.271526599098882,random_forest_sqrt_1200,2022
2026,Primeiro turno 2026 - 2025 com Freitas/Gomes,Flávio Bolsonaro,32.40165416666716,random_forest_03_1600_leaf1,2022
2026,Primeiro turno 2026 - 2025 com Freitas/Gomes,Lula,41.97581249999871,random_forest_03_1600_leaf1,2022
2026,Primeiro turno 2026 - 2025 com Freitas/Gomes,Romeu Zema,10.283824999999913,random_forest_03_1600_leaf1,2022
2026,Primeiro turno 2026 - 2025 com Freitas/Gomes,Ronaldo Caiado,10.975451562499957,random_forest_03_1600_leaf1,2022
2026,Primeiro turno 2026 - Lula vs Flavio,Augusto Cury,11.216407439638402,random_forest_03_1600_leaf1,2022
2026,Primeiro turno 2026 - Lula vs Flavio,Flávio Bolsonaro,34.00636453726492,random_forest_03_1600_leaf1,2022
2026,Primeiro turno 2026 - Lula vs Flavio,Lula,42.622192303065944,random_forest_03_1600_leaf1,2022
2026,Primeiro turno 2026 - Lula vs Flavio,Romeu Zema,10.286457132371172,random_forest_03_1600_leaf1,2022
2026,Primeiro turno 2026 - Lula vs Flavio,Ronaldo Caiado,10.421249814155226,random_forest_03_1600_leaf1,2022
2026,Primeiro turno 2026 - Lula vs Flavio ampliado,Augusto Cury,10.357598214285652,random_forest_03_1600_leaf1,2022
2026,Primeiro turno 2026 - Lula vs Flavio ampliado,Flávio Bolsonaro,32.83624404761936,random_forest_03_1600_leaf1,2022
2026,Primeiro turno 2026 - Lula vs Flavio ampliado,Lula,42.791168749998654,random_forest_03_1600_leaf1,2022
2026,Primeiro turno 2026 - Lula vs Flavio ampliado,Romeu Zema,10.357598214285652,random_forest_03_1600_leaf1,2022
2026,Primeiro turno 2026 - Lula vs Flavio ampliado,Ronaldo Caiado,10.49961071428566,random_forest_03_1600_leaf1,2022
2026,Primeiro turno 2026 - agosto/setembro com Marcal,Augusto Cury,12.316486448938798,random_forest_03_1600_leaf1,2022
2026,Primeiro turno 2026 - agosto/setembro com Marcal,Clariana Barão,9.77818643353177,random_forest_03_1600_leaf1,2022
2026,Primeiro turno 2026 - agosto/setembro com Marcal,Edmilson Costa,9.77416458333326,random_forest_03_1600_leaf1,2022
2026,Primeiro turno 2026 - agosto/setembro com Marcal,Flávio Bolsonaro,35.125980056092715,random_forest_03_1600_leaf1,2022
2026,Primeiro turno 2026 - agosto/setembro com Marcal,Hertz Dias,9.77416458333326,random_forest_03_1600_leaf1,2022
2026,Primeiro turno 2026 - agosto/setembro com Marcal,Lula,44.98248114371868,random_forest_03_1600_leaf1,2022
2026,Primeiro turno 2026 - agosto/setembro com Marcal,Pablo Marçal,9.77496730744263,random_forest_03_1600_leaf1,2022
2026,Primeiro turno 2026 - agosto/setembro com Marcal,Renan Santos,10.300513775694819,random_forest_03_1600_leaf1,2022
2026,Primeiro turno 2026 - agosto/setembro com Marcal,Romeu Zema,9.772748768661925,random_forest_03_1600_leaf1,2022
2026,Primeiro turno 2026 - agosto/setembro com Marcal,Ronaldo Caiado,9.772114546537717,random_forest_03_1600_leaf1,2022
2026,Primeiro turno 2026 - agosto/setembro com Marcal,Rui Costa Pimenta,9.77680602861558,random_forest_03_1600_leaf1,2022
2026,Primeiro turno 2026 - agosto/setembro com Marcal,Samara Martins,9.77818643353177,random_forest_03_1600_leaf1,2022
2026,Primeiro turno 2026 - agosto/setembro com Marcal,Wilson Grassi,9.77818643353177,random_forest_03_1600_leaf1,2022
2026,Primeiro turno 2026 - agosto/setembro com Renan,Augusto Cury,9.933545594146919,random_forest_03_1600_leaf1,2022
2026,Primeiro turno 2026 - agosto/setembro com Renan,Clariana Barão,9.676543749999915,random_forest_03_1600_leaf1,2022
2026,Primeiro turno 2026 - agosto/setembro com Renan,Edmilson Costa,9.676543749999915,random_forest_03_1600_leaf1,2022
2026,Primeiro turno 2026 - agosto/setembro com Renan,Flávio Bolsonaro,35.82182457187003,random_forest_03_1600_leaf1,2022
2026,Primeiro turno 2026 - agosto/setembro com Renan,Hertz Dias,9.676543749999915,random_forest_03_1600_leaf1,2022
2026,Primeiro turno 2026 - agosto/setembro com Renan,Lula,45.216209248622754,random_forest_03_1600_leaf1,2022
2026,Primeiro turno 2026 - agosto/setembro com Renan,Renan Santos,10.777793511773755,random_forest_03_1600_leaf1,2022
2026,Primeiro turno 2026 - agosto/setembro com Renan,Romeu Zema,9.600059819719053,random_forest_03_1600_leaf1,2022
2026,Primeiro turno 2026 - agosto/setembro com Renan,Ronaldo Caiado,9.618496660900508,random_forest_03_1600_leaf1,2022
2026,Primeiro turno 2026 - agosto/setembro com Renan,Rui Costa Pimenta,9.697938074536697,random_forest_03_1600_leaf1,2022
2026,Primeiro turno 2026 - agosto/setembro com Renan,Samara Martins,9.651805208333245,random_forest_03_1600_leaf1,2022
2026,Primeiro turno 2026 - agosto/setembro com Renan,Wilson Grassi,9.676543749999915,random_forest_03_1600_leaf1,2022
2026,Primeiro turno 2026 - alternativa com Tarcisio,Flávio Bolsonaro,32.55422916666699,random_forest_03_1600_leaf1,2022
2026,Primeiro turno 2026 - alternativa com Tarcisio,Lula,42.79152499999861,random_forest_03_1600_leaf1,2022
2026,Primeiro turno 2026 - alternativa com Tarcisio,Romeu Zema,10.07379999999991,random_forest_03_1600_leaf1,2022
2026,Primeiro turno 2026 - alternativa com Tarcisio,Ronaldo Caiado,10.085956249999906,random_forest_03_1600_leaf1,2022
2026,Primeiro turno 2026 - cenario reduzido,Lula,42.19397499999873,random_forest_03_1600_leaf1,2022
2026,Primeiro turno 2026 - cenario reduzido,Romeu Zema,12.711062499999919,random_forest_03_1600_leaf1,2022
2026,Primeiro turno 2026 - cenario reduzido,Ronaldo Caiado,12.753031249999935,random_forest_03_1600_leaf1,2022
2026,Primeiro turno 2026 - oficial pos-TSE,Augusto Cury,9.685418831235776,random_forest_03_1600_leaf1,2022
2026,Primeiro turno 2026 - oficial pos-TSE,Clariana Barão,9.73036249999991,random_forest_03_1600_leaf1,2022
2026,Primeiro turno 2026 - oficial pos-TSE,Edmilson Costa,9.73036249999991,random_forest_03_1600_leaf1,2022
2026,Primeiro turno 2026 - oficial pos-TSE,Flávio Bolsonaro,36.27859485740066,random_forest_03_1600_leaf1,2022
2026,Primeiro turno 2026 - oficial pos-TSE,Hertz Dias,9.73036249999991,random_forest_03_1600_leaf1,2022
2026,Primeiro turno 2026 - oficial pos-TSE,Lula,45.27623138748636,random_forest_03_1600_leaf1,2022
2026,Primeiro turno 2026 - oficial pos-TSE,Renan Santos,9.73791113993166,random_forest_03_1600_leaf1,2022
2026,Primeiro turno 2026 - oficial pos-TSE,Romeu Zema,9.688559133657893,random_forest_03_1600_leaf1,2022
2026,Primeiro turno 2026 - oficial pos-TSE,Ronaldo Caiado,9.683680587545794,random_forest_03_1600_leaf1,2022
2026,Primeiro turno 2026 - oficial pos-TSE,Rui Costa Pimenta,9.741955477779722,random_forest_03_1600_leaf1,2022
2026,Primeiro turno 2026 - oficial pos-TSE,Samara Martins,9.675209844994892,random_forest_03_1600_leaf1,2022
2026,Primeiro turno 2026 - oficial pos-TSE,Wilson Grassi,9.73036249999991,random_forest_03_1600_leaf1,2022
2026,Primeiro turno 2026 - reta final em votos validos,Augusto Cury,9.671368391034532,random_forest_03_1600_leaf1,2022
2026,Primeiro turno 2026 - reta final em votos validos,Flávio Bolsonaro,36.38237443656073,random_forest_03_1600_leaf1,2022
2026,Primeiro turno 2026 - reta final em votos validos,Lula,45.33145923983636,random_forest_03_1600_leaf1,2022
2026,Primeiro turno 2026 - reta final em votos validos,Renan Santos,9.733906901835862,random_forest_03_1600_leaf1,2022
2026,Primeiro turno 2026 - reta final em votos validos,Romeu Zema,9.664299167166478,random_forest_03_1600_leaf1,2022
2026,Primeiro turno 2026 - reta final em votos validos,Ronaldo Caiado,9.670208047782676,random_forest_03_1600_leaf1,2022
2026,Primeiro turno 2026 - reta final em votos validos,Samara Martins,9.664089561400747,random_forest_03_1600_leaf1,2022
2026,Primeiro turno 2026 - 2025 com Freitas/Gomes,Flávio Bolsonaro,35.64691458333385,random_forest_05_1600_leaf1,2022
2026,Primeiro turno 2026 - 2025 com Freitas/Gomes,Lula,41.34605624999877,random_forest_05_1600_leaf1,2022
2026,Primeiro turno 2026 - 2025 com Freitas/Gomes,Romeu Zema,8.850043749999946,random_forest_05_1600_leaf1,2022
2026,Primeiro turno 2026 - 2025 com Freitas/Gomes,Ronaldo Caiado,9.410749999999972,random_forest_05_1600_leaf1,2022
2026,Primeiro turno 2026 - Lula vs Flavio,Augusto Cury,10.004991605757983,random_forest_05_1600_leaf1,2022
2026,Primeiro turno 2026 - Lula vs Flavio,Flávio Bolsonaro,34.005452095829256,random_forest_05_1600_leaf1,2022
2026,Primeiro turno 2026 - Lula vs Flavio,Lula,42.550740442278006,random_forest_05_1600_leaf1,2022
2026,Primeiro turno 2026 - Lula vs Flavio,Romeu Zema,8.989003713767513,random_forest_05_1600_leaf1,2022
2026,Primeiro turno 2026 - Lula vs Flavio,Ronaldo Caiado,9.17258415792041,random_forest_05_1600_leaf1,2022
2026,Primeiro turno 2026 - Lula vs Flavio ampliado,Augusto Cury,8.963518749999938,random_forest_05_1600_leaf1,2022
2026,Primeiro turno 2026 - Lula vs Flavio ampliado,Flávio Bolsonaro,33.2003770833336,random_forest_05_1600_leaf1,2022
2026,Primeiro turno 2026 - Lula vs Flavio ampliado,Lula,42.93960624999864,random_forest_05_1600_leaf1,2022
2026,Primeiro turno 2026 - Lula vs Flavio ampliado,Romeu Zema,8.963518749999938,random_forest_05_1600_leaf1,2022
2026,Primeiro turno 2026 - Lula vs Flavio ampliado,Ronaldo Caiado,9.170518749999962,random_forest_05_1600_leaf1,2022
2026,Primeiro turno 2026 - agosto/setembro com Marcal,Augusto Cury,11.792243144159231,random_forest_05_1600_leaf1,2022
2026,Primeiro turno 2026 - agosto/setembro com Marcal,Clariana Barão,8.667601457090356,random_forest_05_1600_leaf1,2022
2026,Primeiro turno 2026 - agosto/setembro com Marcal,Edmilson Costa,8.677368749999943,random_forest_05_1600_leaf1,2022
2026,Primeiro turno 2026 - agosto/setembro com Marcal,Flávio Bolsonaro,34.78679577916458,random_forest_05_1600_leaf1,2022
2026,Primeiro turno 2026 - agosto/setembro com Marcal,Hertz Dias,8.677368749999943,random_forest_05_1600_leaf1,2022
2026,Primeiro turno 2026 - agosto/setembro com Marcal,Lula,45.41747858143231,random_forest_05_1600_leaf1,2022
2026,Primeiro turno 2026 - agosto/setembro com Marcal,Pablo Marçal,8.659335396030954,random_forest_05_1600_leaf1,2022
2026,Primeiro turno 2026 - agosto/setembro com Marcal,Renan Santos,9.163335910420733,random_forest_05_1600_leaf1,2022
2026,Primeiro turno 2026 - agosto/setembro com Marcal,Romeu Zema,8.651556546701046,random_forest_05_1600_leaf1,2022
2026,Primeiro turno 2026 - agosto/setembro com Marcal,Ronaldo Caiado,8.648966842816062,random_forest_05_1600_leaf1,2022
2026,Primeiro turno 2026 - agosto/setembro com Marcal,Rui Costa Pimenta,8.66164334575249,random_forest_05_1600_leaf1,2022
2026,Primeiro turno 2026 - agosto/setembro com Marcal,Samara Martins,8.667601457090356,random_forest_05_1600_leaf1,2022
2026,Primeiro turno 2026 - agosto/setembro com Marcal,Wilson Grassi,8.667601457090356,random_forest_05_1600_leaf1,2022
2026,Primeiro turno 2026 - agosto/setembro com Renan,Augusto Cury,8.990060504838127,random_forest_05_1600_leaf1,2022
2026,Primeiro turno 2026 - agosto/setembro com Renan,Clariana Barão,8.593676041666606,random_forest_05_1600_leaf1,2022
2026,Primeiro turno 2026 - agosto/setembro com Renan,Edmilson Costa,8.593676041666606,random_forest_05_1600_leaf1,2022
2026,Primeiro turno 2026 - agosto/setembro com Renan,Flávio Bolsonaro,35.37277849396943,random_forest_05_1600_leaf1,2022
2026,Primeiro turno 2026 - agosto/setembro com Renan,Hertz Dias,8.593676041666606,random_forest_05_1600_leaf1,2022
2026,Primeiro turno 2026 - agosto/setembro com Renan,Lula,45.703629217563204,random_forest_05_1600_leaf1,2022
2026,Primeiro turno 2026 - agosto/setembro com Renan,Renan Santos,9.905060174601482,random_forest_05_1600_leaf1,2022
2026,Primeiro turno 2026 - agosto/setembro com Renan,Romeu Zema,8.62849943828296,random_forest_05_1600_leaf1,2022
2026,Primeiro turno 2026 - agosto/setembro com Renan,Ronaldo Caiado,8.666245753585729,random_forest_05_1600_leaf1,2022
2026,Primeiro turno 2026 - agosto/setembro com Renan,Rui Costa Pimenta,8.59639554641971,random_forest_05_1600_leaf1,2022
2026,Primeiro turno 2026 - agosto/setembro com Renan,Samara Martins,8.583428124999937,random_forest_05_1600_leaf1,2022
2026,Primeiro turno 2026 - agosto/setembro com Renan,Wilson Grassi,8.593676041666606,random_forest_05_1600_leaf1,2022
2026,Primeiro turno 2026 - alternativa com Tarcisio,Flávio Bolsonaro,33.26609583333364,random_forest_05_1600_leaf1,2022
2026,Primeiro turno 2026 - alternativa com Tarcisio,Lula,42.690337499998606,random_forest_05_1600_leaf1,2022
2026,Primeiro turno 2026 - alternativa com Tarcisio,Romeu Zema,8.652487499999937,random_forest_05_1600_leaf1,2022
2026,Primeiro turno 2026 - alternativa com Tarcisio,Ronaldo Caiado,8.660043749999938,random_forest_05_1600_leaf1,2022
2026,Primeiro turno 2026 - cenario reduzido,Lula,41.19861874999886,random_forest_05_1600_leaf1,2022
2026,Primeiro turno 2026 - cenario reduzido,Romeu Zema,12.097831249999894,random_forest_05_1600_leaf1,2022
2026,Primeiro turno 2026 - cenario reduzido,Ronaldo Caiado,12.199287499999913,random_forest_05_1600_leaf1,2022
2026,Primeiro turno 2026 - oficial pos-TSE,Augusto Cury,8.53749317255777,random_forest_05_1600_leaf1,2022
2026,Primeiro turno 2026 - oficial pos-TSE,Clariana Barão,8.574626041666608,random_forest_05_1600_leaf1,2022
2026,Primeiro turno 2026 - oficial pos-TSE,Edmilson Costa,8.574626041666608,random_forest_05_1600_leaf1,2022
2026,Primeiro turno 2026 - oficial pos-TSE,Flávio Bolsonaro,35.670842684430454,random_forest_05_1600_leaf1,2022
2026,Primeiro turno 2026 - oficial pos-TSE,Hertz Dias,8.574626041666608,random_forest_05_1600_leaf1,2022
2026,Primeiro turno 2026 - oficial pos-TSE,Lula,45.84953217438427,random_forest_05_1600_leaf1,2022
2026,Primeiro turno 2026 - oficial pos-TSE,Renan Santos,8.609173486787542,random_forest_05_1600_leaf1,2022
2026,Primeiro turno 2026 - oficial pos-TSE,Romeu Zema,8.525994547689418,random_forest_05_1600_leaf1,2022
2026,Primeiro turno 2026 - oficial pos-TSE,Ronaldo Caiado,8.530647032681033,random_forest_05_1600_leaf1,2022
2026,Primeiro turno 2026 - oficial pos-TSE,Rui Costa Pimenta,8.578511739739104,random_forest_05_1600_leaf1,2022
2026,Primeiro turno 2026 - oficial pos-TSE,Samara Martins,8.459930256567928,random_forest_05_1600_leaf1,2022
2026,Primeiro turno 2026 - oficial pos-TSE,Wilson Grassi,8.574626041666608,random_forest_05_1600_leaf1,2022
2026,Primeiro turno 2026 - reta final em votos validos,Augusto Cury,8.497839431976898,random_forest_05_1600_leaf1,2022
2026,Primeiro turno 2026 - reta final em votos validos,Flávio Bolsonaro,35.70588641452234,random_forest_05_1600_leaf1,2022
2026,Primeiro turno 2026 - reta final em votos validos,Lula,45.85738010006037,random_forest_05_1600_leaf1,2022
2026,Primeiro turno 2026 - reta final em votos validos,Renan Santos,8.577959968326835,random_forest_05_1600_leaf1,2022
2026,Primeiro turno 2026 - reta final em votos validos,Romeu Zema,8.481219988745583,random_forest_05_1600_leaf1,2022
2026,Primeiro turno 2026 - reta final em votos validos,Ronaldo Caiado,8.492663080045844,random_forest_05_1600_leaf1,2022
2026,Primeiro turno 2026 - reta final em votos validos,Samara Martins,8.447831015424597,random_forest_05_1600_leaf1,2022
2026,Primeiro turno 2026 - 2025 com Freitas/Gomes,Flávio Bolsonaro,39.255531250000566,random_forest_07_1600_leaf1,2022
2026,Primeiro turno 2026 - 2025 com Freitas/Gomes,Lula,41.50114999999891,random_forest_07_1600_leaf1,2022
2026,Primeiro turno 2026 - 2025 com Freitas/Gomes,Romeu Zema,7.7428249999999625,random_forest_07_1600_leaf1,2022
2026,Primeiro turno 2026 - 2025 com Freitas/Gomes,Ronaldo Caiado,8.193737499999974,random_forest_07_1600_leaf1,2022
2026,Primeiro turno 2026 - Lula vs Flavio,Augusto Cury,9.05127027814099,random_forest_07_1600_leaf1,2022
2026,Primeiro turno 2026 - Lula vs Flavio,Flávio Bolsonaro,33.79246479572779,random_forest_07_1600_leaf1,2022
2026,Primeiro turno 2026 - Lula vs Flavio,Lula,42.81921445761386,random_forest_07_1600_leaf1,2022
2026,Primeiro turno 2026 - Lula vs Flavio,Romeu Zema,8.103958429378551,random_forest_07_1600_leaf1,2022
2026,Primeiro turno 2026 - Lula vs Flavio,Ronaldo Caiado,8.296285803191823,random_forest_07_1600_leaf1,2022
2026,Primeiro turno 2026 - Lula vs Flavio ampliado,Augusto Cury,8.063537499999947,random_forest_07_1600_leaf1,2022
2026,Primeiro turno 2026 - Lula vs Flavio ampliado,Flávio Bolsonaro,33.092843750000284,random_forest_07_1600_leaf1,2022
2026,Primeiro turno 2026 - Lula vs Flavio ampliado,Lula,43.6833749999988,random_forest_07_1600_leaf1,2022
2026,Primeiro turno 2026 - Lula vs Flavio ampliado,Romeu Zema,8.063537499999947,random_forest_07_1600_leaf1,2022
2026,Primeiro turno 2026 - Lula vs Flavio ampliado,Ronaldo Caiado,8.260793749999984,random_forest_07_1600_leaf1,2022
2026,Primeiro turno 2026 - agosto/setembro com Marcal,Augusto Cury,11.148567673421386,random_forest_07_1600_leaf1,2022
2026,Primeiro turno 2026 - agosto/setembro com Marcal,Clariana Barão,8.01600629359931,random_forest_07_1600_leaf1,2022
2026,Primeiro turno 2026 - agosto/setembro com Marcal,Edmilson Costa,8.05403124999993,random_forest_07_1600_leaf1,2022
2026,Primeiro turno 2026 - agosto/setembro com Marcal,Flávio Bolsonaro,33.931725609472025,random_forest_07_1600_leaf1,2022
2026,Primeiro turno 2026 - agosto/setembro com Marcal,Hertz Dias,8.05403124999993,random_forest_07_1600_leaf1,2022
2026,Primeiro turno 2026 - agosto/setembro com Marcal,Lula,45.267424836898535,random_forest_07_1600_leaf1,2022
2026,Primeiro turno 2026 - agosto/setembro com Marcal,Pablo Marçal,8.005036712239622,random_forest_07_1600_leaf1,2022
2026,Primeiro turno 2026 - agosto/setembro com Marcal,Renan Santos,8.484542192839447,random_forest_07_1600_leaf1,2022
2026,Primeiro turno 2026 - agosto/setembro com Marcal,Romeu Zema,7.994345152400484,random_forest_07_1600_leaf1,2022
2026,Primeiro turno 2026 - agosto/setembro com Marcal,Ronaldo Caiado,7.992452866914619,random_forest_07_1600_leaf1,2022
2026,Primeiro turno 2026 - agosto/setembro com Marcal,Rui Costa Pimenta,8.008506821040797,random_forest_07_1600_leaf1,2022
2026,Primeiro turno 2026 - agosto/setembro com Marcal,Samara Martins,8.01600629359931,random_forest_07_1600_leaf1,2022
2026,Primeiro turno 2026 - agosto/setembro com Marcal,Wilson Grassi,8.01600629359931,random_forest_07_1600_leaf1,2022
2026,Primeiro turno 2026 - agosto/setembro com Renan,Augusto Cury,8.39858855684219,random_forest_07_1600_leaf1,2022
2026,Primeiro turno 2026 - agosto/setembro com Renan,Clariana Barão,7.93231249999993,random_forest_07_1600_leaf1,2022
2026,Primeiro turno 2026 - agosto/setembro com Renan,Edmilson Costa,7.93231249999993,random_forest_07_1600_leaf1,2022
2026,Primeiro turno 2026 - agosto/setembro com Renan,Flávio Bolsonaro,34.45874842831803,random_forest_07_1600_leaf1,2022
2026,Primeiro turno 2026 - agosto/setembro com Renan,Hertz Dias,7.93231249999993,random_forest_07_1600_leaf1,2022
2026,Primeiro turno 2026 - agosto/setembro com Renan,Lula,45.532162672731964,random_forest_07_1600_leaf1,2022
2026,Primeiro turno 2026 - agosto/setembro com Renan,Renan Santos,9.063833608931258,random_forest_07_1600_leaf1,2022
2026,Primeiro turno 2026 - agosto/setembro com Renan,Romeu Zema,7.993831393717178,random_forest_07_1600_leaf1,2022
2026,Primeiro turno 2026 - agosto/setembro com Renan,Ronaldo Caiado,8.050820771651276,random_forest_07_1600_leaf1,2022
2026,Primeiro turno 2026 - agosto/setembro com Renan,Rui Costa Pimenta,7.946391501920148,random_forest_07_1600_leaf1,2022
2026,Primeiro turno 2026 - agosto/setembro com Renan,Samara Martins,7.962774999999925,random_forest_07_1600_leaf1,2022
2026,Primeiro turno 2026 - agosto/setembro com Renan,Wilson Grassi,7.93231249999993,random_forest_07_1600_leaf1,2022
2026,Primeiro turno 2026 - alternativa com Tarcisio,Flávio Bolsonaro,33.590343750000265,random_forest_07_1600_leaf1,2022
2026,Primeiro turno 2026 - alternativa com Tarcisio,Lula,43.40673124999869,random_forest_07_1600_leaf1,2022
2026,Primeiro turno 2026 - alternativa com Tarcisio,Romeu Zema,7.6233812499999605,random_forest_07_1600_leaf1,2022
2026,Primeiro turno 2026 - alternativa com Tarcisio,Ronaldo Caiado,7.62006249999996,random_forest_07_1600_leaf1,2022
2026,Primeiro turno 2026 - cenario reduzido,Lula,40.24923749999917,random_forest_07_1600_leaf1,2022
2026,Primeiro turno 2026 - cenario reduzido,Romeu Zema,10.681293749999893,random_forest_07_1600_leaf1,2022
2026,Primeiro turno 2026 - cenario reduzido,Ronaldo Caiado,10.791043749999893,random_forest_07_1600_leaf1,2022
2026,Primeiro turno 2026 - oficial pos-TSE,Augusto Cury,7.9071456382189025,random_forest_07_1600_leaf1,2022
2026,Primeiro turno 2026 - oficial pos-TSE,Clariana Barão,7.9138937499999304,random_forest_07_1600_leaf1,2022
2026,Primeiro turno 2026 - oficial pos-TSE,Edmilson Costa,7.9138937499999304,random_forest_07_1600_leaf1,2022
2026,Primeiro turno 2026 - oficial pos-TSE,Flávio Bolsonaro,35.25249825893426,random_forest_07_1600_leaf1,2022
2026,Primeiro turno 2026 - oficial pos-TSE,Hertz Dias,7.9138937499999304,random_forest_07_1600_leaf1,2022
2026,Primeiro turno 2026 - oficial pos-TSE,Lula,45.90741221964287,random_forest_07_1600_leaf1,2022
2026,Primeiro turno 2026 - oficial pos-TSE,Renan Santos,8.012426348062698,random_forest_07_1600_leaf1,2022
2026,Primeiro turno 2026 - oficial pos-TSE,Romeu Zema,7.926834174988594,random_forest_07_1600_leaf1,2022
2026,Primeiro turno 2026 - oficial pos-TSE,Ronaldo Caiado,7.899436446258222,random_forest_07_1600_leaf1,2022
2026,Primeiro turno 2026 - oficial pos-TSE,Rui Costa Pimenta,7.930704354114328,random_forest_07_1600_leaf1,2022
2026,Primeiro turno 2026 - oficial pos-TSE,Samara Martins,7.842295880090933,random_forest_07_1600_leaf1,2022
2026,Primeiro turno 2026 - oficial pos-TSE,Wilson Grassi,7.9138937499999304,random_forest_07_1600_leaf1,2022
2026,Primeiro turno 2026 - reta final em votos validos,Augusto Cury,7.852750132755674,random_forest_07_1600_leaf1,2022
2026,Primeiro turno 2026 - reta final em votos validos,Flávio Bolsonaro,35.26050441876445,random_forest_07_1600_leaf1,2022
2026,Primeiro turno 2026 - reta final em votos validos,Lula,45.915966548693355,random_forest_07_1600_leaf1,2022
2026,Primeiro turno 2026 - reta final em votos validos,Renan Santos,7.961895938224415,random_forest_07_1600_leaf1,2022
2026,Primeiro turno 2026 - reta final em votos validos,Romeu Zema,7.869363094745683,random_forest_07_1600_leaf1,2022
2026,Primeiro turno 2026 - reta final em votos validos,Ronaldo Caiado,7.847412466450661,random_forest_07_1600_leaf1,2022
2026,Primeiro turno 2026 - reta final em votos validos,Samara Martins,7.8416119168849585,random_forest_07_1600_leaf1,2022
2026,Primeiro turno 2026 - 2025 com Freitas/Gomes,Flávio Bolsonaro,27.400184415064388,random_forest_sqrt_1600_leaf1,2022
2026,Primeiro turno 2026 - 2025 com Freitas/Gomes,Lula,42.60368754006295,random_forest_sqrt_1600_leaf1,2022
2026,Primeiro turno 2026 - 2025 com Freitas/Gomes,Romeu Zema,13.920451602564187,random_forest_sqrt_1600_leaf1,2022
2026,Primeiro turno 2026 - 2025 com Freitas/Gomes,Ronaldo Caiado,14.202075040064196,random_forest_sqrt_1600_leaf1,2022
2026,Primeiro turno 2026 - Lula vs Flavio,Augusto Cury,12.64768026635763,random_forest_sqrt_1600_leaf1,2022
2026,Primeiro turno 2026 - Lula vs Flavio,Flávio Bolsonaro,28.880753415201895,random_forest_sqrt_1600_leaf1,2022
2026,Primeiro turno 2026 - Lula vs Flavio,Lula,42.727215006017005,random_forest_sqrt_1600_leaf1,2022
2026,Primeiro turno 2026 - Lula vs Flavio,Romeu Zema,12.220778312648084,random_forest_sqrt_1600_leaf1,2022
2026,Primeiro turno 2026 - Lula vs Flavio,Ronaldo Caiado,12.264141644263388,random_forest_sqrt_1600_leaf1,2022
2026,Primeiro turno 2026 - Lula vs Flavio ampliado,Augusto Cury,13.064408269230787,random_forest_sqrt_1600_leaf1,2022
2026,Primeiro turno 2026 - Lula vs Flavio ampliado,Flávio Bolsonaro,27.710021810897732,random_forest_sqrt_1600_leaf1,2022
2026,Primeiro turno 2026 - Lula vs Flavio ampliado,Lula,42.68982681089628,random_forest_sqrt_1600_leaf1,2022
2026,Primeiro turno 2026 - Lula vs Flavio ampliado,Romeu Zema,13.064408269230787,random_forest_sqrt_1600_leaf1,2022
2026,Primeiro turno 2026 - Lula vs Flavio ampliado,Ronaldo Caiado,13.103608269230797,random_forest_sqrt_1600_leaf1,2022
2026,Primeiro turno 2026 - agosto/setembro com Marcal,Augusto Cury,12.770729178326182,random_forest_sqrt_1600_leaf1,2022
2026,Primeiro turno 2026 - agosto/setembro com Marcal,Clariana Barão,11.749169930549366,random_forest_sqrt_1600_leaf1,2022
2026,Primeiro turno 2026 - agosto/setembro com Marcal,Edmilson Costa,11.732442227564052,random_forest_sqrt_1600_leaf1,2022
2026,Primeiro turno 2026 - agosto/setembro com Marcal,Flávio Bolsonaro,30.805233514233226,random_forest_sqrt_1600_leaf1,2022
2026,Primeiro turno 2026 - agosto/setembro com Marcal,Hertz Dias,11.732442227564052,random_forest_sqrt_1600_leaf1,2022
2026,Primeiro turno 2026 - agosto/setembro com Marcal,Lula,43.946092748066924,random_forest_sqrt_1600_leaf1,2022
2026,Primeiro turno 2026 - agosto/setembro com Marcal,Pablo Marçal,11.74855884220702,random_forest_sqrt_1600_leaf1,2022
2026,Primeiro turno 2026 - agosto/setembro com Marcal,Renan Santos,12.076143578191296,random_forest_sqrt_1600_leaf1,2022
2026,Primeiro turno 2026 - agosto/setembro com Marcal,Romeu Zema,11.748075474720537,random_forest_sqrt_1600_leaf1,2022
2026,Primeiro turno 2026 - agosto/setembro com Marcal,Ronaldo Caiado,11.747769930549364,random_forest_sqrt_1600_leaf1,2022
2026,Primeiro turno 2026 - agosto/setembro com Marcal,Rui Costa Pimenta,11.748864386378193,random_forest_sqrt_1600_leaf1,2022
2026,Primeiro turno 2026 - agosto/setembro com Marcal,Samara Martins,11.749169930549366,random_forest_sqrt_1600_leaf1,2022
2026,Primeiro turno 2026 - agosto/setembro com Marcal,Wilson Grassi,11.749169930549366,random_forest_sqrt_1600_leaf1,2022
2026,Primeiro turno 2026 - agosto/setembro com Renan,Augusto Cury,11.663066731513423,random_forest_sqrt_1600_leaf1,2022
2026,Primeiro turno 2026 - agosto/setembro com Renan,Clariana Barão,11.50890785256405,random_forest_sqrt_1600_leaf1,2022
2026,Primeiro turno 2026 - agosto/setembro com Renan,Edmilson Costa,11.50890785256405,random_forest_sqrt_1600_leaf1,2022
2026,Primeiro turno 2026 - agosto/setembro com Renan,Flávio Bolsonaro,30.64220675986031,random_forest_sqrt_1600_leaf1,2022
2026,Primeiro turno 2026 - agosto/setembro com Renan,Hertz Dias,11.50890785256405,random_forest_sqrt_1600_leaf1,2022
2026,Primeiro turno 2026 - agosto/setembro com Renan,Lula,44.083296490954105,random_forest_sqrt_1600_leaf1,2022
2026,Primeiro turno 2026 - agosto/setembro com Renan,Renan Santos,12.0467413927651,random_forest_sqrt_1600_leaf1,2022
2026,Primeiro turno 2026 - agosto/setembro com Renan,Romeu Zema,11.449555558995035,random_forest_sqrt_1600_leaf1,2022
2026,Primeiro turno 2026 - agosto/setembro com Renan,Ronaldo Caiado,11.471283080197937,random_forest_sqrt_1600_leaf1,2022
2026,Primeiro turno 2026 - agosto/setembro com Renan,Rui Costa Pimenta,11.34504599699634,random_forest_sqrt_1600_leaf1,2022
2026,Primeiro turno 2026 - agosto/setembro com Renan,Samara Martins,11.131273477564045,random_forest_sqrt_1600_leaf1,2022
2026,Primeiro turno 2026 - agosto/setembro com Renan,Wilson Grassi,11.50890785256405,random_forest_sqrt_1600_leaf1,2022
2026,Primeiro turno 2026 - alternativa com Tarcisio,Flávio Bolsonaro,28.061817227564415,random_forest_sqrt_1600_leaf1,2022
2026,Primeiro turno 2026 - alternativa com Tarcisio,Lula,42.985552644229585,random_forest_sqrt_1600_leaf1,2022
2026,Primeiro turno 2026 - alternativa com Tarcisio,Romeu Zema,12.405487019230815,random_forest_sqrt_1600_leaf1,2022
2026,Primeiro turno 2026 - alternativa com Tarcisio,Ronaldo Caiado,12.417899519230819,random_forest_sqrt_1600_leaf1,2022
2026,Primeiro turno 2026 - cenario reduzido,Lula,42.6139786858964,random_forest_sqrt_1600_leaf1,2022
2026,Primeiro turno 2026 - cenario reduzido,Romeu Zema,15.517910977564194,random_forest_sqrt_1600_leaf1,2022
2026,Primeiro turno 2026 - cenario reduzido,Ronaldo Caiado,15.5185922275642,random_forest_sqrt_1600_leaf1,2022
2026,Primeiro turno 2026 - oficial pos-TSE,Augusto Cury,12.700467799522801,random_forest_sqrt_1600_leaf1,2022
2026,Primeiro turno 2026 - oficial pos-TSE,Clariana Barão,12.230339102564033,random_forest_sqrt_1600_leaf1,2022
2026,Primeiro turno 2026 - oficial pos-TSE,Edmilson Costa,12.230339102564033,random_forest_sqrt_1600_leaf1,2022
2026,Primeiro turno 2026 - oficial pos-TSE,Flávio Bolsonaro,32.25044218459013,random_forest_sqrt_1600_leaf1,2022
2026,Primeiro turno 2026 - oficial pos-TSE,Hertz Dias,12.230339102564033,random_forest_sqrt_1600_leaf1,2022
2026,Primeiro turno 2026 - oficial pos-TSE,Lula,44.01956121494266,random_forest_sqrt_1600_leaf1,2022
2026,Primeiro turno 2026 - oficial pos-TSE,Renan Santos,12.708237412327508,random_forest_sqrt_1600_leaf1,2022
2026,Primeiro turno 2026 - oficial pos-TSE,Romeu Zema,12.689507099394667,random_forest_sqrt_1600_leaf1,2022
2026,Primeiro turno 2026 - oficial pos-TSE,Ronaldo Caiado,12.703332814502202,random_forest_sqrt_1600_leaf1,2022
2026,Primeiro turno 2026 - oficial pos-TSE,Rui Costa Pimenta,12.00527387312214,random_forest_sqrt_1600_leaf1,2022
2026,Primeiro turno 2026 - oficial pos-TSE,Samara Martins,12.445467047998962,random_forest_sqrt_1600_leaf1,2022
2026,Primeiro turno 2026 - oficial pos-TSE,Wilson Grassi,12.230339102564033,random_forest_sqrt_1600_leaf1,2022
2026,Primeiro turno 2026 - reta final em votos validos,Augusto Cury,12.478352550023555,random_forest_sqrt_1600_leaf1,2022
2026,Primeiro turno 2026 - reta final em votos validos,Flávio Bolsonaro,32.79383173054524,random_forest_sqrt_1600_leaf1,2022
2026,Primeiro turno 2026 - reta final em votos validos,Lula,44.244922908537625,random_forest_sqrt_1600_leaf1,2022
2026,Primeiro turno 2026 - reta final em votos validos,Renan Santos,12.494118312186306,random_forest_sqrt_1600_leaf1,2022
2026,Primeiro turno 2026 - reta final em votos validos,Romeu Zema,12.446937429951229,random_forest_sqrt_1600_leaf1,2022
2026,Primeiro turno 2026 - reta final em votos validos,Ronaldo Caiado,12.483527813756766,random_forest_sqrt_1600_leaf1,2022
2026,Primeiro turno 2026 - reta final em votos validos,Samara Martins,12.399407742591794,random_forest_sqrt_1600_leaf1,2022
2026,Primeiro turno 2026 - 2025 com Freitas/Gomes,Flávio Bolsonaro,26.78921041666697,random_forest_log2_1600_leaf1,2022
2026,Primeiro turno 2026 - 2025 com Freitas/Gomes,Lula,42.31156093749896,random_forest_log2_1600_leaf1,2022
2026,Primeiro turno 2026 - 2025 com Freitas/Gomes,Romeu Zema,14.083911458333455,random_forest_log2_1600_leaf1,2022
2026,Primeiro turno 2026 - 2025 com Freitas/Gomes,Ronaldo Caiado,14.381698958333464,random_forest_log2_1600_leaf1,2022
2026,Primeiro turno 2026 - Lula vs Flavio,Augusto Cury,13.40682677328112,random_forest_log2_1600_leaf1,2022
2026,Primeiro turno 2026 - Lula vs Flavio,Flávio Bolsonaro,28.40833392174208,random_forest_log2_1600_leaf1,2022
2026,Primeiro turno 2026 - Lula vs Flavio,Lula,42.8403199933884,random_forest_log2_1600_leaf1,2022
2026,Primeiro turno 2026 - Lula vs Flavio,Romeu Zema,13.00697470478531,random_forest_log2_1600_leaf1,2022
2026,Primeiro turno 2026 - Lula vs Flavio,Ronaldo Caiado,13.061576885726028,random_forest_log2_1600_leaf1,2022
2026,Primeiro turno 2026 - Lula vs Flavio ampliado,Augusto Cury,13.8612441666667,random_forest_log2_1600_leaf1,2022
2026,Primeiro turno 2026 - Lula vs Flavio ampliado,Flávio Bolsonaro,27.557566041666934,random_forest_log2_1600_leaf1,2022
2026,Primeiro turno 2026 - Lula vs Flavio ampliado,Lula,42.682802083332234,random_forest_log2_1600_leaf1,2022
2026,Primeiro turno 2026 - Lula vs Flavio ampliado,Romeu Zema,13.8612441666667,random_forest_log2_1600_leaf1,2022
2026,Primeiro turno 2026 - Lula vs Flavio ampliado,Ronaldo Caiado,13.9042066666667,random_forest_log2_1600_leaf1,2022
2026,Primeiro turno 2026 - agosto/setembro com Marcal,Augusto Cury,12.690873537361604,random_forest_log2_1600_leaf1,2022
2026,Primeiro turno 2026 - agosto/setembro com Marcal,Clariana Barão,11.5755185730956,random_forest_log2_1600_leaf1,2022
2026,Primeiro turno 2026 - agosto/setembro com Marcal,Edmilson Costa,11.574773333333283,random_forest_log2_1600_leaf1,2022
2026,Primeiro turno 2026 - agosto/setembro com Marcal,Flávio Bolsonaro,29.925566425226265,random_forest_log2_1600_leaf1,2022
2026,Primeiro turno 2026 - agosto/setembro com Marcal,Hertz Dias,11.574773333333283,random_forest_log2_1600_leaf1,2022
2026,Primeiro turno 2026 - agosto/setembro com Marcal,Lula,43.755726116998105,random_forest_log2_1600_leaf1,2022
2026,Primeiro turno 2026 - agosto/setembro com Marcal,Pablo Marçal,11.5755185730956,random_forest_log2_1600_leaf1,2022
2026,Primeiro turno 2026 - agosto/setembro com Marcal,Renan Santos,11.945760819798442,random_forest_log2_1600_leaf1,2022
2026,Primeiro turno 2026 - agosto/setembro com Marcal,Romeu Zema,11.575342476743444,random_forest_log2_1600_leaf1,2022
2026,Primeiro turno 2026 - agosto/setembro com Marcal,Ronaldo Caiado,11.5755185730956,random_forest_log2_1600_leaf1,2022
2026,Primeiro turno 2026 - agosto/setembro com Marcal,Rui Costa Pimenta,11.5755185730956,random_forest_log2_1600_leaf1,2022
2026,Primeiro turno 2026 - agosto/setembro com Marcal,Samara Martins,11.5755185730956,random_forest_log2_1600_leaf1,2022
2026,Primeiro turno 2026 - agosto/setembro com Marcal,Wilson Grassi,11.5755185730956,random_forest_log2_1600_leaf1,2022
2026,Primeiro turno 2026 - agosto/setembro com Renan,Augusto Cury,11.502516255421588,random_forest_log2_1600_leaf1,2022
2026,Primeiro turno 2026 - agosto/setembro com Renan,Clariana Barão,11.444808437499935,random_forest_log2_1600_leaf1,2022
2026,Primeiro turno 2026 - agosto/setembro com Renan,Edmilson Costa,11.444808437499935,random_forest_log2_1600_leaf1,2022
2026,Primeiro turno 2026 - agosto/setembro com Renan,Flávio Bolsonaro,29.953997977929482,random_forest_log2_1600_leaf1,2022
2026,Primeiro turno 2026 - agosto/setembro com Renan,Hertz Dias,11.444808437499935,random_forest_log2_1600_leaf1,2022
2026,Primeiro turno 2026 - agosto/setembro com Renan,Lula,43.8709340723613,random_forest_log2_1600_leaf1,2022
2026,Primeiro turno 2026 - agosto/setembro com Renan,Renan Santos,11.88549753360863,random_forest_log2_1600_leaf1,2022
2026,Primeiro turno 2026 - agosto/setembro com Renan,Romeu Zema,11.285430804472018,random_forest_log2_1600_leaf1,2022
2026,Primeiro turno 2026 - agosto/setembro com Renan,Ronaldo Caiado,11.311716827712745,random_forest_log2_1600_leaf1,2022
2026,Primeiro turno 2026 - agosto/setembro com Renan,Rui Costa Pimenta,11.282973830782351,random_forest_log2_1600_leaf1,2022
2026,Primeiro turno 2026 - agosto/setembro com Renan,Samara Martins,11.087585833333254,random_forest_log2_1600_leaf1,2022
2026,Primeiro turno 2026 - agosto/setembro com Renan,Wilson Grassi,11.444808437499935,random_forest_log2_1600_leaf1,2022
2026,Primeiro turno 2026 - alternativa com Tarcisio,Flávio Bolsonaro,27.01525729166696,random_forest_log2_1600_leaf1,2022
2026,Primeiro turno 2026 - alternativa com Tarcisio,Lula,42.846222187498896,random_forest_log2_1600_leaf1,2022
2026,Primeiro turno 2026 - alternativa com Tarcisio,Romeu Zema,12.367012500000085,random_forest_log2_1600_leaf1,2022
2026,Primeiro turno 2026 - alternativa com Tarcisio,Ronaldo Caiado,12.38266250000009,random_forest_log2_1600_leaf1,2022
2026,Primeiro turno 2026 - cenario reduzido,Lula,42.477471874999,random_forest_log2_1600_leaf1,2022
2026,Primeiro turno 2026 - cenario reduzido,Romeu Zema,15.429376041666783,random_forest_log2_1600_leaf1,2022
2026,Primeiro turno 2026 - cenario reduzido,Ronaldo Caiado,15.437682291666794,random_forest_log2_1600_leaf1,2022
2026,Primeiro turno 2026 - oficial pos-TSE,Augusto Cury,12.566376018042911,random_forest_log2_1600_leaf1,2022
2026,Primeiro turno 2026 - oficial pos-TSE,Clariana Barão,12.43122093749995,random_forest_log2_1600_leaf1,2022
2026,Primeiro turno 2026 - oficial pos-TSE,Edmilson Costa,12.43122093749995,random_forest_log2_1600_leaf1,2022
2026,Primeiro turno 2026 - oficial pos-TSE,Flávio Bolsonaro,31.517132164563836,random_forest_log2_1600_leaf1,2022
2026,Primeiro turno 2026 - oficial pos-TSE,Hertz Dias,12.43122093749995,random_forest_log2_1600_leaf1,2022
2026,Primeiro turno 2026 - oficial pos-TSE,Lula,43.85473223723424,random_forest_log2_1600_leaf1,2022
2026,Primeiro turno 2026 - oficial pos-TSE,Renan Santos,12.576241621282122,random_forest_log2_1600_leaf1,2022
2026,Primeiro turno 2026 - oficial pos-TSE,Romeu Zema,12.560111954720057,random_forest_log2_1600_leaf1,2022
2026,Primeiro turno 2026 - oficial pos-TSE,Ronaldo Caiado,12.572239529797942,random_forest_log2_1600_leaf1,2022
2026,Primeiro turno 2026 - oficial pos-TSE,Rui Costa Pimenta,12.210573048340873,random_forest_log2_1600_leaf1,2022
2026,Primeiro turno 2026 - oficial pos-TSE,Samara Martins,12.614020675975095,random_forest_log2_1600_leaf1,2022
2026,Primeiro turno 2026 - oficial pos-TSE,Wilson Grassi,12.43122093749995,random_forest_log2_1600_leaf1,2022
2026,Primeiro turno 2026 - reta final em votos validos,Augusto Cury,12.551750585397844,random_forest_log2_1600_leaf1,2022
2026,Primeiro turno 2026 - reta final em votos validos,Flávio Bolsonaro,32.006891347307,random_forest_log2_1600_leaf1,2022
2026,Primeiro turno 2026 - reta final em votos validos,Lula,43.99639757741063,random_forest_log2_1600_leaf1,2022
2026,Primeiro turno 2026 - reta final em votos validos,Renan Santos,12.566781296814314,random_forest_log2_1600_leaf1,2022
2026,Primeiro turno 2026 - reta final em votos validos,Romeu Zema,12.523114646274221,random_forest_log2_1600_leaf1,2022
2026,Primeiro turno 2026 - reta final em votos validos,Ronaldo Caiado,12.56042036722729,random_forest_log2_1600_leaf1,2022
2026,Primeiro turno 2026 - reta final em votos validos,Samara Martins,12.608181544513137,random_forest_log2_1600_leaf1,2022
2026,Primeiro turno 2026 - 2025 com Freitas/Gomes,Flávio Bolsonaro,36.57987396922826,random_forest_05_2000_leaf3,2022
2026,Primeiro turno 2026 - 2025 com Freitas/Gomes,Lula,41.240401225467565,random_forest_05_2000_leaf3,2022
2026,Primeiro turno 2026 - 2025 com Freitas/Gomes,Romeu Zema,9.707992551082866,random_forest_05_2000_leaf3,2022
2026,Primeiro turno 2026 - 2025 com Freitas/Gomes,Ronaldo Caiado,10.27207788926738,random_forest_05_2000_leaf3,2022
2026,Primeiro turno 2026 - Lula vs Flavio,Augusto Cury,9.346824280059522,random_forest_05_2000_leaf3,2022
2026,Primeiro turno 2026 - Lula vs Flavio,Flávio Bolsonaro,34.744285773609974,random_forest_05_2000_leaf3,2022
2026,Primeiro turno 2026 - Lula vs Flavio,Lula,42.48759096515605,random_forest_05_2000_leaf3,2022
2026,Primeiro turno 2026 - Lula vs Flavio,Romeu Zema,8.514631520860044,random_forest_05_2000_leaf3,2022
2026,Primeiro turno 2026 - Lula vs Flavio,Ronaldo Caiado,8.583813233798784,random_forest_05_2000_leaf3,2022
2026,Primeiro turno 2026 - Lula vs Flavio ampliado,Augusto Cury,8.984464427962237,random_forest_05_2000_leaf3,2022
2026,Primeiro turno 2026 - Lula vs Flavio ampliado,Flávio Bolsonaro,33.63636268963754,random_forest_05_2000_leaf3,2022
2026,Primeiro turno 2026 - Lula vs Flavio ampliado,Lula,42.77726571458927,random_forest_05_2000_leaf3,2022
2026,Primeiro turno 2026 - Lula vs Flavio ampliado,Romeu Zema,8.984464427962237,random_forest_05_2000_leaf3,2022
2026,Primeiro turno 2026 - Lula vs Flavio ampliado,Ronaldo Caiado,9.053984234780433,random_forest_05_2000_leaf3,2022
2026,Primeiro turno 2026 - agosto/setembro com Marcal,Augusto Cury,11.325425460506189,random_forest_05_2000_leaf3,2022
2026,Primeiro turno 2026 - agosto/setembro com Marcal,Clariana Barão,8.294167594598823,random_forest_05_2000_leaf3,2022
2026,Primeiro turno 2026 - agosto/setembro com Marcal,Edmilson Costa,8.287616224538349,random_forest_05_2000_leaf3,2022
2026,Primeiro turno 2026 - agosto/setembro com Marcal,Flávio Bolsonaro,35.06672373820532,random_forest_05_2000_leaf3,2022
2026,Primeiro turno 2026 - agosto/setembro com Marcal,Hertz Dias,8.287616224538349,random_forest_05_2000_leaf3,2022
2026,Primeiro turno 2026 - agosto/setembro com Marcal,Lula,44.634335339219014,random_forest_05_2000_leaf3,2022
2026,Primeiro turno 2026 - agosto/setembro com Marcal,Pablo Marçal,8.294396388984143,random_forest_05_2000_leaf3,2022
2026,Primeiro turno 2026 - agosto/setembro com Marcal,Renan Santos,8.73161367667745,random_forest_05_2000_leaf3,2022
2026,Primeiro turno 2026 - agosto/setembro com Marcal,Romeu Zema,8.294462966880172,random_forest_05_2000_leaf3,2022
2026,Primeiro turno 2026 - agosto/setembro com Marcal,Ronaldo Caiado,8.294396388984143,random_forest_05_2000_leaf3,2022
2026,Primeiro turno 2026 - agosto/setembro com Marcal,Rui Costa Pimenta,8.294167594598823,random_forest_05_2000_leaf3,2022
2026,Primeiro turno 2026 - agosto/setembro com Marcal,Samara Martins,8.294167594598823,random_forest_05_2000_leaf3,2022
2026,Primeiro turno 2026 - agosto/setembro com Marcal,Wilson Grassi,8.294167594598823,random_forest_05_2000_leaf3,2022
2026,Primeiro turno 2026 - agosto/setembro com Renan,Augusto Cury,8.448428250425442,random_forest_05_2000_leaf3,2022
2026,Primeiro turno 2026 - agosto/setembro com Renan,Clariana Barão,8.162726142453762,random_forest_05_2000_leaf3,2022
2026,Primeiro turno 2026 - agosto/setembro com Renan,Edmilson Costa,8.162726142453762,random_forest_05_2000_leaf3,2022
2026,Primeiro turno 2026 - agosto/setembro com Renan,Flávio Bolsonaro,35.82073927046968,random_forest_05_2000_leaf3,2022
2026,Primeiro turno 2026 - agosto/setembro com Renan,Hertz Dias,8.162726142453762,random_forest_05_2000_leaf3,2022
2026,Primeiro turno 2026 - agosto/setembro com Renan,Lula,45.02937065926128,random_forest_05_2000_leaf3,2022
2026,Primeiro turno 2026 - agosto/setembro com Renan,Renan Santos,9.304434244644352,random_forest_05_2000_leaf3,2022
2026,Primeiro turno 2026 - agosto/setembro com Renan,Romeu Zema,8.19448290589566,random_forest_05_2000_leaf3,2022
2026,Primeiro turno 2026 - agosto/setembro com Renan,Ronaldo Caiado,8.213829617929148,random_forest_05_2000_leaf3,2022
2026,Primeiro turno 2026 - agosto/setembro com Renan,Rui Costa Pimenta,8.167172318137512,random_forest_05_2000_leaf3,2022
2026,Primeiro turno 2026 - agosto/setembro com Renan,Samara Martins,8.093861881242745,random_forest_05_2000_leaf3,2022
2026,Primeiro turno 2026 - agosto/setembro com Renan,Wilson Grassi,8.162726142453762,random_forest_05_2000_leaf3,2022
2026,Primeiro turno 2026 - alternativa com Tarcisio,Flávio Bolsonaro,33.7256168844392,random_forest_05_2000_leaf3,2022
2026,Primeiro turno 2026 - alternativa com Tarcisio,Lula,42.624886232446386,random_forest_05_2000_leaf3,2022
2026,Primeiro turno 2026 - alternativa com Tarcisio,Romeu Zema,8.583876315512864,random_forest_05_2000_leaf3,2022
2026,Primeiro turno 2026 - alternativa com Tarcisio,Ronaldo Caiado,8.580097589322392,random_forest_05_2000_leaf3,2022
2026,Primeiro turno 2026 - cenario reduzido,Lula,41.28687221458952,random_forest_05_2000_leaf3,2022
2026,Primeiro turno 2026 - cenario reduzido,Romeu Zema,10.311488029942204,random_forest_05_2000_leaf3,2022
2026,Primeiro turno 2026 - cenario reduzido,Ronaldo Caiado,10.384733097582913,random_forest_05_2000_leaf3,2022
2026,Primeiro turno 2026 - oficial pos-TSE,Augusto Cury,8.075253459982552,random_forest_05_2000_leaf3,2022
2026,Primeiro turno 2026 - oficial pos-TSE,Clariana Barão,8.156370963882335,random_forest_05_2000_leaf3,2022
2026,Primeiro turno 2026 - oficial pos-TSE,Edmilson Costa,8.156370963882335,random_forest_05_2000_leaf3,2022
2026,Primeiro turno 2026 - oficial pos-TSE,Flávio Bolsonaro,36.09545146347602,random_forest_05_2000_leaf3,2022
2026,Primeiro turno 2026 - oficial pos-TSE,Hertz Dias,8.156370963882335,random_forest_05_2000_leaf3,2022
2026,Primeiro turno 2026 - oficial pos-TSE,Lula,45.26753978198299,random_forest_05_2000_leaf3,2022
2026,Primeiro turno 2026 - oficial pos-TSE,Renan Santos,8.104517279017527,random_forest_05_2000_leaf3,2022
2026,Primeiro turno 2026 - oficial pos-TSE,Romeu Zema,8.06480782406943,random_forest_05_2000_leaf3,2022
2026,Primeiro turno 2026 - oficial pos-TSE,Ronaldo Caiado,8.072332462254193,random_forest_05_2000_leaf3,2022
2026,Primeiro turno 2026 - oficial pos-TSE,Rui Costa Pimenta,8.170246867527048,random_forest_05_2000_leaf3,2022
2026,Primeiro turno 2026 - oficial pos-TSE,Samara Martins,8.046202195598498,random_forest_05_2000_leaf3,2022
2026,Primeiro turno 2026 - oficial pos-TSE,Wilson Grassi,8.156370963882335,random_forest_05_2000_leaf3,2022
2026,Primeiro turno 2026 - reta final em votos validos,Augusto Cury,8.074097907137558,random_forest_05_2000_leaf3,2022
2026,Primeiro turno 2026 - reta final em votos validos,Flávio Bolsonaro,36.11204098748457,random_forest_05_2000_leaf3,2022
2026,Primeiro turno 2026 - reta final em votos validos,Lula,45.272611291922374,random_forest_05_2000_leaf3,2022
2026,Primeiro turno 2026 - reta final em votos validos,Renan Santos,8.103577817172448,random_forest_05_2000_leaf3,2022
2026,Primeiro turno 2026 - reta final em votos validos,Romeu Zema,8.064302935102631,random_forest_05_2000_leaf3,2022
2026,Primeiro turno 2026 - reta final em votos validos,Ronaldo Caiado,8.07102891619278,random_forest_05_2000_leaf3,2022
2026,Primeiro turno 2026 - reta final em votos validos,Samara Martins,8.038464810522683,random_forest_05_2000_leaf3,2022
2026,Primeiro turno 2026 - 2025 com Freitas/Gomes,Flávio Bolsonaro,31.37943999999997,extra_trees,2022
2026,Primeiro turno 2026 - 2025 com Freitas/Gomes,Lula,41.81156000000008,extra_trees,2022
2026,Primeiro turno 2026 - 2025 com Freitas/Gomes,Romeu Zema,2.996159999999994,extra_trees,2022
2026,Primeiro turno 2026 - 2025 com Freitas/Gomes,Ronaldo Caiado,3.77371999999999,extra_trees,2022
2026,Primeiro turno 2026 - Lula vs Flavio,Augusto Cury,4.431623793101182,extra_trees,2022
2026,Primeiro turno 2026 - Lula vs Flavio,Flávio Bolsonaro,30.72842947027043,extra_trees,2022
2026,Primeiro turno 2026 - Lula vs Flavio,Lula,42.09844000000008,extra_trees,2022
2026,Primeiro turno 2026 - Lula vs Flavio,Romeu Zema,2.885058935532163,extra_trees,2022
2026,Primeiro turno 2026 - Lula vs Flavio,Ronaldo Caiado,3.0862596501736363,extra_trees,2022
2026,Primeiro turno 2026 - Lula vs Flavio ampliado,Augusto Cury,2.726199999999996,extra_trees,2022
2026,Primeiro turno 2026 - Lula vs Flavio ampliado,Flávio Bolsonaro,30.351119999999977,extra_trees,2022
2026,Primeiro turno 2026 - Lula vs Flavio ampliado,Lula,42.23192000000007,extra_trees,2022
2026,Primeiro turno 2026 - Lula vs Flavio ampliado,Romeu Zema,2.726199999999996,extra_trees,2022
2026,Primeiro turno 2026 - Lula vs Flavio ampliado,Ronaldo Caiado,2.9910399999999946,extra_trees,2022
2026,Primeiro turno 2026 - agosto/setembro com Marcal,Augusto Cury,6.347795993087787,extra_trees,2022
2026,Primeiro turno 2026 - agosto/setembro com Marcal,Clariana Barão,2.7332970960185325,extra_trees,2022
2026,Primeiro turno 2026 - agosto/setembro com Marcal,Edmilson Costa,2.734919999999994,extra_trees,2022
2026,Primeiro turno 2026 - agosto/setembro com Marcal,Flávio Bolsonaro,32.89847021404969,extra_trees,2022
2026,Primeiro turno 2026 - agosto/setembro com Marcal,Hertz Dias,2.734919999999994,extra_trees,2022
2026,Primeiro turno 2026 - agosto/setembro com Marcal,Lula,47.85941761451324,extra_trees,2022
2026,Primeiro turno 2026 - agosto/setembro com Marcal,Pablo Marçal,2.732424112672325,extra_trees,2022
2026,Primeiro turno 2026 - agosto/setembro com Marcal,Renan Santos,3.7179190035012284,extra_trees,2022
2026,Primeiro turno 2026 - agosto/setembro com Marcal,Romeu Zema,2.7321700793647397,extra_trees,2022
2026,Primeiro turno 2026 - agosto/setembro com Marcal,Ronaldo Caiado,2.732424112672325,extra_trees,2022
2026,Primeiro turno 2026 - agosto/setembro com Marcal,Rui Costa Pimenta,2.7332970960185325,extra_trees,2022
2026,Primeiro turno 2026 - agosto/setembro com Marcal,Samara Martins,2.7332970960185325,extra_trees,2022
2026,Primeiro turno 2026 - agosto/setembro com Marcal,Wilson Grassi,2.7332970960185325,extra_trees,2022
2026,Primeiro turno 2026 - agosto/setembro com Renan,Augusto Cury,3.3698043812888057,extra_trees,2022
2026,Primeiro turno 2026 - agosto/setembro com Renan,Clariana Barão,2.771359999999994,extra_trees,2022
2026,Primeiro turno 2026 - agosto/setembro com Renan,Edmilson Costa,2.771359999999994,extra_trees,2022
2026,Primeiro turno 2026 - agosto/setembro com Renan,Flávio Bolsonaro,34.2262092394205,extra_trees,2022
2026,Primeiro turno 2026 - agosto/setembro com Renan,Hertz Dias,2.771359999999994,extra_trees,2022
2026,Primeiro turno 2026 - agosto/setembro com Renan,Lula,48.02121959032918,extra_trees,2022
2026,Primeiro turno 2026 - agosto/setembro com Renan,Renan Santos,5.040136149342714,extra_trees,2022
2026,Primeiro turno 2026 - agosto/setembro com Renan,Romeu Zema,2.7691583880271446,extra_trees,2022
2026,Primeiro turno 2026 - agosto/setembro com Renan,Ronaldo Caiado,2.8183339225396096,extra_trees,2022
2026,Primeiro turno 2026 - agosto/setembro com Renan,Rui Costa Pimenta,2.767194609089897,extra_trees,2022
2026,Primeiro turno 2026 - agosto/setembro com Renan,Samara Martins,2.7605999999999935,extra_trees,2022
2026,Primeiro turno 2026 - agosto/setembro com Renan,Wilson Grassi,2.771359999999994,extra_trees,2022
2026,Primeiro turno 2026 - alternativa com Tarcisio,Flávio Bolsonaro,31.776239999999977,extra_trees,2022
2026,Primeiro turno 2026 - alternativa com Tarcisio,Lula,42.24972000000007,extra_trees,2022
2026,Primeiro turno 2026 - alternativa com Tarcisio,Romeu Zema,2.6644399999999955,extra_trees,2022
2026,Primeiro turno 2026 - alternativa com Tarcisio,Ronaldo Caiado,2.6542799999999955,extra_trees,2022
2026,Primeiro turno 2026 - cenario reduzido,Lula,42.07756000000007,extra_trees,2022
2026,Primeiro turno 2026 - cenario reduzido,Romeu Zema,4.075879999999991,extra_trees,2022
2026,Primeiro turno 2026 - cenario reduzido,Ronaldo Caiado,4.119959999999991,extra_trees,2022
2026,Primeiro turno 2026 - oficial pos-TSE,Augusto Cury,2.810503742105906,extra_trees,2022
2026,Primeiro turno 2026 - oficial pos-TSE,Clariana Barão,2.773079999999994,extra_trees,2022
2026,Primeiro turno 2026 - oficial pos-TSE,Edmilson Costa,2.773079999999994,extra_trees,2022
2026,Primeiro turno 2026 - oficial pos-TSE,Flávio Bolsonaro,34.41182391605892,extra_trees,2022
2026,Primeiro turno 2026 - oficial pos-TSE,Hertz Dias,2.773079999999994,extra_trees,2022
2026,Primeiro turno 2026 - oficial pos-TSE,Lula,47.99509652599919,extra_trees,2022
2026,Primeiro turno 2026 - oficial pos-TSE,Renan Santos,2.856259844545121,extra_trees,2022
2026,Primeiro turno 2026 - oficial pos-TSE,Romeu Zema,2.7544254168264204,extra_trees,2022
2026,Primeiro turno 2026 - oficial pos-TSE,Ronaldo Caiado,2.7977224046394875,extra_trees,2022
2026,Primeiro turno 2026 - oficial pos-TSE,Rui Costa Pimenta,2.7634949554894,extra_trees,2022
2026,Primeiro turno 2026 - oficial pos-TSE,Samara Martins,2.7543999999999946,extra_trees,2022
2026,Primeiro turno 2026 - oficial pos-TSE,Wilson Grassi,2.773079999999994,extra_trees,2022
2026,Primeiro turno 2026 - reta final em votos validos,Augusto Cury,2.8092888696395564,extra_trees,2022
2026,Primeiro turno 2026 - reta final em votos validos,Flávio Bolsonaro,34.41182391605892,extra_trees,2022
2026,Primeiro turno 2026 - reta final em votos validos,Lula,47.99509652599919,extra_trees,2022
2026,Primeiro turno 2026 - reta final em votos validos,Renan Santos,2.8577531416874113,extra_trees,2022
2026,Primeiro turno 2026 - reta final em votos validos,Romeu Zema,2.7544254168264204,extra_trees,2022
2026,Primeiro turno 2026 - reta final em votos validos,Ronaldo Caiado,2.799438780807259,extra_trees,2022
2026,Primeiro turno 2026 - reta final em votos validos,Samara Martins,2.7543999999999946,extra_trees,2022
2026,Primeiro turno 2026 - 2025 com Freitas/Gomes,Flávio Bolsonaro,26.330347500000105,extra_trees_1000,2022
2026,Primeiro turno 2026 - 2025 com Freitas/Gomes,Lula,42.18294083333283,extra_trees_1000,2022
2026,Primeiro turno 2026 - 2025 com Freitas/Gomes,Romeu Zema,4.163155142857118,extra_trees_1000,2022
2026,Primeiro turno 2026 - 2025 com Freitas/Gomes,Ronaldo Caiado,5.116704500000014,extra_trees_1000,2022
2026,Primeiro turno 2026 - Lula vs Flavio,Augusto Cury,5.841538436904288,extra_trees_1000,2022
2026,Primeiro turno 2026 - Lula vs Flavio,Flávio Bolsonaro,29.074698825261855,extra_trees_1000,2022
2026,Primeiro turno 2026 - Lula vs Flavio,Lula,42.56739673517342,extra_trees_1000,2022
2026,Primeiro turno 2026 - Lula vs Flavio,Romeu Zema,4.042794766482549,extra_trees_1000,2022
2026,Primeiro turno 2026 - Lula vs Flavio,Ronaldo Caiado,4.383381626322541,extra_trees_1000,2022
2026,Primeiro turno 2026 - Lula vs Flavio ampliado,Augusto Cury,3.982477809523788,extra_trees_1000,2022
2026,Primeiro turno 2026 - Lula vs Flavio ampliado,Flávio Bolsonaro,28.580694583333496,extra_trees_1000,2022
2026,Primeiro turno 2026 - Lula vs Flavio ampliado,Lula,42.745751666666166,extra_trees_1000,2022
2026,Primeiro turno 2026 - Lula vs Flavio ampliado,Romeu Zema,3.982477809523788,extra_trees_1000,2022
2026,Primeiro turno 2026 - Lula vs Flavio ampliado,Ronaldo Caiado,4.332677142857127,extra_trees_1000,2022
2026,Primeiro turno 2026 - agosto/setembro com Marcal,Augusto Cury,7.332984796995328,extra_trees_1000,2022
2026,Primeiro turno 2026 - agosto/setembro com Marcal,Clariana Barão,3.7688675265021874,extra_trees_1000,2022
2026,Primeiro turno 2026 - agosto/setembro com Marcal,Edmilson Costa,3.7821571190475995,extra_trees_1000,2022
2026,Primeiro turno 2026 - agosto/setembro com Marcal,Flávio Bolsonaro,30.937306178096183,extra_trees_1000,2022
2026,Primeiro turno 2026 - agosto/setembro com Marcal,Hertz Dias,3.7821571190475995,extra_trees_1000,2022
2026,Primeiro turno 2026 - agosto/setembro com Marcal,Lula,48.429678921924626,extra_trees_1000,2022
2026,Primeiro turno 2026 - agosto/setembro com Marcal,Pablo Marçal,3.769925291323342,extra_trees_1000,2022
2026,Primeiro turno 2026 - agosto/setembro com Marcal,Renan Santos,4.938898670098773,extra_trees_1000,2022
2026,Primeiro turno 2026 - agosto/setembro com Marcal,Romeu Zema,3.7702330950143668,extra_trees_1000,2022
2026,Primeiro turno 2026 - agosto/setembro com Marcal,Ronaldo Caiado,3.769925291323342,extra_trees_1000,2022
2026,Primeiro turno 2026 - agosto/setembro com Marcal,Rui Costa Pimenta,3.7688675265021874,extra_trees_1000,2022
2026,Primeiro turno 2026 - agosto/setembro com Marcal,Samara Martins,3.7688675265021874,extra_trees_1000,2022
2026,Primeiro turno 2026 - agosto/setembro com Marcal,Wilson Grassi,3.7688675265021874,extra_trees_1000,2022
2026,Primeiro turno 2026 - agosto/setembro com Renan,Augusto Cury,4.63397781052112,extra_trees_1000,2022
2026,Primeiro turno 2026 - agosto/setembro com Renan,Clariana Barão,3.793946785714266,extra_trees_1000,2022
2026,Primeiro turno 2026 - agosto/setembro com Renan,Edmilson Costa,3.793946785714266,extra_trees_1000,2022
2026,Primeiro turno 2026 - agosto/setembro com Renan,Flávio Bolsonaro,31.936788249539035,extra_trees_1000,2022
2026,Primeiro turno 2026 - agosto/setembro com Renan,Hertz Dias,3.793946785714266,extra_trees_1000,2022
2026,Primeiro turno 2026 - agosto/setembro com Renan,Lula,48.641359556954214,extra_trees_1000,2022
2026,Primeiro turno 2026 - agosto/setembro com Renan,Renan Santos,6.175184354548397,extra_trees_1000,2022
2026,Primeiro turno 2026 - agosto/setembro com Renan,Romeu Zema,3.8609342361363144,extra_trees_1000,2022
2026,Primeiro turno 2026 - agosto/setembro com Renan,Ronaldo Caiado,3.952705751765431,extra_trees_1000,2022
2026,Primeiro turno 2026 - agosto/setembro com Renan,Rui Costa Pimenta,3.7944028108529357,extra_trees_1000,2022
2026,Primeiro turno 2026 - agosto/setembro com Renan,Samara Martins,3.826853952380931,extra_trees_1000,2022
2026,Primeiro turno 2026 - agosto/setembro com Renan,Wilson Grassi,3.793946785714266,extra_trees_1000,2022
2026,Primeiro turno 2026 - alternativa com Tarcisio,Flávio Bolsonaro,29.24483083333352,extra_trees_1000,2022
2026,Primeiro turno 2026 - alternativa com Tarcisio,Lula,42.77367333333282,extra_trees_1000,2022
2026,Primeiro turno 2026 - alternativa com Tarcisio,Romeu Zema,3.983872642857117,extra_trees_1000,2022
2026,Primeiro turno 2026 - alternativa com Tarcisio,Ronaldo Caiado,4.035040142857117,extra_trees_1000,2022
2026,Primeiro turno 2026 - cenario reduzido,Lula,42.41437666666621,extra_trees_1000,2022
2026,Primeiro turno 2026 - cenario reduzido,Romeu Zema,4.712191595238089,extra_trees_1000,2022
2026,Primeiro turno 2026 - cenario reduzido,Ronaldo Caiado,4.959047690476192,extra_trees_1000,2022
2026,Primeiro turno 2026 - oficial pos-TSE,Augusto Cury,3.9877273863170872,extra_trees_1000,2022
2026,Primeiro turno 2026 - oficial pos-TSE,Clariana Barão,3.776563452380935,extra_trees_1000,2022
2026,Primeiro turno 2026 - oficial pos-TSE,Edmilson Costa,3.776563452380935,extra_trees_1000,2022
2026,Primeiro turno 2026 - oficial pos-TSE,Flávio Bolsonaro,32.24243011676761,extra_trees_1000,2022
2026,Primeiro turno 2026 - oficial pos-TSE,Hertz Dias,3.776563452380935,extra_trees_1000,2022
2026,Primeiro turno 2026 - oficial pos-TSE,Lula,48.66261981328948,extra_trees_1000,2022
2026,Primeiro turno 2026 - oficial pos-TSE,Renan Santos,3.9934113176888735,extra_trees_1000,2022
2026,Primeiro turno 2026 - oficial pos-TSE,Romeu Zema,3.84119660431667,extra_trees_1000,2022
2026,Primeiro turno 2026 - oficial pos-TSE,Ronaldo Caiado,3.9821782310073424,extra_trees_1000,2022
2026,Primeiro turno 2026 - oficial pos-TSE,Rui Costa Pimenta,3.7899986446171954,extra_trees_1000,2022
2026,Primeiro turno 2026 - oficial pos-TSE,Samara Martins,3.8408092381172,extra_trees_1000,2022
2026,Primeiro turno 2026 - oficial pos-TSE,Wilson Grassi,3.776563452380935,extra_trees_1000,2022
2026,Primeiro turno 2026 - reta final em votos validos,Augusto Cury,3.988825378202806,extra_trees_1000,2022
2026,Primeiro turno 2026 - reta final em votos validos,Flávio Bolsonaro,32.28688218374665,extra_trees_1000,2022
2026,Primeiro turno 2026 - reta final em votos validos,Lula,48.65581942089145,extra_trees_1000,2022
2026,Primeiro turno 2026 - reta final em votos validos,Renan Santos,3.9954707745057823,extra_trees_1000,2022
2026,Primeiro turno 2026 - reta final em votos validos,Romeu Zema,3.842029878155253,extra_trees_1000,2022
2026,Primeiro turno 2026 - reta final em votos validos,Ronaldo Caiado,3.9842525067707903,extra_trees_1000,2022
2026,Primeiro turno 2026 - reta final em votos validos,Samara Martins,3.834426290725611,extra_trees_1000,2022
2026,Primeiro turno 2026 - 2025 com Freitas/Gomes,Flávio Bolsonaro,21.787976666666864,extra_trees_03_1600_leaf1,2022
2026,Primeiro turno 2026 - 2025 com Freitas/Gomes,Lula,43.2746093749987,extra_trees_03_1600_leaf1,2022
2026,Primeiro turno 2026 - 2025 com Freitas/Gomes,Romeu Zema,6.454907395833372,extra_trees_03_1600_leaf1,2022
2026,Primeiro turno 2026 - 2025 com Freitas/Gomes,Ronaldo Caiado,7.047023020833409,extra_trees_03_1600_leaf1,2022
2026,Primeiro turno 2026 - Lula vs Flavio,Augusto Cury,7.796651371890533,extra_trees_03_1600_leaf1,2022
2026,Primeiro turno 2026 - Lula vs Flavio,Flávio Bolsonaro,26.16640771222296,extra_trees_03_1600_leaf1,2022
2026,Primeiro turno 2026 - Lula vs Flavio,Lula,43.47745824431436,extra_trees_03_1600_leaf1,2022
2026,Primeiro turno 2026 - Lula vs Flavio,Romeu Zema,6.5823265620320885,extra_trees_03_1600_leaf1,2022
2026,Primeiro turno 2026 - Lula vs Flavio,Ronaldo Caiado,6.95954297023307,extra_trees_03_1600_leaf1,2022
2026,Primeiro turno 2026 - Lula vs Flavio ampliado,Augusto Cury,6.574458958333339,extra_trees_03_1600_leaf1,2022
2026,Primeiro turno 2026 - Lula vs Flavio ampliado,Flávio Bolsonaro,25.433597500000218,extra_trees_03_1600_leaf1,2022
2026,Primeiro turno 2026 - Lula vs Flavio ampliado,Lula,43.62869687499872,extra_trees_03_1600_leaf1,2022
2026,Primeiro turno 2026 - Lula vs Flavio ampliado,Romeu Zema,6.574458958333339,extra_trees_03_1600_leaf1,2022
2026,Primeiro turno 2026 - Lula vs Flavio ampliado,Ronaldo Caiado,6.947190208333358,extra_trees_03_1600_leaf1,2022
2026,Primeiro turno 2026 - agosto/setembro com Marcal,Augusto Cury,7.908255458829661,extra_trees_03_1600_leaf1,2022
2026,Primeiro turno 2026 - agosto/setembro com Marcal,Clariana Barão,5.1980920357914435,extra_trees_03_1600_leaf1,2022
2026,Primeiro turno 2026 - agosto/setembro com Marcal,Edmilson Costa,5.188338645833413,extra_trees_03_1600_leaf1,2022
2026,Primeiro turno 2026 - agosto/setembro com Marcal,Flávio Bolsonaro,29.042859382313086,extra_trees_03_1600_leaf1,2022
2026,Primeiro turno 2026 - agosto/setembro com Marcal,Hertz Dias,5.188338645833413,extra_trees_03_1600_leaf1,2022
2026,Primeiro turno 2026 - agosto/setembro com Marcal,Lula,47.34915349623462,extra_trees_03_1600_leaf1,2022
2026,Primeiro turno 2026 - agosto/setembro com Marcal,Pablo Marçal,5.216478338163284,extra_trees_03_1600_leaf1,2022
2026,Primeiro turno 2026 - agosto/setembro com Marcal,Renan Santos,6.206472596272536,extra_trees_03_1600_leaf1,2022
2026,Primeiro turno 2026 - agosto/setembro com Marcal,Romeu Zema,5.222723219555217,extra_trees_03_1600_leaf1,2022
2026,Primeiro turno 2026 - agosto/setembro com Marcal,Ronaldo Caiado,5.216478338163284,extra_trees_03_1600_leaf1,2022
2026,Primeiro turno 2026 - agosto/setembro com Marcal,Rui Costa Pimenta,5.1980920357914435,extra_trees_03_1600_leaf1,2022
2026,Primeiro turno 2026 - agosto/setembro com Marcal,Samara Martins,5.1980920357914435,extra_trees_03_1600_leaf1,2022
2026,Primeiro turno 2026 - agosto/setembro com Marcal,Wilson Grassi,5.1980920357914435,extra_trees_03_1600_leaf1,2022
2026,Primeiro turno 2026 - agosto/setembro com Renan,Augusto Cury,5.9375200218253,extra_trees_03_1600_leaf1,2022
2026,Primeiro turno 2026 - agosto/setembro com Renan,Clariana Barão,5.217546458333414,extra_trees_03_1600_leaf1,2022
2026,Primeiro turno 2026 - agosto/setembro com Renan,Edmilson Costa,5.217546458333414,extra_trees_03_1600_leaf1,2022
2026,Primeiro turno 2026 - agosto/setembro com Renan,Flávio Bolsonaro,31.22854479677197,extra_trees_03_1600_leaf1,2022
2026,Primeiro turno 2026 - agosto/setembro com Renan,Hertz Dias,5.217546458333414,extra_trees_03_1600_leaf1,2022
2026,Primeiro turno 2026 - agosto/setembro com Renan,Lula,47.560822507763326,extra_trees_03_1600_leaf1,2022
2026,Primeiro turno 2026 - agosto/setembro com Renan,Renan Santos,7.074385850624297,extra_trees_03_1600_leaf1,2022
2026,Primeiro turno 2026 - agosto/setembro com Renan,Romeu Zema,5.2228784662427685,extra_trees_03_1600_leaf1,2022
2026,Primeiro turno 2026 - agosto/setembro com Renan,Ronaldo Caiado,5.394654178493651,extra_trees_03_1600_leaf1,2022
2026,Primeiro turno 2026 - agosto/setembro com Renan,Rui Costa Pimenta,5.213880127192361,extra_trees_03_1600_leaf1,2022
2026,Primeiro turno 2026 - agosto/setembro com Renan,Samara Martins,5.235938333333405,extra_trees_03_1600_leaf1,2022
2026,Primeiro turno 2026 - agosto/setembro com Renan,Wilson Grassi,5.217546458333414,extra_trees_03_1600_leaf1,2022
2026,Primeiro turno 2026 - alternativa com Tarcisio,Flávio Bolsonaro,26.57021833333364,extra_trees_03_1600_leaf1,2022
2026,Primeiro turno 2026 - alternativa com Tarcisio,Lula,43.66562187499871,extra_trees_03_1600_leaf1,2022
2026,Primeiro turno 2026 - alternativa com Tarcisio,Romeu Zema,6.2655751041666985,extra_trees_03_1600_leaf1,2022
2026,Primeiro turno 2026 - alternativa com Tarcisio,Ronaldo Caiado,6.302731354166701,extra_trees_03_1600_leaf1,2022
2026,Primeiro turno 2026 - cenario reduzido,Lula,43.52701249999873,extra_trees_03_1600_leaf1,2022
2026,Primeiro turno 2026 - cenario reduzido,Romeu Zema,6.551014687500031,extra_trees_03_1600_leaf1,2022
2026,Primeiro turno 2026 - cenario reduzido,Ronaldo Caiado,6.817700104166719,extra_trees_03_1600_leaf1,2022
2026,Primeiro turno 2026 - oficial pos-TSE,Augusto Cury,5.561876178051668,extra_trees_03_1600_leaf1,2022
2026,Primeiro turno 2026 - oficial pos-TSE,Clariana Barão,5.275906875000078,extra_trees_03_1600_leaf1,2022
2026,Primeiro turno 2026 - oficial pos-TSE,Edmilson Costa,5.275906875000078,extra_trees_03_1600_leaf1,2022
2026,Primeiro turno 2026 - oficial pos-TSE,Flávio Bolsonaro,32.85577029784107,extra_trees_03_1600_leaf1,2022
2026,Primeiro turno 2026 - oficial pos-TSE,Hertz Dias,5.275906875000078,extra_trees_03_1600_leaf1,2022
2026,Primeiro turno 2026 - oficial pos-TSE,Lula,47.716388687650884,extra_trees_03_1600_leaf1,2022
2026,Primeiro turno 2026 - oficial pos-TSE,Renan Santos,5.567065254129081,extra_trees_03_1600_leaf1,2022
2026,Primeiro turno 2026 - oficial pos-TSE,Romeu Zema,5.340153411513337,extra_trees_03_1600_leaf1,2022
2026,Primeiro turno 2026 - oficial pos-TSE,Ronaldo Caiado,5.555130731221866,extra_trees_03_1600_leaf1,2022
2026,Primeiro turno 2026 - oficial pos-TSE,Rui Costa Pimenta,5.260195525031136,extra_trees_03_1600_leaf1,2022
2026,Primeiro turno 2026 - oficial pos-TSE,Samara Martins,5.3091699257269935,extra_trees_03_1600_leaf1,2022
2026,Primeiro turno 2026 - oficial pos-TSE,Wilson Grassi,5.275906875000078,extra_trees_03_1600_leaf1,2022
2026,Primeiro turno 2026 - reta final em votos validos,Augusto Cury,5.547643999399963,extra_trees_03_1600_leaf1,2022
2026,Primeiro turno 2026 - reta final em votos validos,Flávio Bolsonaro,32.96437203867142,extra_trees_03_1600_leaf1,2022
2026,Primeiro turno 2026 - reta final em votos validos,Lula,47.744030423944956,extra_trees_03_1600_leaf1,2022
2026,Primeiro turno 2026 - reta final em votos validos,Renan Santos,5.553705901840264,extra_trees_03_1600_leaf1,2022
2026,Primeiro turno 2026 - reta final em votos validos,Romeu Zema,5.3207759918278335,extra_trees_03_1600_leaf1,2022
2026,Primeiro turno 2026 - reta final em votos validos,Ronaldo Caiado,5.540747736623191,extra_trees_03_1600_leaf1,2022
2026,Primeiro turno 2026 - reta final em votos validos,Samara Martins,5.304359415099806,extra_trees_03_1600_leaf1,2022
2026,Primeiro turno 2026 - 2025 com Freitas/Gomes,Flávio Bolsonaro,25.201383333333574,extra_trees_05_1600_leaf1,2022
2026,Primeiro turno 2026 - 2025 com Freitas/Gomes,Lula,42.72671249999864,extra_trees_05_1600_leaf1,2022
2026,Primeiro turno 2026 - 2025 com Freitas/Gomes,Romeu Zema,5.363809375000052,extra_trees_05_1600_leaf1,2022
2026,Primeiro turno 2026 - 2025 com Freitas/Gomes,Ronaldo Caiado,6.115218750000067,extra_trees_05_1600_leaf1,2022
2026,Primeiro turno 2026 - Lula vs Flavio,Augusto Cury,6.781812574830004,extra_trees_05_1600_leaf1,2022
2026,Primeiro turno 2026 - Lula vs Flavio,Flávio Bolsonaro,28.741323121395517,extra_trees_05_1600_leaf1,2022
2026,Primeiro turno 2026 - Lula vs Flavio,Lula,43.01194992698834,extra_trees_05_1600_leaf1,2022
2026,Primeiro turno 2026 - Lula vs Flavio,Romeu Zema,5.398988008990265,extra_trees_05_1600_leaf1,2022
2026,Primeiro turno 2026 - Lula vs Flavio,Ronaldo Caiado,5.78094834952211,extra_trees_05_1600_leaf1,2022
2026,Primeiro turno 2026 - Lula vs Flavio ampliado,Augusto Cury,5.27757812500004,extra_trees_05_1600_leaf1,2022
2026,Primeiro turno 2026 - Lula vs Flavio ampliado,Flávio Bolsonaro,28.01494375000026,extra_trees_05_1600_leaf1,2022
2026,Primeiro turno 2026 - Lula vs Flavio ampliado,Lula,43.13417812499863,extra_trees_05_1600_leaf1,2022
2026,Primeiro turno 2026 - Lula vs Flavio ampliado,Romeu Zema,5.27757812500004,extra_trees_05_1600_leaf1,2022
2026,Primeiro turno 2026 - Lula vs Flavio ampliado,Ronaldo Caiado,5.642728125000037,extra_trees_05_1600_leaf1,2022
2026,Primeiro turno 2026 - agosto/setembro com Marcal,Augusto Cury,7.371304098531727,extra_trees_05_1600_leaf1,2022
2026,Primeiro turno 2026 - agosto/setembro com Marcal,Clariana Barão,4.364826769788037,extra_trees_05_1600_leaf1,2022
2026,Primeiro turno 2026 - agosto/setembro com Marcal,Edmilson Costa,4.377801041666738,extra_trees_05_1600_leaf1,2022
2026,Primeiro turno 2026 - agosto/setembro com Marcal,Flávio Bolsonaro,30.93174998943509,extra_trees_05_1600_leaf1,2022
2026,Primeiro turno 2026 - agosto/setembro com Marcal,Hertz Dias,4.377801041666738,extra_trees_05_1600_leaf1,2022
2026,Primeiro turno 2026 - agosto/setembro com Marcal,Lula,47.993301541991336,extra_trees_05_1600_leaf1,2022
2026,Primeiro turno 2026 - agosto/setembro com Marcal,Pablo Marçal,4.376302966174535,extra_trees_05_1600_leaf1,2022
2026,Primeiro turno 2026 - agosto/setembro com Marcal,Renan Santos,5.432574417775816,extra_trees_05_1600_leaf1,2022
2026,Primeiro turno 2026 - agosto/setembro com Marcal,Romeu Zema,4.378139733650717,extra_trees_05_1600_leaf1,2022
2026,Primeiro turno 2026 - agosto/setembro com Marcal,Ronaldo Caiado,4.376302966174535,extra_trees_05_1600_leaf1,2022
2026,Primeiro turno 2026 - agosto/setembro com Marcal,Rui Costa Pimenta,4.363997435609139,extra_trees_05_1600_leaf1,2022
2026,Primeiro turno 2026 - agosto/setembro com Marcal,Samara Martins,4.363756103966933,extra_trees_05_1600_leaf1,2022
2026,Primeiro turno 2026 - agosto/setembro com Marcal,Wilson Grassi,4.364826769788037,extra_trees_05_1600_leaf1,2022
2026,Primeiro turno 2026 - agosto/setembro com Renan,Augusto Cury,5.138841897441371,extra_trees_05_1600_leaf1,2022
2026,Primeiro turno 2026 - agosto/setembro com Renan,Clariana Barão,4.388871875000072,extra_trees_05_1600_leaf1,2022
2026,Primeiro turno 2026 - agosto/setembro com Renan,Edmilson Costa,4.388871875000072,extra_trees_05_1600_leaf1,2022
2026,Primeiro turno 2026 - agosto/setembro com Renan,Flávio Bolsonaro,32.897894861020774,extra_trees_05_1600_leaf1,2022
2026,Primeiro turno 2026 - agosto/setembro com Renan,Hertz Dias,4.388871875000072,extra_trees_05_1600_leaf1,2022
2026,Primeiro turno 2026 - agosto/setembro com Renan,Lula,48.135860088757546,extra_trees_05_1600_leaf1,2022
2026,Primeiro turno 2026 - agosto/setembro com Renan,Renan Santos,6.4382674203498755,extra_trees_05_1600_leaf1,2022
2026,Primeiro turno 2026 - agosto/setembro com Renan,Romeu Zema,4.414743645873872,extra_trees_05_1600_leaf1,2022
2026,Primeiro turno 2026 - agosto/setembro com Renan,Ronaldo Caiado,4.552980467657128,extra_trees_05_1600_leaf1,2022
2026,Primeiro turno 2026 - agosto/setembro com Renan,Rui Costa Pimenta,4.376895005090223,extra_trees_05_1600_leaf1,2022
2026,Primeiro turno 2026 - agosto/setembro com Renan,Samara Martins,4.391766666666737,extra_trees_05_1600_leaf1,2022
2026,Primeiro turno 2026 - agosto/setembro com Renan,Wilson Grassi,4.388871875000072,extra_trees_05_1600_leaf1,2022
2026,Primeiro turno 2026 - alternativa com Tarcisio,Flávio Bolsonaro,29.382912500000348,extra_trees_05_1600_leaf1,2022
2026,Primeiro turno 2026 - alternativa com Tarcisio,Lula,43.169599999998624,extra_trees_05_1600_leaf1,2022
2026,Primeiro turno 2026 - alternativa com Tarcisio,Romeu Zema,5.137546875000059,extra_trees_05_1600_leaf1,2022
2026,Primeiro turno 2026 - alternativa com Tarcisio,Ronaldo Caiado,5.210140625000054,extra_trees_05_1600_leaf1,2022
2026,Primeiro turno 2026 - cenario reduzido,Lula,43.05029062499867,extra_trees_05_1600_leaf1,2022
2026,Primeiro turno 2026 - cenario reduzido,Romeu Zema,5.646666666666703,extra_trees_05_1600_leaf1,2022
2026,Primeiro turno 2026 - cenario reduzido,Ronaldo Caiado,5.8425302083333825,extra_trees_05_1600_leaf1,2022
2026,Primeiro turno 2026 - oficial pos-TSE,Augusto Cury,4.641128750087441,extra_trees_05_1600_leaf1,2022
2026,Primeiro turno 2026 - oficial pos-TSE,Clariana Barão,4.412728125000071,extra_trees_05_1600_leaf1,2022
2026,Primeiro turno 2026 - oficial pos-TSE,Edmilson Costa,4.412728125000071,extra_trees_05_1600_leaf1,2022
2026,Primeiro turno 2026 - oficial pos-TSE,Flávio Bolsonaro,33.7307428117546,extra_trees_05_1600_leaf1,2022
2026,Primeiro turno 2026 - oficial pos-TSE,Hertz Dias,4.412728125000071,extra_trees_05_1600_leaf1,2022
2026,Primeiro turno 2026 - oficial pos-TSE,Lula,48.236850984437694,extra_trees_05_1600_leaf1,2022
2026,Primeiro turno 2026 - oficial pos-TSE,Renan Santos,4.647869284100205,extra_trees_05_1600_leaf1,2022
2026,Primeiro turno 2026 - oficial pos-TSE,Romeu Zema,4.423374208329341,extra_trees_05_1600_leaf1,2022
2026,Primeiro turno 2026 - oficial pos-TSE,Ronaldo Caiado,4.637390717267758,extra_trees_05_1600_leaf1,2022
2026,Primeiro turno 2026 - oficial pos-TSE,Rui Costa Pimenta,4.40118031100026,extra_trees_05_1600_leaf1,2022
2026,Primeiro turno 2026 - oficial pos-TSE,Samara Martins,4.432064009795914,extra_trees_05_1600_leaf1,2022
2026,Primeiro turno 2026 - oficial pos-TSE,Wilson Grassi,4.412728125000071,extra_trees_05_1600_leaf1,2022
2026,Primeiro turno 2026 - reta final em votos validos,Augusto Cury,4.633800101133212,extra_trees_05_1600_leaf1,2022
2026,Primeiro turno 2026 - reta final em votos validos,Flávio Bolsonaro,33.735964040782186,extra_trees_05_1600_leaf1,2022
2026,Primeiro turno 2026 - reta final em votos validos,Lula,48.24538087089938,extra_trees_05_1600_leaf1,2022
2026,Primeiro turno 2026 - reta final em votos validos,Renan Santos,4.644721967335712,extra_trees_05_1600_leaf1,2022
2026,Primeiro turno 2026 - reta final em votos validos,Romeu Zema,4.42117448496612,extra_trees_05_1600_leaf1,2022
2026,Primeiro turno 2026 - reta final em votos validos,Ronaldo Caiado,4.6320956055029425,extra_trees_05_1600_leaf1,2022
2026,Primeiro turno 2026 - reta final em votos validos,Samara Martins,4.425579903119993,extra_trees_05_1600_leaf1,2022
2026,Primeiro turno 2026 - 2025 com Freitas/Gomes,Flávio Bolsonaro,20.98021107638905,extra_trees_sqrt_1600_leaf1,2022
2026,Primeiro turno 2026 - 2025 com Freitas/Gomes,Lula,43.219192291665685,extra_trees_sqrt_1600_leaf1,2022
2026,Primeiro turno 2026 - 2025 com Freitas/Gomes,Romeu Zema,11.513558472222305,extra_trees_sqrt_1600_leaf1,2022
2026,Primeiro turno 2026 - 2025 com Freitas/Gomes,Ronaldo Caiado,11.927708472222333,extra_trees_sqrt_1600_leaf1,2022
2026,Primeiro turno 2026 - Lula vs Flavio,Augusto Cury,12.305681747376317,extra_trees_sqrt_1600_leaf1,2022
2026,Primeiro turno 2026 - Lula vs Flavio,Flávio Bolsonaro,24.259262561448587,extra_trees_sqrt_1600_leaf1,2022
2026,Primeiro turno 2026 - Lula vs Flavio,Lula,43.4433181393946,extra_trees_sqrt_1600_leaf1,2022
2026,Primeiro turno 2026 - Lula vs Flavio,Romeu Zema,11.2274392920422,extra_trees_sqrt_1600_leaf1,2022
2026,Primeiro turno 2026 - Lula vs Flavio,Ronaldo Caiado,11.705745689623976,extra_trees_sqrt_1600_leaf1,2022
2026,Primeiro turno 2026 - Lula vs Flavio ampliado,Augusto Cury,11.030741319444449,extra_trees_sqrt_1600_leaf1,2022
2026,Primeiro turno 2026 - Lula vs Flavio ampliado,Flávio Bolsonaro,23.452465664682745,extra_trees_sqrt_1600_leaf1,2022
2026,Primeiro turno 2026 - Lula vs Flavio ampliado,Lula,43.51341517857048,extra_trees_sqrt_1600_leaf1,2022
2026,Primeiro turno 2026 - Lula vs Flavio ampliado,Romeu Zema,11.030741319444449,extra_trees_sqrt_1600_leaf1,2022
2026,Primeiro turno 2026 - Lula vs Flavio ampliado,Ronaldo Caiado,11.39545798611115,extra_trees_sqrt_1600_leaf1,2022
2026,Primeiro turno 2026 - agosto/setembro com Marcal,Augusto Cury,10.675556189052532,extra_trees_sqrt_1600_leaf1,2022
2026,Primeiro turno 2026 - agosto/setembro com Marcal,Clariana Barão,8.232922023214817,extra_trees_sqrt_1600_leaf1,2022
2026,Primeiro turno 2026 - agosto/setembro com Marcal,Edmilson Costa,8.258941180555485,extra_trees_sqrt_1600_leaf1,2022
2026,Primeiro turno 2026 - agosto/setembro com Marcal,Flávio Bolsonaro,25.353764117826607,extra_trees_sqrt_1600_leaf1,2022
2026,Primeiro turno 2026 - agosto/setembro com Marcal,Hertz Dias,8.258941180555485,extra_trees_sqrt_1600_leaf1,2022
2026,Primeiro turno 2026 - agosto/setembro com Marcal,Lula,45.51390383683083,extra_trees_sqrt_1600_leaf1,2022
2026,Primeiro turno 2026 - agosto/setembro com Marcal,Pablo Marçal,8.258530018842494,extra_trees_sqrt_1600_leaf1,2022
2026,Primeiro turno 2026 - agosto/setembro com Marcal,Renan Santos,9.264692222642152,extra_trees_sqrt_1600_leaf1,2022
2026,Primeiro turno 2026 - agosto/setembro com Marcal,Romeu Zema,8.270914265032431,extra_trees_sqrt_1600_leaf1,2022
2026,Primeiro turno 2026 - agosto/setembro com Marcal,Ronaldo Caiado,8.25794537895334,extra_trees_sqrt_1600_leaf1,2022
2026,Primeiro turno 2026 - agosto/setembro com Marcal,Rui Costa Pimenta,8.232054496014523,extra_trees_sqrt_1600_leaf1,2022
2026,Primeiro turno 2026 - agosto/setembro com Marcal,Samara Martins,8.231992234475438,extra_trees_sqrt_1600_leaf1,2022
2026,Primeiro turno 2026 - agosto/setembro com Marcal,Wilson Grassi,8.232922023214817,extra_trees_sqrt_1600_leaf1,2022
2026,Primeiro turno 2026 - agosto/setembro com Renan,Augusto Cury,8.94266145648695,extra_trees_sqrt_1600_leaf1,2022
2026,Primeiro turno 2026 - agosto/setembro com Renan,Clariana Barão,8.19591753472215,extra_trees_sqrt_1600_leaf1,2022
2026,Primeiro turno 2026 - agosto/setembro com Renan,Edmilson Costa,8.19591753472215,extra_trees_sqrt_1600_leaf1,2022
2026,Primeiro turno 2026 - agosto/setembro com Renan,Flávio Bolsonaro,26.513063783044586,extra_trees_sqrt_1600_leaf1,2022
2026,Primeiro turno 2026 - agosto/setembro com Renan,Hertz Dias,8.19591753472215,extra_trees_sqrt_1600_leaf1,2022
2026,Primeiro turno 2026 - agosto/setembro com Renan,Lula,45.49333746511545,extra_trees_sqrt_1600_leaf1,2022
2026,Primeiro turno 2026 - agosto/setembro com Renan,Renan Santos,9.729927429859151,extra_trees_sqrt_1600_leaf1,2022
2026,Primeiro turno 2026 - agosto/setembro com Renan,Romeu Zema,8.196550288224563,extra_trees_sqrt_1600_leaf1,2022
2026,Primeiro turno 2026 - agosto/setembro com Renan,Ronaldo Caiado,8.38352911961524,extra_trees_sqrt_1600_leaf1,2022
2026,Primeiro turno 2026 - agosto/setembro com Renan,Rui Costa Pimenta,7.94286108482741,extra_trees_sqrt_1600_leaf1,2022
2026,Primeiro turno 2026 - agosto/setembro com Renan,Samara Martins,7.668413055555501,extra_trees_sqrt_1600_leaf1,2022
2026,Primeiro turno 2026 - agosto/setembro com Renan,Wilson Grassi,8.19591753472215,extra_trees_sqrt_1600_leaf1,2022
2026,Primeiro turno 2026 - alternativa com Tarcisio,Flávio Bolsonaro,23.901433234127232,extra_trees_sqrt_1600_leaf1,2022
2026,Primeiro turno 2026 - alternativa com Tarcisio,Lula,43.660217886903744,extra_trees_sqrt_1600_leaf1,2022
2026,Primeiro turno 2026 - alternativa com Tarcisio,Romeu Zema,10.523733993055625,extra_trees_sqrt_1600_leaf1,2022
2026,Primeiro turno 2026 - alternativa com Tarcisio,Ronaldo Caiado,10.610140243055632,extra_trees_sqrt_1600_leaf1,2022
2026,Primeiro turno 2026 - cenario reduzido,Lula,43.31654677083242,extra_trees_sqrt_1600_leaf1,2022
2026,Primeiro turno 2026 - cenario reduzido,Romeu Zema,12.911816770833445,extra_trees_sqrt_1600_leaf1,2022
2026,Primeiro turno 2026 - cenario reduzido,Ronaldo Caiado,13.211889687500129,extra_trees_sqrt_1600_leaf1,2022
2026,Primeiro turno 2026 - oficial pos-TSE,Augusto Cury,9.083175960433422,extra_trees_sqrt_1600_leaf1,2022
2026,Primeiro turno 2026 - oficial pos-TSE,Clariana Barão,8.604311180555458,extra_trees_sqrt_1600_leaf1,2022
2026,Primeiro turno 2026 - oficial pos-TSE,Edmilson Costa,8.604311180555458,extra_trees_sqrt_1600_leaf1,2022
2026,Primeiro turno 2026 - oficial pos-TSE,Flávio Bolsonaro,28.789553308652636,extra_trees_sqrt_1600_leaf1,2022
2026,Primeiro turno 2026 - oficial pos-TSE,Hertz Dias,8.604311180555458,extra_trees_sqrt_1600_leaf1,2022
2026,Primeiro turno 2026 - oficial pos-TSE,Lula,45.59115220533657,extra_trees_sqrt_1600_leaf1,2022
2026,Primeiro turno 2026 - oficial pos-TSE,Renan Santos,9.074595817598851,extra_trees_sqrt_1600_leaf1,2022
2026,Primeiro turno 2026 - oficial pos-TSE,Romeu Zema,8.843517957273436,extra_trees_sqrt_1600_leaf1,2022
2026,Primeiro turno 2026 - oficial pos-TSE,Ronaldo Caiado,9.077399770650782,extra_trees_sqrt_1600_leaf1,2022
2026,Primeiro turno 2026 - oficial pos-TSE,Rui Costa Pimenta,8.257684169299317,extra_trees_sqrt_1600_leaf1,2022
2026,Primeiro turno 2026 - oficial pos-TSE,Samara Martins,8.85181579248478,extra_trees_sqrt_1600_leaf1,2022
2026,Primeiro turno 2026 - oficial pos-TSE,Wilson Grassi,8.604311180555458,extra_trees_sqrt_1600_leaf1,2022
2026,Primeiro turno 2026 - reta final em votos validos,Augusto Cury,9.031863803681624,extra_trees_sqrt_1600_leaf1,2022
2026,Primeiro turno 2026 - reta final em votos validos,Flávio Bolsonaro,29.112712124524464,extra_trees_sqrt_1600_leaf1,2022
2026,Primeiro turno 2026 - reta final em votos validos,Lula,45.72766769074997,extra_trees_sqrt_1600_leaf1,2022
2026,Primeiro turno 2026 - reta final em votos validos,Renan Santos,9.030684027792622,extra_trees_sqrt_1600_leaf1,2022
2026,Primeiro turno 2026 - reta final em votos validos,Romeu Zema,8.786844536875163,extra_trees_sqrt_1600_leaf1,2022
2026,Primeiro turno 2026 - reta final em votos validos,Ronaldo Caiado,9.029454528092646,extra_trees_sqrt_1600_leaf1,2022
2026,Primeiro turno 2026 - reta final em votos validos,Samara Martins,8.849349271449203,extra_trees_sqrt_1600_leaf1,2022
2026,Primeiro turno 2026 - 2025 com Freitas/Gomes,Flávio Bolsonaro,21.49578052083351,extra_trees_log2_1600_leaf1,2022
2026,Primeiro turno 2026 - 2025 com Freitas/Gomes,Lula,42.47150854166573,extra_trees_log2_1600_leaf1,2022
2026,Primeiro turno 2026 - 2025 com Freitas/Gomes,Romeu Zema,12.623482083333444,extra_trees_log2_1600_leaf1,2022
2026,Primeiro turno 2026 - 2025 com Freitas/Gomes,Ronaldo Caiado,12.996816458333463,extra_trees_log2_1600_leaf1,2022
2026,Primeiro turno 2026 - Lula vs Flavio,Augusto Cury,13.355300955199672,extra_trees_log2_1600_leaf1,2022
2026,Primeiro turno 2026 - Lula vs Flavio,Flávio Bolsonaro,23.817781816627022,extra_trees_log2_1600_leaf1,2022
2026,Primeiro turno 2026 - Lula vs Flavio,Lula,42.624147914037614,extra_trees_log2_1600_leaf1,2022
2026,Primeiro turno 2026 - Lula vs Flavio,Romeu Zema,12.43437921466438,extra_trees_log2_1600_leaf1,2022
2026,Primeiro turno 2026 - Lula vs Flavio,Ronaldo Caiado,12.903958757157044,extra_trees_log2_1600_leaf1,2022
2026,Primeiro turno 2026 - Lula vs Flavio ampliado,Augusto Cury,12.231908958333356,extra_trees_log2_1600_leaf1,2022
2026,Primeiro turno 2026 - Lula vs Flavio ampliado,Flávio Bolsonaro,22.319970625000206,extra_trees_log2_1600_leaf1,2022
2026,Primeiro turno 2026 - Lula vs Flavio ampliado,Lula,42.69747583333244,extra_trees_log2_1600_leaf1,2022
2026,Primeiro turno 2026 - Lula vs Flavio ampliado,Romeu Zema,12.231908958333356,extra_trees_log2_1600_leaf1,2022
2026,Primeiro turno 2026 - Lula vs Flavio ampliado,Ronaldo Caiado,12.60429125000004,extra_trees_log2_1600_leaf1,2022
2026,Primeiro turno 2026 - agosto/setembro com Marcal,Augusto Cury,11.342102806313163,extra_trees_log2_1600_leaf1,2022
2026,Primeiro turno 2026 - agosto/setembro com Marcal,Clariana Barão,9.104861505148264,extra_trees_log2_1600_leaf1,2022
2026,Primeiro turno 2026 - agosto/setembro com Marcal,Edmilson Costa,9.157241770833258,extra_trees_log2_1600_leaf1,2022
2026,Primeiro turno 2026 - agosto/setembro com Marcal,Flávio Bolsonaro,24.739715512266873,extra_trees_log2_1600_leaf1,2022
2026,Primeiro turno 2026 - agosto/setembro com Marcal,Hertz Dias,9.157241770833258,extra_trees_log2_1600_leaf1,2022
2026,Primeiro turno 2026 - agosto/setembro com Marcal,Lula,44.111424632147795,extra_trees_log2_1600_leaf1,2022
2026,Primeiro turno 2026 - agosto/setembro com Marcal,Pablo Marçal,9.128094806764212,extra_trees_log2_1600_leaf1,2022
2026,Primeiro turno 2026 - agosto/setembro com Marcal,Renan Santos,10.129762157287058,extra_trees_log2_1600_leaf1,2022
2026,Primeiro turno 2026 - agosto/setembro com Marcal,Romeu Zema,9.133803933349254,extra_trees_log2_1600_leaf1,2022
2026,Primeiro turno 2026 - agosto/setembro com Marcal,Ronaldo Caiado,9.127700350935388,extra_trees_log2_1600_leaf1,2022
2026,Primeiro turno 2026 - agosto/setembro com Marcal,Rui Costa Pimenta,9.104476846861342,extra_trees_log2_1600_leaf1,2022
2026,Primeiro turno 2026 - agosto/setembro com Marcal,Samara Martins,9.10397045760636,extra_trees_log2_1600_leaf1,2022
2026,Primeiro turno 2026 - agosto/setembro com Marcal,Wilson Grassi,9.104861505148264,extra_trees_log2_1600_leaf1,2022
2026,Primeiro turno 2026 - agosto/setembro com Renan,Augusto Cury,9.57156219172487,extra_trees_log2_1600_leaf1,2022
2026,Primeiro turno 2026 - agosto/setembro com Renan,Clariana Barão,9.115456666666592,extra_trees_log2_1600_leaf1,2022
2026,Primeiro turno 2026 - agosto/setembro com Renan,Edmilson Costa,9.115456666666592,extra_trees_log2_1600_leaf1,2022
2026,Primeiro turno 2026 - agosto/setembro com Renan,Flávio Bolsonaro,26.031213619510396,extra_trees_log2_1600_leaf1,2022
2026,Primeiro turno 2026 - agosto/setembro com Renan,Hertz Dias,9.115456666666592,extra_trees_log2_1600_leaf1,2022
2026,Primeiro turno 2026 - agosto/setembro com Renan,Lula,44.2417220070885,extra_trees_log2_1600_leaf1,2022
2026,Primeiro turno 2026 - agosto/setembro com Renan,Renan Santos,10.320767610386165,extra_trees_log2_1600_leaf1,2022
2026,Primeiro turno 2026 - agosto/setembro com Renan,Romeu Zema,8.871633168402477,extra_trees_log2_1600_leaf1,2022
2026,Primeiro turno 2026 - agosto/setembro com Renan,Ronaldo Caiado,9.071073609217143,extra_trees_log2_1600_leaf1,2022
2026,Primeiro turno 2026 - agosto/setembro com Renan,Rui Costa Pimenta,8.631485995545795,extra_trees_log2_1600_leaf1,2022
2026,Primeiro turno 2026 - agosto/setembro com Renan,Samara Martins,7.915349479166604,extra_trees_log2_1600_leaf1,2022
2026,Primeiro turno 2026 - agosto/setembro com Renan,Wilson Grassi,9.115456666666592,extra_trees_log2_1600_leaf1,2022
2026,Primeiro turno 2026 - alternativa com Tarcisio,Flávio Bolsonaro,23.384874077381205,extra_trees_log2_1600_leaf1,2022
2026,Primeiro turno 2026 - alternativa com Tarcisio,Lula,42.854374910713425,extra_trees_log2_1600_leaf1,2022
2026,Primeiro turno 2026 - alternativa com Tarcisio,Romeu Zema,11.490866785714365,extra_trees_log2_1600_leaf1,2022
2026,Primeiro turno 2026 - alternativa com Tarcisio,Ronaldo Caiado,11.576344910714374,extra_trees_log2_1600_leaf1,2022
2026,Primeiro turno 2026 - cenario reduzido,Lula,42.26621409138576,extra_trees_log2_1600_leaf1,2022
2026,Primeiro turno 2026 - cenario reduzido,Romeu Zema,14.637965281862868,extra_trees_log2_1600_leaf1,2022
2026,Primeiro turno 2026 - cenario reduzido,Ronaldo Caiado,15.023978823529546,extra_trees_log2_1600_leaf1,2022
2026,Primeiro turno 2026 - oficial pos-TSE,Augusto Cury,10.38387419526083,extra_trees_log2_1600_leaf1,2022
2026,Primeiro turno 2026 - oficial pos-TSE,Clariana Barão,9.849419479166563,extra_trees_log2_1600_leaf1,2022
2026,Primeiro turno 2026 - oficial pos-TSE,Edmilson Costa,9.849419479166563,extra_trees_log2_1600_leaf1,2022
2026,Primeiro turno 2026 - oficial pos-TSE,Flávio Bolsonaro,28.454188047914542,extra_trees_log2_1600_leaf1,2022
2026,Primeiro turno 2026 - oficial pos-TSE,Hertz Dias,9.849419479166563,extra_trees_log2_1600_leaf1,2022
2026,Primeiro turno 2026 - oficial pos-TSE,Lula,44.319880411701355,extra_trees_log2_1600_leaf1,2022
2026,Primeiro turno 2026 - oficial pos-TSE,Renan Santos,10.346744691384865,extra_trees_log2_1600_leaf1,2022
2026,Primeiro turno 2026 - oficial pos-TSE,Romeu Zema,10.047081006233563,extra_trees_log2_1600_leaf1,2022
2026,Primeiro turno 2026 - oficial pos-TSE,Ronaldo Caiado,10.369662665361083,extra_trees_log2_1600_leaf1,2022
2026,Primeiro turno 2026 - oficial pos-TSE,Rui Costa Pimenta,9.141403634835115,extra_trees_log2_1600_leaf1,2022
2026,Primeiro turno 2026 - oficial pos-TSE,Samara Martins,10.063488530686346,extra_trees_log2_1600_leaf1,2022
2026,Primeiro turno 2026 - oficial pos-TSE,Wilson Grassi,9.849419479166563,extra_trees_log2_1600_leaf1,2022
2026,Primeiro turno 2026 - reta final em votos validos,Augusto Cury,10.253927927498486,extra_trees_log2_1600_leaf1,2022
2026,Primeiro turno 2026 - reta final em votos validos,Flávio Bolsonaro,28.761897382887895,extra_trees_log2_1600_leaf1,2022
2026,Primeiro turno 2026 - reta final em votos validos,Lula,44.411260142301856,extra_trees_log2_1600_leaf1,2022
2026,Primeiro turno 2026 - reta final em votos validos,Renan Santos,10.227217098499368,extra_trees_log2_1600_leaf1,2022
2026,Primeiro turno 2026 - reta final em votos validos,Romeu Zema,9.910063822634568,extra_trees_log2_1600_leaf1,2022
2026,Primeiro turno 2026 - reta final em votos validos,Ronaldo Caiado,10.242892372484128,extra_trees_log2_1600_leaf1,2022
2026,Primeiro turno 2026 - reta final em votos validos,Samara Martins,10.048776089829204,extra_trees_log2_1600_leaf1,2022
2026,Primeiro turno 2026 - 2025 com Freitas/Gomes,Flávio Bolsonaro,23.50573431552305,extra_trees_05_2000_leaf3,2022
2026,Primeiro turno 2026 - 2025 com Freitas/Gomes,Lula,42.869749811520165,extra_trees_05_2000_leaf3,2022
2026,Primeiro turno 2026 - 2025 com Freitas/Gomes,Romeu Zema,5.75295530739586,extra_trees_05_2000_leaf3,2022
2026,Primeiro turno 2026 - 2025 com Freitas/Gomes,Ronaldo Caiado,6.481124915021527,extra_trees_05_2000_leaf3,2022
2026,Primeiro turno 2026 - Lula vs Flavio,Augusto Cury,6.799956427830233,extra_trees_05_2000_leaf3,2022
2026,Primeiro turno 2026 - Lula vs Flavio,Flávio Bolsonaro,26.22413824184095,extra_trees_05_2000_leaf3,2022
2026,Primeiro turno 2026 - Lula vs Flavio,Lula,43.03517034629782,extra_trees_05_2000_leaf3,2022
2026,Primeiro turno 2026 - Lula vs Flavio,Romeu Zema,5.575386491321428,extra_trees_05_2000_leaf3,2022
2026,Primeiro turno 2026 - Lula vs Flavio,Ronaldo Caiado,5.940320022327502,extra_trees_05_2000_leaf3,2022
2026,Primeiro turno 2026 - Lula vs Flavio ampliado,Augusto Cury,5.562681700631834,extra_trees_05_2000_leaf3,2022
2026,Primeiro turno 2026 - Lula vs Flavio ampliado,Flávio Bolsonaro,25.787247476013565,extra_trees_05_2000_leaf3,2022
2026,Primeiro turno 2026 - Lula vs Flavio ampliado,Lula,43.18859409821266,extra_trees_05_2000_leaf3,2022
2026,Primeiro turno 2026 - Lula vs Flavio ampliado,Romeu Zema,5.562681700631834,extra_trees_05_2000_leaf3,2022
2026,Primeiro turno 2026 - Lula vs Flavio ampliado,Ronaldo Caiado,5.929744988434325,extra_trees_05_2000_leaf3,2022
2026,Primeiro turno 2026 - agosto/setembro com Marcal,Augusto Cury,7.647548473291121,extra_trees_05_2000_leaf3,2022
2026,Primeiro turno 2026 - agosto/setembro com Marcal,Clariana Barão,5.034506021200327,extra_trees_05_2000_leaf3,2022
2026,Primeiro turno 2026 - agosto/setembro com Marcal,Edmilson Costa,5.040213068060468,extra_trees_05_2000_leaf3,2022
2026,Primeiro turno 2026 - agosto/setembro com Marcal,Flávio Bolsonaro,27.57035058835442,extra_trees_05_2000_leaf3,2022
2026,Primeiro turno 2026 - agosto/setembro com Marcal,Hertz Dias,5.040213068060468,extra_trees_05_2000_leaf3,2022
2026,Primeiro turno 2026 - agosto/setembro com Marcal,Lula,47.79772922484297,extra_trees_05_2000_leaf3,2022
2026,Primeiro turno 2026 - agosto/setembro com Marcal,Pablo Marçal,5.0384872617507055,extra_trees_05_2000_leaf3,2022
2026,Primeiro turno 2026 - agosto/setembro com Marcal,Renan Santos,5.961495466708909,extra_trees_05_2000_leaf3,2022
2026,Primeiro turno 2026 - agosto/setembro com Marcal,Romeu Zema,5.04035833692931,extra_trees_05_2000_leaf3,2022
2026,Primeiro turno 2026 - agosto/setembro com Marcal,Ronaldo Caiado,5.0384872617507055,extra_trees_05_2000_leaf3,2022
2026,Primeiro turno 2026 - agosto/setembro com Marcal,Rui Costa Pimenta,5.034506021200327,extra_trees_05_2000_leaf3,2022
2026,Primeiro turno 2026 - agosto/setembro com Marcal,Samara Martins,5.034506021200327,extra_trees_05_2000_leaf3,2022
2026,Primeiro turno 2026 - agosto/setembro com Marcal,Wilson Grassi,5.034506021200327,extra_trees_05_2000_leaf3,2022
2026,Primeiro turno 2026 - agosto/setembro com Renan,Augusto Cury,5.738638451633424,extra_trees_05_2000_leaf3,2022
2026,Primeiro turno 2026 - agosto/setembro com Renan,Clariana Barão,5.089344278729182,extra_trees_05_2000_leaf3,2022
2026,Primeiro turno 2026 - agosto/setembro com Renan,Edmilson Costa,5.089344278729182,extra_trees_05_2000_leaf3,2022
2026,Primeiro turno 2026 - agosto/setembro com Renan,Flávio Bolsonaro,28.858294982969635,extra_trees_05_2000_leaf3,2022
2026,Primeiro turno 2026 - agosto/setembro com Renan,Hertz Dias,5.089344278729182,extra_trees_05_2000_leaf3,2022
2026,Primeiro turno 2026 - agosto/setembro com Renan,Lula,48.04914343405315,extra_trees_05_2000_leaf3,2022
2026,Primeiro turno 2026 - agosto/setembro com Renan,Renan Santos,6.790613986949368,extra_trees_05_2000_leaf3,2022
2026,Primeiro turno 2026 - agosto/setembro com Renan,Romeu Zema,5.103953974532743,extra_trees_05_2000_leaf3,2022
2026,Primeiro turno 2026 - agosto/setembro com Renan,Ronaldo Caiado,5.22604741996857,extra_trees_05_2000_leaf3,2022
2026,Primeiro turno 2026 - agosto/setembro com Renan,Rui Costa Pimenta,5.071538827769523,extra_trees_05_2000_leaf3,2022
2026,Primeiro turno 2026 - agosto/setembro com Renan,Samara Martins,5.101366445562321,extra_trees_05_2000_leaf3,2022
2026,Primeiro turno 2026 - agosto/setembro com Renan,Wilson Grassi,5.089344278729182,extra_trees_05_2000_leaf3,2022
2026,Primeiro turno 2026 - alternativa com Tarcisio,Flávio Bolsonaro,27.028859343107815,extra_trees_05_2000_leaf3,2022
2026,Primeiro turno 2026 - alternativa com Tarcisio,Lula,43.214062014879325,extra_trees_05_2000_leaf3,2022
2026,Primeiro turno 2026 - alternativa com Tarcisio,Romeu Zema,5.485707749607378,extra_trees_05_2000_leaf3,2022
2026,Primeiro turno 2026 - alternativa com Tarcisio,Ronaldo Caiado,5.5681253509782325,extra_trees_05_2000_leaf3,2022
2026,Primeiro turno 2026 - cenario reduzido,Lula,43.076346670557015,extra_trees_05_2000_leaf3,2022
2026,Primeiro turno 2026 - cenario reduzido,Romeu Zema,5.635638885317934,extra_trees_05_2000_leaf3,2022
2026,Primeiro turno 2026 - cenario reduzido,Ronaldo Caiado,5.957847681133242,extra_trees_05_2000_leaf3,2022
2026,Primeiro turno 2026 - oficial pos-TSE,Augusto Cury,5.332092288443638,extra_trees_05_2000_leaf3,2022
2026,Primeiro turno 2026 - oficial pos-TSE,Clariana Barão,5.126017417618069,extra_trees_05_2000_leaf3,2022
2026,Primeiro turno 2026 - oficial pos-TSE,Edmilson Costa,5.126017417618069,extra_trees_05_2000_leaf3,2022
2026,Primeiro turno 2026 - oficial pos-TSE,Flávio Bolsonaro,29.266231408138328,extra_trees_05_2000_leaf3,2022
2026,Primeiro turno 2026 - oficial pos-TSE,Hertz Dias,5.126017417618069,extra_trees_05_2000_leaf3,2022
2026,Primeiro turno 2026 - oficial pos-TSE,Lula,48.05395614054884,extra_trees_05_2000_leaf3,2022
2026,Primeiro turno 2026 - oficial pos-TSE,Renan Santos,5.343448058006316,extra_trees_05_2000_leaf3,2022
2026,Primeiro turno 2026 - oficial pos-TSE,Romeu Zema,5.150460104044089,extra_trees_05_2000_leaf3,2022
2026,Primeiro turno 2026 - oficial pos-TSE,Ronaldo Caiado,5.326888582460319,extra_trees_05_2000_leaf3,2022
2026,Primeiro turno 2026 - oficial pos-TSE,Rui Costa Pimenta,5.1323085169619915,extra_trees_05_2000_leaf3,2022
2026,Primeiro turno 2026 - oficial pos-TSE,Samara Martins,5.127481687113236,extra_trees_05_2000_leaf3,2022
2026,Primeiro turno 2026 - oficial pos-TSE,Wilson Grassi,5.126017417618069,extra_trees_05_2000_leaf3,2022
2026,Primeiro turno 2026 - reta final em votos validos,Augusto Cury,5.324371167055659,extra_trees_05_2000_leaf3,2022
2026,Primeiro turno 2026 - reta final em votos validos,Flávio Bolsonaro,29.272353144421004,extra_trees_05_2000_leaf3,2022
2026,Primeiro turno 2026 - reta final em votos validos,Lula,48.0514991560885,extra_trees_05_2000_leaf3,2022
2026,Primeiro turno 2026 - reta final em votos validos,Renan Santos,5.338095047053046,extra_trees_05_2000_leaf3,2022
2026,Primeiro turno 2026 - reta final em votos validos,Romeu Zema,5.137333532380753,extra_trees_05_2000_leaf3,2022
2026,Primeiro turno 2026 - reta final em votos validos,Ronaldo Caiado,5.319882393133999,extra_trees_05_2000_leaf3,2022
2026,Primeiro turno 2026 - reta final em votos validos,Samara Martins,5.1184673446870805,extra_trees_05_2000_leaf3,2022
2026,Primeiro turno 2026 - 2025 com Freitas/Gomes,Flávio Bolsonaro,30.70546961665063,gradient_boosting,2022
2026,Primeiro turno 2026 - 2025 com Freitas/Gomes,Lula,36.65925972424732,gradient_boosting,2022
2026,Primeiro turno 2026 - 2025 com Freitas/Gomes,Romeu Zema,5.264698173870332,gradient_boosting,2022
2026,Primeiro turno 2026 - 2025 com Freitas/Gomes,Ronaldo Caiado,5.723498826209754,gradient_boosting,2022
2026,Primeiro turno 2026 - Lula vs Flavio,Augusto Cury,5.765466022943286,gradient_boosting,2022
2026,Primeiro turno 2026 - Lula vs Flavio,Flávio Bolsonaro,33.97019003457148,gradient_boosting,2022
2026,Primeiro turno 2026 - Lula vs Flavio,Lula,39.5207171356603,gradient_boosting,2022
2026,Primeiro turno 2026 - Lula vs Flavio,Romeu Zema,5.147048537636383,gradient_boosting,2022
2026,Primeiro turno 2026 - Lula vs Flavio,Ronaldo Caiado,5.484792818326708,gradient_boosting,2022
2026,Primeiro turno 2026 - Lula vs Flavio ampliado,Augusto Cury,5.173302853549679,gradient_boosting,2022
2026,Primeiro turno 2026 - Lula vs Flavio ampliado,Flávio Bolsonaro,33.69664144140092,gradient_boosting,2022
2026,Primeiro turno 2026 - Lula vs Flavio ampliado,Lula,40.14226192088972,gradient_boosting,2022
2026,Primeiro turno 2026 - Lula vs Flavio ampliado,Romeu Zema,5.173302853549679,gradient_boosting,2022
2026,Primeiro turno 2026 - Lula vs Flavio ampliado,Ronaldo Caiado,5.173302853549679,gradient_boosting,2022
2026,Primeiro turno 2026 - agosto/setembro com Marcal,Augusto Cury,8.252325531404574,gradient_boosting,2022
2026,Primeiro turno 2026 - agosto/setembro com Marcal,Clariana Barão,5.493940194123372,gradient_boosting,2022
2026,Primeiro turno 2026 - agosto/setembro com Marcal,Edmilson Costa,5.493940194123373,gradient_boosting,2022
2026,Primeiro turno 2026 - agosto/setembro com Marcal,Flávio Bolsonaro,34.390191475229535,gradient_boosting,2022
2026,Primeiro turno 2026 - agosto/setembro com Marcal,Hertz Dias,5.493940194123373,gradient_boosting,2022
2026,Primeiro turno 2026 - agosto/setembro com Marcal,Lula,40.842891357944495,gradient_boosting,2022
2026,Primeiro turno 2026 - agosto/setembro com Marcal,Pablo Marçal,5.493940194123372,gradient_boosting,2022
2026,Primeiro turno 2026 - agosto/setembro com Marcal,Renan Santos,5.842423596592076,gradient_boosting,2022
2026,Primeiro turno 2026 - agosto/setembro com Marcal,Romeu Zema,5.493940194123372,gradient_boosting,2022
2026,Primeiro turno 2026 - agosto/setembro com Marcal,Ronaldo Caiado,5.493940194123372,gradient_boosting,2022
2026,Primeiro turno 2026 - agosto/setembro com Marcal,Rui Costa Pimenta,5.493940194123372,gradient_boosting,2022
2026,Primeiro turno 2026 - agosto/setembro com Marcal,Samara Martins,5.493940194123372,gradient_boosting,2022
2026,Primeiro turno 2026 - agosto/setembro com Marcal,Wilson Grassi,5.493940194123372,gradient_boosting,2022
2026,Primeiro turno 2026 - agosto/setembro com Renan,Augusto Cury,5.826998516664563,gradient_boosting,2022
2026,Primeiro turno 2026 - agosto/setembro com Renan,Clariana Barão,5.559989285787527,gradient_boosting,2022
2026,Primeiro turno 2026 - agosto/setembro com Renan,Edmilson Costa,5.559989285787527,gradient_boosting,2022
2026,Primeiro turno 2026 - agosto/setembro com Renan,Flávio Bolsonaro,34.732140162963695,gradient_boosting,2022
2026,Primeiro turno 2026 - agosto/setembro com Renan,Hertz Dias,5.559989285787527,gradient_boosting,2022
2026,Primeiro turno 2026 - agosto/setembro com Renan,Lula,41.408454048207325,gradient_boosting,2022
2026,Primeiro turno 2026 - agosto/setembro com Renan,Renan Santos,6.005657181389327,gradient_boosting,2022
2026,Primeiro turno 2026 - agosto/setembro com Renan,Romeu Zema,5.559989285787527,gradient_boosting,2022
2026,Primeiro turno 2026 - agosto/setembro com Renan,Ronaldo Caiado,5.654335237027155,gradient_boosting,2022
2026,Primeiro turno 2026 - agosto/setembro com Renan,Rui Costa Pimenta,5.559989285787527,gradient_boosting,2022
2026,Primeiro turno 2026 - agosto/setembro com Renan,Samara Martins,5.559989285787527,gradient_boosting,2022
2026,Primeiro turno 2026 - agosto/setembro com Renan,Wilson Grassi,5.559989285787527,gradient_boosting,2022
2026,Primeiro turno 2026 - alternativa com Tarcisio,Flávio Bolsonaro,33.87524317886364,gradient_boosting,2022
2026,Primeiro turno 2026 - alternativa com Tarcisio,Lula,40.14226192088972,gradient_boosting,2022
2026,Primeiro turno 2026 - alternativa com Tarcisio,Romeu Zema,4.993453921035815,gradient_boosting,2022
2026,Primeiro turno 2026 - alternativa com Tarcisio,Ronaldo Caiado,4.993453921035815,gradient_boosting,2022
2026,Primeiro turno 2026 - cenario reduzido,Lula,37.990796250082745,gradient_boosting,2022
2026,Primeiro turno 2026 - cenario reduzido,Romeu Zema,13.903464171777568,gradient_boosting,2022
2026,Primeiro turno 2026 - cenario reduzido,Ronaldo Caiado,14.010023079534264,gradient_boosting,2022
2026,Primeiro turno 2026 - oficial pos-TSE,Augusto Cury,5.812424567347475,gradient_boosting,2022
2026,Primeiro turno 2026 - oficial pos-TSE,Clariana Barão,5.812424567347475,gradient_boosting,2022
2026,Primeiro turno 2026 - oficial pos-TSE,Edmilson Costa,5.812424567347475,gradient_boosting,2022
2026,Primeiro turno 2026 - oficial pos-TSE,Flávio Bolsonaro,35.61718213917799,gradient_boosting,2022
2026,Primeiro turno 2026 - oficial pos-TSE,Hertz Dias,5.812424567347475,gradient_boosting,2022
2026,Primeiro turno 2026 - oficial pos-TSE,Lula,41.9921240977334,gradient_boosting,2022
2026,Primeiro turno 2026 - oficial pos-TSE,Renan Santos,5.884065557287777,gradient_boosting,2022
2026,Primeiro turno 2026 - oficial pos-TSE,Romeu Zema,5.812424567347475,gradient_boosting,2022
2026,Primeiro turno 2026 - oficial pos-TSE,Ronaldo Caiado,5.812424567347475,gradient_boosting,2022
2026,Primeiro turno 2026 - oficial pos-TSE,Rui Costa Pimenta,5.812424567347475,gradient_boosting,2022
2026,Primeiro turno 2026 - oficial pos-TSE,Samara Martins,5.812424567347475,gradient_boosting,2022
2026,Primeiro turno 2026 - oficial pos-TSE,Wilson Grassi,5.812424567347475,gradient_boosting,2022
2026,Primeiro turno 2026 - reta final em votos validos,Augusto Cury,5.812424567347475,gradient_boosting,2022
2026,Primeiro turno 2026 - reta final em votos validos,Flávio Bolsonaro,35.61718213917799,gradient_boosting,2022
2026,Primeiro turno 2026 - reta final em votos validos,Lula,41.9921240977334,gradient_boosting,2022
2026,Primeiro turno 2026 - reta final em votos validos,Renan Santos,5.884065557287777,gradient_boosting,2022
2026,Primeiro turno 2026 - reta final em votos validos,Romeu Zema,5.812424567347475,gradient_boosting,2022
2026,Primeiro turno 2026 - reta final em votos validos,Ronaldo Caiado,5.812424567347475,gradient_boosting,2022
2026,Primeiro turno 2026 - reta final em votos validos,Samara Martins,5.812424567347475,gradient_boosting,2022
2026,Primeiro turno 2026 - 2025 com Freitas/Gomes,Flávio Bolsonaro,28.397562664642493,gradient_boosting_slow,2022
2026,Primeiro turno 2026 - 2025 com Freitas/Gomes,Lula,41.690570554040775,gradient_boosting_slow,2022
2026,Primeiro turno 2026 - 2025 com Freitas/Gomes,Romeu Zema,2.470535647376135,gradient_boosting_slow,2022
2026,Primeiro turno 2026 - 2025 com Freitas/Gomes,Ronaldo Caiado,2.470535647376135,gradient_boosting_slow,2022
2026,Primeiro turno 2026 - Lula vs Flavio,Augusto Cury,3.745718523438819,gradient_boosting_slow,2022
2026,Primeiro turno 2026 - Lula vs Flavio,Flávio Bolsonaro,36.48428742681924,gradient_boosting_slow,2022
2026,Primeiro turno 2026 - Lula vs Flavio,Lula,43.487390169057946,gradient_boosting_slow,2022
2026,Primeiro turno 2026 - Lula vs Flavio,Romeu Zema,3.3536975607054353,gradient_boosting_slow,2022
2026,Primeiro turno 2026 - Lula vs Flavio,Ronaldo Caiado,3.745718523438819,gradient_boosting_slow,2022
2026,Primeiro turno 2026 - Lula vs Flavio ampliado,Augusto Cury,3.3699454644000197,gradient_boosting_slow,2022
2026,Primeiro turno 2026 - Lula vs Flavio ampliado,Flávio Bolsonaro,36.10851436778044,gradient_boosting_slow,2022
2026,Primeiro turno 2026 - Lula vs Flavio ampliado,Lula,43.32098625643002,gradient_boosting_slow,2022
2026,Primeiro turno 2026 - Lula vs Flavio ampliado,Romeu Zema,3.3699454644000197,gradient_boosting_slow,2022
2026,Primeiro turno 2026 - Lula vs Flavio ampliado,Ronaldo Caiado,3.3699454644000197,gradient_boosting_slow,2022
2026,Primeiro turno 2026 - agosto/setembro com Marcal,Augusto Cury,6.386114661149639,gradient_boosting_slow,2022
2026,Primeiro turno 2026 - agosto/setembro com Marcal,Clariana Barão,4.012883725704422,gradient_boosting_slow,2022
2026,Primeiro turno 2026 - agosto/setembro com Marcal,Edmilson Costa,4.012883725704422,gradient_boosting_slow,2022
2026,Primeiro turno 2026 - agosto/setembro com Marcal,Flávio Bolsonaro,37.45815777335375,gradient_boosting_slow,2022
2026,Primeiro turno 2026 - agosto/setembro com Marcal,Hertz Dias,4.012883725704422,gradient_boosting_slow,2022
2026,Primeiro turno 2026 - agosto/setembro com Marcal,Lula,44.073191224156055,gradient_boosting_slow,2022
2026,Primeiro turno 2026 - agosto/setembro com Marcal,Pablo Marçal,4.012883725704422,gradient_boosting_slow,2022
2026,Primeiro turno 2026 - agosto/setembro com Marcal,Renan Santos,4.233790802522583,gradient_boosting_slow,2022
2026,Primeiro turno 2026 - agosto/setembro com Marcal,Romeu Zema,4.012883725704422,gradient_boosting_slow,2022
2026,Primeiro turno 2026 - agosto/setembro com Marcal,Ronaldo Caiado,4.012883725704422,gradient_boosting_slow,2022
2026,Primeiro turno 2026 - agosto/setembro com Marcal,Rui Costa Pimenta,4.012883725704422,gradient_boosting_slow,2022
2026,Primeiro turno 2026 - agosto/setembro com Marcal,Samara Martins,4.012883725704422,gradient_boosting_slow,2022
2026,Primeiro turno 2026 - agosto/setembro com Marcal,Wilson Grassi,4.012883725704422,gradient_boosting_slow,2022
2026,Primeiro turno 2026 - agosto/setembro com Renan,Augusto Cury,4.086531199447034,gradient_boosting_slow,2022
2026,Primeiro turno 2026 - agosto/setembro com Renan,Clariana Barão,3.8675705639582887,gradient_boosting_slow,2022
2026,Primeiro turno 2026 - agosto/setembro com Renan,Edmilson Costa,3.8675705639582887,gradient_boosting_slow,2022
2026,Primeiro turno 2026 - agosto/setembro com Renan,Flávio Bolsonaro,37.58653787359098,gradient_boosting_slow,2022
2026,Primeiro turno 2026 - agosto/setembro com Renan,Hertz Dias,3.8675705639582887,gradient_boosting_slow,2022
2026,Primeiro turno 2026 - agosto/setembro com Renan,Lula,44.42893015094537,gradient_boosting_slow,2022
2026,Primeiro turno 2026 - agosto/setembro com Renan,Renan Santos,4.150083852544355,gradient_boosting_slow,2022
2026,Primeiro turno 2026 - agosto/setembro com Renan,Romeu Zema,3.867570563958289,gradient_boosting_slow,2022
2026,Primeiro turno 2026 - agosto/setembro com Renan,Ronaldo Caiado,3.9770782381056056,gradient_boosting_slow,2022
2026,Primeiro turno 2026 - agosto/setembro com Renan,Rui Costa Pimenta,3.8675705639582887,gradient_boosting_slow,2022
2026,Primeiro turno 2026 - agosto/setembro com Renan,Samara Martins,3.8675705639582887,gradient_boosting_slow,2022
2026,Primeiro turno 2026 - agosto/setembro com Renan,Wilson Grassi,3.8675705639582887,gradient_boosting_slow,2022
2026,Primeiro turno 2026 - alternativa com Tarcisio,Flávio Bolsonaro,36.728491792789534,gradient_boosting_slow,2022
2026,Primeiro turno 2026 - alternativa com Tarcisio,Lula,43.32098625643002,gradient_boosting_slow,2022
2026,Primeiro turno 2026 - alternativa com Tarcisio,Romeu Zema,3.6071107232791877,gradient_boosting_slow,2022
2026,Primeiro turno 2026 - alternativa com Tarcisio,Ronaldo Caiado,3.6071107232791877,gradient_boosting_slow,2022
2026,Primeiro turno 2026 - cenario reduzido,Lula,41.68041495596761,gradient_boosting_slow,2022
2026,Primeiro turno 2026 - cenario reduzido,Romeu Zema,2.470535647376135,gradient_boosting_slow,2022
2026,Primeiro turno 2026 - cenario reduzido,Ronaldo Caiado,2.470535647376135,gradient_boosting_slow,2022
2026,Primeiro turno 2026 - oficial pos-TSE,Augusto Cury,3.867570563958289,gradient_boosting_slow,2022
2026,Primeiro turno 2026 - oficial pos-TSE,Clariana Barão,3.8675705639582887,gradient_boosting_slow,2022
2026,Primeiro turno 2026 - oficial pos-TSE,Edmilson Costa,3.8675705639582887,gradient_boosting_slow,2022
2026,Primeiro turno 2026 - oficial pos-TSE,Flávio Bolsonaro,37.93710538210953,gradient_boosting_slow,2022
2026,Primeiro turno 2026 - oficial pos-TSE,Hertz Dias,3.8675705639582887,gradient_boosting_slow,2022
2026,Primeiro turno 2026 - oficial pos-TSE,Lula,44.44434941072051,gradient_boosting_slow,2022
2026,Primeiro turno 2026 - oficial pos-TSE,Renan Santos,3.950724510459372,gradient_boosting_slow,2022
2026,Primeiro turno 2026 - oficial pos-TSE,Romeu Zema,3.8675705639582887,gradient_boosting_slow,2022
2026,Primeiro turno 2026 - oficial pos-TSE,Ronaldo Caiado,3.867570563958289,gradient_boosting_slow,2022
2026,Primeiro turno 2026 - oficial pos-TSE,Rui Costa Pimenta,3.8675705639582887,gradient_boosting_slow,2022
2026,Primeiro turno 2026 - oficial pos-TSE,Samara Martins,3.867570563958289,gradient_boosting_slow,2022
2026,Primeiro turno 2026 - oficial pos-TSE,Wilson Grassi,3.8675705639582887,gradient_boosting_slow,2022
2026,Primeiro turno 2026 - reta final em votos validos,Augusto Cury,3.867570563958289,gradient_boosting_slow,2022
2026,Primeiro turno 2026 - reta final em votos validos,Flávio Bolsonaro,37.93710538210953,gradient_boosting_slow,2022
2026,Primeiro turno 2026 - reta final em votos validos,Lula,44.44434941072051,gradient_boosting_slow,2022
2026,Primeiro turno 2026 - reta final em votos validos,Renan Santos,3.950724510459372,gradient_boosting_slow,2022
2026,Primeiro turno 2026 - reta final em votos validos,Romeu Zema,3.8675705639582887,gradient_boosting_slow,2022
2026,Primeiro turno 2026 - reta final em votos validos,Ronaldo Caiado,3.867570563958289,gradient_boosting_slow,2022
2026,Primeiro turno 2026 - reta final em votos validos,Samara Martins,3.867570563958289,gradient_boosting_slow,2022
2026,Primeiro turno 2026 - 2025 com Freitas/Gomes,Flávio Bolsonaro,31.924753652553854,gradient_boosting_deep,2022
2026,Primeiro turno 2026 - 2025 com Freitas/Gomes,Lula,38.47202741698695,gradient_boosting_deep,2022
2026,Primeiro turno 2026 - 2025 com Freitas/Gomes,Romeu Zema,8.025925496061152,gradient_boosting_deep,2022
2026,Primeiro turno 2026 - 2025 com Freitas/Gomes,Ronaldo Caiado,8.410412794915086,gradient_boosting_deep,2022
2026,Primeiro turno 2026 - Lula vs Flavio,Augusto Cury,6.631774213491335,gradient_boosting_deep,2022
2026,Primeiro turno 2026 - Lula vs Flavio,Flávio Bolsonaro,34.36355009138209,gradient_boosting_deep,2022
2026,Primeiro turno 2026 - Lula vs Flavio,Lula,41.12878710706116,gradient_boosting_deep,2022
2026,Primeiro turno 2026 - Lula vs Flavio,Romeu Zema,5.674108185468733,gradient_boosting_deep,2022
2026,Primeiro turno 2026 - Lula vs Flavio,Ronaldo Caiado,6.247286914637403,gradient_boosting_deep,2022
2026,Primeiro turno 2026 - Lula vs Flavio ampliado,Augusto Cury,5.828661208940565,gradient_boosting_deep,2022
2026,Primeiro turno 2026 - Lula vs Flavio ampliado,Flávio Bolsonaro,33.82984493234509,gradient_boosting_deep,2022
2026,Primeiro turno 2026 - Lula vs Flavio ampliado,Lula,41.712364674443606,gradient_boosting_deep,2022
2026,Primeiro turno 2026 - Lula vs Flavio ampliado,Romeu Zema,5.828661208940565,gradient_boosting_deep,2022
2026,Primeiro turno 2026 - Lula vs Flavio ampliado,Ronaldo Caiado,5.828661208940565,gradient_boosting_deep,2022
2026,Primeiro turno 2026 - agosto/setembro com Marcal,Augusto Cury,8.887420652760975,gradient_boosting_deep,2022
2026,Primeiro turno 2026 - agosto/setembro com Marcal,Clariana Barão,5.816510835541675,gradient_boosting_deep,2022
2026,Primeiro turno 2026 - agosto/setembro com Marcal,Edmilson Costa,5.816510835541676,gradient_boosting_deep,2022
2026,Primeiro turno 2026 - agosto/setembro com Marcal,Flávio Bolsonaro,35.10328646416645,gradient_boosting_deep,2022
2026,Primeiro turno 2026 - agosto/setembro com Marcal,Hertz Dias,5.816510835541676,gradient_boosting_deep,2022
2026,Primeiro turno 2026 - agosto/setembro com Marcal,Lula,43.579314459847595,gradient_boosting_deep,2022
2026,Primeiro turno 2026 - agosto/setembro com Marcal,Pablo Marçal,5.816510835541675,gradient_boosting_deep,2022
2026,Primeiro turno 2026 - agosto/setembro com Marcal,Renan Santos,6.388410886126989,gradient_boosting_deep,2022
2026,Primeiro turno 2026 - agosto/setembro com Marcal,Romeu Zema,5.816510835541675,gradient_boosting_deep,2022
2026,Primeiro turno 2026 - agosto/setembro com Marcal,Ronaldo Caiado,5.816510835541675,gradient_boosting_deep,2022
2026,Primeiro turno 2026 - agosto/setembro com Marcal,Rui Costa Pimenta,5.816510835541675,gradient_boosting_deep,2022
2026,Primeiro turno 2026 - agosto/setembro com Marcal,Samara Martins,5.816510835541675,gradient_boosting_deep,2022
2026,Primeiro turno 2026 - agosto/setembro com Marcal,Wilson Grassi,5.816510835541675,gradient_boosting_deep,2022
2026,Primeiro turno 2026 - agosto/setembro com Renan,Augusto Cury,6.109037496113673,gradient_boosting_deep,2022
2026,Primeiro turno 2026 - agosto/setembro com Renan,Clariana Barão,5.6495797422791805,gradient_boosting_deep,2022
2026,Primeiro turno 2026 - agosto/setembro com Renan,Edmilson Costa,5.6495797422791805,gradient_boosting_deep,2022
2026,Primeiro turno 2026 - agosto/setembro com Renan,Flávio Bolsonaro,34.28500431869367,gradient_boosting_deep,2022
2026,Primeiro turno 2026 - agosto/setembro com Renan,Hertz Dias,5.6495797422791805,gradient_boosting_deep,2022
2026,Primeiro turno 2026 - agosto/setembro com Renan,Lula,43.7715484884535,gradient_boosting_deep,2022
2026,Primeiro turno 2026 - agosto/setembro com Renan,Renan Santos,6.499497926612028,gradient_boosting_deep,2022
2026,Primeiro turno 2026 - agosto/setembro com Renan,Romeu Zema,5.6495797422791805,gradient_boosting_deep,2022
2026,Primeiro turno 2026 - agosto/setembro com Renan,Ronaldo Caiado,5.825677836344143,gradient_boosting_deep,2022
2026,Primeiro turno 2026 - agosto/setembro com Renan,Rui Costa Pimenta,5.64957974227918,gradient_boosting_deep,2022
2026,Primeiro turno 2026 - agosto/setembro com Renan,Samara Martins,5.6495797422791805,gradient_boosting_deep,2022
2026,Primeiro turno 2026 - agosto/setembro com Renan,Wilson Grassi,5.6495797422791805,gradient_boosting_deep,2022
2026,Primeiro turno 2026 - alternativa com Tarcisio,Flávio Bolsonaro,34.10952716922564,gradient_boosting_deep,2022
2026,Primeiro turno 2026 - alternativa com Tarcisio,Lula,41.712364674443606,gradient_boosting_deep,2022
2026,Primeiro turno 2026 - alternativa com Tarcisio,Romeu Zema,5.828661208940565,gradient_boosting_deep,2022
2026,Primeiro turno 2026 - alternativa com Tarcisio,Ronaldo Caiado,5.828661208940565,gradient_boosting_deep,2022
2026,Primeiro turno 2026 - cenario reduzido,Lula,39.65993801235471,gradient_boosting_deep,2022
2026,Primeiro turno 2026 - cenario reduzido,Romeu Zema,7.806185172239954,gradient_boosting_deep,2022
2026,Primeiro turno 2026 - cenario reduzido,Ronaldo Caiado,7.806185172239954,gradient_boosting_deep,2022
2026,Primeiro turno 2026 - oficial pos-TSE,Augusto Cury,5.660299554137217,gradient_boosting_deep,2022
2026,Primeiro turno 2026 - oficial pos-TSE,Clariana Barão,5.660299554137217,gradient_boosting_deep,2022
2026,Primeiro turno 2026 - oficial pos-TSE,Edmilson Costa,5.660299554137217,gradient_boosting_deep,2022
2026,Primeiro turno 2026 - oficial pos-TSE,Flávio Bolsonaro,34.74077770949954,gradient_boosting_deep,2022
2026,Primeiro turno 2026 - oficial pos-TSE,Hertz Dias,5.660299554137217,gradient_boosting_deep,2022
2026,Primeiro turno 2026 - oficial pos-TSE,Lula,44.35491221814893,gradient_boosting_deep,2022
2026,Primeiro turno 2026 - oficial pos-TSE,Renan Santos,5.794018506775382,gradient_boosting_deep,2022
2026,Primeiro turno 2026 - oficial pos-TSE,Romeu Zema,5.660299554137216,gradient_boosting_deep,2022
2026,Primeiro turno 2026 - oficial pos-TSE,Ronaldo Caiado,5.660299554137217,gradient_boosting_deep,2022
2026,Primeiro turno 2026 - oficial pos-TSE,Rui Costa Pimenta,5.660299554137216,gradient_boosting_deep,2022
2026,Primeiro turno 2026 - oficial pos-TSE,Samara Martins,5.660299554137216,gradient_boosting_deep,2022
2026,Primeiro turno 2026 - oficial pos-TSE,Wilson Grassi,5.660299554137217,gradient_boosting_deep,2022
2026,Primeiro turno 2026 - reta final em votos validos,Augusto Cury,5.660299554137217,gradient_boosting_deep,2022
2026,Primeiro turno 2026 - reta final em votos validos,Flávio Bolsonaro,34.74077770949954,gradient_boosting_deep,2022
2026,Primeiro turno 2026 - reta final em votos validos,Lula,44.35491221814893,gradient_boosting_deep,2022
2026,Primeiro turno 2026 - reta final em votos validos,Renan Santos,5.794018506775382,gradient_boosting_deep,2022
2026,Primeiro turno 2026 - reta final em votos validos,Romeu Zema,5.660299554137216,gradient_boosting_deep,2022
2026,Primeiro turno 2026 - reta final em votos validos,Ronaldo Caiado,5.660299554137217,gradient_boosting_deep,2022
2026,Primeiro turno 2026 - reta final em votos validos,Samara Martins,5.660299554137216,gradient_boosting_deep,2022
2026,Primeiro turno 2026 - 2025 com Freitas/Gomes,Flávio Bolsonaro,38.10057131765194,hist_gradient_boosting,2022
2026,Primeiro turno 2026 - 2025 com Freitas/Gomes,Lula,41.90367577607934,hist_gradient_boosting,2022
2026,Primeiro turno 2026 - 2025 com Freitas/Gomes,Romeu Zema,4.681246474370108,hist_gradient_boosting,2022
2026,Primeiro turno 2026 - 2025 com Freitas/Gomes,Ronaldo Caiado,6.56412769859128,hist_gradient_boosting,2022
2026,Primeiro turno 2026 - Lula vs Flavio,Augusto Cury,6.257615601498116,hist_gradient_boosting,2022
2026,Primeiro turno 2026 - Lula vs Flavio,Flávio Bolsonaro,31.804981655008074,hist_gradient_boosting,2022
2026,Primeiro turno 2026 - Lula vs Flavio,Lula,41.51261907151278,hist_gradient_boosting,2022
2026,Primeiro turno 2026 - Lula vs Flavio,Romeu Zema,4.9850800411064355,hist_gradient_boosting,2022
2026,Primeiro turno 2026 - Lula vs Flavio,Ronaldo Caiado,4.925871294216238,hist_gradient_boosting,2022
2026,Primeiro turno 2026 - Lula vs Flavio ampliado,Augusto Cury,5.389754442343993,hist_gradient_boosting,2022
2026,Primeiro turno 2026 - Lula vs Flavio ampliado,Flávio Bolsonaro,31.636625313808025,hist_gradient_boosting,2022
2026,Primeiro turno 2026 - Lula vs Flavio ampliado,Lula,41.69648894391755,hist_gradient_boosting,2022
2026,Primeiro turno 2026 - Lula vs Flavio ampliado,Romeu Zema,5.389754442343993,hist_gradient_boosting,2022
2026,Primeiro turno 2026 - Lula vs Flavio ampliado,Ronaldo Caiado,5.420974140933663,hist_gradient_boosting,2022
2026,Primeiro turno 2026 - agosto/setembro com Marcal,Augusto Cury,8.86061770373211,hist_gradient_boosting,2022
2026,Primeiro turno 2026 - agosto/setembro com Marcal,Clariana Barão,5.054623655710113,hist_gradient_boosting,2022
2026,Primeiro turno 2026 - agosto/setembro com Marcal,Edmilson Costa,5.063408455505972,hist_gradient_boosting,2022
2026,Primeiro turno 2026 - agosto/setembro com Marcal,Flávio Bolsonaro,30.51269497858931,hist_gradient_boosting,2022
2026,Primeiro turno 2026 - agosto/setembro com Marcal,Hertz Dias,5.063408455505972,hist_gradient_boosting,2022
2026,Primeiro turno 2026 - agosto/setembro com Marcal,Lula,45.92733848813987,hist_gradient_boosting,2022
2026,Primeiro turno 2026 - agosto/setembro com Marcal,Pablo Marçal,5.054623655710113,hist_gradient_boosting,2022
2026,Primeiro turno 2026 - agosto/setembro com Marcal,Renan Santos,5.756264602410973,hist_gradient_boosting,2022
2026,Primeiro turno 2026 - agosto/setembro com Marcal,Romeu Zema,5.054623655710113,hist_gradient_boosting,2022
2026,Primeiro turno 2026 - agosto/setembro com Marcal,Ronaldo Caiado,5.054623655710113,hist_gradient_boosting,2022
2026,Primeiro turno 2026 - agosto/setembro com Marcal,Rui Costa Pimenta,5.054623655710113,hist_gradient_boosting,2022
2026,Primeiro turno 2026 - agosto/setembro com Marcal,Samara Martins,5.054623655710113,hist_gradient_boosting,2022
2026,Primeiro turno 2026 - agosto/setembro com Marcal,Wilson Grassi,5.054623655710113,hist_gradient_boosting,2022
2026,Primeiro turno 2026 - agosto/setembro com Renan,Augusto Cury,5.340716819278267,hist_gradient_boosting,2022
2026,Primeiro turno 2026 - agosto/setembro com Renan,Clariana Barão,4.888553132595429,hist_gradient_boosting,2022
2026,Primeiro turno 2026 - agosto/setembro com Renan,Edmilson Costa,4.888553132595429,hist_gradient_boosting,2022
2026,Primeiro turno 2026 - agosto/setembro com Renan,Flávio Bolsonaro,32.97071827329187,hist_gradient_boosting,2022
2026,Primeiro turno 2026 - agosto/setembro com Renan,Hertz Dias,4.888553132595429,hist_gradient_boosting,2022
2026,Primeiro turno 2026 - agosto/setembro com Renan,Lula,45.34505525933387,hist_gradient_boosting,2022
2026,Primeiro turno 2026 - agosto/setembro com Renan,Renan Santos,6.786381574179832,hist_gradient_boosting,2022
2026,Primeiro turno 2026 - agosto/setembro com Renan,Romeu Zema,4.973337370836943,hist_gradient_boosting,2022
2026,Primeiro turno 2026 - agosto/setembro com Renan,Ronaldo Caiado,5.004992544868323,hist_gradient_boosting,2022
2026,Primeiro turno 2026 - agosto/setembro com Renan,Rui Costa Pimenta,4.951262287921764,hist_gradient_boosting,2022
2026,Primeiro turno 2026 - agosto/setembro com Renan,Samara Martins,4.877148738605699,hist_gradient_boosting,2022
2026,Primeiro turno 2026 - agosto/setembro com Renan,Wilson Grassi,4.888553132595429,hist_gradient_boosting,2022
2026,Primeiro turno 2026 - alternativa com Tarcisio,Flávio Bolsonaro,30.48654777655053,hist_gradient_boosting,2022
2026,Primeiro turno 2026 - alternativa com Tarcisio,Lula,42.83922828049101,hist_gradient_boosting,2022
2026,Primeiro turno 2026 - alternativa com Tarcisio,Romeu Zema,3.2687456560404677,hist_gradient_boosting,2022
2026,Primeiro turno 2026 - alternativa com Tarcisio,Ronaldo Caiado,3.4309205352562024,hist_gradient_boosting,2022
2026,Primeiro turno 2026 - cenario reduzido,Lula,40.638459767258986,hist_gradient_boosting,2022
2026,Primeiro turno 2026 - cenario reduzido,Romeu Zema,9.048310350545746,hist_gradient_boosting,2022
2026,Primeiro turno 2026 - cenario reduzido,Ronaldo Caiado,9.048310350545746,hist_gradient_boosting,2022
2026,Primeiro turno 2026 - oficial pos-TSE,Augusto Cury,4.347258207694501,hist_gradient_boosting,2022
2026,Primeiro turno 2026 - oficial pos-TSE,Clariana Barão,4.817885469951188,hist_gradient_boosting,2022
2026,Primeiro turno 2026 - oficial pos-TSE,Edmilson Costa,4.817885469951188,hist_gradient_boosting,2022
2026,Primeiro turno 2026 - oficial pos-TSE,Flávio Bolsonaro,32.60205911279121,hist_gradient_boosting,2022
2026,Primeiro turno 2026 - oficial pos-TSE,Hertz Dias,4.817885469951188,hist_gradient_boosting,2022
2026,Primeiro turno 2026 - oficial pos-TSE,Lula,45.1793585791265,hist_gradient_boosting,2022
2026,Primeiro turno 2026 - oficial pos-TSE,Renan Santos,4.359764622144277,hist_gradient_boosting,2022
2026,Primeiro turno 2026 - oficial pos-TSE,Romeu Zema,4.331302301655062,hist_gradient_boosting,2022
2026,Primeiro turno 2026 - oficial pos-TSE,Ronaldo Caiado,4.3505841979543804,hist_gradient_boosting,2022
2026,Primeiro turno 2026 - oficial pos-TSE,Rui Costa Pimenta,4.8671297721030715,hist_gradient_boosting,2022
2026,Primeiro turno 2026 - oficial pos-TSE,Samara Martins,4.21047799714579,hist_gradient_boosting,2022
2026,Primeiro turno 2026 - oficial pos-TSE,Wilson Grassi,4.817885469951188,hist_gradient_boosting,2022
2026,Primeiro turno 2026 - reta final em votos validos,Augusto Cury,4.263519438101497,hist_gradient_boosting,2022
2026,Primeiro turno 2026 - reta final em votos validos,Flávio Bolsonaro,32.34137950039686,hist_gradient_boosting,2022
2026,Primeiro turno 2026 - reta final em votos validos,Lula,46.88175453203883,hist_gradient_boosting,2022
2026,Primeiro turno 2026 - reta final em votos validos,Renan Santos,4.275143484809811,hist_gradient_boosting,2022
2026,Primeiro turno 2026 - reta final em votos validos,Romeu Zema,4.232228512773964,hist_gradient_boosting,2022
2026,Primeiro turno 2026 - reta final em votos validos,Ronaldo Caiado,4.266055622972476,hist_gradient_boosting,2022
2026,Primeiro turno 2026 - reta final em votos validos,Samara Martins,4.1326756743401445,hist_gradient_boosting,2022
2026,Primeiro turno 2026 - 2025 com Freitas/Gomes,Flávio Bolsonaro,37.66465719368352,hist_gradient_boosting_l2,2022
2026,Primeiro turno 2026 - 2025 com Freitas/Gomes,Lula,42.15779934839042,hist_gradient_boosting_l2,2022
2026,Primeiro turno 2026 - 2025 com Freitas/Gomes,Romeu Zema,3.8094818788331706,hist_gradient_boosting_l2,2022
2026,Primeiro turno 2026 - 2025 com Freitas/Gomes,Ronaldo Caiado,6.678285460100509,hist_gradient_boosting_l2,2022
2026,Primeiro turno 2026 - Lula vs Flavio,Augusto Cury,6.254245045790994,hist_gradient_boosting_l2,2022
2026,Primeiro turno 2026 - Lula vs Flavio,Flávio Bolsonaro,31.986456322331996,hist_gradient_boosting_l2,2022
2026,Primeiro turno 2026 - Lula vs Flavio,Lula,41.522316405485,hist_gradient_boosting_l2,2022
2026,Primeiro turno 2026 - Lula vs Flavio,Romeu Zema,4.506593995289696,hist_gradient_boosting_l2,2022
2026,Primeiro turno 2026 - Lula vs Flavio,Ronaldo Caiado,4.502501843564959,hist_gradient_boosting_l2,2022
2026,Primeiro turno 2026 - Lula vs Flavio ampliado,Augusto Cury,4.585617541290351,hist_gradient_boosting_l2,2022
2026,Primeiro turno 2026 - Lula vs Flavio ampliado,Flávio Bolsonaro,31.96101641224134,hist_gradient_boosting_l2,2022
2026,Primeiro turno 2026 - Lula vs Flavio ampliado,Lula,42.198148835018074,hist_gradient_boosting_l2,2022
2026,Primeiro turno 2026 - Lula vs Flavio ampliado,Romeu Zema,4.585617541290351,hist_gradient_boosting_l2,2022
2026,Primeiro turno 2026 - Lula vs Flavio ampliado,Ronaldo Caiado,4.8415598074733825,hist_gradient_boosting_l2,2022
2026,Primeiro turno 2026 - agosto/setembro com Marcal,Augusto Cury,9.287512730387657,hist_gradient_boosting_l2,2022
2026,Primeiro turno 2026 - agosto/setembro com Marcal,Clariana Barão,4.516256496248935,hist_gradient_boosting_l2,2022
2026,Primeiro turno 2026 - agosto/setembro com Marcal,Edmilson Costa,4.493186998378393,hist_gradient_boosting_l2,2022
2026,Primeiro turno 2026 - agosto/setembro com Marcal,Flávio Bolsonaro,30.933481417462183,hist_gradient_boosting_l2,2022
2026,Primeiro turno 2026 - agosto/setembro com Marcal,Hertz Dias,4.493186998378393,hist_gradient_boosting_l2,2022
2026,Primeiro turno 2026 - agosto/setembro com Marcal,Lula,46.22938868812822,hist_gradient_boosting_l2,2022
2026,Primeiro turno 2026 - agosto/setembro com Marcal,Pablo Marçal,4.516256496248935,hist_gradient_boosting_l2,2022
2026,Primeiro turno 2026 - agosto/setembro com Marcal,Renan Santos,5.568134252988338,hist_gradient_boosting_l2,2022
2026,Primeiro turno 2026 - agosto/setembro com Marcal,Romeu Zema,4.516256496248935,hist_gradient_boosting_l2,2022
2026,Primeiro turno 2026 - agosto/setembro com Marcal,Ronaldo Caiado,4.516256496248935,hist_gradient_boosting_l2,2022
2026,Primeiro turno 2026 - agosto/setembro com Marcal,Rui Costa Pimenta,4.516256496248935,hist_gradient_boosting_l2,2022
2026,Primeiro turno 2026 - agosto/setembro com Marcal,Samara Martins,4.516256496248935,hist_gradient_boosting_l2,2022
2026,Primeiro turno 2026 - agosto/setembro com Marcal,Wilson Grassi,4.516256496248935,hist_gradient_boosting_l2,2022
2026,Primeiro turno 2026 - agosto/setembro com Renan,Augusto Cury,4.950188047333758,hist_gradient_boosting_l2,2022
2026,Primeiro turno 2026 - agosto/setembro com Renan,Clariana Barão,4.362009905529637,hist_gradient_boosting_l2,2022
2026,Primeiro turno 2026 - agosto/setembro com Renan,Edmilson Costa,4.362009905529637,hist_gradient_boosting_l2,2022
2026,Primeiro turno 2026 - agosto/setembro com Renan,Flávio Bolsonaro,33.74348934057994,hist_gradient_boosting_l2,2022
2026,Primeiro turno 2026 - agosto/setembro com Renan,Hertz Dias,4.362009905529637,hist_gradient_boosting_l2,2022
2026,Primeiro turno 2026 - agosto/setembro com Renan,Lula,45.756788000952376,hist_gradient_boosting_l2,2022
2026,Primeiro turno 2026 - agosto/setembro com Renan,Renan Santos,6.481067207103492,hist_gradient_boosting_l2,2022
2026,Primeiro turno 2026 - agosto/setembro com Renan,Romeu Zema,4.449523352585224,hist_gradient_boosting_l2,2022
2026,Primeiro turno 2026 - agosto/setembro com Renan,Ronaldo Caiado,4.4715981072057875,hist_gradient_boosting_l2,2022
2026,Primeiro turno 2026 - agosto/setembro com Renan,Rui Costa Pimenta,4.351382948536225,hist_gradient_boosting_l2,2022
2026,Primeiro turno 2026 - agosto/setembro com Renan,Samara Martins,4.37642878435608,hist_gradient_boosting_l2,2022
2026,Primeiro turno 2026 - agosto/setembro com Renan,Wilson Grassi,4.362009905529637,hist_gradient_boosting_l2,2022
2026,Primeiro turno 2026 - alternativa com Tarcisio,Flávio Bolsonaro,30.73022973868057,hist_gradient_boosting_l2,2022
2026,Primeiro turno 2026 - alternativa com Tarcisio,Lula,42.82512341948245,hist_gradient_boosting_l2,2022
2026,Primeiro turno 2026 - alternativa com Tarcisio,Romeu Zema,2.9138770029790395,hist_gradient_boosting_l2,2022
2026,Primeiro turno 2026 - alternativa com Tarcisio,Ronaldo Caiado,3.0659338045868165,hist_gradient_boosting_l2,2022
2026,Primeiro turno 2026 - cenario reduzido,Lula,41.22060872517929,hist_gradient_boosting_l2,2022
2026,Primeiro turno 2026 - cenario reduzido,Romeu Zema,7.982878689536532,hist_gradient_boosting_l2,2022
2026,Primeiro turno 2026 - cenario reduzido,Ronaldo Caiado,8.286351440861333,hist_gradient_boosting_l2,2022
2026,Primeiro turno 2026 - oficial pos-TSE,Augusto Cury,3.962192591831329,hist_gradient_boosting_l2,2022
2026,Primeiro turno 2026 - oficial pos-TSE,Clariana Barão,4.30905154235178,hist_gradient_boosting_l2,2022
2026,Primeiro turno 2026 - oficial pos-TSE,Edmilson Costa,4.30905154235178,hist_gradient_boosting_l2,2022
2026,Primeiro turno 2026 - oficial pos-TSE,Flávio Bolsonaro,33.563123691967014,hist_gradient_boosting_l2,2022
2026,Primeiro turno 2026 - oficial pos-TSE,Hertz Dias,4.30905154235178,hist_gradient_boosting_l2,2022
2026,Primeiro turno 2026 - oficial pos-TSE,Lula,45.595200689313636,hist_gradient_boosting_l2,2022
2026,Primeiro turno 2026 - oficial pos-TSE,Renan Santos,3.962107814236059,hist_gradient_boosting_l2,2022
2026,Primeiro turno 2026 - oficial pos-TSE,Romeu Zema,3.9172501598455463,hist_gradient_boosting_l2,2022
2026,Primeiro turno 2026 - oficial pos-TSE,Ronaldo Caiado,3.9710725038033186,hist_gradient_boosting_l2,2022
2026,Primeiro turno 2026 - oficial pos-TSE,Rui Costa Pimenta,4.278045034934044,hist_gradient_boosting_l2,2022
2026,Primeiro turno 2026 - oficial pos-TSE,Samara Martins,3.8132900418512343,hist_gradient_boosting_l2,2022
2026,Primeiro turno 2026 - oficial pos-TSE,Wilson Grassi,4.30905154235178,hist_gradient_boosting_l2,2022
2026,Primeiro turno 2026 - reta final em votos validos,Augusto Cury,3.8830439478220127,hist_gradient_boosting_l2,2022
2026,Primeiro turno 2026 - reta final em votos validos,Flávio Bolsonaro,33.3424140586263,hist_gradient_boosting_l2,2022
2026,Primeiro turno 2026 - reta final em votos validos,Lula,47.25852682245335,hist_gradient_boosting_l2,2022
2026,Primeiro turno 2026 - reta final em votos validos,Renan Santos,3.8829591702267408,hist_gradient_boosting_l2,2022
2026,Primeiro turno 2026 - reta final em votos validos,Romeu Zema,3.844154982996492,hist_gradient_boosting_l2,2022
2026,Primeiro turno 2026 - reta final em votos validos,Ronaldo Caiado,3.8919238597939994,hist_gradient_boosting_l2,2022
2026,Primeiro turno 2026 - reta final em votos validos,Samara Martins,3.6981033189753574,hist_gradient_boosting_l2,2022
2026,Primeiro turno 2026 - 2025 com Freitas/Gomes,Flávio Bolsonaro,36.42469230769229,ada_boost,2022
2026,Primeiro turno 2026 - 2025 com Freitas/Gomes,Lula,42.611002444987975,ada_boost,2022
2026,Primeiro turno 2026 - 2025 com Freitas/Gomes,Romeu Zema,9.372999999999989,ada_boost,2022
2026,Primeiro turno 2026 - 2025 com Freitas/Gomes,Ronaldo Caiado,9.372999999999989,ada_boost,2022
2026,Primeiro turno 2026 - Lula vs Flavio,Augusto Cury,9.372999999999989,ada_boost,2022
2026,Primeiro turno 2026 - Lula vs Flavio,Flávio Bolsonaro,39.97005684112531,ada_boost,2022
2026,Primeiro turno 2026 - Lula vs Flavio,Lula,42.611002444987975,ada_boost,2022
2026,Primeiro turno 2026 - Lula vs Flavio,Romeu Zema,9.372999999999989,ada_boost,2022
2026,Primeiro turno 2026 - Lula vs Flavio,Ronaldo Caiado,9.372999999999989,ada_boost,2022
2026,Primeiro turno 2026 - Lula vs Flavio ampliado,Augusto Cury,9.372999999999989,ada_boost,2022
2026,Primeiro turno 2026 - Lula vs Flavio ampliado,Flávio Bolsonaro,38.90737668161448,ada_boost,2022
2026,Primeiro turno 2026 - Lula vs Flavio ampliado,Lula,43.20000000000003,ada_boost,2022
2026,Primeiro turno 2026 - Lula vs Flavio ampliado,Romeu Zema,9.372999999999989,ada_boost,2022
2026,Primeiro turno 2026 - Lula vs Flavio ampliado,Ronaldo Caiado,9.372999999999989,ada_boost,2022
2026,Primeiro turno 2026 - agosto/setembro com Marcal,Augusto Cury,10.085830784666237,ada_boost,2022
2026,Primeiro turno 2026 - agosto/setembro com Marcal,Clariana Barão,9.372999999999989,ada_boost,2022
2026,Primeiro turno 2026 - agosto/setembro com Marcal,Edmilson Costa,9.37299999999999,ada_boost,2022
2026,Primeiro turno 2026 - agosto/setembro com Marcal,Flávio Bolsonaro,37.86879452507634,ada_boost,2022
2026,Primeiro turno 2026 - agosto/setembro com Marcal,Hertz Dias,9.37299999999999,ada_boost,2022
2026,Primeiro turno 2026 - agosto/setembro com Marcal,Lula,42.611002444987975,ada_boost,2022
2026,Primeiro turno 2026 - agosto/setembro com Marcal,Pablo Marçal,9.372999999999989,ada_boost,2022
2026,Primeiro turno 2026 - agosto/setembro com Marcal,Renan Santos,9.372999999999989,ada_boost,2022
2026,Primeiro turno 2026 - agosto/setembro com Marcal,Romeu Zema,9.372999999999989,ada_boost,2022
2026,Primeiro turno 2026 - agosto/setembro com Marcal,Ronaldo Caiado,9.372999999999989,ada_boost,2022
2026,Primeiro turno 2026 - agosto/setembro com Marcal,Rui Costa Pimenta,9.372999999999989,ada_boost,2022
2026,Primeiro turno 2026 - agosto/setembro com Marcal,Samara Martins,9.372999999999989,ada_boost,2022
2026,Primeiro turno 2026 - agosto/setembro com Marcal,Wilson Grassi,9.372999999999989,ada_boost,2022
2026,Primeiro turno 2026 - agosto/setembro com Renan,Augusto Cury,9.372999999999989,ada_boost,2022
2026,Primeiro turno 2026 - agosto/setembro com Renan,Clariana Barão,9.372999999999989,ada_boost,2022
2026,Primeiro turno 2026 - agosto/setembro com Renan,Edmilson Costa,9.372999999999989,ada_boost,2022
2026,Primeiro turno 2026 - agosto/setembro com Renan,Flávio Bolsonaro,38.29478527607355,ada_boost,2022
2026,Primeiro turno 2026 - agosto/setembro com Renan,Hertz Dias,9.372999999999989,ada_boost,2022
2026,Primeiro turno 2026 - agosto/setembro com Renan,Lula,43.48317120223449,ada_boost,2022
2026,Primeiro turno 2026 - agosto/setembro com Renan,Renan Santos,9.372999999999989,ada_boost,2022
2026,Primeiro turno 2026 - agosto/setembro com Renan,Romeu Zema,9.372999999999989,ada_boost,2022
2026,Primeiro turno 2026 - agosto/setembro com Renan,Ronaldo Caiado,9.372999999999989,ada_boost,2022
2026,Primeiro turno 2026 - agosto/setembro com Renan,Rui Costa Pimenta,9.372999999999989,ada_boost,2022
2026,Primeiro turno 2026 - agosto/setembro com Renan,Samara Martins,9.372999999999989,ada_boost,2022
2026,Primeiro turno 2026 - agosto/setembro com Renan,Wilson Grassi,9.372999999999989,ada_boost,2022
2026,Primeiro turno 2026 - alternativa com Tarcisio,Flávio Bolsonaro,41.254065934065935,ada_boost,2022
2026,Primeiro turno 2026 - alternativa com Tarcisio,Lula,43.003692614770415,ada_boost,2022
2026,Primeiro turno 2026 - alternativa com Tarcisio,Romeu Zema,9.372999999999989,ada_boost,2022
2026,Primeiro turno 2026 - alternativa com Tarcisio,Ronaldo Caiado,9.372999999999989,ada_boost,2022
2026,Primeiro turno 2026 - cenario reduzido,Lula,42.983163716814225,ada_boost,2022
2026,Primeiro turno 2026 - cenario reduzido,Romeu Zema,13.653345195729509,ada_boost,2022
2026,Primeiro turno 2026 - cenario reduzido,Ronaldo Caiado,13.653345195729509,ada_boost,2022
2026,Primeiro turno 2026 - oficial pos-TSE,Augusto Cury,9.372999999999989,ada_boost,2022
2026,Primeiro turno 2026 - oficial pos-TSE,Clariana Barão,9.372999999999989,ada_boost,2022
2026,Primeiro turno 2026 - oficial pos-TSE,Edmilson Costa,9.372999999999989,ada_boost,2022
2026,Primeiro turno 2026 - oficial pos-TSE,Flávio Bolsonaro,38.29478527607355,ada_boost,2022
2026,Primeiro turno 2026 - oficial pos-TSE,Hertz Dias,9.372999999999989,ada_boost,2022
2026,Primeiro turno 2026 - oficial pos-TSE,Lula,44.009754957605594,ada_boost,2022
2026,Primeiro turno 2026 - oficial pos-TSE,Renan Santos,9.372999999999989,ada_boost,2022
2026,Primeiro turno 2026 - oficial pos-TSE,Romeu Zema,9.372999999999989,ada_boost,2022
2026,Primeiro turno 2026 - oficial pos-TSE,Ronaldo Caiado,9.372999999999989,ada_boost,2022
2026,Primeiro turno 2026 - oficial pos-TSE,Rui Costa Pimenta,9.372999999999989,ada_boost,2022
2026,Primeiro turno 2026 - oficial pos-TSE,Samara Martins,9.372999999999989,ada_boost,2022
2026,Primeiro turno 2026 - oficial pos-TSE,Wilson Grassi,9.372999999999989,ada_boost,2022
2026,Primeiro turno 2026 - reta final em votos validos,Augusto Cury,9.372999999999989,ada_boost,2022
2026,Primeiro turno 2026 - reta final em votos validos,Flávio Bolsonaro,38.29478527607355,ada_boost,2022
2026,Primeiro turno 2026 - reta final em votos validos,Lula,44.009754957605594,ada_boost,2022
2026,Primeiro turno 2026 - reta final em votos validos,Renan Santos,9.372999999999989,ada_boost,2022
2026,Primeiro turno 2026 - reta final em votos validos,Romeu Zema,9.372999999999989,ada_boost,2022
2026,Primeiro turno 2026 - reta final em votos validos,Ronaldo Caiado,9.372999999999989,ada_boost,2022
2026,Primeiro turno 2026 - reta final em votos validos,Samara Martins,9.372999999999989,ada_boost,2022
2026,Primeiro turno 2026 - 2025 com Freitas/Gomes,Flávio Bolsonaro,5.872841386041455,mlp_pequena,2022
2026,Primeiro turno 2026 - 2025 com Freitas/Gomes,Lula,24.4862997805644,mlp_pequena,2022
2026,Primeiro turno 2026 - 2025 com Freitas/Gomes,Romeu Zema,0.0,mlp_pequena,2022
2026,Primeiro turno 2026 - 2025 com Freitas/Gomes,Ronaldo Caiado,0.0,mlp_pequena,2022
2026,Primeiro turno 2026 - Lula vs Flavio,Augusto Cury,0.0,mlp_pequena,2022
2026,Primeiro turno 2026 - Lula vs Flavio,Flávio Bolsonaro,17.571145086461318,mlp_pequena,2022
2026,Primeiro turno 2026 - Lula vs Flavio,Lula,32.79530105978911,mlp_pequena,2022
2026,Primeiro turno 2026 - Lula vs Flavio,Romeu Zema,0.0,mlp_pequena,2022
2026,Primeiro turno 2026 - Lula vs Flavio,Ronaldo Caiado,0.0,mlp_pequena,2022
2026,Primeiro turno 2026 - Lula vs Flavio ampliado,Augusto Cury,0.0,mlp_pequena,2022
2026,Primeiro turno 2026 - Lula vs Flavio ampliado,Flávio Bolsonaro,16.240512969387385,mlp_pequena,2022
2026,Primeiro turno 2026 - Lula vs Flavio ampliado,Lula,33.159209327070236,mlp_pequena,2022
2026,Primeiro turno 2026 - Lula vs Flavio ampliado,Romeu Zema,0.0,mlp_pequena,2022
2026,Primeiro turno 2026 - Lula vs Flavio ampliado,Ronaldo Caiado,0.87779811111354,mlp_pequena,2022
2026,Primeiro turno 2026 - agosto/setembro com Marcal,Augusto Cury,0.0,mlp_pequena,2022
2026,Primeiro turno 2026 - agosto/setembro com Marcal,Clariana Barão,0.0,mlp_pequena,2022
2026,Primeiro turno 2026 - agosto/setembro com Marcal,Edmilson Costa,0.0,mlp_pequena,2022
2026,Primeiro turno 2026 - agosto/setembro com Marcal,Flávio Bolsonaro,11.165591204821572,mlp_pequena,2022
2026,Primeiro turno 2026 - agosto/setembro com Marcal,Hertz Dias,0.0,mlp_pequena,2022
2026,Primeiro turno 2026 - agosto/setembro com Marcal,Lula,26.352764010916438,mlp_pequena,2022
2026,Primeiro turno 2026 - agosto/setembro com Marcal,Pablo Marçal,0.0,mlp_pequena,2022
2026,Primeiro turno 2026 - agosto/setembro com Marcal,Renan Santos,0.0,mlp_pequena,2022
2026,Primeiro turno 2026 - agosto/setembro com Marcal,Romeu Zema,0.0,mlp_pequena,2022
2026,Primeiro turno 2026 - agosto/setembro com Marcal,Ronaldo Caiado,0.0,mlp_pequena,2022
2026,Primeiro turno 2026 - agosto/setembro com Marcal,Rui Costa Pimenta,0.0,mlp_pequena,2022
2026,Primeiro turno 2026 - agosto/setembro com Marcal,Samara Martins,0.0,mlp_pequena,2022
2026,Primeiro turno 2026 - agosto/setembro com Marcal,Wilson Grassi,0.0,mlp_pequena,2022
2026,Primeiro turno 2026 - agosto/setembro com Renan,Augusto Cury,0.0,mlp_pequena,2022
2026,Primeiro turno 2026 - agosto/setembro com Renan,Clariana Barão,0.0,mlp_pequena,2022
2026,Primeiro turno 2026 - agosto/setembro com Renan,Edmilson Costa,0.0,mlp_pequena,2022
2026,Primeiro turno 2026 - agosto/setembro com Renan,Flávio Bolsonaro,14.370929342975076,mlp_pequena,2022
2026,Primeiro turno 2026 - agosto/setembro com Renan,Hertz Dias,0.0,mlp_pequena,2022
2026,Primeiro turno 2026 - agosto/setembro com Renan,Lula,31.089699312090815,mlp_pequena,2022
2026,Primeiro turno 2026 - agosto/setembro com Renan,Renan Santos,0.0,mlp_pequena,2022
2026,Primeiro turno 2026 - agosto/setembro com Renan,Romeu Zema,0.0,mlp_pequena,2022
2026,Primeiro turno 2026 - agosto/setembro com Renan,Ronaldo Caiado,0.0,mlp_pequena,2022
2026,Primeiro turno 2026 - agosto/setembro com Renan,Rui Costa Pimenta,0.0,mlp_pequena,2022
2026,Primeiro turno 2026 - agosto/setembro com Renan,Samara Martins,0.0,mlp_pequena,2022
2026,Primeiro turno 2026 - agosto/setembro com Renan,Wilson Grassi,0.0,mlp_pequena,2022
2026,Primeiro turno 2026 - alternativa com Tarcisio,Flávio Bolsonaro,14.204147923517441,mlp_pequena,2022
2026,Primeiro turno 2026 - alternativa com Tarcisio,Lula,33.362777781333506,mlp_pequena,2022
2026,Primeiro turno 2026 - alternativa com Tarcisio,Romeu Zema,0.0,mlp_pequena,2022
2026,Primeiro turno 2026 - alternativa com Tarcisio,Ronaldo Caiado,0.0,mlp_pequena,2022
2026,Primeiro turno 2026 - cenario reduzido,Lula,23.22924638546167,mlp_pequena,2022
2026,Primeiro turno 2026 - cenario reduzido,Romeu Zema,0.0,mlp_pequena,2022
2026,Primeiro turno 2026 - cenario reduzido,Ronaldo Caiado,0.0,mlp_pequena,2022
2026,Primeiro turno 2026 - oficial pos-TSE,Augusto Cury,0.0,mlp_pequena,2022
2026,Primeiro turno 2026 - oficial pos-TSE,Clariana Barão,0.0,mlp_pequena,2022
2026,Primeiro turno 2026 - oficial pos-TSE,Edmilson Costa,0.0,mlp_pequena,2022
2026,Primeiro turno 2026 - oficial pos-TSE,Flávio Bolsonaro,14.55490174705886,mlp_pequena,2022
2026,Primeiro turno 2026 - oficial pos-TSE,Hertz Dias,0.0,mlp_pequena,2022
2026,Primeiro turno 2026 - oficial pos-TSE,Lula,29.5816039061483,mlp_pequena,2022
2026,Primeiro turno 2026 - oficial pos-TSE,Renan Santos,0.0,mlp_pequena,2022
2026,Primeiro turno 2026 - oficial pos-TSE,Romeu Zema,0.0,mlp_pequena,2022
2026,Primeiro turno 2026 - oficial pos-TSE,Ronaldo Caiado,0.0,mlp_pequena,2022
2026,Primeiro turno 2026 - oficial pos-TSE,Rui Costa Pimenta,0.0,mlp_pequena,2022
2026,Primeiro turno 2026 - oficial pos-TSE,Samara Martins,0.0,mlp_pequena,2022
2026,Primeiro turno 2026 - oficial pos-TSE,Wilson Grassi,0.0,mlp_pequena,2022
2026,Primeiro turno 2026 - reta final em votos validos,Augusto Cury,0.0,mlp_pequena,2022
2026,Primeiro turno 2026 - reta final em votos validos,Flávio Bolsonaro,14.41921772081457,mlp_pequena,2022
2026,Primeiro turno 2026 - reta final em votos validos,Lula,29.977084585308866,mlp_pequena,2022
2026,Primeiro turno 2026 - reta final em votos validos,Renan Santos,0.0,mlp_pequena,2022
2026,Primeiro turno 2026 - reta final em votos validos,Romeu Zema,0.0,mlp_pequena,2022
2026,Primeiro turno 2026 - reta final em votos validos,Ronaldo Caiado,0.0,mlp_pequena,2022
2026,Primeiro turno 2026 - reta final em votos validos,Samara Martins,0.0,mlp_pequena,2022
2026,Primeiro turno 2026 - 2025 com Freitas/Gomes,Flávio Bolsonaro,4.7722682731071835,mlp_media,2022
2026,Primeiro turno 2026 - 2025 com Freitas/Gomes,Lula,40.712000252248885,mlp_media,2022
2026,Primeiro turno 2026 - 2025 com Freitas/Gomes,Romeu Zema,0.0,mlp_media,2022
2026,Primeiro turno 2026 - 2025 com Freitas/Gomes,Ronaldo Caiado,0.0,mlp_media,2022
2026,Primeiro turno 2026 - Lula vs Flavio,Augusto Cury,15.09042626250475,mlp_media,2022
2026,Primeiro turno 2026 - Lula vs Flavio,Flávio Bolsonaro,14.803852504029935,mlp_media,2022
2026,Primeiro turno 2026 - Lula vs Flavio,Lula,40.917498643907976,mlp_media,2022
2026,Primeiro turno 2026 - Lula vs Flavio,Romeu Zema,15.383560586665594,mlp_media,2022
2026,Primeiro turno 2026 - Lula vs Flavio,Ronaldo Caiado,15.283385935768248,mlp_media,2022
2026,Primeiro turno 2026 - Lula vs Flavio ampliado,Augusto Cury,15.573262787524193,mlp_media,2022
2026,Primeiro turno 2026 - Lula vs Flavio ampliado,Flávio Bolsonaro,15.089319392222892,mlp_media,2022
2026,Primeiro turno 2026 - Lula vs Flavio ampliado,Lula,42.93916782069171,mlp_media,2022
2026,Primeiro turno 2026 - Lula vs Flavio ampliado,Romeu Zema,15.573262787524193,mlp_media,2022
2026,Primeiro turno 2026 - Lula vs Flavio ampliado,Ronaldo Caiado,15.69122020552993,mlp_media,2022
2026,Primeiro turno 2026 - agosto/setembro com Marcal,Augusto Cury,6.155426736312986,mlp_media,2022
2026,Primeiro turno 2026 - agosto/setembro com Marcal,Clariana Barão,6.829036202294007,mlp_media,2022
2026,Primeiro turno 2026 - agosto/setembro com Marcal,Edmilson Costa,7.61527599894852,mlp_media,2022
2026,Primeiro turno 2026 - agosto/setembro com Marcal,Flávio Bolsonaro,11.045623424341526,mlp_media,2022
2026,Primeiro turno 2026 - agosto/setembro com Marcal,Hertz Dias,7.61527599894852,mlp_media,2022
2026,Primeiro turno 2026 - agosto/setembro com Marcal,Lula,33.80170564461281,mlp_media,2022
2026,Primeiro turno 2026 - agosto/setembro com Marcal,Pablo Marçal,6.787590537639575,mlp_media,2022
2026,Primeiro turno 2026 - agosto/setembro com Marcal,Renan Santos,6.459734765475209,mlp_media,2022
2026,Primeiro turno 2026 - agosto/setembro com Marcal,Romeu Zema,6.769338624922121,mlp_media,2022
2026,Primeiro turno 2026 - agosto/setembro com Marcal,Ronaldo Caiado,6.7849029369199485,mlp_media,2022
2026,Primeiro turno 2026 - agosto/setembro com Marcal,Rui Costa Pimenta,6.825783562015917,mlp_media,2022
2026,Primeiro turno 2026 - agosto/setembro com Marcal,Samara Martins,6.810220336265803,mlp_media,2022
2026,Primeiro turno 2026 - agosto/setembro com Marcal,Wilson Grassi,6.837099004452888,mlp_media,2022
2026,Primeiro turno 2026 - agosto/setembro com Renan,Augusto Cury,9.544423873256187,mlp_media,2022
2026,Primeiro turno 2026 - agosto/setembro com Renan,Clariana Barão,6.007988379359169,mlp_media,2022
2026,Primeiro turno 2026 - agosto/setembro com Renan,Edmilson Costa,6.007988379359169,mlp_media,2022
2026,Primeiro turno 2026 - agosto/setembro com Renan,Flávio Bolsonaro,17.071534997920864,mlp_media,2022
2026,Primeiro turno 2026 - agosto/setembro com Renan,Hertz Dias,6.007988379359169,mlp_media,2022
2026,Primeiro turno 2026 - agosto/setembro com Renan,Lula,37.53205313190483,mlp_media,2022
2026,Primeiro turno 2026 - agosto/setembro com Renan,Renan Santos,9.36282633749799,mlp_media,2022
2026,Primeiro turno 2026 - agosto/setembro com Renan,Romeu Zema,9.732396487877095,mlp_media,2022
2026,Primeiro turno 2026 - agosto/setembro com Renan,Ronaldo Caiado,9.595942279983152,mlp_media,2022
2026,Primeiro turno 2026 - agosto/setembro com Renan,Rui Costa Pimenta,8.844610827876274,mlp_media,2022
2026,Primeiro turno 2026 - agosto/setembro com Renan,Samara Martins,14.632185864600547,mlp_media,2022
2026,Primeiro turno 2026 - agosto/setembro com Renan,Wilson Grassi,6.007988379359169,mlp_media,2022
2026,Primeiro turno 2026 - alternativa com Tarcisio,Flávio Bolsonaro,21.751527479820897,mlp_media,2022
2026,Primeiro turno 2026 - alternativa com Tarcisio,Lula,43.407507518583884,mlp_media,2022
2026,Primeiro turno 2026 - alternativa com Tarcisio,Romeu Zema,9.281356955879069,mlp_media,2022
2026,Primeiro turno 2026 - alternativa com Tarcisio,Ronaldo Caiado,9.151388369983119,mlp_media,2022
2026,Primeiro turno 2026 - cenario reduzido,Lula,42.67974403923871,mlp_media,2022
2026,Primeiro turno 2026 - cenario reduzido,Romeu Zema,0.0,mlp_media,2022
2026,Primeiro turno 2026 - cenario reduzido,Ronaldo Caiado,3.614668535373664,mlp_media,2022
2026,Primeiro turno 2026 - oficial pos-TSE,Augusto Cury,8.405556535802154,mlp_media,2022
2026,Primeiro turno 2026 - oficial pos-TSE,Clariana Barão,5.45139624172079,mlp_media,2022
2026,Primeiro turno 2026 - oficial pos-TSE,Edmilson Costa,5.45139624172079,mlp_media,2022
2026,Primeiro turno 2026 - oficial pos-TSE,Flávio Bolsonaro,20.808002721431983,mlp_media,2022
2026,Primeiro turno 2026 - oficial pos-TSE,Hertz Dias,5.45139624172079,mlp_media,2022
2026,Primeiro turno 2026 - oficial pos-TSE,Lula,35.75403986788824,mlp_media,2022
2026,Primeiro turno 2026 - oficial pos-TSE,Renan Santos,8.453665219716022,mlp_media,2022
2026,Primeiro turno 2026 - oficial pos-TSE,Romeu Zema,9.715755816471894,mlp_media,2022
2026,Primeiro turno 2026 - oficial pos-TSE,Ronaldo Caiado,8.498371566327585,mlp_media,2022
2026,Primeiro turno 2026 - oficial pos-TSE,Rui Costa Pimenta,7.313251681946338,mlp_media,2022
2026,Primeiro turno 2026 - oficial pos-TSE,Samara Martins,7.601273077613265,mlp_media,2022
2026,Primeiro turno 2026 - oficial pos-TSE,Wilson Grassi,5.45139624172079,mlp_media,2022
2026,Primeiro turno 2026 - reta final em votos validos,Augusto Cury,6.789245439291852,mlp_media,2022
2026,Primeiro turno 2026 - reta final em votos validos,Flávio Bolsonaro,20.656420753712506,mlp_media,2022
2026,Primeiro turno 2026 - reta final em votos validos,Lula,36.31343129411253,mlp_media,2022
2026,Primeiro turno 2026 - reta final em votos validos,Renan Santos,6.837354123205721,mlp_media,2022
2026,Primeiro turno 2026 - reta final em votos validos,Romeu Zema,7.945657541646188,mlp_media,2022
2026,Primeiro turno 2026 - reta final em votos validos,Ronaldo Caiado,6.882060469817282,mlp_media,2022
2026,Primeiro turno 2026 - reta final em votos validos,Samara Martins,7.588672722401463,mlp_media,2022
2026,Primeiro turno 2026 - 2025 com Freitas/Gomes,Flávio Bolsonaro,1.5190663092627668,mlp_profunda,2022
2026,Primeiro turno 2026 - 2025 com Freitas/Gomes,Lula,24.733270285770722,mlp_profunda,2022
2026,Primeiro turno 2026 - 2025 com Freitas/Gomes,Romeu Zema,1.2239757280118888,mlp_profunda,2022
2026,Primeiro turno 2026 - 2025 com Freitas/Gomes,Ronaldo Caiado,1.4406600959670637,mlp_profunda,2022
2026,Primeiro turno 2026 - Lula vs Flavio,Augusto Cury,2.9235095132835642,mlp_profunda,2022
2026,Primeiro turno 2026 - Lula vs Flavio,Flávio Bolsonaro,16.480345442275777,mlp_profunda,2022
2026,Primeiro turno 2026 - Lula vs Flavio,Lula,33.0232800450781,mlp_profunda,2022
2026,Primeiro turno 2026 - Lula vs Flavio,Romeu Zema,3.3973820851023007,mlp_profunda,2022
2026,Primeiro turno 2026 - Lula vs Flavio,Ronaldo Caiado,2.9867474118013253,mlp_profunda,2022
2026,Primeiro turno 2026 - Lula vs Flavio ampliado,Augusto Cury,3.0363217278556522,mlp_profunda,2022
2026,Primeiro turno 2026 - Lula vs Flavio ampliado,Flávio Bolsonaro,11.769915106280449,mlp_profunda,2022
2026,Primeiro turno 2026 - Lula vs Flavio ampliado,Lula,35.50690537848819,mlp_profunda,2022
2026,Primeiro turno 2026 - Lula vs Flavio ampliado,Romeu Zema,3.0363217278556522,mlp_profunda,2022
2026,Primeiro turno 2026 - Lula vs Flavio ampliado,Ronaldo Caiado,2.6368098440574625,mlp_profunda,2022
2026,Primeiro turno 2026 - agosto/setembro com Marcal,Augusto Cury,2.7695077194318234,mlp_profunda,2022
2026,Primeiro turno 2026 - agosto/setembro com Marcal,Clariana Barão,4.178593829627925,mlp_profunda,2022
2026,Primeiro turno 2026 - agosto/setembro com Marcal,Edmilson Costa,4.099277347812711,mlp_profunda,2022
2026,Primeiro turno 2026 - agosto/setembro com Marcal,Flávio Bolsonaro,9.892864753164291,mlp_profunda,2022
2026,Primeiro turno 2026 - agosto/setembro com Marcal,Hertz Dias,4.099277347812703,mlp_profunda,2022
2026,Primeiro turno 2026 - agosto/setembro com Marcal,Lula,28.446929445759736,mlp_profunda,2022
2026,Primeiro turno 2026 - agosto/setembro com Marcal,Pablo Marçal,3.9405342450492187,mlp_profunda,2022
2026,Primeiro turno 2026 - agosto/setembro com Marcal,Renan Santos,3.272543058973395,mlp_profunda,2022
2026,Primeiro turno 2026 - agosto/setembro com Marcal,Romeu Zema,3.907483167986864,mlp_profunda,2022
2026,Primeiro turno 2026 - agosto/setembro com Marcal,Ronaldo Caiado,3.9299303726892645,mlp_profunda,2022
2026,Primeiro turno 2026 - agosto/setembro com Marcal,Rui Costa Pimenta,4.1288725549279635,mlp_profunda,2022
2026,Primeiro turno 2026 - agosto/setembro com Marcal,Samara Martins,4.104825353067545,mlp_profunda,2022
2026,Primeiro turno 2026 - agosto/setembro com Marcal,Wilson Grassi,4.2095616451656035,mlp_profunda,2022
2026,Primeiro turno 2026 - agosto/setembro com Renan,Augusto Cury,4.213623846625315,mlp_profunda,2022
2026,Primeiro turno 2026 - agosto/setembro com Renan,Clariana Barão,4.27810242703154,mlp_profunda,2022
2026,Primeiro turno 2026 - agosto/setembro com Renan,Edmilson Costa,4.27810242703154,mlp_profunda,2022
2026,Primeiro turno 2026 - agosto/setembro com Renan,Flávio Bolsonaro,16.371342319495795,mlp_profunda,2022
2026,Primeiro turno 2026 - agosto/setembro com Renan,Hertz Dias,4.27810242703154,mlp_profunda,2022
2026,Primeiro turno 2026 - agosto/setembro com Renan,Lula,32.745917103547974,mlp_profunda,2022
2026,Primeiro turno 2026 - agosto/setembro com Renan,Renan Santos,3.366142063618537,mlp_profunda,2022
2026,Primeiro turno 2026 - agosto/setembro com Renan,Romeu Zema,4.077327876233625,mlp_profunda,2022
2026,Primeiro turno 2026 - agosto/setembro com Renan,Ronaldo Caiado,4.333327782715112,mlp_profunda,2022
2026,Primeiro turno 2026 - agosto/setembro com Renan,Rui Costa Pimenta,4.131355986946963,mlp_profunda,2022
2026,Primeiro turno 2026 - agosto/setembro com Renan,Samara Martins,3.9536157474350633,mlp_profunda,2022
2026,Primeiro turno 2026 - agosto/setembro com Renan,Wilson Grassi,4.27810242703154,mlp_profunda,2022
2026,Primeiro turno 2026 - alternativa com Tarcisio,Flávio Bolsonaro,16.207485790735255,mlp_profunda,2022
2026,Primeiro turno 2026 - alternativa com Tarcisio,Lula,35.60596394358653,mlp_profunda,2022
2026,Primeiro turno 2026 - alternativa com Tarcisio,Romeu Zema,1.5924799322887973,mlp_profunda,2022
2026,Primeiro turno 2026 - alternativa com Tarcisio,Ronaldo Caiado,1.5834350479433814,mlp_profunda,2022
2026,Primeiro turno 2026 - cenario reduzido,Lula,24.53227118659384,mlp_profunda,2022
2026,Primeiro turno 2026 - cenario reduzido,Romeu Zema,0.0,mlp_profunda,2022
2026,Primeiro turno 2026 - cenario reduzido,Ronaldo Caiado,0.0,mlp_profunda,2022
2026,Primeiro turno 2026 - oficial pos-TSE,Augusto Cury,3.5908328576370048,mlp_profunda,2022
2026,Primeiro turno 2026 - oficial pos-TSE,Clariana Barão,3.863466417087339,mlp_profunda,2022
2026,Primeiro turno 2026 - oficial pos-TSE,Edmilson Costa,3.863466417087339,mlp_profunda,2022
2026,Primeiro turno 2026 - oficial pos-TSE,Flávio Bolsonaro,21.60015446208172,mlp_profunda,2022
2026,Primeiro turno 2026 - oficial pos-TSE,Hertz Dias,3.863466417087339,mlp_profunda,2022
2026,Primeiro turno 2026 - oficial pos-TSE,Lula,31.417376608172507,mlp_profunda,2022
2026,Primeiro turno 2026 - oficial pos-TSE,Renan Santos,3.5353627170733835,mlp_profunda,2022
2026,Primeiro turno 2026 - oficial pos-TSE,Romeu Zema,3.832650530145368,mlp_profunda,2022
2026,Primeiro turno 2026 - oficial pos-TSE,Ronaldo Caiado,3.6362870508955742,mlp_profunda,2022
2026,Primeiro turno 2026 - oficial pos-TSE,Rui Costa Pimenta,4.663274880933736,mlp_profunda,2022
2026,Primeiro turno 2026 - oficial pos-TSE,Samara Martins,3.982303209897608,mlp_profunda,2022
2026,Primeiro turno 2026 - oficial pos-TSE,Wilson Grassi,3.863466417087339,mlp_profunda,2022
2026,Primeiro turno 2026 - reta final em votos validos,Augusto Cury,3.6515230807091603,mlp_profunda,2022
2026,Primeiro turno 2026 - reta final em votos validos,Flávio Bolsonaro,21.473537508890548,mlp_profunda,2022
2026,Primeiro turno 2026 - reta final em votos validos,Lula,31.526599516025804,mlp_profunda,2022
2026,Primeiro turno 2026 - reta final em votos validos,Renan Santos,3.601548158443291,mlp_profunda,2022
2026,Primeiro turno 2026 - reta final em votos validos,Romeu Zema,3.8950392508653793,mlp_profunda,2022
2026,Primeiro turno 2026 - reta final em votos validos,Ronaldo Caiado,3.6823477985254525,mlp_profunda,2022
2026,Primeiro turno 2026 - reta final em votos validos,Samara Martins,3.990445949669245,mlp_profunda,2022
2026,Primeiro turno 2026 - 2025 com Freitas/Gomes,Flávio Bolsonaro,8.13981156212498,mlp_larga,2022
2026,Primeiro turno 2026 - 2025 com Freitas/Gomes,Lula,38.053565156620984,mlp_larga,2022
2026,Primeiro turno 2026 - 2025 com Freitas/Gomes,Romeu Zema,4.592038695528831,mlp_larga,2022
2026,Primeiro turno 2026 - 2025 com Freitas/Gomes,Ronaldo Caiado,4.909739877048618,mlp_larga,2022
2026,Primeiro turno 2026 - Lula vs Flavio,Augusto Cury,12.293687218853337,mlp_larga,2022
2026,Primeiro turno 2026 - Lula vs Flavio,Flávio Bolsonaro,20.880432323518075,mlp_larga,2022
2026,Primeiro turno 2026 - Lula vs Flavio,Lula,40.49886264955055,mlp_larga,2022
2026,Primeiro turno 2026 - Lula vs Flavio,Romeu Zema,10.324723549417353,mlp_larga,2022
2026,Primeiro turno 2026 - Lula vs Flavio,Ronaldo Caiado,11.458120634548132,mlp_larga,2022
2026,Primeiro turno 2026 - Lula vs Flavio ampliado,Augusto Cury,7.192329480734484,mlp_larga,2022
2026,Primeiro turno 2026 - Lula vs Flavio ampliado,Flávio Bolsonaro,16.96024037362276,mlp_larga,2022
2026,Primeiro turno 2026 - Lula vs Flavio ampliado,Lula,36.019814722420165,mlp_larga,2022
2026,Primeiro turno 2026 - Lula vs Flavio ampliado,Romeu Zema,7.192329480734484,mlp_larga,2022
2026,Primeiro turno 2026 - Lula vs Flavio ampliado,Ronaldo Caiado,8.238919614336979,mlp_larga,2022
2026,Primeiro turno 2026 - agosto/setembro com Marcal,Augusto Cury,5.312881684853576,mlp_larga,2022
2026,Primeiro turno 2026 - agosto/setembro com Marcal,Clariana Barão,2.697332187938965,mlp_larga,2022
2026,Primeiro turno 2026 - agosto/setembro com Marcal,Edmilson Costa,3.3642742409646673,mlp_larga,2022
2026,Primeiro turno 2026 - agosto/setembro com Marcal,Flávio Bolsonaro,15.835263603758447,mlp_larga,2022
2026,Primeiro turno 2026 - agosto/setembro com Marcal,Hertz Dias,3.3642742409646673,mlp_larga,2022
2026,Primeiro turno 2026 - agosto/setembro com Marcal,Lula,38.100979115239504,mlp_larga,2022
2026,Primeiro turno 2026 - agosto/setembro com Marcal,Pablo Marçal,3.0675017696855025,mlp_larga,2022
2026,Primeiro turno 2026 - agosto/setembro com Marcal,Renan Santos,4.231804565494761,mlp_larga,2022
2026,Primeiro turno 2026 - agosto/setembro com Marcal,Romeu Zema,3.1125921836203427,mlp_larga,2022
2026,Primeiro turno 2026 - agosto/setembro com Marcal,Ronaldo Caiado,3.083124083320036,mlp_larga,2022
2026,Primeiro turno 2026 - agosto/setembro com Marcal,Rui Costa Pimenta,2.7891490108091994,mlp_larga,2022
2026,Primeiro turno 2026 - agosto/setembro com Marcal,Samara Martins,2.7900575275980475,mlp_larga,2022
2026,Primeiro turno 2026 - agosto/setembro com Marcal,Wilson Grassi,2.6579309238406488,mlp_larga,2022
2026,Primeiro turno 2026 - agosto/setembro com Renan,Augusto Cury,8.21263865658538,mlp_larga,2022
2026,Primeiro turno 2026 - agosto/setembro com Renan,Clariana Barão,2.959194744592979,mlp_larga,2022
2026,Primeiro turno 2026 - agosto/setembro com Renan,Edmilson Costa,2.959194744592979,mlp_larga,2022
2026,Primeiro turno 2026 - agosto/setembro com Renan,Flávio Bolsonaro,21.165295235639878,mlp_larga,2022
2026,Primeiro turno 2026 - agosto/setembro com Renan,Hertz Dias,2.959194744592979,mlp_larga,2022
2026,Primeiro turno 2026 - agosto/setembro com Renan,Lula,41.087068482314166,mlp_larga,2022
2026,Primeiro turno 2026 - agosto/setembro com Renan,Renan Santos,8.850820161160335,mlp_larga,2022
2026,Primeiro turno 2026 - agosto/setembro com Renan,Romeu Zema,7.200608438226169,mlp_larga,2022
2026,Primeiro turno 2026 - agosto/setembro com Renan,Ronaldo Caiado,7.612489313359126,mlp_larga,2022
2026,Primeiro turno 2026 - agosto/setembro com Renan,Rui Costa Pimenta,5.634530884042369,mlp_larga,2022
2026,Primeiro turno 2026 - agosto/setembro com Renan,Samara Martins,10.669877279396934,mlp_larga,2022
2026,Primeiro turno 2026 - agosto/setembro com Renan,Wilson Grassi,2.959194744592979,mlp_larga,2022
2026,Primeiro turno 2026 - alternativa com Tarcisio,Flávio Bolsonaro,21.410291548545146,mlp_larga,2022
2026,Primeiro turno 2026 - alternativa com Tarcisio,Lula,36.52989083811675,mlp_larga,2022
2026,Primeiro turno 2026 - alternativa com Tarcisio,Romeu Zema,5.962252783901662,mlp_larga,2022
2026,Primeiro turno 2026 - alternativa com Tarcisio,Ronaldo Caiado,6.217182555097233,mlp_larga,2022
2026,Primeiro turno 2026 - cenario reduzido,Lula,35.727617582399276,mlp_larga,2022
2026,Primeiro turno 2026 - cenario reduzido,Romeu Zema,7.791473356708969,mlp_larga,2022
2026,Primeiro turno 2026 - cenario reduzido,Ronaldo Caiado,7.565356122860419,mlp_larga,2022
2026,Primeiro turno 2026 - oficial pos-TSE,Augusto Cury,9.360355514451792,mlp_larga,2022
2026,Primeiro turno 2026 - oficial pos-TSE,Clariana Barão,5.349645887572307,mlp_larga,2022
2026,Primeiro turno 2026 - oficial pos-TSE,Edmilson Costa,5.349645887572307,mlp_larga,2022
2026,Primeiro turno 2026 - oficial pos-TSE,Flávio Bolsonaro,23.98660383747909,mlp_larga,2022
2026,Primeiro turno 2026 - oficial pos-TSE,Hertz Dias,5.349645887572307,mlp_larga,2022
2026,Primeiro turno 2026 - oficial pos-TSE,Lula,40.36182561645009,mlp_larga,2022
2026,Primeiro turno 2026 - oficial pos-TSE,Renan Santos,9.306383904384466,mlp_larga,2022
2026,Primeiro turno 2026 - oficial pos-TSE,Romeu Zema,9.357448254174708,mlp_larga,2022
2026,Primeiro turno 2026 - oficial pos-TSE,Ronaldo Caiado,9.328267305423937,mlp_larga,2022
2026,Primeiro turno 2026 - oficial pos-TSE,Rui Costa Pimenta,7.754194986047819,mlp_larga,2022
2026,Primeiro turno 2026 - oficial pos-TSE,Samara Martins,7.745358905168673,mlp_larga,2022
2026,Primeiro turno 2026 - oficial pos-TSE,Wilson Grassi,5.349645887572307,mlp_larga,2022
2026,Primeiro turno 2026 - reta final em votos validos,Augusto Cury,9.127971112961125,mlp_larga,2022
2026,Primeiro turno 2026 - reta final em votos validos,Flávio Bolsonaro,24.28378327135348,mlp_larga,2022
2026,Primeiro turno 2026 - reta final em votos validos,Lula,40.76047834942022,mlp_larga,2022
2026,Primeiro turno 2026 - reta final em votos validos,Renan Santos,9.076227059822292,mlp_larga,2022
2026,Primeiro turno 2026 - reta final em votos validos,Romeu Zema,9.118434654336802,mlp_larga,2022
2026,Primeiro turno 2026 - reta final em votos validos,Ronaldo Caiado,9.093234520097802,mlp_larga,2022
2026,Primeiro turno 2026 - reta final em votos validos,Samara Martins,7.778210761116468,mlp_larga,2022
2026,Primeiro turno 2026 - 2025 com Freitas/Gomes,Flávio Bolsonaro,31.554899942547248,voting_ia,2022
2026,Primeiro turno 2026 - 2025 com Freitas/Gomes,Lula,41.261781218087066,voting_ia,2022
2026,Primeiro turno 2026 - 2025 com Freitas/Gomes,Romeu Zema,3.80191538979988,voting_ia,2022
2026,Primeiro turno 2026 - 2025 com Freitas/Gomes,Ronaldo Caiado,4.526286350708921,voting_ia,2022
2026,Primeiro turno 2026 - Lula vs Flavio,Augusto Cury,3.6743248179549983,voting_ia,2022
2026,Primeiro turno 2026 - Lula vs Flavio,Flávio Bolsonaro,29.952125777344303,voting_ia,2022
2026,Primeiro turno 2026 - Lula vs Flavio,Lula,42.24765494175426,voting_ia,2022
2026,Primeiro turno 2026 - Lula vs Flavio,Romeu Zema,1.94446725161305,voting_ia,2022
2026,Primeiro turno 2026 - Lula vs Flavio,Ronaldo Caiado,2.7727618830817433,voting_ia,2022
2026,Primeiro turno 2026 - Lula vs Flavio ampliado,Augusto Cury,2.413968531495085,voting_ia,2022
2026,Primeiro turno 2026 - Lula vs Flavio ampliado,Flávio Bolsonaro,29.866209546432497,voting_ia,2022
2026,Primeiro turno 2026 - Lula vs Flavio ampliado,Lula,44.29643175736721,voting_ia,2022
2026,Primeiro turno 2026 - Lula vs Flavio ampliado,Romeu Zema,2.413968531495085,voting_ia,2022
2026,Primeiro turno 2026 - Lula vs Flavio ampliado,Ronaldo Caiado,2.9512477280330676,voting_ia,2022
2026,Primeiro turno 2026 - agosto/setembro com Marcal,Augusto Cury,5.768066879990568,voting_ia,2022
2026,Primeiro turno 2026 - agosto/setembro com Marcal,Clariana Barão,1.9734575797232068,voting_ia,2022
2026,Primeiro turno 2026 - agosto/setembro com Marcal,Edmilson Costa,2.1571112554726857,voting_ia,2022
2026,Primeiro turno 2026 - agosto/setembro com Marcal,Flávio Bolsonaro,30.187355580241544,voting_ia,2022
2026,Primeiro turno 2026 - agosto/setembro com Marcal,Hertz Dias,2.1571112554726857,voting_ia,2022
2026,Primeiro turno 2026 - agosto/setembro com Marcal,Lula,43.04838128758675,voting_ia,2022
2026,Primeiro turno 2026 - agosto/setembro com Marcal,Pablo Marçal,2.261155041138379,voting_ia,2022
2026,Primeiro turno 2026 - agosto/setembro com Marcal,Renan Santos,3.3197012295353603,voting_ia,2022
2026,Primeiro turno 2026 - agosto/setembro com Marcal,Romeu Zema,2.290752858376006,voting_ia,2022
2026,Primeiro turno 2026 - agosto/setembro com Marcal,Ronaldo Caiado,2.2617687158422886,voting_ia,2022
2026,Primeiro turno 2026 - agosto/setembro com Marcal,Rui Costa Pimenta,2.0313990993373006,voting_ia,2022
2026,Primeiro turno 2026 - agosto/setembro com Marcal,Samara Martins,2.0640204515344807,voting_ia,2022
2026,Primeiro turno 2026 - agosto/setembro com Marcal,Wilson Grassi,1.9346504093670822,voting_ia,2022
2026,Primeiro turno 2026 - agosto/setembro com Renan,Augusto Cury,3.0854520185174756,voting_ia,2022
2026,Primeiro turno 2026 - agosto/setembro com Renan,Clariana Barão,1.92891256282203,voting_ia,2022
2026,Primeiro turno 2026 - agosto/setembro com Renan,Edmilson Costa,1.92891256282203,voting_ia,2022
2026,Primeiro turno 2026 - agosto/setembro com Renan,Flávio Bolsonaro,31.3349677318721,voting_ia,2022
2026,Primeiro turno 2026 - agosto/setembro com Renan,Hertz Dias,1.92891256282203,voting_ia,2022
2026,Primeiro turno 2026 - agosto/setembro com Renan,Lula,43.6726346643565,voting_ia,2022
2026,Primeiro turno 2026 - agosto/setembro com Renan,Renan Santos,3.737133551554371,voting_ia,2022
2026,Primeiro turno 2026 - agosto/setembro com Renan,Romeu Zema,2.1662313149704673,voting_ia,2022
2026,Primeiro turno 2026 - agosto/setembro com Renan,Ronaldo Caiado,2.4803404487524228,voting_ia,2022
2026,Primeiro turno 2026 - agosto/setembro com Renan,Rui Costa Pimenta,2.006088105247568,voting_ia,2022
2026,Primeiro turno 2026 - agosto/setembro com Renan,Samara Martins,2.1146630347055733,voting_ia,2022
2026,Primeiro turno 2026 - agosto/setembro com Renan,Wilson Grassi,1.92891256282203,voting_ia,2022
2026,Primeiro turno 2026 - alternativa com Tarcisio,Flávio Bolsonaro,31.70150525007773,voting_ia,2022
2026,Primeiro turno 2026 - alternativa com Tarcisio,Lula,44.82638170182175,voting_ia,2022
2026,Primeiro turno 2026 - alternativa com Tarcisio,Romeu Zema,2.9027802130186338,voting_ia,2022
2026,Primeiro turno 2026 - alternativa com Tarcisio,Ronaldo Caiado,3.058142496549971,voting_ia,2022
2026,Primeiro turno 2026 - cenario reduzido,Lula,43.045864124739616,voting_ia,2022
2026,Primeiro turno 2026 - cenario reduzido,Romeu Zema,7.851781233272558,voting_ia,2022
2026,Primeiro turno 2026 - cenario reduzido,Ronaldo Caiado,8.705891975875792,voting_ia,2022
2026,Primeiro turno 2026 - oficial pos-TSE,Augusto Cury,2.6230126526089603,voting_ia,2022
2026,Primeiro turno 2026 - oficial pos-TSE,Clariana Barão,1.9256304833523608,voting_ia,2022
2026,Primeiro turno 2026 - oficial pos-TSE,Edmilson Costa,1.9256304833523608,voting_ia,2022
2026,Primeiro turno 2026 - oficial pos-TSE,Flávio Bolsonaro,32.773730362542736,voting_ia,2022
2026,Primeiro turno 2026 - oficial pos-TSE,Hertz Dias,1.9256304833523608,voting_ia,2022
2026,Primeiro turno 2026 - oficial pos-TSE,Lula,44.57967523882318,voting_ia,2022
2026,Primeiro turno 2026 - oficial pos-TSE,Renan Santos,2.6397813569976276,voting_ia,2022
2026,Primeiro turno 2026 - oficial pos-TSE,Romeu Zema,2.104619963872213,voting_ia,2022
2026,Primeiro turno 2026 - oficial pos-TSE,Ronaldo Caiado,2.5861139364437027,voting_ia,2022
2026,Primeiro turno 2026 - oficial pos-TSE,Rui Costa Pimenta,2.0053690414374956,voting_ia,2022
2026,Primeiro turno 2026 - oficial pos-TSE,Samara Martins,1.998701726077505,voting_ia,2022
2026,Primeiro turno 2026 - oficial pos-TSE,Wilson Grassi,1.9256304833523608,voting_ia,2022
2026,Primeiro turno 2026 - reta final em votos validos,Augusto Cury,2.598133332982198,voting_ia,2022
2026,Primeiro turno 2026 - reta final em votos validos,Flávio Bolsonaro,32.74319763978976,voting_ia,2022
2026,Primeiro turno 2026 - reta final em votos validos,Lula,44.5552814721275,voting_ia,2022
2026,Primeiro turno 2026 - reta final em votos validos,Renan Santos,2.6149333221514373,voting_ia,2022
2026,Primeiro turno 2026 - reta final em votos validos,Romeu Zema,2.076547630163215,voting_ia,2022
2026,Primeiro turno 2026 - reta final em votos validos,Ronaldo Caiado,2.561265901597512,voting_ia,2022
2026,Primeiro turno 2026 - reta final em votos validos,Samara Martins,1.9996954194262633,voting_ia,2022
2026,Primeiro turno 2026 - 2025 com Freitas/Gomes,Flávio Bolsonaro,39.19785390750599,stacking_ia,2022
2026,Primeiro turno 2026 - 2025 com Freitas/Gomes,Lula,42.505206619802195,stacking_ia,2022
2026,Primeiro turno 2026 - 2025 com Freitas/Gomes,Romeu Zema,2.780834713708869,stacking_ia,2022
2026,Primeiro turno 2026 - 2025 com Freitas/Gomes,Ronaldo Caiado,3.2261090202090514,stacking_ia,2022
2026,Primeiro turno 2026 - Lula vs Flavio,Augusto Cury,3.5220220802068987,stacking_ia,2022
2026,Primeiro turno 2026 - Lula vs Flavio,Flávio Bolsonaro,31.518786833566256,stacking_ia,2022
2026,Primeiro turno 2026 - Lula vs Flavio,Lula,43.21722805527916,stacking_ia,2022
2026,Primeiro turno 2026 - Lula vs Flavio,Romeu Zema,2.0558921477876817,stacking_ia,2022
2026,Primeiro turno 2026 - Lula vs Flavio,Ronaldo Caiado,2.495102287184978,stacking_ia,2022
2026,Primeiro turno 2026 - Lula vs Flavio ampliado,Augusto Cury,2.269750207599898,stacking_ia,2022
2026,Primeiro turno 2026 - Lula vs Flavio ampliado,Flávio Bolsonaro,31.01628131829002,stacking_ia,2022
2026,Primeiro turno 2026 - Lula vs Flavio ampliado,Lula,45.753295231861095,stacking_ia,2022
2026,Primeiro turno 2026 - Lula vs Flavio ampliado,Romeu Zema,2.269750207599898,stacking_ia,2022
2026,Primeiro turno 2026 - Lula vs Flavio ampliado,Ronaldo Caiado,2.557274374585961,stacking_ia,2022
2026,Primeiro turno 2026 - agosto/setembro com Marcal,Augusto Cury,5.606026476540898,stacking_ia,2022
2026,Primeiro turno 2026 - agosto/setembro com Marcal,Clariana Barão,2.0310181289750315,stacking_ia,2022
2026,Primeiro turno 2026 - agosto/setembro com Marcal,Edmilson Costa,2.112930780254739,stacking_ia,2022
2026,Primeiro turno 2026 - agosto/setembro com Marcal,Flávio Bolsonaro,31.437390255151456,stacking_ia,2022
2026,Primeiro turno 2026 - agosto/setembro com Marcal,Hertz Dias,2.112930780254739,stacking_ia,2022
2026,Primeiro turno 2026 - agosto/setembro com Marcal,Lula,44.25303059687374,stacking_ia,2022
2026,Primeiro turno 2026 - agosto/setembro com Marcal,Pablo Marçal,2.18426279242411,stacking_ia,2022
2026,Primeiro turno 2026 - agosto/setembro com Marcal,Renan Santos,2.9744083732670803,stacking_ia,2022
2026,Primeiro turno 2026 - agosto/setembro com Marcal,Romeu Zema,2.1852222617445283,stacking_ia,2022
2026,Primeiro turno 2026 - agosto/setembro com Marcal,Ronaldo Caiado,2.162884070544469,stacking_ia,2022
2026,Primeiro turno 2026 - agosto/setembro com Marcal,Rui Costa Pimenta,2.053634892387,stacking_ia,2022
2026,Primeiro turno 2026 - agosto/setembro com Marcal,Samara Martins,2.0845585324567675,stacking_ia,2022
2026,Primeiro turno 2026 - agosto/setembro com Marcal,Wilson Grassi,2.0080754868381825,stacking_ia,2022
2026,Primeiro turno 2026 - agosto/setembro com Renan,Augusto Cury,2.835217175472404,stacking_ia,2022
2026,Primeiro turno 2026 - agosto/setembro com Renan,Clariana Barão,1.9861347541428893,stacking_ia,2022
2026,Primeiro turno 2026 - agosto/setembro com Renan,Edmilson Costa,1.9861347541428893,stacking_ia,2022
2026,Primeiro turno 2026 - agosto/setembro com Renan,Flávio Bolsonaro,32.518247696202394,stacking_ia,2022
2026,Primeiro turno 2026 - agosto/setembro com Renan,Hertz Dias,1.9861347541428893,stacking_ia,2022
2026,Primeiro turno 2026 - agosto/setembro com Renan,Lula,44.615287558366056,stacking_ia,2022
2026,Primeiro turno 2026 - agosto/setembro com Renan,Renan Santos,3.391180764609878,stacking_ia,2022
2026,Primeiro turno 2026 - agosto/setembro com Renan,Romeu Zema,2.131405218728465,stacking_ia,2022
2026,Primeiro turno 2026 - agosto/setembro com Renan,Ronaldo Caiado,2.318939151872869,stacking_ia,2022
2026,Primeiro turno 2026 - agosto/setembro com Renan,Rui Costa Pimenta,2.019951499942641,stacking_ia,2022
2026,Primeiro turno 2026 - agosto/setembro com Renan,Samara Martins,2.0654444631458233,stacking_ia,2022
2026,Primeiro turno 2026 - agosto/setembro com Renan,Wilson Grassi,1.9861347541428893,stacking_ia,2022
2026,Primeiro turno 2026 - alternativa com Tarcisio,Flávio Bolsonaro,32.218206537992245,stacking_ia,2022
2026,Primeiro turno 2026 - alternativa com Tarcisio,Lula,45.844828908695995,stacking_ia,2022
2026,Primeiro turno 2026 - alternativa com Tarcisio,Romeu Zema,2.2491326721433467,stacking_ia,2022
2026,Primeiro turno 2026 - alternativa com Tarcisio,Ronaldo Caiado,2.34168800198171,stacking_ia,2022
2026,Primeiro turno 2026 - cenario reduzido,Lula,40.52805166111802,stacking_ia,2022
2026,Primeiro turno 2026 - cenario reduzido,Romeu Zema,5.0020237228683655,stacking_ia,2022
2026,Primeiro turno 2026 - cenario reduzido,Ronaldo Caiado,5.5338370740120135,stacking_ia,2022
2026,Primeiro turno 2026 - oficial pos-TSE,Augusto Cury,2.2484822527327415,stacking_ia,2022
2026,Primeiro turno 2026 - oficial pos-TSE,Clariana Barão,1.8844426587461243,stacking_ia,2022
2026,Primeiro turno 2026 - oficial pos-TSE,Edmilson Costa,1.8844426587461243,stacking_ia,2022
2026,Primeiro turno 2026 - oficial pos-TSE,Flávio Bolsonaro,34.20157182051158,stacking_ia,2022
2026,Primeiro turno 2026 - oficial pos-TSE,Hertz Dias,1.8844426587461243,stacking_ia,2022
2026,Primeiro turno 2026 - oficial pos-TSE,Lula,45.6147612224343,stacking_ia,2022
2026,Primeiro turno 2026 - oficial pos-TSE,Renan Santos,2.3109291619618695,stacking_ia,2022
2026,Primeiro turno 2026 - oficial pos-TSE,Romeu Zema,1.9888350525114573,stacking_ia,2022
2026,Primeiro turno 2026 - oficial pos-TSE,Ronaldo Caiado,2.2254396152681446,stacking_ia,2022
2026,Primeiro turno 2026 - oficial pos-TSE,Rui Costa Pimenta,1.9359097357098083,stacking_ia,2022
2026,Primeiro turno 2026 - oficial pos-TSE,Samara Martins,1.9214108900316884,stacking_ia,2022
2026,Primeiro turno 2026 - oficial pos-TSE,Wilson Grassi,1.8844426587461243,stacking_ia,2022
2026,Primeiro turno 2026 - reta final em votos validos,Augusto Cury,2.2329169702715497,stacking_ia,2022
2026,Primeiro turno 2026 - reta final em votos validos,Flávio Bolsonaro,34.1726891746214,stacking_ia,2022
2026,Primeiro turno 2026 - reta final em votos validos,Lula,45.6003397262383,stacking_ia,2022
2026,Primeiro turno 2026 - reta final em votos validos,Renan Santos,2.295437575075425,stacking_ia,2022
2026,Primeiro turno 2026 - reta final em votos validos,Romeu Zema,1.9709882216656478,stacking_ia,2022
2026,Primeiro turno 2026 - reta final em votos validos,Ronaldo Caiado,2.2099480283817003,stacking_ia,2022
2026,Primeiro turno 2026 - reta final em votos validos,Samara Martins,1.9219983575199162,stacking_ia,2022
2026,Primeiro turno 2026 - 2025 com Freitas/Gomes,Flávio Bolsonaro,31.326729237316318,voting_arvores_ia,2022
2026,Primeiro turno 2026 - 2025 com Freitas/Gomes,Lula,40.20671960145182,voting_arvores_ia,2022
2026,Primeiro turno 2026 - 2025 com Freitas/Gomes,Romeu Zema,6.328607365321176,voting_arvores_ia,2022
2026,Primeiro turno 2026 - 2025 com Freitas/Gomes,Ronaldo Caiado,6.976618678424454,voting_arvores_ia,2022
2026,Primeiro turno 2026 - Lula vs Flavio,Augusto Cury,7.056556858724423,voting_arvores_ia,2022
2026,Primeiro turno 2026 - Lula vs Flavio,Flávio Bolsonaro,32.97701296581868,voting_arvores_ia,2022
2026,Primeiro turno 2026 - Lula vs Flavio,Lula,41.97189874188054,voting_arvores_ia,2022
2026,Primeiro turno 2026 - Lula vs Flavio,Romeu Zema,5.972672364766777,voting_arvores_ia,2022
2026,Primeiro turno 2026 - Lula vs Flavio,Ronaldo Caiado,6.232956413877687,voting_arvores_ia,2022
2026,Primeiro turno 2026 - Lula vs Flavio ampliado,Augusto Cury,5.993585889016461,voting_arvores_ia,2022
2026,Primeiro turno 2026 - Lula vs Flavio ampliado,Flávio Bolsonaro,32.3071382244753,voting_arvores_ia,2022
2026,Primeiro turno 2026 - Lula vs Flavio ampliado,Lula,42.30951115115761,voting_arvores_ia,2022
2026,Primeiro turno 2026 - Lula vs Flavio ampliado,Romeu Zema,5.993585889016461,voting_arvores_ia,2022
2026,Primeiro turno 2026 - Lula vs Flavio ampliado,Ronaldo Caiado,6.145862068910648,voting_arvores_ia,2022
2026,Primeiro turno 2026 - agosto/setembro com Marcal,Augusto Cury,8.994121223387916,voting_arvores_ia,2022
2026,Primeiro turno 2026 - agosto/setembro com Marcal,Clariana Barão,5.986092907918122,voting_arvores_ia,2022
2026,Primeiro turno 2026 - agosto/setembro com Marcal,Edmilson Costa,5.992401628868201,voting_arvores_ia,2022
2026,Primeiro turno 2026 - agosto/setembro com Marcal,Flávio Bolsonaro,33.90148994422631,voting_arvores_ia,2022
2026,Primeiro turno 2026 - agosto/setembro com Marcal,Hertz Dias,5.992401628868201,voting_arvores_ia,2022
2026,Primeiro turno 2026 - agosto/setembro com Marcal,Lula,45.06167364878176,voting_arvores_ia,2022
2026,Primeiro turno 2026 - agosto/setembro com Marcal,Pablo Marçal,5.986331119207129,voting_arvores_ia,2022
2026,Primeiro turno 2026 - agosto/setembro com Marcal,Renan Santos,6.636998399652696,voting_arvores_ia,2022
2026,Primeiro turno 2026 - agosto/setembro com Marcal,Romeu Zema,5.986735411764178,voting_arvores_ia,2022
2026,Primeiro turno 2026 - agosto/setembro com Marcal,Ronaldo Caiado,5.986331119207129,voting_arvores_ia,2022
2026,Primeiro turno 2026 - agosto/setembro com Marcal,Rui Costa Pimenta,5.986092907918122,voting_arvores_ia,2022
2026,Primeiro turno 2026 - agosto/setembro com Marcal,Samara Martins,5.986092907918122,voting_arvores_ia,2022
2026,Primeiro turno 2026 - agosto/setembro com Marcal,Wilson Grassi,5.986092907918122,voting_arvores_ia,2022
2026,Primeiro turno 2026 - agosto/setembro com Renan,Augusto Cury,6.441595847302505,voting_arvores_ia,2022
2026,Primeiro turno 2026 - agosto/setembro com Renan,Clariana Barão,5.95801691637763,voting_arvores_ia,2022
2026,Primeiro turno 2026 - agosto/setembro com Renan,Edmilson Costa,5.95801691637763,voting_arvores_ia,2022
2026,Primeiro turno 2026 - agosto/setembro com Renan,Flávio Bolsonaro,34.54786700267226,voting_arvores_ia,2022
2026,Primeiro turno 2026 - agosto/setembro com Renan,Hertz Dias,5.95801691637763,voting_arvores_ia,2022
2026,Primeiro turno 2026 - agosto/setembro com Renan,Lula,45.50765062634231,voting_arvores_ia,2022
2026,Primeiro turno 2026 - agosto/setembro com Renan,Renan Santos,7.283662851528465,voting_arvores_ia,2022
2026,Primeiro turno 2026 - agosto/setembro com Renan,Romeu Zema,6.004126436788183,voting_arvores_ia,2022
2026,Primeiro turno 2026 - agosto/setembro com Renan,Ronaldo Caiado,6.0751382215502305,voting_arvores_ia,2022
2026,Primeiro turno 2026 - agosto/setembro com Renan,Rui Costa Pimenta,5.9631187615387855,voting_arvores_ia,2022
2026,Primeiro turno 2026 - agosto/setembro com Renan,Samara Martins,5.968015176077804,voting_arvores_ia,2022
2026,Primeiro turno 2026 - agosto/setembro com Renan,Wilson Grassi,5.95801691637763,voting_arvores_ia,2022
2026,Primeiro turno 2026 - alternativa com Tarcisio,Flávio Bolsonaro,32.558772073460325,voting_arvores_ia,2022
2026,Primeiro turno 2026 - alternativa com Tarcisio,Lula,42.213636567824274,voting_arvores_ia,2022
2026,Primeiro turno 2026 - alternativa com Tarcisio,Romeu Zema,5.760565382812192,voting_arvores_ia,2022
2026,Primeiro turno 2026 - alternativa com Tarcisio,Ronaldo Caiado,5.777703392071449,voting_arvores_ia,2022
2026,Primeiro turno 2026 - cenario reduzido,Lula,40.96702839094175,voting_arvores_ia,2022
2026,Primeiro turno 2026 - cenario reduzido,Romeu Zema,8.480713732800735,voting_arvores_ia,2022
2026,Primeiro turno 2026 - cenario reduzido,Ronaldo Caiado,8.64727891284705,voting_arvores_ia,2022
2026,Primeiro turno 2026 - oficial pos-TSE,Augusto Cury,6.077805381407861,voting_arvores_ia,2022
2026,Primeiro turno 2026 - oficial pos-TSE,Clariana Barão,6.0077569417798005,voting_arvores_ia,2022
2026,Primeiro turno 2026 - oficial pos-TSE,Edmilson Costa,6.0077569417798005,voting_arvores_ia,2022
2026,Primeiro turno 2026 - oficial pos-TSE,Flávio Bolsonaro,34.95355492445132,voting_arvores_ia,2022
2026,Primeiro turno 2026 - oficial pos-TSE,Hertz Dias,6.0077569417798005,voting_arvores_ia,2022
2026,Primeiro turno 2026 - oficial pos-TSE,Lula,45.75989562024729,voting_arvores_ia,2022
2026,Primeiro turno 2026 - oficial pos-TSE,Renan Santos,6.1179599693254625,voting_arvores_ia,2022
2026,Primeiro turno 2026 - oficial pos-TSE,Romeu Zema,6.025305617830362,voting_arvores_ia,2022
2026,Primeiro turno 2026 - oficial pos-TSE,Ronaldo Caiado,6.0742778482431525,voting_arvores_ia,2022
2026,Primeiro turno 2026 - oficial pos-TSE,Rui Costa Pimenta,6.019314870947215,voting_arvores_ia,2022
2026,Primeiro turno 2026 - oficial pos-TSE,Samara Martins,6.019154840312824,voting_arvores_ia,2022
2026,Primeiro turno 2026 - oficial pos-TSE,Wilson Grassi,6.0077569417798005,voting_arvores_ia,2022
2026,Primeiro turno 2026 - reta final em votos validos,Augusto Cury,6.076780671453875,voting_arvores_ia,2022
2026,Primeiro turno 2026 - reta final em votos validos,Flávio Bolsonaro,34.97605573482484,voting_arvores_ia,2022
2026,Primeiro turno 2026 - reta final em votos validos,Lula,45.7528412120252,voting_arvores_ia,2022
2026,Primeiro turno 2026 - reta final em votos validos,Renan Santos,6.117190353596436,voting_arvores_ia,2022
2026,Primeiro turno 2026 - reta final em votos validos,Romeu Zema,6.024940763594339,voting_arvores_ia,2022
2026,Primeiro turno 2026 - reta final em votos validos,Ronaldo Caiado,6.073607573343181,voting_arvores_ia,2022
2026,Primeiro turno 2026 - reta final em votos validos,Samara Martins,6.013437789744456,voting_arvores_ia,2022
2026,Primeiro turno 2026 - 2025 com Freitas/Gomes,Flávio Bolsonaro,38.221596117353926,stacking_arvores_ia,2022
2026,Primeiro turno 2026 - 2025 com Freitas/Gomes,Lula,43.44791122392732,stacking_arvores_ia,2022
2026,Primeiro turno 2026 - 2025 com Freitas/Gomes,Romeu Zema,10.600231136782693,stacking_arvores_ia,2022
2026,Primeiro turno 2026 - 2025 com Freitas/Gomes,Ronaldo Caiado,11.177101355546984,stacking_arvores_ia,2022
2026,Primeiro turno 2026 - Lula vs Flavio,Augusto Cury,10.494157102853807,stacking_arvores_ia,2022
2026,Primeiro turno 2026 - Lula vs Flavio,Flávio Bolsonaro,34.963544400915886,stacking_arvores_ia,2022
2026,Primeiro turno 2026 - Lula vs Flavio,Lula,44.30655391266699,stacking_arvores_ia,2022
2026,Primeiro turno 2026 - Lula vs Flavio,Romeu Zema,9.377799883423558,stacking_arvores_ia,2022
2026,Primeiro turno 2026 - Lula vs Flavio,Ronaldo Caiado,9.431217747455255,stacking_arvores_ia,2022
2026,Primeiro turno 2026 - Lula vs Flavio ampliado,Augusto Cury,9.5281702866456,stacking_arvores_ia,2022
2026,Primeiro turno 2026 - Lula vs Flavio ampliado,Flávio Bolsonaro,33.63219507438682,stacking_arvores_ia,2022
2026,Primeiro turno 2026 - Lula vs Flavio ampliado,Lula,44.494024770229466,stacking_arvores_ia,2022
2026,Primeiro turno 2026 - Lula vs Flavio ampliado,Romeu Zema,9.5281702866456,stacking_arvores_ia,2022
2026,Primeiro turno 2026 - Lula vs Flavio ampliado,Ronaldo Caiado,9.679585337011673,stacking_arvores_ia,2022
2026,Primeiro turno 2026 - agosto/setembro com Marcal,Augusto Cury,12.06643428757553,stacking_arvores_ia,2022
2026,Primeiro turno 2026 - agosto/setembro com Marcal,Clariana Barão,8.91495882984249,stacking_arvores_ia,2022
2026,Primeiro turno 2026 - agosto/setembro com Marcal,Edmilson Costa,8.922819966018892,stacking_arvores_ia,2022
2026,Primeiro turno 2026 - agosto/setembro com Marcal,Flávio Bolsonaro,35.352776536458755,stacking_arvores_ia,2022
2026,Primeiro turno 2026 - agosto/setembro com Marcal,Hertz Dias,8.922819966018892,stacking_arvores_ia,2022
2026,Primeiro turno 2026 - agosto/setembro com Marcal,Lula,46.907835390562866,stacking_arvores_ia,2022
2026,Primeiro turno 2026 - agosto/setembro com Marcal,Pablo Marçal,8.914531348497722,stacking_arvores_ia,2022
2026,Primeiro turno 2026 - agosto/setembro com Marcal,Renan Santos,9.50037393061973,stacking_arvores_ia,2022
2026,Primeiro turno 2026 - agosto/setembro com Marcal,Romeu Zema,8.915743665122374,stacking_arvores_ia,2022
2026,Primeiro turno 2026 - agosto/setembro com Marcal,Ronaldo Caiado,8.914531348497722,stacking_arvores_ia,2022
2026,Primeiro turno 2026 - agosto/setembro com Marcal,Rui Costa Pimenta,8.91495882984249,stacking_arvores_ia,2022
2026,Primeiro turno 2026 - agosto/setembro com Marcal,Samara Martins,8.91495882984249,stacking_arvores_ia,2022
2026,Primeiro turno 2026 - agosto/setembro com Marcal,Wilson Grassi,8.91495882984249,stacking_arvores_ia,2022
2026,Primeiro turno 2026 - agosto/setembro com Renan,Augusto Cury,9.276463988076186,stacking_arvores_ia,2022
2026,Primeiro turno 2026 - agosto/setembro com Renan,Clariana Barão,8.834052262882837,stacking_arvores_ia,2022
2026,Primeiro turno 2026 - agosto/setembro com Renan,Edmilson Costa,8.834052262882837,stacking_arvores_ia,2022
2026,Primeiro turno 2026 - agosto/setembro com Renan,Flávio Bolsonaro,36.40297774973819,stacking_arvores_ia,2022
2026,Primeiro turno 2026 - agosto/setembro com Renan,Hertz Dias,8.834052262882837,stacking_arvores_ia,2022
2026,Primeiro turno 2026 - agosto/setembro com Renan,Lula,47.40770267773659,stacking_arvores_ia,2022
2026,Primeiro turno 2026 - agosto/setembro com Renan,Renan Santos,10.398038742416341,stacking_arvores_ia,2022
2026,Primeiro turno 2026 - agosto/setembro com Renan,Romeu Zema,8.930780209438975,stacking_arvores_ia,2022
2026,Primeiro turno 2026 - agosto/setembro com Renan,Ronaldo Caiado,8.94332136600153,stacking_arvores_ia,2022
2026,Primeiro turno 2026 - agosto/setembro com Renan,Rui Costa Pimenta,8.853817003560627,stacking_arvores_ia,2022
2026,Primeiro turno 2026 - agosto/setembro com Renan,Samara Martins,8.831078597758612,stacking_arvores_ia,2022
2026,Primeiro turno 2026 - agosto/setembro com Renan,Wilson Grassi,8.834052262882837,stacking_arvores_ia,2022
2026,Primeiro turno 2026 - alternativa com Tarcisio,Flávio Bolsonaro,33.41341882688387,stacking_arvores_ia,2022
2026,Primeiro turno 2026 - alternativa com Tarcisio,Lula,44.07506191975617,stacking_arvores_ia,2022
2026,Primeiro turno 2026 - alternativa com Tarcisio,Romeu Zema,9.252404754355261,stacking_arvores_ia,2022
2026,Primeiro turno 2026 - alternativa com Tarcisio,Ronaldo Caiado,9.254132532242837,stacking_arvores_ia,2022
2026,Primeiro turno 2026 - cenario reduzido,Lula,42.88318226150342,stacking_arvores_ia,2022
2026,Primeiro turno 2026 - cenario reduzido,Romeu Zema,11.02082034241559,stacking_arvores_ia,2022
2026,Primeiro turno 2026 - cenario reduzido,Ronaldo Caiado,11.01459441583543,stacking_arvores_ia,2022
2026,Primeiro turno 2026 - oficial pos-TSE,Augusto Cury,8.747003778444078,stacking_arvores_ia,2022
2026,Primeiro turno 2026 - oficial pos-TSE,Clariana Barão,8.742581615841381,stacking_arvores_ia,2022
2026,Primeiro turno 2026 - oficial pos-TSE,Edmilson Costa,8.742581615841381,stacking_arvores_ia,2022
2026,Primeiro turno 2026 - oficial pos-TSE,Flávio Bolsonaro,36.76969351262654,stacking_arvores_ia,2022
2026,Primeiro turno 2026 - oficial pos-TSE,Hertz Dias,8.742581615841381,stacking_arvores_ia,2022
2026,Primeiro turno 2026 - oficial pos-TSE,Lula,47.41850532047515,stacking_arvores_ia,2022
2026,Primeiro turno 2026 - oficial pos-TSE,Renan Santos,8.78496908802258,stacking_arvores_ia,2022
2026,Primeiro turno 2026 - oficial pos-TSE,Romeu Zema,8.728405044226514,stacking_arvores_ia,2022
2026,Primeiro turno 2026 - oficial pos-TSE,Ronaldo Caiado,8.740156663336771,stacking_arvores_ia,2022
2026,Primeiro turno 2026 - oficial pos-TSE,Rui Costa Pimenta,8.77119996684825,stacking_arvores_ia,2022
2026,Primeiro turno 2026 - oficial pos-TSE,Samara Martins,8.70436510233138,stacking_arvores_ia,2022
2026,Primeiro turno 2026 - oficial pos-TSE,Wilson Grassi,8.742581615841381,stacking_arvores_ia,2022
2026,Primeiro turno 2026 - reta final em votos validos,Augusto Cury,8.741484216954749,stacking_arvores_ia,2022
2026,Primeiro turno 2026 - reta final em votos validos,Flávio Bolsonaro,36.80157037996884,stacking_arvores_ia,2022
2026,Primeiro turno 2026 - reta final em votos validos,Lula,47.39921436971087,stacking_arvores_ia,2022
2026,Primeiro turno 2026 - reta final em votos validos,Renan Santos,8.779214876262152,stacking_arvores_ia,2022
2026,Primeiro turno 2026 - reta final em votos validos,Romeu Zema,8.725863504938378,stacking_arvores_ia,2022
2026,Primeiro turno 2026 - reta final em votos validos,Ronaldo Caiado,8.734779563780561,stacking_arvores_ia,2022
2026,Primeiro turno 2026 - reta final em votos validos,Samara Martins,8.689867012137816,stacking_arvores_ia,2022
