ano_eleicao,turno,instituto,data_texto_original,amostra_texto_original,cenario,candidato,percentual_total,brancos_nulos_indecisos_texto,fonte
2026,1,Datafolha,8–10 Sep 2026,2002,wikipedia_tabela_2,Lula,39.0,10,https://en.wikipedia.org/wiki/Opinion_polling_for_the_2026_Brazilian_presidential_election
2026,1,Datafolha,8–10 Sep 2026,2002,wikipedia_tabela_2,Flávio Bolsonaro,35.0,10,https://en.wikipedia.org/wiki/Opinion_polling_for_the_2026_Brazilian_presidential_election
2026,1,Datafolha,8–10 Sep 2026,2002,wikipedia_tabela_2,Augusto Cury,6.0,10,https://en.wikipedia.org/wiki/Opinion_polling_for_the_2026_Brazilian_presidential_election
2026,1,Datafolha,8–10 Sep 2026,2002,wikipedia_tabela_2,Ronaldo Caiado,4.0,10,https://en.wikipedia.org/wiki/Opinion_polling_for_the_2026_Brazilian_presidential_election
2026,1,Datafolha,8–10 Sep 2026,2002,wikipedia_tabela_2,Romeu Zema,2.0,10,https://en.wikipedia.org/wiki/Opinion_polling_for_the_2026_Brazilian_presidential_election
2026,1,Futura,4–10 Sep 2026,2000,wikipedia_tabela_2,Lula,39.2,8.3,https://en.wikipedia.org/wiki/Opinion_polling_for_the_2026_Brazilian_presidential_election
2026,1,Futura,4–10 Sep 2026,2000,wikipedia_tabela_2,Flávio Bolsonaro,33.6,8.3,https://en.wikipedia.org/wiki/Opinion_polling_for_the_2026_Brazilian_presidential_election
2026,1,Futura,4–10 Sep 2026,2000,wikipedia_tabela_2,Augusto Cury,6.4,8.3,https://en.wikipedia.org/wiki/Opinion_polling_for_the_2026_Brazilian_presidential_election
2026,1,Futura,4–10 Sep 2026,2000,wikipedia_tabela_2,Ronaldo Caiado,4.4,8.3,https://en.wikipedia.org/wiki/Opinion_polling_for_the_2026_Brazilian_presidential_election
2026,1,Futura,4–10 Sep 2026,2000,wikipedia_tabela_2,Romeu Zema,0.7,8.3,https://en.wikipedia.org/wiki/Opinion_polling_for_the_2026_Brazilian_presidential_election
2026,1,PoderData,6–9 Sep 2026,3000,wikipedia_tabela_2,Lula,38.0,4,https://en.wikipedia.org/wiki/Opinion_polling_for_the_2026_Brazilian_presidential_election
2026,1,PoderData,6–9 Sep 2026,3000,wikipedia_tabela_2,Flávio Bolsonaro,36.0,4,https://en.wikipedia.org/wiki/Opinion_polling_for_the_2026_Brazilian_presidential_election
2026,1,PoderData,6–9 Sep 2026,3000,wikipedia_tabela_2,Augusto Cury,10.0,4,https://en.wikipedia.org/wiki/Opinion_polling_for_the_2026_Brazilian_presidential_election
2026,1,PoderData,6–9 Sep 2026,3000,wikipedia_tabela_2,Ronaldo Caiado,2.0,4,https://en.wikipedia.org/wiki/Opinion_polling_for_the_2026_Brazilian_presidential_election
2026,1,PoderData,6–9 Sep 2026,3000,wikipedia_tabela_2,Romeu Zema,1.0,4,https://en.wikipedia.org/wiki/Opinion_polling_for_the_2026_Brazilian_presidential_election
2026,1,AtlasIntel,4–9 Sep 2026,5000,wikipedia_tabela_2,Lula,43.0,1,https://en.wikipedia.org/wiki/Opinion_polling_for_the_2026_Brazilian_presidential_election
2026,1,AtlasIntel,4–9 Sep 2026,5000,wikipedia_tabela_2,Flávio Bolsonaro,37.4,1,https://en.wikipedia.org/wiki/Opinion_polling_for_the_2026_Brazilian_presidential_election
2026,1,AtlasIntel,4–9 Sep 2026,5000,wikipedia_tabela_2,Augusto Cury,6.6,1,https://en.wikipedia.org/wiki/Opinion_polling_for_the_2026_Brazilian_presidential_election
2026,1,AtlasIntel,4–9 Sep 2026,5000,wikipedia_tabela_2,Ronaldo Caiado,1.1,1,https://en.wikipedia.org/wiki/Opinion_polling_for_the_2026_Brazilian_presidential_election
2026,1,AtlasIntel,4–9 Sep 2026,5000,wikipedia_tabela_2,Romeu Zema,2.1,1,https://en.wikipedia.org/wiki/Opinion_polling_for_the_2026_Brazilian_presidential_election
2026,1,Palver,4–7 Sep 2026,5000,wikipedia_tabela_2,Lula,40.0,2,https://en.wikipedia.org/wiki/Opinion_polling_for_the_2026_Brazilian_presidential_election
2026,1,Palver,4–7 Sep 2026,5000,wikipedia_tabela_2,Flávio Bolsonaro,39.0,2,https://en.wikipedia.org/wiki/Opinion_polling_for_the_2026_Brazilian_presidential_election
2026,1,Palver,4–7 Sep 2026,5000,wikipedia_tabela_2,Augusto Cury,4.0,2,https://en.wikipedia.org/wiki/Opinion_polling_for_the_2026_Brazilian_presidential_election
2026,1,Palver,4–7 Sep 2026,5000,wikipedia_tabela_2,Ronaldo Caiado,1.0,2,https://en.wikipedia.org/wiki/Opinion_polling_for_the_2026_Brazilian_presidential_election
2026,1,Palver,4–7 Sep 2026,5000,wikipedia_tabela_2,Romeu Zema,1.0,2,https://en.wikipedia.org/wiki/Opinion_polling_for_the_2026_Brazilian_presidential_election
2026,1,Ideia,4–7 Sep 2026,1500,wikipedia_tabela_2,Lula,38.4,5.3,https://en.wikipedia.org/wiki/Opinion_polling_for_the_2026_Brazilian_presidential_election
2026,1,Ideia,4–7 Sep 2026,1500,wikipedia_tabela_2,Flávio Bolsonaro,37.3,5.3,https://en.wikipedia.org/wiki/Opinion_polling_for_the_2026_Brazilian_presidential_election
2026,1,Ideia,4–7 Sep 2026,1500,wikipedia_tabela_2,Augusto Cury,6.6,5.3,https://en.wikipedia.org/wiki/Opinion_polling_for_the_2026_Brazilian_presidential_election
2026,1,Ideia,4–7 Sep 2026,1500,wikipedia_tabela_2,Ronaldo Caiado,4.0,5.3,https://en.wikipedia.org/wiki/Opinion_polling_for_the_2026_Brazilian_presidential_election
2026,1,Ideia,4–7 Sep 2026,1500,wikipedia_tabela_2,Romeu Zema,1.5,5.3,https://en.wikipedia.org/wiki/Opinion_polling_for_the_2026_Brazilian_presidential_election
2026,1,Nexus,4–7 Sep 2026,2002,wikipedia_tabela_2,Lula,39.0,5,https://en.wikipedia.org/wiki/Opinion_polling_for_the_2026_Brazilian_presidential_election
2026,1,Nexus,4–7 Sep 2026,2002,wikipedia_tabela_2,Flávio Bolsonaro,35.0,5,https://en.wikipedia.org/wiki/Opinion_polling_for_the_2026_Brazilian_presidential_election
2026,1,Nexus,4–7 Sep 2026,2002,wikipedia_tabela_2,Augusto Cury,9.0,5,https://en.wikipedia.org/wiki/Opinion_polling_for_the_2026_Brazilian_presidential_election
2026,1,Nexus,4–7 Sep 2026,2002,wikipedia_tabela_2,Ronaldo Caiado,4.0,5,https://en.wikipedia.org/wiki/Opinion_polling_for_the_2026_Brazilian_presidential_election
2026,1,Nexus,4–7 Sep 2026,2002,wikipedia_tabela_2,Romeu Zema,1.0,5,https://en.wikipedia.org/wiki/Opinion_polling_for_the_2026_Brazilian_presidential_election
2026,1,Quaest,3–6 Sep 2026,2004,wikipedia_tabela_2,Lula,36.0,18,https://en.wikipedia.org/wiki/Opinion_polling_for_the_2026_Brazilian_presidential_election
2026,1,Quaest,3–6 Sep 2026,2004,wikipedia_tabela_2,Flávio Bolsonaro,29.0,18,https://en.wikipedia.org/wiki/Opinion_polling_for_the_2026_Brazilian_presidential_election
2026,1,Quaest,3–6 Sep 2026,2004,wikipedia_tabela_2,Augusto Cury,8.0,18,https://en.wikipedia.org/wiki/Opinion_polling_for_the_2026_Brazilian_presidential_election
2026,1,Quaest,3–6 Sep 2026,2004,wikipedia_tabela_2,Ronaldo Caiado,3.0,18,https://en.wikipedia.org/wiki/Opinion_polling_for_the_2026_Brazilian_presidential_election
2026,1,Quaest,3–6 Sep 2026,2004,wikipedia_tabela_2,Romeu Zema,2.0,18,https://en.wikipedia.org/wiki/Opinion_polling_for_the_2026_Brazilian_presidential_election
2026,1,Datafolha,1–2 Sep 2026,2002,wikipedia_tabela_2,Lula,38.0,9,https://en.wikipedia.org/wiki/Opinion_polling_for_the_2026_Brazilian_presidential_election
2026,1,Datafolha,1–2 Sep 2026,2002,wikipedia_tabela_2,Flávio Bolsonaro,33.0,9,https://en.wikipedia.org/wiki/Opinion_polling_for_the_2026_Brazilian_presidential_election
2026,1,Datafolha,1–2 Sep 2026,2002,wikipedia_tabela_2,Augusto Cury,8.0,9,https://en.wikipedia.org/wiki/Opinion_polling_for_the_2026_Brazilian_presidential_election
2026,1,Datafolha,1–2 Sep 2026,2002,wikipedia_tabela_2,Ronaldo Caiado,4.0,9,https://en.wikipedia.org/wiki/Opinion_polling_for_the_2026_Brazilian_presidential_election
2026,1,Datafolha,1–2 Sep 2026,2002,wikipedia_tabela_2,Romeu Zema,2.0,9,https://en.wikipedia.org/wiki/Opinion_polling_for_the_2026_Brazilian_presidential_election
2026,1,PoderData,30 Aug–2 Sep 2026,3000,wikipedia_tabela_2,Lula,37.0,7,https://en.wikipedia.org/wiki/Opinion_polling_for_the_2026_Brazilian_presidential_election
2026,1,PoderData,30 Aug–2 Sep 2026,3000,wikipedia_tabela_2,Flávio Bolsonaro,34.0,7,https://en.wikipedia.org/wiki/Opinion_polling_for_the_2026_Brazilian_presidential_election
2026,1,PoderData,30 Aug–2 Sep 2026,3000,wikipedia_tabela_2,Augusto Cury,10.0,7,https://en.wikipedia.org/wiki/Opinion_polling_for_the_2026_Brazilian_presidential_election
2026,1,PoderData,30 Aug–2 Sep 2026,3000,wikipedia_tabela_2,Ronaldo Caiado,2.0,7,https://en.wikipedia.org/wiki/Opinion_polling_for_the_2026_Brazilian_presidential_election
2026,1,PoderData,30 Aug–2 Sep 2026,3000,wikipedia_tabela_2,Romeu Zema,1.0,7,https://en.wikipedia.org/wiki/Opinion_polling_for_the_2026_Brazilian_presidential_election
2026,1,nan,1 September,Beginning of the institutional crisis at the Supreme Federal Court.[c][17][18][19][20],wikipedia_tabela_2,Lula,17.0,Beginning of the institutional crisis at the Supreme Federal Court.[c][17][18][19][20],https://en.wikipedia.org/wiki/Opinion_polling_for_the_2026_Brazilian_presidential_election
2026,1,nan,1 September,Beginning of the institutional crisis at the Supreme Federal Court.[c][17][18][19][20],wikipedia_tabela_2,Flávio Bolsonaro,17.0,Beginning of the institutional crisis at the Supreme Federal Court.[c][17][18][19][20],https://en.wikipedia.org/wiki/Opinion_polling_for_the_2026_Brazilian_presidential_election
2026,1,nan,1 September,Beginning of the institutional crisis at the Supreme Federal Court.[c][17][18][19][20],wikipedia_tabela_2,Augusto Cury,17.0,Beginning of the institutional crisis at the Supreme Federal Court.[c][17][18][19][20],https://en.wikipedia.org/wiki/Opinion_polling_for_the_2026_Brazilian_presidential_election
2026,1,nan,1 September,Beginning of the institutional crisis at the Supreme Federal Court.[c][17][18][19][20],wikipedia_tabela_2,Ronaldo Caiado,17.0,Beginning of the institutional crisis at the Supreme Federal Court.[c][17][18][19][20],https://en.wikipedia.org/wiki/Opinion_polling_for_the_2026_Brazilian_presidential_election
2026,1,nan,1 September,Beginning of the institutional crisis at the Supreme Federal Court.[c][17][18][19][20],wikipedia_tabela_2,Romeu Zema,17.0,Beginning of the institutional crisis at the Supreme Federal Court.[c][17][18][19][20],https://en.wikipedia.org/wiki/Opinion_polling_for_the_2026_Brazilian_presidential_election
2026,1,Quaest,30 Aug–1 Sep 2026,2004,wikipedia_tabela_2,Lula,37.0,18,https://en.wikipedia.org/wiki/Opinion_polling_for_the_2026_Brazilian_presidential_election
2026,1,Quaest,30 Aug–1 Sep 2026,2004,wikipedia_tabela_2,Flávio Bolsonaro,29.0,18,https://en.wikipedia.org/wiki/Opinion_polling_for_the_2026_Brazilian_presidential_election
2026,1,Quaest,30 Aug–1 Sep 2026,2004,wikipedia_tabela_2,Augusto Cury,10.0,18,https://en.wikipedia.org/wiki/Opinion_polling_for_the_2026_Brazilian_presidential_election
2026,1,Quaest,30 Aug–1 Sep 2026,2004,wikipedia_tabela_2,Ronaldo Caiado,1.0,18,https://en.wikipedia.org/wiki/Opinion_polling_for_the_2026_Brazilian_presidential_election
2026,1,Quaest,30 Aug–1 Sep 2026,2004,wikipedia_tabela_2,Romeu Zema,1.0,18,https://en.wikipedia.org/wiki/Opinion_polling_for_the_2026_Brazilian_presidential_election
2026,1,Futura,27 Aug–1 Sep 2026,2000,wikipedia_tabela_2,Lula,38.7,6.1,https://en.wikipedia.org/wiki/Opinion_polling_for_the_2026_Brazilian_presidential_election
2026,1,Futura,27 Aug–1 Sep 2026,2000,wikipedia_tabela_2,Flávio Bolsonaro,33.6,6.1,https://en.wikipedia.org/wiki/Opinion_polling_for_the_2026_Brazilian_presidential_election
2026,1,Futura,27 Aug–1 Sep 2026,2000,wikipedia_tabela_2,Augusto Cury,9.9,6.1,https://en.wikipedia.org/wiki/Opinion_polling_for_the_2026_Brazilian_presidential_election
2026,1,Futura,27 Aug–1 Sep 2026,2000,wikipedia_tabela_2,Ronaldo Caiado,3.5,6.1,https://en.wikipedia.org/wiki/Opinion_polling_for_the_2026_Brazilian_presidential_election
2026,1,Futura,27 Aug–1 Sep 2026,2000,wikipedia_tabela_2,Romeu Zema,1.6,6.1,https://en.wikipedia.org/wiki/Opinion_polling_for_the_2026_Brazilian_presidential_election
2026,1,Real Time,27–31 Aug 2026,2000,wikipedia_tabela_2,Lula,38.0,6,https://en.wikipedia.org/wiki/Opinion_polling_for_the_2026_Brazilian_presidential_election
2026,1,Real Time,27–31 Aug 2026,2000,wikipedia_tabela_2,Flávio Bolsonaro,30.0,6,https://en.wikipedia.org/wiki/Opinion_polling_for_the_2026_Brazilian_presidential_election
2026,1,Real Time,27–31 Aug 2026,2000,wikipedia_tabela_2,Augusto Cury,11.0,6,https://en.wikipedia.org/wiki/Opinion_polling_for_the_2026_Brazilian_presidential_election
2026,1,Real Time,27–31 Aug 2026,2000,wikipedia_tabela_2,Ronaldo Caiado,4.0,6,https://en.wikipedia.org/wiki/Opinion_polling_for_the_2026_Brazilian_presidential_election
2026,1,Real Time,27–31 Aug 2026,2000,wikipedia_tabela_2,Romeu Zema,2.0,6,https://en.wikipedia.org/wiki/Opinion_polling_for_the_2026_Brazilian_presidential_election
2026,1,Nexus,28–30 Aug 2026,2005,wikipedia_tabela_2,Lula,39.0,6,https://en.wikipedia.org/wiki/Opinion_polling_for_the_2026_Brazilian_presidential_election
2026,1,Nexus,28–30 Aug 2026,2005,wikipedia_tabela_2,Flávio Bolsonaro,33.0,6,https://en.wikipedia.org/wiki/Opinion_polling_for_the_2026_Brazilian_presidential_election
2026,1,Nexus,28–30 Aug 2026,2005,wikipedia_tabela_2,Augusto Cury,11.0,6,https://en.wikipedia.org/wiki/Opinion_polling_for_the_2026_Brazilian_presidential_election
2026,1,Nexus,28–30 Aug 2026,2005,wikipedia_tabela_2,Ronaldo Caiado,5.0,6,https://en.wikipedia.org/wiki/Opinion_polling_for_the_2026_Brazilian_presidential_election
2026,1,Nexus,28–30 Aug 2026,2005,wikipedia_tabela_2,Romeu Zema,1.0,6,https://en.wikipedia.org/wiki/Opinion_polling_for_the_2026_Brazilian_presidential_election
2026,1,AtlasIntel,25–30 Aug 2026,5014,wikipedia_tabela_2,Lula,43.4,0.3,https://en.wikipedia.org/wiki/Opinion_polling_for_the_2026_Brazilian_presidential_election
2026,1,AtlasIntel,25–30 Aug 2026,5014,wikipedia_tabela_2,Flávio Bolsonaro,33.7,0.3,https://en.wikipedia.org/wiki/Opinion_polling_for_the_2026_Brazilian_presidential_election
2026,1,AtlasIntel,25–30 Aug 2026,5014,wikipedia_tabela_2,Augusto Cury,7.8,0.3,https://en.wikipedia.org/wiki/Opinion_polling_for_the_2026_Brazilian_presidential_election
2026,1,AtlasIntel,25–30 Aug 2026,5014,wikipedia_tabela_2,Ronaldo Caiado,3.3,0.3,https://en.wikipedia.org/wiki/Opinion_polling_for_the_2026_Brazilian_presidential_election
2026,1,AtlasIntel,25–30 Aug 2026,5014,wikipedia_tabela_2,Romeu Zema,1.0,0.3,https://en.wikipedia.org/wiki/Opinion_polling_for_the_2026_Brazilian_presidential_election
2026,1,Vox Brasil,25–27 Aug 2026,2100,wikipedia_tabela_2,Lula,37.1,10.3,https://en.wikipedia.org/wiki/Opinion_polling_for_the_2026_Brazilian_presidential_election
2026,1,Vox Brasil,25–27 Aug 2026,2100,wikipedia_tabela_2,Flávio Bolsonaro,34.8,10.3,https://en.wikipedia.org/wiki/Opinion_polling_for_the_2026_Brazilian_presidential_election
2026,1,Vox Brasil,25–27 Aug 2026,2100,wikipedia_tabela_2,Augusto Cury,2.6,10.3,https://en.wikipedia.org/wiki/Opinion_polling_for_the_2026_Brazilian_presidential_election
2026,1,Vox Brasil,25–27 Aug 2026,2100,wikipedia_tabela_2,Ronaldo Caiado,5.0,10.3,https://en.wikipedia.org/wiki/Opinion_polling_for_the_2026_Brazilian_presidential_election
2026,1,Vox Brasil,25–27 Aug 2026,2100,wikipedia_tabela_2,Romeu Zema,2.8,10.3,https://en.wikipedia.org/wiki/Opinion_polling_for_the_2026_Brazilian_presidential_election
2026,1,PoderData,23–26 Aug 2026,2400,wikipedia_tabela_2,Lula,38.0,7,https://en.wikipedia.org/wiki/Opinion_polling_for_the_2026_Brazilian_presidential_election
2026,1,PoderData,23–26 Aug 2026,2400,wikipedia_tabela_2,Flávio Bolsonaro,35.0,7,https://en.wikipedia.org/wiki/Opinion_polling_for_the_2026_Brazilian_presidential_election
2026,1,PoderData,23–26 Aug 2026,2400,wikipedia_tabela_2,Augusto Cury,4.0,7,https://en.wikipedia.org/wiki/Opinion_polling_for_the_2026_Brazilian_presidential_election
2026,1,PoderData,23–26 Aug 2026,2400,wikipedia_tabela_2,Ronaldo Caiado,4.0,7,https://en.wikipedia.org/wiki/Opinion_polling_for_the_2026_Brazilian_presidential_election
2026,1,PoderData,23–26 Aug 2026,2400,wikipedia_tabela_2,Romeu Zema,2.0,7,https://en.wikipedia.org/wiki/Opinion_polling_for_the_2026_Brazilian_presidential_election
2026,1,nan,23 August,"First presidential debate. Lula, Flávio Bolsonaro, and Zema did not attend.[28]",wikipedia_tabela_2,Lula,28.0,"First presidential debate. Lula, Flávio Bolsonaro, and Zema did not attend.[28]",https://en.wikipedia.org/wiki/Opinion_polling_for_the_2026_Brazilian_presidential_election
2026,1,nan,23 August,"First presidential debate. Lula, Flávio Bolsonaro, and Zema did not attend.[28]",wikipedia_tabela_2,Flávio Bolsonaro,28.0,"First presidential debate. Lula, Flávio Bolsonaro, and Zema did not attend.[28]",https://en.wikipedia.org/wiki/Opinion_polling_for_the_2026_Brazilian_presidential_election
2026,1,nan,23 August,"First presidential debate. Lula, Flávio Bolsonaro, and Zema did not attend.[28]",wikipedia_tabela_2,Augusto Cury,28.0,"First presidential debate. Lula, Flávio Bolsonaro, and Zema did not attend.[28]",https://en.wikipedia.org/wiki/Opinion_polling_for_the_2026_Brazilian_presidential_election
2026,1,nan,23 August,"First presidential debate. Lula, Flávio Bolsonaro, and Zema did not attend.[28]",wikipedia_tabela_2,Ronaldo Caiado,28.0,"First presidential debate. Lula, Flávio Bolsonaro, and Zema did not attend.[28]",https://en.wikipedia.org/wiki/Opinion_polling_for_the_2026_Brazilian_presidential_election
2026,1,nan,23 August,"First presidential debate. Lula, Flávio Bolsonaro, and Zema did not attend.[28]",wikipedia_tabela_2,Romeu Zema,28.0,"First presidential debate. Lula, Flávio Bolsonaro, and Zema did not attend.[28]",https://en.wikipedia.org/wiki/Opinion_polling_for_the_2026_Brazilian_presidential_election
2026,1,Nexus,21–23 Aug 2026,2006,wikipedia_tabela_2,Lula,41.0,8,https://en.wikipedia.org/wiki/Opinion_polling_for_the_2026_Brazilian_presidential_election
2026,1,Nexus,21–23 Aug 2026,2006,wikipedia_tabela_2,Flávio Bolsonaro,37.0,8,https://en.wikipedia.org/wiki/Opinion_polling_for_the_2026_Brazilian_presidential_election
2026,1,Nexus,21–23 Aug 2026,2006,wikipedia_tabela_2,Augusto Cury,2.0,8,https://en.wikipedia.org/wiki/Opinion_polling_for_the_2026_Brazilian_presidential_election
2026,1,Nexus,21–23 Aug 2026,2006,wikipedia_tabela_2,Ronaldo Caiado,5.0,8,https://en.wikipedia.org/wiki/Opinion_polling_for_the_2026_Brazilian_presidential_election
2026,1,Nexus,21–23 Aug 2026,2006,wikipedia_tabela_2,Romeu Zema,3.0,8,https://en.wikipedia.org/wiki/Opinion_polling_for_the_2026_Brazilian_presidential_election
2026,1,Indexa,20–23 Aug 2026,2000,wikipedia_tabela_2,Lula,39.0,16,https://en.wikipedia.org/wiki/Opinion_polling_for_the_2026_Brazilian_presidential_election
2026,1,Indexa,20–23 Aug 2026,2000,wikipedia_tabela_2,Flávio Bolsonaro,34.0,16,https://en.wikipedia.org/wiki/Opinion_polling_for_the_2026_Brazilian_presidential_election
2026,1,Indexa,20–23 Aug 2026,2000,wikipedia_tabela_2,Augusto Cury,1.0,16,https://en.wikipedia.org/wiki/Opinion_polling_for_the_2026_Brazilian_presidential_election
2026,1,Indexa,20–23 Aug 2026,2000,wikipedia_tabela_2,Ronaldo Caiado,5.0,16,https://en.wikipedia.org/wiki/Opinion_polling_for_the_2026_Brazilian_presidential_election
2026,1,Indexa,20–23 Aug 2026,2000,wikipedia_tabela_2,Romeu Zema,1.0,16,https://en.wikipedia.org/wiki/Opinion_polling_for_the_2026_Brazilian_presidential_election
2026,1,Datafolha,18–20 Aug 2026,2058,wikipedia_tabela_2,Lula,39.0,10,https://en.wikipedia.org/wiki/Opinion_polling_for_the_2026_Brazilian_presidential_election
2026,1,Datafolha,18–20 Aug 2026,2058,wikipedia_tabela_2,Flávio Bolsonaro,33.0,10,https://en.wikipedia.org/wiki/Opinion_polling_for_the_2026_Brazilian_presidential_election
2026,1,Datafolha,18–20 Aug 2026,2058,wikipedia_tabela_2,Augusto Cury,2.0,10,https://en.wikipedia.org/wiki/Opinion_polling_for_the_2026_Brazilian_presidential_election
2026,1,Datafolha,18–20 Aug 2026,2058,wikipedia_tabela_2,Ronaldo Caiado,5.0,10,https://en.wikipedia.org/wiki/Opinion_polling_for_the_2026_Brazilian_presidential_election
2026,1,Datafolha,18–20 Aug 2026,2058,wikipedia_tabela_2,Romeu Zema,3.0,10,https://en.wikipedia.org/wiki/Opinion_polling_for_the_2026_Brazilian_presidential_election
2026,1,Nexus,14–16 Aug 2026,2003,wikipedia_tabela_2,Lula,41.0,7,https://en.wikipedia.org/wiki/Opinion_polling_for_the_2026_Brazilian_presidential_election
2026,1,Nexus,14–16 Aug 2026,2003,wikipedia_tabela_2,Flávio Bolsonaro,36.0,7,https://en.wikipedia.org/wiki/Opinion_polling_for_the_2026_Brazilian_presidential_election
2026,1,Nexus,14–16 Aug 2026,2003,wikipedia_tabela_2,Augusto Cury,1.0,7,https://en.wikipedia.org/wiki/Opinion_polling_for_the_2026_Brazilian_presidential_election
2026,1,Nexus,14–16 Aug 2026,2003,wikipedia_tabela_2,Ronaldo Caiado,5.0,7,https://en.wikipedia.org/wiki/Opinion_polling_for_the_2026_Brazilian_presidential_election
2026,1,Nexus,14–16 Aug 2026,2003,wikipedia_tabela_2,Romeu Zema,4.0,7,https://en.wikipedia.org/wiki/Opinion_polling_for_the_2026_Brazilian_presidential_election
2026,1,Quaest,10–13 Aug 2026,2004,wikipedia_tabela_3,Lula,38.0,18,https://en.wikipedia.org/wiki/Opinion_polling_for_the_2026_Brazilian_presidential_election
2026,1,Quaest,10–13 Aug 2026,2004,wikipedia_tabela_3,Flávio Bolsonaro,31.0,18,https://en.wikipedia.org/wiki/Opinion_polling_for_the_2026_Brazilian_presidential_election
2026,1,Quaest,10–13 Aug 2026,2004,wikipedia_tabela_3,Augusto Cury,2.0,18,https://en.wikipedia.org/wiki/Opinion_polling_for_the_2026_Brazilian_presidential_election
2026,1,Quaest,10–13 Aug 2026,2004,wikipedia_tabela_3,Ronaldo Caiado,4.0,18,https://en.wikipedia.org/wiki/Opinion_polling_for_the_2026_Brazilian_presidential_election
2026,1,Quaest,10–13 Aug 2026,2004,wikipedia_tabela_3,Romeu Zema,2.0,18,https://en.wikipedia.org/wiki/Opinion_polling_for_the_2026_Brazilian_presidential_election
2026,1,PoderData,9–12 Aug 2026,2400,wikipedia_tabela_3,Lula,41.0,6,https://en.wikipedia.org/wiki/Opinion_polling_for_the_2026_Brazilian_presidential_election
2026,1,PoderData,9–12 Aug 2026,2400,wikipedia_tabela_3,Flávio Bolsonaro,35.0,6,https://en.wikipedia.org/wiki/Opinion_polling_for_the_2026_Brazilian_presidential_election
2026,1,PoderData,9–12 Aug 2026,2400,wikipedia_tabela_3,Augusto Cury,3.0,6,https://en.wikipedia.org/wiki/Opinion_polling_for_the_2026_Brazilian_presidential_election
2026,1,PoderData,9–12 Aug 2026,2400,wikipedia_tabela_3,Ronaldo Caiado,4.0,6,https://en.wikipedia.org/wiki/Opinion_polling_for_the_2026_Brazilian_presidential_election
2026,1,PoderData,9–12 Aug 2026,2400,wikipedia_tabela_3,Romeu Zema,3.0,6,https://en.wikipedia.org/wiki/Opinion_polling_for_the_2026_Brazilian_presidential_election
2026,1,Nexus,7–9 Aug 2026,2001,wikipedia_tabela_3,Lula,40.0,8,https://en.wikipedia.org/wiki/Opinion_polling_for_the_2026_Brazilian_presidential_election
2026,1,Nexus,7–9 Aug 2026,2001,wikipedia_tabela_3,Flávio Bolsonaro,35.0,8,https://en.wikipedia.org/wiki/Opinion_polling_for_the_2026_Brazilian_presidential_election
2026,1,Nexus,7–9 Aug 2026,2001,wikipedia_tabela_3,Augusto Cury,1.0,8,https://en.wikipedia.org/wiki/Opinion_polling_for_the_2026_Brazilian_presidential_election
2026,1,Nexus,7–9 Aug 2026,2001,wikipedia_tabela_3,Ronaldo Caiado,5.0,8,https://en.wikipedia.org/wiki/Opinion_polling_for_the_2026_Brazilian_presidential_election
2026,1,Nexus,7–9 Aug 2026,2001,wikipedia_tabela_3,Romeu Zema,3.0,8,https://en.wikipedia.org/wiki/Opinion_polling_for_the_2026_Brazilian_presidential_election
2026,1,MDA,5–9 Aug 2026,2002,wikipedia_tabela_3,Lula,42.4,14,https://en.wikipedia.org/wiki/Opinion_polling_for_the_2026_Brazilian_presidential_election
2026,1,MDA,5–9 Aug 2026,2002,wikipedia_tabela_3,Flávio Bolsonaro,28.7,14,https://en.wikipedia.org/wiki/Opinion_polling_for_the_2026_Brazilian_presidential_election
2026,1,MDA,5–9 Aug 2026,2002,wikipedia_tabela_3,Augusto Cury,1.2,14,https://en.wikipedia.org/wiki/Opinion_polling_for_the_2026_Brazilian_presidential_election
2026,1,MDA,5–9 Aug 2026,2002,wikipedia_tabela_3,Ronaldo Caiado,4.0,14,https://en.wikipedia.org/wiki/Opinion_polling_for_the_2026_Brazilian_presidential_election
2026,1,MDA,5–9 Aug 2026,2002,wikipedia_tabela_3,Romeu Zema,3.3,14,https://en.wikipedia.org/wiki/Opinion_polling_for_the_2026_Brazilian_presidential_election
2026,1,Futura,3–7 Aug 2026,2000,wikipedia_tabela_3,Lula,38.8,11,https://en.wikipedia.org/wiki/Opinion_polling_for_the_2026_Brazilian_presidential_election
2026,1,Futura,3–7 Aug 2026,2000,wikipedia_tabela_3,Flávio Bolsonaro,34.1,11,https://en.wikipedia.org/wiki/Opinion_polling_for_the_2026_Brazilian_presidential_election
2026,1,Futura,3–7 Aug 2026,2000,wikipedia_tabela_3,Augusto Cury,1.2,11,https://en.wikipedia.org/wiki/Opinion_polling_for_the_2026_Brazilian_presidential_election
2026,1,Futura,3–7 Aug 2026,2000,wikipedia_tabela_3,Ronaldo Caiado,5.9,11,https://en.wikipedia.org/wiki/Opinion_polling_for_the_2026_Brazilian_presidential_election
2026,1,Futura,3–7 Aug 2026,2000,wikipedia_tabela_3,Romeu Zema,3.6,11,https://en.wikipedia.org/wiki/Opinion_polling_for_the_2026_Brazilian_presidential_election
2026,1,Futura,3–7 Aug 2026,2000,wikipedia_tabela_3,Lula,36.3,12.2,https://en.wikipedia.org/wiki/Opinion_polling_for_the_2026_Brazilian_presidential_election
2026,1,Futura,3–7 Aug 2026,2000,wikipedia_tabela_3,Flávio Bolsonaro,32.7,12.2,https://en.wikipedia.org/wiki/Opinion_polling_for_the_2026_Brazilian_presidential_election
2026,1,Futura,3–7 Aug 2026,2000,wikipedia_tabela_3,Augusto Cury,1.6,12.2,https://en.wikipedia.org/wiki/Opinion_polling_for_the_2026_Brazilian_presidential_election
2026,1,Futura,3–7 Aug 2026,2000,wikipedia_tabela_3,Ronaldo Caiado,7.7,12.2,https://en.wikipedia.org/wiki/Opinion_polling_for_the_2026_Brazilian_presidential_election
2026,1,Futura,3–7 Aug 2026,2000,wikipedia_tabela_3,Romeu Zema,4.4,12.2,https://en.wikipedia.org/wiki/Opinion_polling_for_the_2026_Brazilian_presidential_election
2026,1,Palver,3–7 Aug 2026,5000,wikipedia_tabela_3,Lula,44.0,1,https://en.wikipedia.org/wiki/Opinion_polling_for_the_2026_Brazilian_presidential_election
2026,1,Palver,3–7 Aug 2026,5000,wikipedia_tabela_3,Flávio Bolsonaro,40.0,1,https://en.wikipedia.org/wiki/Opinion_polling_for_the_2026_Brazilian_presidential_election
2026,1,Palver,3–7 Aug 2026,5000,wikipedia_tabela_3,Augusto Cury,0.0,1,https://en.wikipedia.org/wiki/Opinion_polling_for_the_2026_Brazilian_presidential_election
2026,1,Palver,3–7 Aug 2026,5000,wikipedia_tabela_3,Ronaldo Caiado,2.0,1,https://en.wikipedia.org/wiki/Opinion_polling_for_the_2026_Brazilian_presidential_election
2026,1,Palver,3–7 Aug 2026,5000,wikipedia_tabela_3,Romeu Zema,1.0,1,https://en.wikipedia.org/wiki/Opinion_polling_for_the_2026_Brazilian_presidential_election
2026,1,Palver,3–7 Aug 2026,5000,wikipedia_tabela_3,Lula,45.0,1,https://en.wikipedia.org/wiki/Opinion_polling_for_the_2026_Brazilian_presidential_election
2026,1,Palver,3–7 Aug 2026,5000,wikipedia_tabela_3,Flávio Bolsonaro,40.0,1,https://en.wikipedia.org/wiki/Opinion_polling_for_the_2026_Brazilian_presidential_election
2026,1,Palver,3–7 Aug 2026,5000,wikipedia_tabela_3,Ronaldo Caiado,2.0,1,https://en.wikipedia.org/wiki/Opinion_polling_for_the_2026_Brazilian_presidential_election
2026,1,Palver,3–7 Aug 2026,5000,wikipedia_tabela_3,Romeu Zema,1.0,1,https://en.wikipedia.org/wiki/Opinion_polling_for_the_2026_Brazilian_presidential_election
2026,1,nan,3 August,Avante's National Convention officially nominated Augusto Cury for president.[39],wikipedia_tabela_3,Lula,39.0,Avante's National Convention officially nominated Augusto Cury for president.[39],https://en.wikipedia.org/wiki/Opinion_polling_for_the_2026_Brazilian_presidential_election
2026,1,nan,3 August,Avante's National Convention officially nominated Augusto Cury for president.[39],wikipedia_tabela_3,Flávio Bolsonaro,39.0,Avante's National Convention officially nominated Augusto Cury for president.[39],https://en.wikipedia.org/wiki/Opinion_polling_for_the_2026_Brazilian_presidential_election
2026,1,nan,3 August,Avante's National Convention officially nominated Augusto Cury for president.[39],wikipedia_tabela_3,Augusto Cury,39.0,Avante's National Convention officially nominated Augusto Cury for president.[39],https://en.wikipedia.org/wiki/Opinion_polling_for_the_2026_Brazilian_presidential_election
2026,1,nan,3 August,Avante's National Convention officially nominated Augusto Cury for president.[39],wikipedia_tabela_3,Ronaldo Caiado,39.0,Avante's National Convention officially nominated Augusto Cury for president.[39],https://en.wikipedia.org/wiki/Opinion_polling_for_the_2026_Brazilian_presidential_election
2026,1,nan,3 August,Avante's National Convention officially nominated Augusto Cury for president.[39],wikipedia_tabela_3,Romeu Zema,39.0,Avante's National Convention officially nominated Augusto Cury for president.[39],https://en.wikipedia.org/wiki/Opinion_polling_for_the_2026_Brazilian_presidential_election
2026,1,Quaest,31 Jul–3 Aug 2026,2004,wikipedia_tabela_3,Lula,39.0,18,https://en.wikipedia.org/wiki/Opinion_polling_for_the_2026_Brazilian_presidential_election
2026,1,Quaest,31 Jul–3 Aug 2026,2004,wikipedia_tabela_3,Flávio Bolsonaro,30.0,18,https://en.wikipedia.org/wiki/Opinion_polling_for_the_2026_Brazilian_presidential_election
2026,1,Quaest,31 Jul–3 Aug 2026,2004,wikipedia_tabela_3,Augusto Cury,1.0,18,https://en.wikipedia.org/wiki/Opinion_polling_for_the_2026_Brazilian_presidential_election
2026,1,Quaest,31 Jul–3 Aug 2026,2004,wikipedia_tabela_3,Ronaldo Caiado,4.0,18,https://en.wikipedia.org/wiki/Opinion_polling_for_the_2026_Brazilian_presidential_election
2026,1,Quaest,31 Jul–3 Aug 2026,2004,wikipedia_tabela_3,Romeu Zema,2.0,18,https://en.wikipedia.org/wiki/Opinion_polling_for_the_2026_Brazilian_presidential_election
2026,1,Ideia,31 Jul–3 Aug 2026,1500,wikipedia_tabela_3,Lula,43.0,6,https://en.wikipedia.org/wiki/Opinion_polling_for_the_2026_Brazilian_presidential_election
2026,1,Ideia,31 Jul–3 Aug 2026,1500,wikipedia_tabela_3,Flávio Bolsonaro,35.0,6,https://en.wikipedia.org/wiki/Opinion_polling_for_the_2026_Brazilian_presidential_election
2026,1,Ideia,31 Jul–3 Aug 2026,1500,wikipedia_tabela_3,Augusto Cury,1.7,6,https://en.wikipedia.org/wiki/Opinion_polling_for_the_2026_Brazilian_presidential_election
2026,1,Ideia,31 Jul–3 Aug 2026,1500,wikipedia_tabela_3,Ronaldo Caiado,5.7,6,https://en.wikipedia.org/wiki/Opinion_polling_for_the_2026_Brazilian_presidential_election
2026,1,Ideia,31 Jul–3 Aug 2026,1500,wikipedia_tabela_3,Romeu Zema,2.6,6,https://en.wikipedia.org/wiki/Opinion_polling_for_the_2026_Brazilian_presidential_election
2026,1,nan,2 August,"The Workers' Party's National Convention formally nominated Lula, with Geraldo Alckmin (PSB) as his running mate.[41]",wikipedia_tabela_3,Lula,41.0,"The Workers' Party's National Convention formally nominated Lula, with Geraldo Alckmin (PSB) as his running mate.[41]",https://en.wikipedia.org/wiki/Opinion_polling_for_the_2026_Brazilian_presidential_election
2026,1,nan,2 August,"The Workers' Party's National Convention formally nominated Lula, with Geraldo Alckmin (PSB) as his running mate.[41]",wikipedia_tabela_3,Flávio Bolsonaro,41.0,"The Workers' Party's National Convention formally nominated Lula, with Geraldo Alckmin (PSB) as his running mate.[41]",https://en.wikipedia.org/wiki/Opinion_polling_for_the_2026_Brazilian_presidential_election
2026,1,nan,2 August,"The Workers' Party's National Convention formally nominated Lula, with Geraldo Alckmin (PSB) as his running mate.[41]",wikipedia_tabela_3,Augusto Cury,41.0,"The Workers' Party's National Convention formally nominated Lula, with Geraldo Alckmin (PSB) as his running mate.[41]",https://en.wikipedia.org/wiki/Opinion_polling_for_the_2026_Brazilian_presidential_election
2026,1,nan,2 August,"The Workers' Party's National Convention formally nominated Lula, with Geraldo Alckmin (PSB) as his running mate.[41]",wikipedia_tabela_3,Ronaldo Caiado,41.0,"The Workers' Party's National Convention formally nominated Lula, with Geraldo Alckmin (PSB) as his running mate.[41]",https://en.wikipedia.org/wiki/Opinion_polling_for_the_2026_Brazilian_presidential_election
2026,1,nan,2 August,"The Workers' Party's National Convention formally nominated Lula, with Geraldo Alckmin (PSB) as his running mate.[41]",wikipedia_tabela_3,Romeu Zema,41.0,"The Workers' Party's National Convention formally nominated Lula, with Geraldo Alckmin (PSB) as his running mate.[41]",https://en.wikipedia.org/wiki/Opinion_polling_for_the_2026_Brazilian_presidential_election
2026,1,Nexus,31 Jul–2 Aug 2026,2002,wikipedia_tabela_3,Lula,41.0,7,https://en.wikipedia.org/wiki/Opinion_polling_for_the_2026_Brazilian_presidential_election
2026,1,Nexus,31 Jul–2 Aug 2026,2002,wikipedia_tabela_3,Flávio Bolsonaro,37.0,7,https://en.wikipedia.org/wiki/Opinion_polling_for_the_2026_Brazilian_presidential_election
2026,1,Nexus,31 Jul–2 Aug 2026,2002,wikipedia_tabela_3,Augusto Cury,1.0,7,https://en.wikipedia.org/wiki/Opinion_polling_for_the_2026_Brazilian_presidential_election
2026,1,Nexus,31 Jul–2 Aug 2026,2002,wikipedia_tabela_3,Ronaldo Caiado,5.0,7,https://en.wikipedia.org/wiki/Opinion_polling_for_the_2026_Brazilian_presidential_election
2026,1,Nexus,31 Jul–2 Aug 2026,2002,wikipedia_tabela_3,Romeu Zema,3.0,7,https://en.wikipedia.org/wiki/Opinion_polling_for_the_2026_Brazilian_presidential_election
2026,1,PoderData,26–29 Jul 2026,2400,wikipedia_tabela_3,Lula,41.0,9,https://en.wikipedia.org/wiki/Opinion_polling_for_the_2026_Brazilian_presidential_election
2026,1,PoderData,26–29 Jul 2026,2400,wikipedia_tabela_3,Flávio Bolsonaro,35.0,9,https://en.wikipedia.org/wiki/Opinion_polling_for_the_2026_Brazilian_presidential_election
2026,1,PoderData,26–29 Jul 2026,2400,wikipedia_tabela_3,Augusto Cury,3.0,9,https://en.wikipedia.org/wiki/Opinion_polling_for_the_2026_Brazilian_presidential_election
2026,1,PoderData,26–29 Jul 2026,2400,wikipedia_tabela_3,Ronaldo Caiado,5.0,9,https://en.wikipedia.org/wiki/Opinion_polling_for_the_2026_Brazilian_presidential_election
2026,1,PoderData,26–29 Jul 2026,2400,wikipedia_tabela_3,Romeu Zema,3.0,9,https://en.wikipedia.org/wiki/Opinion_polling_for_the_2026_Brazilian_presidential_election
2026,1,Vox Brasil,26–28 Jul 2026,2100,wikipedia_tabela_3,Lula,40.5,11.9,https://en.wikipedia.org/wiki/Opinion_polling_for_the_2026_Brazilian_presidential_election
2026,1,Vox Brasil,26–28 Jul 2026,2100,wikipedia_tabela_3,Flávio Bolsonaro,31.2,11.9,https://en.wikipedia.org/wiki/Opinion_polling_for_the_2026_Brazilian_presidential_election
2026,1,Vox Brasil,26–28 Jul 2026,2100,wikipedia_tabela_3,Augusto Cury,1.1,11.9,https://en.wikipedia.org/wiki/Opinion_polling_for_the_2026_Brazilian_presidential_election
2026,1,Vox Brasil,26–28 Jul 2026,2100,wikipedia_tabela_3,Ronaldo Caiado,5.5,11.9,https://en.wikipedia.org/wiki/Opinion_polling_for_the_2026_Brazilian_presidential_election
2026,1,Vox Brasil,26–28 Jul 2026,2100,wikipedia_tabela_3,Romeu Zema,3.2,11.9,https://en.wikipedia.org/wiki/Opinion_polling_for_the_2026_Brazilian_presidential_election
2026,1,nan,27 July,New Party's National Convention officially nominated Romeu Zema for president.[45],wikipedia_tabela_3,Lula,45.0,New Party's National Convention officially nominated Romeu Zema for president.[45],https://en.wikipedia.org/wiki/Opinion_polling_for_the_2026_Brazilian_presidential_election
2026,1,nan,27 July,New Party's National Convention officially nominated Romeu Zema for president.[45],wikipedia_tabela_3,Flávio Bolsonaro,45.0,New Party's National Convention officially nominated Romeu Zema for president.[45],https://en.wikipedia.org/wiki/Opinion_polling_for_the_2026_Brazilian_presidential_election
2026,1,nan,27 July,New Party's National Convention officially nominated Romeu Zema for president.[45],wikipedia_tabela_3,Augusto Cury,45.0,New Party's National Convention officially nominated Romeu Zema for president.[45],https://en.wikipedia.org/wiki/Opinion_polling_for_the_2026_Brazilian_presidential_election
2026,1,nan,27 July,New Party's National Convention officially nominated Romeu Zema for president.[45],wikipedia_tabela_3,Ronaldo Caiado,45.0,New Party's National Convention officially nominated Romeu Zema for president.[45],https://en.wikipedia.org/wiki/Opinion_polling_for_the_2026_Brazilian_presidential_election
2026,1,nan,27 July,New Party's National Convention officially nominated Romeu Zema for president.[45],wikipedia_tabela_3,Romeu Zema,45.0,New Party's National Convention officially nominated Romeu Zema for president.[45],https://en.wikipedia.org/wiki/Opinion_polling_for_the_2026_Brazilian_presidential_election
2026,1,AtlasIntel,22–27 Jul 2026,5021,wikipedia_tabela_3,Lula,44.9,1.6,https://en.wikipedia.org/wiki/Opinion_polling_for_the_2026_Brazilian_presidential_election
2026,1,AtlasIntel,22–27 Jul 2026,5021,wikipedia_tabela_3,Flávio Bolsonaro,35.8,1.6,https://en.wikipedia.org/wiki/Opinion_polling_for_the_2026_Brazilian_presidential_election
2026,1,AtlasIntel,22–27 Jul 2026,5021,wikipedia_tabela_3,Augusto Cury,1.6,1.6,https://en.wikipedia.org/wiki/Opinion_polling_for_the_2026_Brazilian_presidential_election
2026,1,AtlasIntel,22–27 Jul 2026,5021,wikipedia_tabela_3,Ronaldo Caiado,3.1,1.6,https://en.wikipedia.org/wiki/Opinion_polling_for_the_2026_Brazilian_presidential_election
2026,1,AtlasIntel,22–27 Jul 2026,5021,wikipedia_tabela_3,Romeu Zema,2.8,1.6,https://en.wikipedia.org/wiki/Opinion_polling_for_the_2026_Brazilian_presidential_election
2026,1,AtlasIntel,22–27 Jul 2026,5021,wikipedia_tabela_3,Lula,47.4,1.6,https://en.wikipedia.org/wiki/Opinion_polling_for_the_2026_Brazilian_presidential_election
2026,1,AtlasIntel,22–27 Jul 2026,5021,wikipedia_tabela_3,Flávio Bolsonaro,37.0,1.6,https://en.wikipedia.org/wiki/Opinion_polling_for_the_2026_Brazilian_presidential_election
2026,1,AtlasIntel,22–27 Jul 2026,5021,wikipedia_tabela_3,Ronaldo Caiado,3.3,1.6,https://en.wikipedia.org/wiki/Opinion_polling_for_the_2026_Brazilian_presidential_election
2026,1,AtlasIntel,22–27 Jul 2026,5021,wikipedia_tabela_3,Romeu Zema,2.9,1.6,https://en.wikipedia.org/wiki/Opinion_polling_for_the_2026_Brazilian_presidential_election
2026,1,nan,26 July,"Social Democratic Party's National Convention officially nominated Ronaldo Caiado, with Gilberto Kassab as his running mate.[47]",wikipedia_tabela_3,Lula,47.0,"Social Democratic Party's National Convention officially nominated Ronaldo Caiado, with Gilberto Kassab as his running mate.[47]",https://en.wikipedia.org/wiki/Opinion_polling_for_the_2026_Brazilian_presidential_election
2026,1,nan,26 July,"Social Democratic Party's National Convention officially nominated Ronaldo Caiado, with Gilberto Kassab as his running mate.[47]",wikipedia_tabela_3,Flávio Bolsonaro,47.0,"Social Democratic Party's National Convention officially nominated Ronaldo Caiado, with Gilberto Kassab as his running mate.[47]",https://en.wikipedia.org/wiki/Opinion_polling_for_the_2026_Brazilian_presidential_election
2026,1,nan,26 July,"Social Democratic Party's National Convention officially nominated Ronaldo Caiado, with Gilberto Kassab as his running mate.[47]",wikipedia_tabela_3,Augusto Cury,47.0,"Social Democratic Party's National Convention officially nominated Ronaldo Caiado, with Gilberto Kassab as his running mate.[47]",https://en.wikipedia.org/wiki/Opinion_polling_for_the_2026_Brazilian_presidential_election
2026,1,nan,26 July,"Social Democratic Party's National Convention officially nominated Ronaldo Caiado, with Gilberto Kassab as his running mate.[47]",wikipedia_tabela_3,Ronaldo Caiado,47.0,"Social Democratic Party's National Convention officially nominated Ronaldo Caiado, with Gilberto Kassab as his running mate.[47]",https://en.wikipedia.org/wiki/Opinion_polling_for_the_2026_Brazilian_presidential_election
2026,1,nan,26 July,"Social Democratic Party's National Convention officially nominated Ronaldo Caiado, with Gilberto Kassab as his running mate.[47]",wikipedia_tabela_3,Romeu Zema,47.0,"Social Democratic Party's National Convention officially nominated Ronaldo Caiado, with Gilberto Kassab as his running mate.[47]",https://en.wikipedia.org/wiki/Opinion_polling_for_the_2026_Brazilian_presidential_election
2026,1,Nexus,24–26 Jul 2026,2004,wikipedia_tabela_3,Lula,42.0,8,https://en.wikipedia.org/wiki/Opinion_polling_for_the_2026_Brazilian_presidential_election
2026,1,Nexus,24–26 Jul 2026,2004,wikipedia_tabela_3,Flávio Bolsonaro,33.0,8,https://en.wikipedia.org/wiki/Opinion_polling_for_the_2026_Brazilian_presidential_election
2026,1,Nexus,24–26 Jul 2026,2004,wikipedia_tabela_3,Augusto Cury,2.0,8,https://en.wikipedia.org/wiki/Opinion_polling_for_the_2026_Brazilian_presidential_election
2026,1,Nexus,24–26 Jul 2026,2004,wikipedia_tabela_3,Ronaldo Caiado,6.0,8,https://en.wikipedia.org/wiki/Opinion_polling_for_the_2026_Brazilian_presidential_election
2026,1,Nexus,24–26 Jul 2026,2004,wikipedia_tabela_3,Romeu Zema,3.0,8,https://en.wikipedia.org/wiki/Opinion_polling_for_the_2026_Brazilian_presidential_election
2026,1,nan,25 July,Liberal Party's National Convention officially nominated Flávio Bolsonaro for president.[49],wikipedia_tabela_3,Lula,49.0,Liberal Party's National Convention officially nominated Flávio Bolsonaro for president.[49],https://en.wikipedia.org/wiki/Opinion_polling_for_the_2026_Brazilian_presidential_election
2026,1,nan,25 July,Liberal Party's National Convention officially nominated Flávio Bolsonaro for president.[49],wikipedia_tabela_3,Flávio Bolsonaro,49.0,Liberal Party's National Convention officially nominated Flávio Bolsonaro for president.[49],https://en.wikipedia.org/wiki/Opinion_polling_for_the_2026_Brazilian_presidential_election
2026,1,nan,25 July,Liberal Party's National Convention officially nominated Flávio Bolsonaro for president.[49],wikipedia_tabela_3,Augusto Cury,49.0,Liberal Party's National Convention officially nominated Flávio Bolsonaro for president.[49],https://en.wikipedia.org/wiki/Opinion_polling_for_the_2026_Brazilian_presidential_election
2026,1,nan,25 July,Liberal Party's National Convention officially nominated Flávio Bolsonaro for president.[49],wikipedia_tabela_3,Ronaldo Caiado,49.0,Liberal Party's National Convention officially nominated Flávio Bolsonaro for president.[49],https://en.wikipedia.org/wiki/Opinion_polling_for_the_2026_Brazilian_presidential_election
2026,1,nan,25 July,Liberal Party's National Convention officially nominated Flávio Bolsonaro for president.[49],wikipedia_tabela_3,Romeu Zema,49.0,Liberal Party's National Convention officially nominated Flávio Bolsonaro for president.[49],https://en.wikipedia.org/wiki/Opinion_polling_for_the_2026_Brazilian_presidential_election
2026,1,Datafolha,22–23 Jul 2026,2004,wikipedia_tabela_3,Lula,40.0,11,https://en.wikipedia.org/wiki/Opinion_polling_for_the_2026_Brazilian_presidential_election
2026,1,Datafolha,22–23 Jul 2026,2004,wikipedia_tabela_3,Flávio Bolsonaro,32.0,11,https://en.wikipedia.org/wiki/Opinion_polling_for_the_2026_Brazilian_presidential_election
2026,1,Datafolha,22–23 Jul 2026,2004,wikipedia_tabela_3,Augusto Cury,2.0,11,https://en.wikipedia.org/wiki/Opinion_polling_for_the_2026_Brazilian_presidential_election
2026,1,Datafolha,22–23 Jul 2026,2004,wikipedia_tabela_3,Ronaldo Caiado,4.0,11,https://en.wikipedia.org/wiki/Opinion_polling_for_the_2026_Brazilian_presidential_election
2026,1,Datafolha,22–23 Jul 2026,2004,wikipedia_tabela_3,Romeu Zema,3.0,11,https://en.wikipedia.org/wiki/Opinion_polling_for_the_2026_Brazilian_presidential_election
2026,1,nan,20 July,"The Mission Party's National Convention officially nominated Renan Santos, with Aroldo Medina as his running mate.[51]",wikipedia_tabela_3,Lula,51.0,"The Mission Party's National Convention officially nominated Renan Santos, with Aroldo Medina as his running mate.[51]",https://en.wikipedia.org/wiki/Opinion_polling_for_the_2026_Brazilian_presidential_election
2026,1,nan,20 July,"The Mission Party's National Convention officially nominated Renan Santos, with Aroldo Medina as his running mate.[51]",wikipedia_tabela_3,Flávio Bolsonaro,51.0,"The Mission Party's National Convention officially nominated Renan Santos, with Aroldo Medina as his running mate.[51]",https://en.wikipedia.org/wiki/Opinion_polling_for_the_2026_Brazilian_presidential_election
2026,1,nan,20 July,"The Mission Party's National Convention officially nominated Renan Santos, with Aroldo Medina as his running mate.[51]",wikipedia_tabela_3,Augusto Cury,51.0,"The Mission Party's National Convention officially nominated Renan Santos, with Aroldo Medina as his running mate.[51]",https://en.wikipedia.org/wiki/Opinion_polling_for_the_2026_Brazilian_presidential_election
2026,1,nan,20 July,"The Mission Party's National Convention officially nominated Renan Santos, with Aroldo Medina as his running mate.[51]",wikipedia_tabela_3,Ronaldo Caiado,51.0,"The Mission Party's National Convention officially nominated Renan Santos, with Aroldo Medina as his running mate.[51]",https://en.wikipedia.org/wiki/Opinion_polling_for_the_2026_Brazilian_presidential_election
2026,1,nan,20 July,"The Mission Party's National Convention officially nominated Renan Santos, with Aroldo Medina as his running mate.[51]",wikipedia_tabela_3,Romeu Zema,51.0,"The Mission Party's National Convention officially nominated Renan Santos, with Aroldo Medina as his running mate.[51]",https://en.wikipedia.org/wiki/Opinion_polling_for_the_2026_Brazilian_presidential_election
2026,1,Real Time,18–20 Jul 2026,2000,wikipedia_tabela_3,Lula,40.0,6,https://en.wikipedia.org/wiki/Opinion_polling_for_the_2026_Brazilian_presidential_election
2026,1,Real Time,18–20 Jul 2026,2000,wikipedia_tabela_3,Flávio Bolsonaro,33.0,6,https://en.wikipedia.org/wiki/Opinion_polling_for_the_2026_Brazilian_presidential_election
2026,1,Real Time,18–20 Jul 2026,2000,wikipedia_tabela_3,Augusto Cury,1.0,6,https://en.wikipedia.org/wiki/Opinion_polling_for_the_2026_Brazilian_presidential_election
2026,1,Real Time,18–20 Jul 2026,2000,wikipedia_tabela_3,Ronaldo Caiado,7.0,6,https://en.wikipedia.org/wiki/Opinion_polling_for_the_2026_Brazilian_presidential_election
2026,1,Real Time,18–20 Jul 2026,2000,wikipedia_tabela_3,Romeu Zema,2.0,6,https://en.wikipedia.org/wiki/Opinion_polling_for_the_2026_Brazilian_presidential_election
2026,1,Indexa,16–19 Jul 2026,2000,wikipedia_tabela_3,Lula,41.0,15,https://en.wikipedia.org/wiki/Opinion_polling_for_the_2026_Brazilian_presidential_election
2026,1,Indexa,16–19 Jul 2026,2000,wikipedia_tabela_3,Flávio Bolsonaro,30.0,15,https://en.wikipedia.org/wiki/Opinion_polling_for_the_2026_Brazilian_presidential_election
2026,1,Indexa,16–19 Jul 2026,2000,wikipedia_tabela_3,Augusto Cury,1.0,15,https://en.wikipedia.org/wiki/Opinion_polling_for_the_2026_Brazilian_presidential_election
2026,1,Indexa,16–19 Jul 2026,2000,wikipedia_tabela_3,Ronaldo Caiado,6.0,15,https://en.wikipedia.org/wiki/Opinion_polling_for_the_2026_Brazilian_presidential_election
2026,1,Indexa,16–19 Jul 2026,2000,wikipedia_tabela_3,Romeu Zema,3.0,15,https://en.wikipedia.org/wiki/Opinion_polling_for_the_2026_Brazilian_presidential_election
2026,1,PoderData,12–15 Jul 2026,2400,wikipedia_tabela_3,Lula,40.0,10,https://en.wikipedia.org/wiki/Opinion_polling_for_the_2026_Brazilian_presidential_election
2026,1,PoderData,12–15 Jul 2026,2400,wikipedia_tabela_3,Flávio Bolsonaro,34.0,10,https://en.wikipedia.org/wiki/Opinion_polling_for_the_2026_Brazilian_presidential_election
2026,1,PoderData,12–15 Jul 2026,2400,wikipedia_tabela_3,Augusto Cury,3.0,10,https://en.wikipedia.org/wiki/Opinion_polling_for_the_2026_Brazilian_presidential_election
2026,1,PoderData,12–15 Jul 2026,2400,wikipedia_tabela_3,Ronaldo Caiado,4.0,10,https://en.wikipedia.org/wiki/Opinion_polling_for_the_2026_Brazilian_presidential_election
2026,1,PoderData,12–15 Jul 2026,2400,wikipedia_tabela_3,Romeu Zema,4.0,10,https://en.wikipedia.org/wiki/Opinion_polling_for_the_2026_Brazilian_presidential_election
2026,1,Quaest,10–13 Jul 2026,2004,wikipedia_tabela_3,Lula,40.0,19,https://en.wikipedia.org/wiki/Opinion_polling_for_the_2026_Brazilian_presidential_election
2026,1,Quaest,10–13 Jul 2026,2004,wikipedia_tabela_3,Flávio Bolsonaro,28.0,19,https://en.wikipedia.org/wiki/Opinion_polling_for_the_2026_Brazilian_presidential_election
2026,1,Quaest,10–13 Jul 2026,2004,wikipedia_tabela_3,Augusto Cury,1.0,19,https://en.wikipedia.org/wiki/Opinion_polling_for_the_2026_Brazilian_presidential_election
2026,1,Quaest,10–13 Jul 2026,2004,wikipedia_tabela_3,Ronaldo Caiado,4.0,19,https://en.wikipedia.org/wiki/Opinion_polling_for_the_2026_Brazilian_presidential_election
2026,1,Quaest,10–13 Jul 2026,2004,wikipedia_tabela_3,Romeu Zema,2.0,19,https://en.wikipedia.org/wiki/Opinion_polling_for_the_2026_Brazilian_presidential_election
2026,1,Nexus,10–12 Jul 2026,2003,wikipedia_tabela_3,Lula,40.0,9,https://en.wikipedia.org/wiki/Opinion_polling_for_the_2026_Brazilian_presidential_election
2026,1,Nexus,10–12 Jul 2026,2003,wikipedia_tabela_3,Flávio Bolsonaro,34.0,9,https://en.wikipedia.org/wiki/Opinion_polling_for_the_2026_Brazilian_presidential_election
2026,1,Nexus,10–12 Jul 2026,2003,wikipedia_tabela_3,Augusto Cury,2.0,9,https://en.wikipedia.org/wiki/Opinion_polling_for_the_2026_Brazilian_presidential_election
2026,1,Nexus,10–12 Jul 2026,2003,wikipedia_tabela_3,Ronaldo Caiado,5.0,9,https://en.wikipedia.org/wiki/Opinion_polling_for_the_2026_Brazilian_presidential_election
2026,1,Nexus,10–12 Jul 2026,2003,wikipedia_tabela_3,Romeu Zema,4.0,9,https://en.wikipedia.org/wiki/Opinion_polling_for_the_2026_Brazilian_presidential_election
2026,1,Futura,7–11 Jul 2026,2000,wikipedia_tabela_3,Lula,40.1,8.7,https://en.wikipedia.org/wiki/Opinion_polling_for_the_2026_Brazilian_presidential_election
2026,1,Futura,7–11 Jul 2026,2000,wikipedia_tabela_3,Flávio Bolsonaro,36.8,8.7,https://en.wikipedia.org/wiki/Opinion_polling_for_the_2026_Brazilian_presidential_election
2026,1,Futura,7–11 Jul 2026,2000,wikipedia_tabela_3,Augusto Cury,1.1,8.7,https://en.wikipedia.org/wiki/Opinion_polling_for_the_2026_Brazilian_presidential_election
2026,1,Futura,7–11 Jul 2026,2000,wikipedia_tabela_3,Ronaldo Caiado,5.0,8.7,https://en.wikipedia.org/wiki/Opinion_polling_for_the_2026_Brazilian_presidential_election
2026,1,Futura,7–11 Jul 2026,2000,wikipedia_tabela_3,Romeu Zema,3.7,8.7,https://en.wikipedia.org/wiki/Opinion_polling_for_the_2026_Brazilian_presidential_election
2026,1,Futura,7–11 Jul 2026,2000,wikipedia_tabela_3,Lula,37.8,10.2,https://en.wikipedia.org/wiki/Opinion_polling_for_the_2026_Brazilian_presidential_election
2026,1,Futura,7–11 Jul 2026,2000,wikipedia_tabela_3,Flávio Bolsonaro,35.7,10.2,https://en.wikipedia.org/wiki/Opinion_polling_for_the_2026_Brazilian_presidential_election
2026,1,Futura,7–11 Jul 2026,2000,wikipedia_tabela_3,Ronaldo Caiado,7.9,10.2,https://en.wikipedia.org/wiki/Opinion_polling_for_the_2026_Brazilian_presidential_election
2026,1,Futura,7–11 Jul 2026,2000,wikipedia_tabela_3,Romeu Zema,5.0,10.2,https://en.wikipedia.org/wiki/Opinion_polling_for_the_2026_Brazilian_presidential_election
2026,1,Futura,7–11 Jul 2026,2000,wikipedia_tabela_3,Lula,42.1,21.4,https://en.wikipedia.org/wiki/Opinion_polling_for_the_2026_Brazilian_presidential_election
2026,1,Futura,7–11 Jul 2026,2000,wikipedia_tabela_3,Ronaldo Caiado,16.5,21.4,https://en.wikipedia.org/wiki/Opinion_polling_for_the_2026_Brazilian_presidential_election
2026,1,Futura,7–11 Jul 2026,2000,wikipedia_tabela_3,Romeu Zema,14.0,21.4,https://en.wikipedia.org/wiki/Opinion_polling_for_the_2026_Brazilian_presidential_election
2026,1,Futura,7–11 Jul 2026,2000,wikipedia_tabela_3,Lula,42.6,8.7,https://en.wikipedia.org/wiki/Opinion_polling_for_the_2026_Brazilian_presidential_election
2026,1,Futura,7–11 Jul 2026,2000,wikipedia_tabela_3,Flávio Bolsonaro,38.6,8.7,https://en.wikipedia.org/wiki/Opinion_polling_for_the_2026_Brazilian_presidential_election
2026,1,Futura,7–11 Jul 2026,2000,wikipedia_tabela_3,Romeu Zema,6.2,8.7,https://en.wikipedia.org/wiki/Opinion_polling_for_the_2026_Brazilian_presidential_election
2026,1,nan,8 July,Aécio Neves (PSDB) rules out a presidential bid.[58],wikipedia_tabela_3,Lula,58.0,Aécio Neves (PSDB) rules out a presidential bid.[58],https://en.wikipedia.org/wiki/Opinion_polling_for_the_2026_Brazilian_presidential_election
2026,1,nan,8 July,Aécio Neves (PSDB) rules out a presidential bid.[58],wikipedia_tabela_3,Flávio Bolsonaro,58.0,Aécio Neves (PSDB) rules out a presidential bid.[58],https://en.wikipedia.org/wiki/Opinion_polling_for_the_2026_Brazilian_presidential_election
2026,1,nan,8 July,Aécio Neves (PSDB) rules out a presidential bid.[58],wikipedia_tabela_3,Augusto Cury,58.0,Aécio Neves (PSDB) rules out a presidential bid.[58],https://en.wikipedia.org/wiki/Opinion_polling_for_the_2026_Brazilian_presidential_election
2026,1,nan,8 July,Aécio Neves (PSDB) rules out a presidential bid.[58],wikipedia_tabela_3,Ronaldo Caiado,58.0,Aécio Neves (PSDB) rules out a presidential bid.[58],https://en.wikipedia.org/wiki/Opinion_polling_for_the_2026_Brazilian_presidential_election
2026,1,nan,8 July,Aécio Neves (PSDB) rules out a presidential bid.[58],wikipedia_tabela_3,Romeu Zema,58.0,Aécio Neves (PSDB) rules out a presidential bid.[58],https://en.wikipedia.org/wiki/Opinion_polling_for_the_2026_Brazilian_presidential_election
2026,1,Ideia,3–6 Jul 2026,1500,wikipedia_tabela_3,Lula,40.4,13.6,https://en.wikipedia.org/wiki/Opinion_polling_for_the_2026_Brazilian_presidential_election
2026,1,Ideia,3–6 Jul 2026,1500,wikipedia_tabela_3,Flávio Bolsonaro,32.0,13.6,https://en.wikipedia.org/wiki/Opinion_polling_for_the_2026_Brazilian_presidential_election
2026,1,Ideia,3–6 Jul 2026,1500,wikipedia_tabela_3,Augusto Cury,1.5,13.6,https://en.wikipedia.org/wiki/Opinion_polling_for_the_2026_Brazilian_presidential_election
2026,1,Ideia,3–6 Jul 2026,1500,wikipedia_tabela_3,Ronaldo Caiado,4.0,13.6,https://en.wikipedia.org/wiki/Opinion_polling_for_the_2026_Brazilian_presidential_election
2026,1,Ideia,3–6 Jul 2026,1500,wikipedia_tabela_3,Romeu Zema,2.5,13.6,https://en.wikipedia.org/wiki/Opinion_polling_for_the_2026_Brazilian_presidential_election
2026,1,AtlasIntel,26–30 Jun 2026,4999,wikipedia_tabela_3,Lula,46.3,1.2,https://en.wikipedia.org/wiki/Opinion_polling_for_the_2026_Brazilian_presidential_election
2026,1,AtlasIntel,26–30 Jun 2026,4999,wikipedia_tabela_3,Flávio Bolsonaro,36.6,1.2,https://en.wikipedia.org/wiki/Opinion_polling_for_the_2026_Brazilian_presidential_election
2026,1,AtlasIntel,26–30 Jun 2026,4999,wikipedia_tabela_3,Augusto Cury,0.5,1.2,https://en.wikipedia.org/wiki/Opinion_polling_for_the_2026_Brazilian_presidential_election
2026,1,AtlasIntel,26–30 Jun 2026,4999,wikipedia_tabela_3,Ronaldo Caiado,2.9,1.2,https://en.wikipedia.org/wiki/Opinion_polling_for_the_2026_Brazilian_presidential_election
2026,1,AtlasIntel,26–30 Jun 2026,4999,wikipedia_tabela_3,Romeu Zema,2.0,1.2,https://en.wikipedia.org/wiki/Opinion_polling_for_the_2026_Brazilian_presidential_election
2026,1,AtlasIntel,26–30 Jun 2026,4999,wikipedia_tabela_3,Lula,47.2,1.3,https://en.wikipedia.org/wiki/Opinion_polling_for_the_2026_Brazilian_presidential_election
2026,1,AtlasIntel,26–30 Jun 2026,4999,wikipedia_tabela_3,Flávio Bolsonaro,36.3,1.3,https://en.wikipedia.org/wiki/Opinion_polling_for_the_2026_Brazilian_presidential_election
2026,1,AtlasIntel,26–30 Jun 2026,4999,wikipedia_tabela_3,Ronaldo Caiado,3.1,1.3,https://en.wikipedia.org/wiki/Opinion_polling_for_the_2026_Brazilian_presidential_election
2026,1,AtlasIntel,26–30 Jun 2026,4999,wikipedia_tabela_3,Romeu Zema,3.0,1.3,https://en.wikipedia.org/wiki/Opinion_polling_for_the_2026_Brazilian_presidential_election
2026,1,Nexus,26–28 Jun 2026,2009,wikipedia_tabela_3,Lula,42.0,8,https://en.wikipedia.org/wiki/Opinion_polling_for_the_2026_Brazilian_presidential_election
2026,1,Nexus,26–28 Jun 2026,2009,wikipedia_tabela_3,Flávio Bolsonaro,34.0,8,https://en.wikipedia.org/wiki/Opinion_polling_for_the_2026_Brazilian_presidential_election
2026,1,Nexus,26–28 Jun 2026,2009,wikipedia_tabela_3,Augusto Cury,1.0,8,https://en.wikipedia.org/wiki/Opinion_polling_for_the_2026_Brazilian_presidential_election
2026,1,Nexus,26–28 Jun 2026,2009,wikipedia_tabela_3,Ronaldo Caiado,5.0,8,https://en.wikipedia.org/wiki/Opinion_polling_for_the_2026_Brazilian_presidential_election
2026,1,Nexus,26–28 Jun 2026,2009,wikipedia_tabela_3,Romeu Zema,3.0,8,https://en.wikipedia.org/wiki/Opinion_polling_for_the_2026_Brazilian_presidential_election
2026,1,Nexus,26–28 Jun 2026,2009,wikipedia_tabela_3,Lula,42.0,8,https://en.wikipedia.org/wiki/Opinion_polling_for_the_2026_Brazilian_presidential_election
2026,1,Nexus,26–28 Jun 2026,2009,wikipedia_tabela_3,Flávio Bolsonaro,35.0,8,https://en.wikipedia.org/wiki/Opinion_polling_for_the_2026_Brazilian_presidential_election
2026,1,Nexus,26–28 Jun 2026,2009,wikipedia_tabela_3,Ronaldo Caiado,5.0,8,https://en.wikipedia.org/wiki/Opinion_polling_for_the_2026_Brazilian_presidential_election
2026,1,Nexus,26–28 Jun 2026,2009,wikipedia_tabela_3,Romeu Zema,3.0,8,https://en.wikipedia.org/wiki/Opinion_polling_for_the_2026_Brazilian_presidential_election
2026,1,Vox Brasil,23–25 Jun 2026,2100,wikipedia_tabela_3,Lula,38.3,14.3,https://en.wikipedia.org/wiki/Opinion_polling_for_the_2026_Brazilian_presidential_election
2026,1,Vox Brasil,23–25 Jun 2026,2100,wikipedia_tabela_3,Flávio Bolsonaro,32.2,14.3,https://en.wikipedia.org/wiki/Opinion_polling_for_the_2026_Brazilian_presidential_election
2026,1,Vox Brasil,23–25 Jun 2026,2100,wikipedia_tabela_3,Augusto Cury,0.7,14.3,https://en.wikipedia.org/wiki/Opinion_polling_for_the_2026_Brazilian_presidential_election
2026,1,Vox Brasil,23–25 Jun 2026,2100,wikipedia_tabela_3,Ronaldo Caiado,5.1,14.3,https://en.wikipedia.org/wiki/Opinion_polling_for_the_2026_Brazilian_presidential_election
2026,1,Vox Brasil,23–25 Jun 2026,2100,wikipedia_tabela_3,Romeu Zema,2.8,14.3,https://en.wikipedia.org/wiki/Opinion_polling_for_the_2026_Brazilian_presidential_election
2026,1,PoderData,21–24 Jun 2026,2400,wikipedia_tabela_3,Lula,40.0,8,https://en.wikipedia.org/wiki/Opinion_polling_for_the_2026_Brazilian_presidential_election
2026,1,PoderData,21–24 Jun 2026,2400,wikipedia_tabela_3,Flávio Bolsonaro,36.0,8,https://en.wikipedia.org/wiki/Opinion_polling_for_the_2026_Brazilian_presidential_election
2026,1,PoderData,21–24 Jun 2026,2400,wikipedia_tabela_3,Augusto Cury,3.0,8,https://en.wikipedia.org/wiki/Opinion_polling_for_the_2026_Brazilian_presidential_election
2026,1,PoderData,21–24 Jun 2026,2400,wikipedia_tabela_3,Ronaldo Caiado,4.0,8,https://en.wikipedia.org/wiki/Opinion_polling_for_the_2026_Brazilian_presidential_election
2026,1,PoderData,21–24 Jun 2026,2400,wikipedia_tabela_3,Romeu Zema,3.0,8,https://en.wikipedia.org/wiki/Opinion_polling_for_the_2026_Brazilian_presidential_election
2026,1,Indexa,18–20 Jun 2026,2000,wikipedia_tabela_3,Lula,42.0,14,https://en.wikipedia.org/wiki/Opinion_polling_for_the_2026_Brazilian_presidential_election
2026,1,Indexa,18–20 Jun 2026,2000,wikipedia_tabela_3,Flávio Bolsonaro,31.0,14,https://en.wikipedia.org/wiki/Opinion_polling_for_the_2026_Brazilian_presidential_election
2026,1,Indexa,18–20 Jun 2026,2000,wikipedia_tabela_3,Augusto Cury,1.0,14,https://en.wikipedia.org/wiki/Opinion_polling_for_the_2026_Brazilian_presidential_election
2026,1,Indexa,18–20 Jun 2026,2000,wikipedia_tabela_3,Ronaldo Caiado,5.0,14,https://en.wikipedia.org/wiki/Opinion_polling_for_the_2026_Brazilian_presidential_election
2026,1,Indexa,18–20 Jun 2026,2000,wikipedia_tabela_3,Romeu Zema,3.0,14,https://en.wikipedia.org/wiki/Opinion_polling_for_the_2026_Brazilian_presidential_election
2026,1,Datafolha,17–18 Jun 2026,2004,wikipedia_tabela_3,Lula,41.0,11,https://en.wikipedia.org/wiki/Opinion_polling_for_the_2026_Brazilian_presidential_election
2026,1,Datafolha,17–18 Jun 2026,2004,wikipedia_tabela_3,Flávio Bolsonaro,31.0,11,https://en.wikipedia.org/wiki/Opinion_polling_for_the_2026_Brazilian_presidential_election
2026,1,Datafolha,17–18 Jun 2026,2004,wikipedia_tabela_3,Augusto Cury,2.0,11,https://en.wikipedia.org/wiki/Opinion_polling_for_the_2026_Brazilian_presidential_election
2026,1,Datafolha,17–18 Jun 2026,2004,wikipedia_tabela_3,Ronaldo Caiado,3.0,11,https://en.wikipedia.org/wiki/Opinion_polling_for_the_2026_Brazilian_presidential_election
2026,1,Datafolha,17–18 Jun 2026,2004,wikipedia_tabela_3,Romeu Zema,2.0,11,https://en.wikipedia.org/wiki/Opinion_polling_for_the_2026_Brazilian_presidential_election
2026,1,Nexus,12–14 Jun 2026,2017,wikipedia_tabela_3,Lula,42.0,8,https://en.wikipedia.org/wiki/Opinion_polling_for_the_2026_Brazilian_presidential_election
2026,1,Nexus,12–14 Jun 2026,2017,wikipedia_tabela_3,Flávio Bolsonaro,33.0,8,https://en.wikipedia.org/wiki/Opinion_polling_for_the_2026_Brazilian_presidential_election
2026,1,Nexus,12–14 Jun 2026,2017,wikipedia_tabela_3,Augusto Cury,2.0,8,https://en.wikipedia.org/wiki/Opinion_polling_for_the_2026_Brazilian_presidential_election
2026,1,Nexus,12–14 Jun 2026,2017,wikipedia_tabela_3,Ronaldo Caiado,4.0,8,https://en.wikipedia.org/wiki/Opinion_polling_for_the_2026_Brazilian_presidential_election
2026,1,Nexus,12–14 Jun 2026,2017,wikipedia_tabela_3,Romeu Zema,2.0,8,https://en.wikipedia.org/wiki/Opinion_polling_for_the_2026_Brazilian_presidential_election
2026,1,Nexus,12–14 Jun 2026,2017,wikipedia_tabela_3,Lula,43.0,8,https://en.wikipedia.org/wiki/Opinion_polling_for_the_2026_Brazilian_presidential_election
2026,1,Nexus,12–14 Jun 2026,2017,wikipedia_tabela_3,Flávio Bolsonaro,34.0,8,https://en.wikipedia.org/wiki/Opinion_polling_for_the_2026_Brazilian_presidential_election
2026,1,Nexus,12–14 Jun 2026,2017,wikipedia_tabela_3,Ronaldo Caiado,4.0,8,https://en.wikipedia.org/wiki/Opinion_polling_for_the_2026_Brazilian_presidential_election
2026,1,Nexus,12–14 Jun 2026,2017,wikipedia_tabela_3,Romeu Zema,3.0,8,https://en.wikipedia.org/wiki/Opinion_polling_for_the_2026_Brazilian_presidential_election
2026,1,MDA,10–14 Jun 2026,2002,wikipedia_tabela_3,Lula,41.8,14.9,https://en.wikipedia.org/wiki/Opinion_polling_for_the_2026_Brazilian_presidential_election
2026,1,MDA,10–14 Jun 2026,2002,wikipedia_tabela_3,Flávio Bolsonaro,28.2,14.9,https://en.wikipedia.org/wiki/Opinion_polling_for_the_2026_Brazilian_presidential_election
2026,1,MDA,10–14 Jun 2026,2002,wikipedia_tabela_3,Augusto Cury,1.8,14.9,https://en.wikipedia.org/wiki/Opinion_polling_for_the_2026_Brazilian_presidential_election
2026,1,MDA,10–14 Jun 2026,2002,wikipedia_tabela_3,Ronaldo Caiado,4.0,14.9,https://en.wikipedia.org/wiki/Opinion_polling_for_the_2026_Brazilian_presidential_election
2026,1,MDA,10–14 Jun 2026,2002,wikipedia_tabela_3,Romeu Zema,2.8,14.9,https://en.wikipedia.org/wiki/Opinion_polling_for_the_2026_Brazilian_presidential_election
2026,1,Futura,8–12 Jun 2026,2000,wikipedia_tabela_3,Lula,41.6,10,https://en.wikipedia.org/wiki/Opinion_polling_for_the_2026_Brazilian_presidential_election
2026,1,Futura,8–12 Jun 2026,2000,wikipedia_tabela_3,Flávio Bolsonaro,34.1,10,https://en.wikipedia.org/wiki/Opinion_polling_for_the_2026_Brazilian_presidential_election
2026,1,Futura,8–12 Jun 2026,2000,wikipedia_tabela_3,Augusto Cury,0.9,10,https://en.wikipedia.org/wiki/Opinion_polling_for_the_2026_Brazilian_presidential_election
2026,1,Futura,8–12 Jun 2026,2000,wikipedia_tabela_3,Ronaldo Caiado,4.5,10,https://en.wikipedia.org/wiki/Opinion_polling_for_the_2026_Brazilian_presidential_election
2026,1,Futura,8–12 Jun 2026,2000,wikipedia_tabela_3,Romeu Zema,3.5,10,https://en.wikipedia.org/wiki/Opinion_polling_for_the_2026_Brazilian_presidential_election
2026,1,Futura,8–12 Jun 2026,2000,wikipedia_tabela_3,Lula,39.8,10.1,https://en.wikipedia.org/wiki/Opinion_polling_for_the_2026_Brazilian_presidential_election
2026,1,Futura,8–12 Jun 2026,2000,wikipedia_tabela_3,Flávio Bolsonaro,32.8,10.1,https://en.wikipedia.org/wiki/Opinion_polling_for_the_2026_Brazilian_presidential_election
2026,1,Futura,8–12 Jun 2026,2000,wikipedia_tabela_3,Ronaldo Caiado,8.5,10.1,https://en.wikipedia.org/wiki/Opinion_polling_for_the_2026_Brazilian_presidential_election
2026,1,Futura,8–12 Jun 2026,2000,wikipedia_tabela_3,Romeu Zema,5.3,10.1,https://en.wikipedia.org/wiki/Opinion_polling_for_the_2026_Brazilian_presidential_election
2026,1,Futura,8–12 Jun 2026,2000,wikipedia_tabela_3,Lula,42.7,21.5,https://en.wikipedia.org/wiki/Opinion_polling_for_the_2026_Brazilian_presidential_election
2026,1,Futura,8–12 Jun 2026,2000,wikipedia_tabela_3,Ronaldo Caiado,16.5,21.5,https://en.wikipedia.org/wiki/Opinion_polling_for_the_2026_Brazilian_presidential_election
2026,1,Futura,8–12 Jun 2026,2000,wikipedia_tabela_3,Romeu Zema,13.3,21.5,https://en.wikipedia.org/wiki/Opinion_polling_for_the_2026_Brazilian_presidential_election
2026,1,Quaest,5–8 Jun 2026,2004,wikipedia_tabela_3,Lula,39.0,19,https://en.wikipedia.org/wiki/Opinion_polling_for_the_2026_Brazilian_presidential_election
2026,1,Quaest,5–8 Jun 2026,2004,wikipedia_tabela_3,Flávio Bolsonaro,29.0,19,https://en.wikipedia.org/wiki/Opinion_polling_for_the_2026_Brazilian_presidential_election
2026,1,Quaest,5–8 Jun 2026,2004,wikipedia_tabela_3,Augusto Cury,1.0,19,https://en.wikipedia.org/wiki/Opinion_polling_for_the_2026_Brazilian_presidential_election
2026,1,Quaest,5–8 Jun 2026,2004,wikipedia_tabela_3,Ronaldo Caiado,3.0,19,https://en.wikipedia.org/wiki/Opinion_polling_for_the_2026_Brazilian_presidential_election
2026,1,Quaest,5–8 Jun 2026,2004,wikipedia_tabela_3,Romeu Zema,2.0,19,https://en.wikipedia.org/wiki/Opinion_polling_for_the_2026_Brazilian_presidential_election
2026,1,Vox Brasil,1–3 Jun 2026,2100,wikipedia_tabela_3,Lula,42.1,5.2,https://en.wikipedia.org/wiki/Opinion_polling_for_the_2026_Brazilian_presidential_election
2026,1,Vox Brasil,1–3 Jun 2026,2100,wikipedia_tabela_3,Flávio Bolsonaro,33.6,5.2,https://en.wikipedia.org/wiki/Opinion_polling_for_the_2026_Brazilian_presidential_election
2026,1,Vox Brasil,1–3 Jun 2026,2100,wikipedia_tabela_3,Augusto Cury,0.5,5.2,https://en.wikipedia.org/wiki/Opinion_polling_for_the_2026_Brazilian_presidential_election
2026,1,Vox Brasil,1–3 Jun 2026,2100,wikipedia_tabela_3,Ronaldo Caiado,6.9,5.2,https://en.wikipedia.org/wiki/Opinion_polling_for_the_2026_Brazilian_presidential_election
2026,1,Vox Brasil,1–3 Jun 2026,2100,wikipedia_tabela_3,Romeu Zema,5.1,5.2,https://en.wikipedia.org/wiki/Opinion_polling_for_the_2026_Brazilian_presidential_election
2026,1,Real Time,29–30 May 2026,2000,wikipedia_tabela_3,Lula,38.0,7,https://en.wikipedia.org/wiki/Opinion_polling_for_the_2026_Brazilian_presidential_election
2026,1,Real Time,29–30 May 2026,2000,wikipedia_tabela_3,Flávio Bolsonaro,31.0,7,https://en.wikipedia.org/wiki/Opinion_polling_for_the_2026_Brazilian_presidential_election
2026,1,Real Time,29–30 May 2026,2000,wikipedia_tabela_3,Augusto Cury,1.0,7,https://en.wikipedia.org/wiki/Opinion_polling_for_the_2026_Brazilian_presidential_election
2026,1,Real Time,29–30 May 2026,2000,wikipedia_tabela_3,Ronaldo Caiado,6.0,7,https://en.wikipedia.org/wiki/Opinion_polling_for_the_2026_Brazilian_presidential_election
2026,1,Real Time,29–30 May 2026,2000,wikipedia_tabela_3,Romeu Zema,4.0,7,https://en.wikipedia.org/wiki/Opinion_polling_for_the_2026_Brazilian_presidential_election
2026,1,PoderData,25–28 May 2026,2400,wikipedia_tabela_3,Lula,40.0,9,https://en.wikipedia.org/wiki/Opinion_polling_for_the_2026_Brazilian_presidential_election
2026,1,PoderData,25–28 May 2026,2400,wikipedia_tabela_3,Flávio Bolsonaro,35.0,9,https://en.wikipedia.org/wiki/Opinion_polling_for_the_2026_Brazilian_presidential_election
2026,1,PoderData,25–28 May 2026,2400,wikipedia_tabela_3,Augusto Cury,3.0,9,https://en.wikipedia.org/wiki/Opinion_polling_for_the_2026_Brazilian_presidential_election
2026,1,PoderData,25–28 May 2026,2400,wikipedia_tabela_3,Ronaldo Caiado,3.0,9,https://en.wikipedia.org/wiki/Opinion_polling_for_the_2026_Brazilian_presidential_election
2026,1,PoderData,25–28 May 2026,2400,wikipedia_tabela_3,Romeu Zema,4.0,9,https://en.wikipedia.org/wiki/Opinion_polling_for_the_2026_Brazilian_presidential_election
2026,1,Ideia,23–27 May 2026,1500,wikipedia_tabela_3,Lula,38.5,15.6,https://en.wikipedia.org/wiki/Opinion_polling_for_the_2026_Brazilian_presidential_election
2026,1,Ideia,23–27 May 2026,1500,wikipedia_tabela_3,Flávio Bolsonaro,31.5,15.6,https://en.wikipedia.org/wiki/Opinion_polling_for_the_2026_Brazilian_presidential_election
2026,1,Ideia,23–27 May 2026,1500,wikipedia_tabela_3,Ronaldo Caiado,5.5,15.6,https://en.wikipedia.org/wiki/Opinion_polling_for_the_2026_Brazilian_presidential_election
2026,1,Ideia,23–27 May 2026,1500,wikipedia_tabela_3,Romeu Zema,2.4,15.6,https://en.wikipedia.org/wiki/Opinion_polling_for_the_2026_Brazilian_presidential_election
2026,1,Indexa,22–24 May 2026,2000,wikipedia_tabela_3,Lula,39.0,18,https://en.wikipedia.org/wiki/Opinion_polling_for_the_2026_Brazilian_presidential_election
2026,1,Indexa,22–24 May 2026,2000,wikipedia_tabela_3,Flávio Bolsonaro,30.0,18,https://en.wikipedia.org/wiki/Opinion_polling_for_the_2026_Brazilian_presidential_election
2026,1,Indexa,22–24 May 2026,2000,wikipedia_tabela_3,Augusto Cury,0.0,18,https://en.wikipedia.org/wiki/Opinion_polling_for_the_2026_Brazilian_presidential_election
2026,1,Indexa,22–24 May 2026,2000,wikipedia_tabela_3,Ronaldo Caiado,5.0,18,https://en.wikipedia.org/wiki/Opinion_polling_for_the_2026_Brazilian_presidential_election
2026,1,Indexa,22–24 May 2026,2000,wikipedia_tabela_3,Romeu Zema,3.0,18,https://en.wikipedia.org/wiki/Opinion_polling_for_the_2026_Brazilian_presidential_election
2026,1,Nexus,22–24 May 2026,2045,wikipedia_tabela_3,Lula,40.0,9,https://en.wikipedia.org/wiki/Opinion_polling_for_the_2026_Brazilian_presidential_election
2026,1,Nexus,22–24 May 2026,2045,wikipedia_tabela_3,Flávio Bolsonaro,35.0,9,https://en.wikipedia.org/wiki/Opinion_polling_for_the_2026_Brazilian_presidential_election
2026,1,Nexus,22–24 May 2026,2045,wikipedia_tabela_3,Augusto Cury,1.0,9,https://en.wikipedia.org/wiki/Opinion_polling_for_the_2026_Brazilian_presidential_election
2026,1,Nexus,22–24 May 2026,2045,wikipedia_tabela_3,Ronaldo Caiado,5.0,9,https://en.wikipedia.org/wiki/Opinion_polling_for_the_2026_Brazilian_presidential_election
2026,1,Nexus,22–24 May 2026,2045,wikipedia_tabela_3,Romeu Zema,4.0,9,https://en.wikipedia.org/wiki/Opinion_polling_for_the_2026_Brazilian_presidential_election
2026,1,Nexus,22–24 May 2026,2045,wikipedia_tabela_3,Lula,41.0,8,https://en.wikipedia.org/wiki/Opinion_polling_for_the_2026_Brazilian_presidential_election
2026,1,Nexus,22–24 May 2026,2045,wikipedia_tabela_3,Flávio Bolsonaro,35.0,8,https://en.wikipedia.org/wiki/Opinion_polling_for_the_2026_Brazilian_presidential_election
2026,1,Nexus,22–24 May 2026,2045,wikipedia_tabela_3,Ronaldo Caiado,5.0,8,https://en.wikipedia.org/wiki/Opinion_polling_for_the_2026_Brazilian_presidential_election
2026,1,Nexus,22–24 May 2026,2045,wikipedia_tabela_3,Romeu Zema,4.0,8,https://en.wikipedia.org/wiki/Opinion_polling_for_the_2026_Brazilian_presidential_election
2026,1,Datafolha,20–22 May 2026,2004,wikipedia_tabela_3,Lula,40.0,12,https://en.wikipedia.org/wiki/Opinion_polling_for_the_2026_Brazilian_presidential_election
2026,1,Datafolha,20–22 May 2026,2004,wikipedia_tabela_3,Flávio Bolsonaro,31.0,12,https://en.wikipedia.org/wiki/Opinion_polling_for_the_2026_Brazilian_presidential_election
2026,1,Datafolha,20–22 May 2026,2004,wikipedia_tabela_3,Augusto Cury,2.0,12,https://en.wikipedia.org/wiki/Opinion_polling_for_the_2026_Brazilian_presidential_election
2026,1,Datafolha,20–22 May 2026,2004,wikipedia_tabela_3,Ronaldo Caiado,4.0,12,https://en.wikipedia.org/wiki/Opinion_polling_for_the_2026_Brazilian_presidential_election
2026,1,Datafolha,20–22 May 2026,2004,wikipedia_tabela_3,Romeu Zema,3.0,12,https://en.wikipedia.org/wiki/Opinion_polling_for_the_2026_Brazilian_presidential_election
2026,1,Futura,15–20 May 2026,2000,wikipedia_tabela_3,Lula,42.7,10.6,https://en.wikipedia.org/wiki/Opinion_polling_for_the_2026_Brazilian_presidential_election
2026,1,Futura,15–20 May 2026,2000,wikipedia_tabela_3,Flávio Bolsonaro,35.6,10.6,https://en.wikipedia.org/wiki/Opinion_polling_for_the_2026_Brazilian_presidential_election
2026,1,Futura,15–20 May 2026,2000,wikipedia_tabela_3,Augusto Cury,0.9,10.6,https://en.wikipedia.org/wiki/Opinion_polling_for_the_2026_Brazilian_presidential_election
2026,1,Futura,15–20 May 2026,2000,wikipedia_tabela_3,Ronaldo Caiado,3.3,10.6,https://en.wikipedia.org/wiki/Opinion_polling_for_the_2026_Brazilian_presidential_election
2026,1,Futura,15–20 May 2026,2000,wikipedia_tabela_3,Romeu Zema,3.9,10.6,https://en.wikipedia.org/wiki/Opinion_polling_for_the_2026_Brazilian_presidential_election
2026,1,Futura,15–20 May 2026,2000,wikipedia_tabela_3,Lula,39.0,24.4,https://en.wikipedia.org/wiki/Opinion_polling_for_the_2026_Brazilian_presidential_election
2026,1,Futura,15–20 May 2026,2000,wikipedia_tabela_3,Augusto Cury,2.6,24.4,https://en.wikipedia.org/wiki/Opinion_polling_for_the_2026_Brazilian_presidential_election
2026,1,Futura,15–20 May 2026,2000,wikipedia_tabela_3,Ronaldo Caiado,13.1,24.4,https://en.wikipedia.org/wiki/Opinion_polling_for_the_2026_Brazilian_presidential_election
2026,1,Futura,15–20 May 2026,2000,wikipedia_tabela_3,Romeu Zema,13.3,24.4,https://en.wikipedia.org/wiki/Opinion_polling_for_the_2026_Brazilian_presidential_election
2026,1,Vox Brasil,17–19 May 2026,2100,wikipedia_tabela_3,Lula,41.5,14.3,https://en.wikipedia.org/wiki/Opinion_polling_for_the_2026_Brazilian_presidential_election
2026,1,Vox Brasil,17–19 May 2026,2100,wikipedia_tabela_3,Flávio Bolsonaro,32.1,14.3,https://en.wikipedia.org/wiki/Opinion_polling_for_the_2026_Brazilian_presidential_election
2026,1,Vox Brasil,17–19 May 2026,2100,wikipedia_tabela_3,Augusto Cury,0.3,14.3,https://en.wikipedia.org/wiki/Opinion_polling_for_the_2026_Brazilian_presidential_election
2026,1,Vox Brasil,17–19 May 2026,2100,wikipedia_tabela_3,Ronaldo Caiado,5.9,14.3,https://en.wikipedia.org/wiki/Opinion_polling_for_the_2026_Brazilian_presidential_election
2026,1,Vox Brasil,17–19 May 2026,2100,wikipedia_tabela_3,Romeu Zema,4.1,14.3,https://en.wikipedia.org/wiki/Opinion_polling_for_the_2026_Brazilian_presidential_election
2026,1,AtlasIntel,13–18 May 2026,5032,wikipedia_tabela_3,Lula,47.0,3.3,https://en.wikipedia.org/wiki/Opinion_polling_for_the_2026_Brazilian_presidential_election
2026,1,AtlasIntel,13–18 May 2026,5032,wikipedia_tabela_3,Flávio Bolsonaro,34.3,3.3,https://en.wikipedia.org/wiki/Opinion_polling_for_the_2026_Brazilian_presidential_election
2026,1,AtlasIntel,13–18 May 2026,5032,wikipedia_tabela_3,Augusto Cury,0.4,3.3,https://en.wikipedia.org/wiki/Opinion_polling_for_the_2026_Brazilian_presidential_election
2026,1,AtlasIntel,13–18 May 2026,5032,wikipedia_tabela_3,Ronaldo Caiado,2.7,3.3,https://en.wikipedia.org/wiki/Opinion_polling_for_the_2026_Brazilian_presidential_election
2026,1,AtlasIntel,13–18 May 2026,5032,wikipedia_tabela_3,Romeu Zema,5.2,3.3,https://en.wikipedia.org/wiki/Opinion_polling_for_the_2026_Brazilian_presidential_election
2026,1,AtlasIntel,13–18 May 2026,5032,wikipedia_tabela_3,Lula,46.7,11.4,https://en.wikipedia.org/wiki/Opinion_polling_for_the_2026_Brazilian_presidential_election
2026,1,AtlasIntel,13–18 May 2026,5032,wikipedia_tabela_3,Augusto Cury,1.2,11.4,https://en.wikipedia.org/wiki/Opinion_polling_for_the_2026_Brazilian_presidential_election
2026,1,AtlasIntel,13–18 May 2026,5032,wikipedia_tabela_3,Ronaldo Caiado,13.8,11.4,https://en.wikipedia.org/wiki/Opinion_polling_for_the_2026_Brazilian_presidential_election
2026,1,AtlasIntel,13–18 May 2026,5032,wikipedia_tabela_3,Romeu Zema,17.0,11.4,https://en.wikipedia.org/wiki/Opinion_polling_for_the_2026_Brazilian_presidential_election
2026,1,nan,13 May,"Leaked audio recordings linked Flávio Bolsonaro to Daniel Vorcaro, a central figure in the Banco Master scandal.[79][80][81][82][h]",wikipedia_tabela_3,Lula,79.0,"Leaked audio recordings linked Flávio Bolsonaro to Daniel Vorcaro, a central figure in the Banco Master scandal.[79][80][81][82][h]",https://en.wikipedia.org/wiki/Opinion_polling_for_the_2026_Brazilian_presidential_election
2026,1,nan,13 May,"Leaked audio recordings linked Flávio Bolsonaro to Daniel Vorcaro, a central figure in the Banco Master scandal.[79][80][81][82][h]",wikipedia_tabela_3,Flávio Bolsonaro,79.0,"Leaked audio recordings linked Flávio Bolsonaro to Daniel Vorcaro, a central figure in the Banco Master scandal.[79][80][81][82][h]",https://en.wikipedia.org/wiki/Opinion_polling_for_the_2026_Brazilian_presidential_election
2026,1,nan,13 May,"Leaked audio recordings linked Flávio Bolsonaro to Daniel Vorcaro, a central figure in the Banco Master scandal.[79][80][81][82][h]",wikipedia_tabela_3,Augusto Cury,79.0,"Leaked audio recordings linked Flávio Bolsonaro to Daniel Vorcaro, a central figure in the Banco Master scandal.[79][80][81][82][h]",https://en.wikipedia.org/wiki/Opinion_polling_for_the_2026_Brazilian_presidential_election
2026,1,nan,13 May,"Leaked audio recordings linked Flávio Bolsonaro to Daniel Vorcaro, a central figure in the Banco Master scandal.[79][80][81][82][h]",wikipedia_tabela_3,Ronaldo Caiado,79.0,"Leaked audio recordings linked Flávio Bolsonaro to Daniel Vorcaro, a central figure in the Banco Master scandal.[79][80][81][82][h]",https://en.wikipedia.org/wiki/Opinion_polling_for_the_2026_Brazilian_presidential_election
2026,1,nan,13 May,"Leaked audio recordings linked Flávio Bolsonaro to Daniel Vorcaro, a central figure in the Banco Master scandal.[79][80][81][82][h]",wikipedia_tabela_3,Romeu Zema,79.0,"Leaked audio recordings linked Flávio Bolsonaro to Daniel Vorcaro, a central figure in the Banco Master scandal.[79][80][81][82][h]",https://en.wikipedia.org/wiki/Opinion_polling_for_the_2026_Brazilian_presidential_election
2026,1,Datafolha,12–13 May 2026,2004,wikipedia_tabela_3,Lula,38.0,12,https://en.wikipedia.org/wiki/Opinion_polling_for_the_2026_Brazilian_presidential_election
2026,1,Datafolha,12–13 May 2026,2004,wikipedia_tabela_3,Flávio Bolsonaro,35.0,12,https://en.wikipedia.org/wiki/Opinion_polling_for_the_2026_Brazilian_presidential_election
2026,1,Datafolha,12–13 May 2026,2004,wikipedia_tabela_3,Augusto Cury,2.0,12,https://en.wikipedia.org/wiki/Opinion_polling_for_the_2026_Brazilian_presidential_election
2026,1,Datafolha,12–13 May 2026,2004,wikipedia_tabela_3,Ronaldo Caiado,3.0,12,https://en.wikipedia.org/wiki/Opinion_polling_for_the_2026_Brazilian_presidential_election
2026,1,Datafolha,12–13 May 2026,2004,wikipedia_tabela_3,Romeu Zema,3.0,12,https://en.wikipedia.org/wiki/Opinion_polling_for_the_2026_Brazilian_presidential_election
2026,1,Vox Brasil,9–12 May 2026,2100,wikipedia_tabela_3,Lula,35.1,15,https://en.wikipedia.org/wiki/Opinion_polling_for_the_2026_Brazilian_presidential_election
2026,1,Vox Brasil,9–12 May 2026,2100,wikipedia_tabela_3,Flávio Bolsonaro,37.8,15,https://en.wikipedia.org/wiki/Opinion_polling_for_the_2026_Brazilian_presidential_election
2026,1,Vox Brasil,9–12 May 2026,2100,wikipedia_tabela_3,Augusto Cury,0.8,15,https://en.wikipedia.org/wiki/Opinion_polling_for_the_2026_Brazilian_presidential_election
2026,1,Vox Brasil,9–12 May 2026,2100,wikipedia_tabela_3,Ronaldo Caiado,4.3,15,https://en.wikipedia.org/wiki/Opinion_polling_for_the_2026_Brazilian_presidential_election
2026,1,Vox Brasil,9–12 May 2026,2100,wikipedia_tabela_3,Romeu Zema,4.5,15,https://en.wikipedia.org/wiki/Opinion_polling_for_the_2026_Brazilian_presidential_election
2026,1,nan,11 May,"Ciro Gomes (PSDB) confirms that he will run for Governor of Ceará, ending speculation about a presidential bid.[85][86]",wikipedia_tabela_3,Lula,85.0,"Ciro Gomes (PSDB) confirms that he will run for Governor of Ceará, ending speculation about a presidential bid.[85][86]",https://en.wikipedia.org/wiki/Opinion_polling_for_the_2026_Brazilian_presidential_election
2026,1,nan,11 May,"Ciro Gomes (PSDB) confirms that he will run for Governor of Ceará, ending speculation about a presidential bid.[85][86]",wikipedia_tabela_3,Flávio Bolsonaro,85.0,"Ciro Gomes (PSDB) confirms that he will run for Governor of Ceará, ending speculation about a presidential bid.[85][86]",https://en.wikipedia.org/wiki/Opinion_polling_for_the_2026_Brazilian_presidential_election
2026,1,nan,11 May,"Ciro Gomes (PSDB) confirms that he will run for Governor of Ceará, ending speculation about a presidential bid.[85][86]",wikipedia_tabela_3,Augusto Cury,85.0,"Ciro Gomes (PSDB) confirms that he will run for Governor of Ceará, ending speculation about a presidential bid.[85][86]",https://en.wikipedia.org/wiki/Opinion_polling_for_the_2026_Brazilian_presidential_election
2026,1,nan,11 May,"Ciro Gomes (PSDB) confirms that he will run for Governor of Ceará, ending speculation about a presidential bid.[85][86]",wikipedia_tabela_3,Ronaldo Caiado,85.0,"Ciro Gomes (PSDB) confirms that he will run for Governor of Ceará, ending speculation about a presidential bid.[85][86]",https://en.wikipedia.org/wiki/Opinion_polling_for_the_2026_Brazilian_presidential_election
2026,1,nan,11 May,"Ciro Gomes (PSDB) confirms that he will run for Governor of Ceará, ending speculation about a presidential bid.[85][86]",wikipedia_tabela_3,Romeu Zema,85.0,"Ciro Gomes (PSDB) confirms that he will run for Governor of Ceará, ending speculation about a presidential bid.[85][86]",https://en.wikipedia.org/wiki/Opinion_polling_for_the_2026_Brazilian_presidential_election
2026,1,Quaest,8–11 May 2026,2004,wikipedia_tabela_3,Lula,39.0,15,https://en.wikipedia.org/wiki/Opinion_polling_for_the_2026_Brazilian_presidential_election
2026,1,Quaest,8–11 May 2026,2004,wikipedia_tabela_3,Flávio Bolsonaro,33.0,15,https://en.wikipedia.org/wiki/Opinion_polling_for_the_2026_Brazilian_presidential_election
2026,1,Quaest,8–11 May 2026,2004,wikipedia_tabela_3,Augusto Cury,1.0,15,https://en.wikipedia.org/wiki/Opinion_polling_for_the_2026_Brazilian_presidential_election
2026,1,Quaest,8–11 May 2026,2004,wikipedia_tabela_3,Ronaldo Caiado,4.0,15,https://en.wikipedia.org/wiki/Opinion_polling_for_the_2026_Brazilian_presidential_election
2026,1,Quaest,8–11 May 2026,2004,wikipedia_tabela_3,Romeu Zema,4.0,15,https://en.wikipedia.org/wiki/Opinion_polling_for_the_2026_Brazilian_presidential_election
2026,1,Futura,4–8 May 2026,2000,wikipedia_tabela_3,Lula,38.1,12.9,https://en.wikipedia.org/wiki/Opinion_polling_for_the_2026_Brazilian_presidential_election
2026,1,Futura,4–8 May 2026,2000,wikipedia_tabela_3,Flávio Bolsonaro,37.4,12.9,https://en.wikipedia.org/wiki/Opinion_polling_for_the_2026_Brazilian_presidential_election
2026,1,Futura,4–8 May 2026,2000,wikipedia_tabela_3,Augusto Cury,1.5,12.9,https://en.wikipedia.org/wiki/Opinion_polling_for_the_2026_Brazilian_presidential_election
2026,1,Futura,4–8 May 2026,2000,wikipedia_tabela_3,Ronaldo Caiado,5.7,12.9,https://en.wikipedia.org/wiki/Opinion_polling_for_the_2026_Brazilian_presidential_election
2026,1,Futura,4–8 May 2026,2000,wikipedia_tabela_3,Lula,38.3,9.6,https://en.wikipedia.org/wiki/Opinion_polling_for_the_2026_Brazilian_presidential_election
2026,1,Futura,4–8 May 2026,2000,wikipedia_tabela_3,Flávio Bolsonaro,36.1,9.6,https://en.wikipedia.org/wiki/Opinion_polling_for_the_2026_Brazilian_presidential_election
2026,1,Futura,4–8 May 2026,2000,wikipedia_tabela_3,Augusto Cury,1.4,9.6,https://en.wikipedia.org/wiki/Opinion_polling_for_the_2026_Brazilian_presidential_election
2026,1,Futura,4–8 May 2026,2000,wikipedia_tabela_3,Ronaldo Caiado,4.4,9.6,https://en.wikipedia.org/wiki/Opinion_polling_for_the_2026_Brazilian_presidential_election
2026,1,Futura,4–8 May 2026,2000,wikipedia_tabela_3,Romeu Zema,3.6,9.6,https://en.wikipedia.org/wiki/Opinion_polling_for_the_2026_Brazilian_presidential_election
2026,1,Ideia,1–5 May 2026,1500,wikipedia_tabela_3,Lula,40.0,9.1,https://en.wikipedia.org/wiki/Opinion_polling_for_the_2026_Brazilian_presidential_election
2026,1,Ideia,1–5 May 2026,1500,wikipedia_tabela_3,Flávio Bolsonaro,36.0,9.1,https://en.wikipedia.org/wiki/Opinion_polling_for_the_2026_Brazilian_presidential_election
2026,1,Ideia,1–5 May 2026,1500,wikipedia_tabela_3,Augusto Cury,1.5,9.1,https://en.wikipedia.org/wiki/Opinion_polling_for_the_2026_Brazilian_presidential_election
2026,1,Ideia,1–5 May 2026,1500,wikipedia_tabela_3,Ronaldo Caiado,5.6,9.1,https://en.wikipedia.org/wiki/Opinion_polling_for_the_2026_Brazilian_presidential_election
2026,1,Ideia,1–5 May 2026,1500,wikipedia_tabela_3,Romeu Zema,3.0,9.1,https://en.wikipedia.org/wiki/Opinion_polling_for_the_2026_Brazilian_presidential_election
2026,1,Real Time,2–4 May 2026,2000,wikipedia_tabela_3,Lula,40.0,11,https://en.wikipedia.org/wiki/Opinion_polling_for_the_2026_Brazilian_presidential_election
2026,1,Real Time,2–4 May 2026,2000,wikipedia_tabela_3,Flávio Bolsonaro,34.0,11,https://en.wikipedia.org/wiki/Opinion_polling_for_the_2026_Brazilian_presidential_election
2026,1,Real Time,2–4 May 2026,2000,wikipedia_tabela_3,Augusto Cury,1.0,11,https://en.wikipedia.org/wiki/Opinion_polling_for_the_2026_Brazilian_presidential_election
2026,1,Real Time,2–4 May 2026,2000,wikipedia_tabela_3,Ronaldo Caiado,5.0,11,https://en.wikipedia.org/wiki/Opinion_polling_for_the_2026_Brazilian_presidential_election
2026,1,Real Time,2–4 May 2026,2000,wikipedia_tabela_3,Romeu Zema,4.0,11,https://en.wikipedia.org/wiki/Opinion_polling_for_the_2026_Brazilian_presidential_election
2026,1,Real Time,2–4 May 2026,2000,wikipedia_tabela_3,Lula,38.0,11,https://en.wikipedia.org/wiki/Opinion_polling_for_the_2026_Brazilian_presidential_election
2026,1,Real Time,2–4 May 2026,2000,wikipedia_tabela_3,Flávio Bolsonaro,33.0,11,https://en.wikipedia.org/wiki/Opinion_polling_for_the_2026_Brazilian_presidential_election
2026,1,Real Time,2–4 May 2026,2000,wikipedia_tabela_3,Augusto Cury,1.0,11,https://en.wikipedia.org/wiki/Opinion_polling_for_the_2026_Brazilian_presidential_election
2026,1,Real Time,2–4 May 2026,2000,wikipedia_tabela_3,Ronaldo Caiado,4.0,11,https://en.wikipedia.org/wiki/Opinion_polling_for_the_2026_Brazilian_presidential_election
2026,1,Real Time,2–4 May 2026,2000,wikipedia_tabela_3,Romeu Zema,4.0,11,https://en.wikipedia.org/wiki/Opinion_polling_for_the_2026_Brazilian_presidential_election
2026,1,AtlasIntel,22–27 Apr 2026,5008,wikipedia_tabela_3,Lula,46.6,0.6,https://en.wikipedia.org/wiki/Opinion_polling_for_the_2026_Brazilian_presidential_election
2026,1,AtlasIntel,22–27 Apr 2026,5008,wikipedia_tabela_3,Flávio Bolsonaro,39.7,0.6,https://en.wikipedia.org/wiki/Opinion_polling_for_the_2026_Brazilian_presidential_election
2026,1,AtlasIntel,22–27 Apr 2026,5008,wikipedia_tabela_3,Augusto Cury,1.1,0.6,https://en.wikipedia.org/wiki/Opinion_polling_for_the_2026_Brazilian_presidential_election
2026,1,AtlasIntel,22–27 Apr 2026,5008,wikipedia_tabela_3,Ronaldo Caiado,3.3,0.6,https://en.wikipedia.org/wiki/Opinion_polling_for_the_2026_Brazilian_presidential_election
2026,1,AtlasIntel,22–27 Apr 2026,5008,wikipedia_tabela_3,Romeu Zema,3.1,0.6,https://en.wikipedia.org/wiki/Opinion_polling_for_the_2026_Brazilian_presidential_election
2026,1,AtlasIntel,22–27 Apr 2026,5008,wikipedia_tabela_3,Lula,44.2,0.4,https://en.wikipedia.org/wiki/Opinion_polling_for_the_2026_Brazilian_presidential_election
2026,1,AtlasIntel,22–27 Apr 2026,5008,wikipedia_tabela_3,Flávio Bolsonaro,39.3,0.4,https://en.wikipedia.org/wiki/Opinion_polling_for_the_2026_Brazilian_presidential_election
2026,1,AtlasIntel,22–27 Apr 2026,5008,wikipedia_tabela_3,Augusto Cury,0.4,0.4,https://en.wikipedia.org/wiki/Opinion_polling_for_the_2026_Brazilian_presidential_election
2026,1,AtlasIntel,22–27 Apr 2026,5008,wikipedia_tabela_3,Ronaldo Caiado,3.0,0.4,https://en.wikipedia.org/wiki/Opinion_polling_for_the_2026_Brazilian_presidential_election
2026,1,AtlasIntel,22–27 Apr 2026,5008,wikipedia_tabela_3,Romeu Zema,3.5,0.4,https://en.wikipedia.org/wiki/Opinion_polling_for_the_2026_Brazilian_presidential_election
2026,1,Nexus,24–26 Apr 2026,2028,wikipedia_tabela_3,Lula,41.0,8,https://en.wikipedia.org/wiki/Opinion_polling_for_the_2026_Brazilian_presidential_election
2026,1,Nexus,24–26 Apr 2026,2028,wikipedia_tabela_3,Flávio Bolsonaro,36.0,8,https://en.wikipedia.org/wiki/Opinion_polling_for_the_2026_Brazilian_presidential_election
2026,1,Nexus,24–26 Apr 2026,2028,wikipedia_tabela_3,Augusto Cury,2.0,8,https://en.wikipedia.org/wiki/Opinion_polling_for_the_2026_Brazilian_presidential_election
2026,1,Nexus,24–26 Apr 2026,2028,wikipedia_tabela_3,Ronaldo Caiado,3.0,8,https://en.wikipedia.org/wiki/Opinion_polling_for_the_2026_Brazilian_presidential_election
2026,1,Nexus,24–26 Apr 2026,2028,wikipedia_tabela_3,Romeu Zema,4.0,8,https://en.wikipedia.org/wiki/Opinion_polling_for_the_2026_Brazilian_presidential_election
2026,1,Nexus,24–26 Apr 2026,2028,wikipedia_tabela_3,Lula,41.0,9,https://en.wikipedia.org/wiki/Opinion_polling_for_the_2026_Brazilian_presidential_election
2026,1,Nexus,24–26 Apr 2026,2028,wikipedia_tabela_3,Flávio Bolsonaro,36.0,9,https://en.wikipedia.org/wiki/Opinion_polling_for_the_2026_Brazilian_presidential_election
2026,1,Nexus,24–26 Apr 2026,2028,wikipedia_tabela_3,Ronaldo Caiado,4.0,9,https://en.wikipedia.org/wiki/Opinion_polling_for_the_2026_Brazilian_presidential_election
2026,1,Nexus,24–26 Apr 2026,2028,wikipedia_tabela_3,Romeu Zema,5.0,9,https://en.wikipedia.org/wiki/Opinion_polling_for_the_2026_Brazilian_presidential_election
2026,1,Nexus,24–26 Apr 2026,2028,wikipedia_tabela_3,Lula,41.0,9,https://en.wikipedia.org/wiki/Opinion_polling_for_the_2026_Brazilian_presidential_election
2026,1,Nexus,24–26 Apr 2026,2028,wikipedia_tabela_3,Flávio Bolsonaro,38.0,9,https://en.wikipedia.org/wiki/Opinion_polling_for_the_2026_Brazilian_presidential_election
2026,1,Nexus,24–26 Apr 2026,2028,wikipedia_tabela_3,Ronaldo Caiado,6.0,9,https://en.wikipedia.org/wiki/Opinion_polling_for_the_2026_Brazilian_presidential_election
2026,1,Quaest,9–13 Apr 2026,2004,wikipedia_tabela_3,Lula,37.0,16,https://en.wikipedia.org/wiki/Opinion_polling_for_the_2026_Brazilian_presidential_election
2026,1,Quaest,9–13 Apr 2026,2004,wikipedia_tabela_3,Flávio Bolsonaro,32.0,16,https://en.wikipedia.org/wiki/Opinion_polling_for_the_2026_Brazilian_presidential_election
2026,1,Quaest,9–13 Apr 2026,2004,wikipedia_tabela_3,Augusto Cury,2.0,16,https://en.wikipedia.org/wiki/Opinion_polling_for_the_2026_Brazilian_presidential_election
2026,1,Quaest,9–13 Apr 2026,2004,wikipedia_tabela_3,Ronaldo Caiado,6.0,16,https://en.wikipedia.org/wiki/Opinion_polling_for_the_2026_Brazilian_presidential_election
2026,1,Quaest,9–13 Apr 2026,2004,wikipedia_tabela_3,Romeu Zema,3.0,16,https://en.wikipedia.org/wiki/Opinion_polling_for_the_2026_Brazilian_presidential_election
2026,1,MDA,8–12 Apr 2026,2002,wikipedia_tabela_3,Lula,39.2,19.3,https://en.wikipedia.org/wiki/Opinion_polling_for_the_2026_Brazilian_presidential_election
2026,1,MDA,8–12 Apr 2026,2002,wikipedia_tabela_3,Flávio Bolsonaro,30.2,19.3,https://en.wikipedia.org/wiki/Opinion_polling_for_the_2026_Brazilian_presidential_election
2026,1,MDA,8–12 Apr 2026,2002,wikipedia_tabela_3,Ronaldo Caiado,4.6,19.3,https://en.wikipedia.org/wiki/Opinion_polling_for_the_2026_Brazilian_presidential_election
2026,1,MDA,8–12 Apr 2026,2002,wikipedia_tabela_3,Romeu Zema,3.3,19.3,https://en.wikipedia.org/wiki/Opinion_polling_for_the_2026_Brazilian_presidential_election
2026,1,Futura,7–11 Apr 2026,2000,wikipedia_tabela_3,Lula,39.8,11.6,https://en.wikipedia.org/wiki/Opinion_polling_for_the_2026_Brazilian_presidential_election
2026,1,Futura,7–11 Apr 2026,2000,wikipedia_tabela_3,Flávio Bolsonaro,37.3,11.6,https://en.wikipedia.org/wiki/Opinion_polling_for_the_2026_Brazilian_presidential_election
2026,1,Futura,7–11 Apr 2026,2000,wikipedia_tabela_3,Augusto Cury,1.3,11.6,https://en.wikipedia.org/wiki/Opinion_polling_for_the_2026_Brazilian_presidential_election
2026,1,Futura,7–11 Apr 2026,2000,wikipedia_tabela_3,Ronaldo Caiado,4.8,11.6,https://en.wikipedia.org/wiki/Opinion_polling_for_the_2026_Brazilian_presidential_election
2026,1,Futura,7–11 Apr 2026,2000,wikipedia_tabela_3,Romeu Zema,2.9,11.6,https://en.wikipedia.org/wiki/Opinion_polling_for_the_2026_Brazilian_presidential_election
2026,1,Futura,7–11 Apr 2026,2000,wikipedia_tabela_3,Lula,38.4,11.5,https://en.wikipedia.org/wiki/Opinion_polling_for_the_2026_Brazilian_presidential_election
2026,1,Futura,7–11 Apr 2026,2000,wikipedia_tabela_3,Flávio Bolsonaro,38.2,11.5,https://en.wikipedia.org/wiki/Opinion_polling_for_the_2026_Brazilian_presidential_election
2026,1,Futura,7–11 Apr 2026,2000,wikipedia_tabela_3,Augusto Cury,1.9,11.5,https://en.wikipedia.org/wiki/Opinion_polling_for_the_2026_Brazilian_presidential_election
2026,1,Futura,7–11 Apr 2026,2000,wikipedia_tabela_3,Ronaldo Caiado,6.0,11.5,https://en.wikipedia.org/wiki/Opinion_polling_for_the_2026_Brazilian_presidential_election
2026,1,Datafolha,7–9 Apr 2026,2004,wikipedia_tabela_3,Lula,39.0,14,https://en.wikipedia.org/wiki/Opinion_polling_for_the_2026_Brazilian_presidential_election
2026,1,Datafolha,7–9 Apr 2026,2004,wikipedia_tabela_3,Flávio Bolsonaro,35.0,14,https://en.wikipedia.org/wiki/Opinion_polling_for_the_2026_Brazilian_presidential_election
2026,1,Datafolha,7–9 Apr 2026,2004,wikipedia_tabela_3,Ronaldo Caiado,5.0,14,https://en.wikipedia.org/wiki/Opinion_polling_for_the_2026_Brazilian_presidential_election
2026,1,Datafolha,7–9 Apr 2026,2004,wikipedia_tabela_3,Romeu Zema,4.0,14,https://en.wikipedia.org/wiki/Opinion_polling_for_the_2026_Brazilian_presidential_election
2026,1,Ideia,3–7 Apr 2026,1500,wikipedia_tabela_3,Lula,40.4,9.5,https://en.wikipedia.org/wiki/Opinion_polling_for_the_2026_Brazilian_presidential_election
2026,1,Ideia,3–7 Apr 2026,1500,wikipedia_tabela_3,Flávio Bolsonaro,37.0,9.5,https://en.wikipedia.org/wiki/Opinion_polling_for_the_2026_Brazilian_presidential_election
2026,1,Ideia,3–7 Apr 2026,1500,wikipedia_tabela_3,Ronaldo Caiado,6.5,9.5,https://en.wikipedia.org/wiki/Opinion_polling_for_the_2026_Brazilian_presidential_election
2026,1,Ideia,3–7 Apr 2026,1500,wikipedia_tabela_3,Romeu Zema,3.0,9.5,https://en.wikipedia.org/wiki/Opinion_polling_for_the_2026_Brazilian_presidential_election
2026,1,nan,5 Apr,Avante announced the candidacy of writer Augusto Cury.[97],wikipedia_tabela_3,Lula,97.0,Avante announced the candidacy of writer Augusto Cury.[97],https://en.wikipedia.org/wiki/Opinion_polling_for_the_2026_Brazilian_presidential_election
2026,1,nan,5 Apr,Avante announced the candidacy of writer Augusto Cury.[97],wikipedia_tabela_3,Flávio Bolsonaro,97.0,Avante announced the candidacy of writer Augusto Cury.[97],https://en.wikipedia.org/wiki/Opinion_polling_for_the_2026_Brazilian_presidential_election
2026,1,nan,5 Apr,Avante announced the candidacy of writer Augusto Cury.[97],wikipedia_tabela_3,Augusto Cury,97.0,Avante announced the candidacy of writer Augusto Cury.[97],https://en.wikipedia.org/wiki/Opinion_polling_for_the_2026_Brazilian_presidential_election
2026,1,nan,5 Apr,Avante announced the candidacy of writer Augusto Cury.[97],wikipedia_tabela_3,Ronaldo Caiado,97.0,Avante announced the candidacy of writer Augusto Cury.[97],https://en.wikipedia.org/wiki/Opinion_polling_for_the_2026_Brazilian_presidential_election
2026,1,nan,5 Apr,Avante announced the candidacy of writer Augusto Cury.[97],wikipedia_tabela_3,Romeu Zema,97.0,Avante announced the candidacy of writer Augusto Cury.[97],https://en.wikipedia.org/wiki/Opinion_polling_for_the_2026_Brazilian_presidential_election
2026,1,nan,30 Mar,PSD selects Ronaldo Caiado as its presidential candidate.[98],wikipedia_tabela_4,Lula,98.0,PSD selects Ronaldo Caiado as its presidential candidate.[98],https://en.wikipedia.org/wiki/Opinion_polling_for_the_2026_Brazilian_presidential_election
2026,1,nan,30 Mar,PSD selects Ronaldo Caiado as its presidential candidate.[98],wikipedia_tabela_4,Flávio Bolsonaro,98.0,PSD selects Ronaldo Caiado as its presidential candidate.[98],https://en.wikipedia.org/wiki/Opinion_polling_for_the_2026_Brazilian_presidential_election
2026,1,nan,30 Mar,PSD selects Ronaldo Caiado as its presidential candidate.[98],wikipedia_tabela_4,Ronaldo Caiado,98.0,PSD selects Ronaldo Caiado as its presidential candidate.[98],https://en.wikipedia.org/wiki/Opinion_polling_for_the_2026_Brazilian_presidential_election
2026,1,nan,30 Mar,PSD selects Ronaldo Caiado as its presidential candidate.[98],wikipedia_tabela_4,Romeu Zema,98.0,PSD selects Ronaldo Caiado as its presidential candidate.[98],https://en.wikipedia.org/wiki/Opinion_polling_for_the_2026_Brazilian_presidential_election
2026,1,Nexus,27–29 Mar 2026,2000,wikipedia_tabela_4,Lula,41.0,10,https://en.wikipedia.org/wiki/Opinion_polling_for_the_2026_Brazilian_presidential_election
2026,1,Nexus,27–29 Mar 2026,2000,wikipedia_tabela_4,Flávio Bolsonaro,38.0,10,https://en.wikipedia.org/wiki/Opinion_polling_for_the_2026_Brazilian_presidential_election
2026,1,Nexus,27–29 Mar 2026,2000,wikipedia_tabela_4,Ronaldo Caiado,4.0,10,https://en.wikipedia.org/wiki/Opinion_polling_for_the_2026_Brazilian_presidential_election
2026,1,Nexus,27–29 Mar 2026,2000,wikipedia_tabela_4,Romeu Zema,4.0,10,https://en.wikipedia.org/wiki/Opinion_polling_for_the_2026_Brazilian_presidential_election
2026,1,Nexus,27–29 Mar 2026,2000,wikipedia_tabela_4,Lula,39.0,9,https://en.wikipedia.org/wiki/Opinion_polling_for_the_2026_Brazilian_presidential_election
2026,1,Nexus,27–29 Mar 2026,2000,wikipedia_tabela_4,Flávio Bolsonaro,39.0,9,https://en.wikipedia.org/wiki/Opinion_polling_for_the_2026_Brazilian_presidential_election
2026,1,Nexus,27–29 Mar 2026,2000,wikipedia_tabela_4,Romeu Zema,5.0,9,https://en.wikipedia.org/wiki/Opinion_polling_for_the_2026_Brazilian_presidential_election
2026,1,Nexus,27–29 Mar 2026,2000,wikipedia_tabela_4,Lula,42.0,8,https://en.wikipedia.org/wiki/Opinion_polling_for_the_2026_Brazilian_presidential_election
2026,1,Nexus,27–29 Mar 2026,2000,wikipedia_tabela_4,Flávio Bolsonaro,39.0,8,https://en.wikipedia.org/wiki/Opinion_polling_for_the_2026_Brazilian_presidential_election
2026,1,Nexus,27–29 Mar 2026,2000,wikipedia_tabela_4,Romeu Zema,6.0,8,https://en.wikipedia.org/wiki/Opinion_polling_for_the_2026_Brazilian_presidential_election
2026,1,Paraná Pesquisas,25–28 Mar 2026,2080,wikipedia_tabela_4,Lula,41.3,12,https://en.wikipedia.org/wiki/Opinion_polling_for_the_2026_Brazilian_presidential_election
2026,1,Paraná Pesquisas,25–28 Mar 2026,2080,wikipedia_tabela_4,Flávio Bolsonaro,37.8,12,https://en.wikipedia.org/wiki/Opinion_polling_for_the_2026_Brazilian_presidential_election
2026,1,Paraná Pesquisas,25–28 Mar 2026,2080,wikipedia_tabela_4,Ronaldo Caiado,3.6,12,https://en.wikipedia.org/wiki/Opinion_polling_for_the_2026_Brazilian_presidential_election
2026,1,Paraná Pesquisas,25–28 Mar 2026,2080,wikipedia_tabela_4,Romeu Zema,3.0,12,https://en.wikipedia.org/wiki/Opinion_polling_for_the_2026_Brazilian_presidential_election
2026,1,Gerp,20–25 Mar 2026,2000,wikipedia_tabela_4,Lula,38.0,9,https://en.wikipedia.org/wiki/Opinion_polling_for_the_2026_Brazilian_presidential_election
2026,1,Gerp,20–25 Mar 2026,2000,wikipedia_tabela_4,Flávio Bolsonaro,36.0,9,https://en.wikipedia.org/wiki/Opinion_polling_for_the_2026_Brazilian_presidential_election
2026,1,Gerp,20–25 Mar 2026,2000,wikipedia_tabela_4,Ronaldo Caiado,3.0,9,https://en.wikipedia.org/wiki/Opinion_polling_for_the_2026_Brazilian_presidential_election
2026,1,Gerp,20–25 Mar 2026,2000,wikipedia_tabela_4,Romeu Zema,3.0,9,https://en.wikipedia.org/wiki/Opinion_polling_for_the_2026_Brazilian_presidential_election
2026,1,AtlasIntel,18–23 Mar 2026,5028,wikipedia_tabela_4,Lula,45.9,2.2,https://en.wikipedia.org/wiki/Opinion_polling_for_the_2026_Brazilian_presidential_election
2026,1,AtlasIntel,18–23 Mar 2026,5028,wikipedia_tabela_4,Flávio Bolsonaro,40.1,2.2,https://en.wikipedia.org/wiki/Opinion_polling_for_the_2026_Brazilian_presidential_election
2026,1,AtlasIntel,18–23 Mar 2026,5028,wikipedia_tabela_4,Ronaldo Caiado,3.7,2.2,https://en.wikipedia.org/wiki/Opinion_polling_for_the_2026_Brazilian_presidential_election
2026,1,AtlasIntel,18–23 Mar 2026,5028,wikipedia_tabela_4,Romeu Zema,3.1,2.2,https://en.wikipedia.org/wiki/Opinion_polling_for_the_2026_Brazilian_presidential_election
2026,1,AtlasIntel,18–23 Mar 2026,5028,wikipedia_tabela_4,Lula,45.5,1.9,https://en.wikipedia.org/wiki/Opinion_polling_for_the_2026_Brazilian_presidential_election
2026,1,AtlasIntel,18–23 Mar 2026,5028,wikipedia_tabela_4,Flávio Bolsonaro,42.4,1.9,https://en.wikipedia.org/wiki/Opinion_polling_for_the_2026_Brazilian_presidential_election
2026,1,AtlasIntel,18–23 Mar 2026,5028,wikipedia_tabela_4,Romeu Zema,3.7,1.9,https://en.wikipedia.org/wiki/Opinion_polling_for_the_2026_Brazilian_presidential_election
2026,1,AtlasIntel,18–23 Mar 2026,5028,wikipedia_tabela_4,Lula,45.6,5.6,https://en.wikipedia.org/wiki/Opinion_polling_for_the_2026_Brazilian_presidential_election
2026,1,AtlasIntel,18–23 Mar 2026,5028,wikipedia_tabela_4,Ronaldo Caiado,4.2,5.6,https://en.wikipedia.org/wiki/Opinion_polling_for_the_2026_Brazilian_presidential_election
2026,1,AtlasIntel,18–23 Mar 2026,5028,wikipedia_tabela_4,Romeu Zema,6.2,5.6,https://en.wikipedia.org/wiki/Opinion_polling_for_the_2026_Brazilian_presidential_election
2026,1,AtlasIntel,18–23 Mar 2026,5028,wikipedia_tabela_4,Lula,45.7,1.4,https://en.wikipedia.org/wiki/Opinion_polling_for_the_2026_Brazilian_presidential_election
2026,1,AtlasIntel,18–23 Mar 2026,5028,wikipedia_tabela_4,Flávio Bolsonaro,35.8,1.4,https://en.wikipedia.org/wiki/Opinion_polling_for_the_2026_Brazilian_presidential_election
2026,1,AtlasIntel,18–23 Mar 2026,5028,wikipedia_tabela_4,Ronaldo Caiado,2.8,1.4,https://en.wikipedia.org/wiki/Opinion_polling_for_the_2026_Brazilian_presidential_election
2026,1,AtlasIntel,18–23 Mar 2026,5028,wikipedia_tabela_4,Romeu Zema,1.6,1.4,https://en.wikipedia.org/wiki/Opinion_polling_for_the_2026_Brazilian_presidential_election
2026,1,nan,23 Mar,Ratinho Júnior withdraws his candidacy.[102],wikipedia_tabela_4,Lula,102.0,Ratinho Júnior withdraws his candidacy.[102],https://en.wikipedia.org/wiki/Opinion_polling_for_the_2026_Brazilian_presidential_election
2026,1,nan,23 Mar,Ratinho Júnior withdraws his candidacy.[102],wikipedia_tabela_4,Flávio Bolsonaro,102.0,Ratinho Júnior withdraws his candidacy.[102],https://en.wikipedia.org/wiki/Opinion_polling_for_the_2026_Brazilian_presidential_election
2026,1,nan,23 Mar,Ratinho Júnior withdraws his candidacy.[102],wikipedia_tabela_4,Ronaldo Caiado,102.0,Ratinho Júnior withdraws his candidacy.[102],https://en.wikipedia.org/wiki/Opinion_polling_for_the_2026_Brazilian_presidential_election
2026,1,nan,23 Mar,Ratinho Júnior withdraws his candidacy.[102],wikipedia_tabela_4,Romeu Zema,102.0,Ratinho Júnior withdraws his candidacy.[102],https://en.wikipedia.org/wiki/Opinion_polling_for_the_2026_Brazilian_presidential_election
2026,1,Ideia,6–10 Mar 2026,1500,wikipedia_tabela_4,Lula,40.3,11.9,https://en.wikipedia.org/wiki/Opinion_polling_for_the_2026_Brazilian_presidential_election
2026,1,Ideia,6–10 Mar 2026,1500,wikipedia_tabela_4,Flávio Bolsonaro,35.0,11.9,https://en.wikipedia.org/wiki/Opinion_polling_for_the_2026_Brazilian_presidential_election
2026,1,Ideia,6–10 Mar 2026,1500,wikipedia_tabela_4,Ronaldo Caiado,5.5,11.9,https://en.wikipedia.org/wiki/Opinion_polling_for_the_2026_Brazilian_presidential_election
2026,1,Ideia,6–10 Mar 2026,1500,wikipedia_tabela_4,Romeu Zema,5.0,11.9,https://en.wikipedia.org/wiki/Opinion_polling_for_the_2026_Brazilian_presidential_election
2026,1,Ideia,6–10 Mar 2026,1500,wikipedia_tabela_4,Lula,40.0,9.5,https://en.wikipedia.org/wiki/Opinion_polling_for_the_2026_Brazilian_presidential_election
2026,1,Ideia,6–10 Mar 2026,1500,wikipedia_tabela_4,Flávio Bolsonaro,34.7,9.5,https://en.wikipedia.org/wiki/Opinion_polling_for_the_2026_Brazilian_presidential_election
2026,1,Ideia,6–10 Mar 2026,1500,wikipedia_tabela_4,Romeu Zema,4.5,9.5,https://en.wikipedia.org/wiki/Opinion_polling_for_the_2026_Brazilian_presidential_election
2026,1,Ideia,6–10 Mar 2026,1500,wikipedia_tabela_4,Lula,39.6,12,https://en.wikipedia.org/wiki/Opinion_polling_for_the_2026_Brazilian_presidential_election
2026,1,Ideia,6–10 Mar 2026,1500,wikipedia_tabela_4,Flávio Bolsonaro,36.3,12,https://en.wikipedia.org/wiki/Opinion_polling_for_the_2026_Brazilian_presidential_election
2026,1,Ideia,6–10 Mar 2026,1500,wikipedia_tabela_4,Romeu Zema,5.8,12,https://en.wikipedia.org/wiki/Opinion_polling_for_the_2026_Brazilian_presidential_election
2026,1,Ideia,6–10 Mar 2026,1500,wikipedia_tabela_4,Lula,40.3,16.8,https://en.wikipedia.org/wiki/Opinion_polling_for_the_2026_Brazilian_presidential_election
2026,1,Ideia,6–10 Mar 2026,1500,wikipedia_tabela_4,Romeu Zema,5.1,16.8,https://en.wikipedia.org/wiki/Opinion_polling_for_the_2026_Brazilian_presidential_election
2026,1,Quaest,6–9 Mar 2026,2004,wikipedia_tabela_4,Lula,39.0,21,https://en.wikipedia.org/wiki/Opinion_polling_for_the_2026_Brazilian_presidential_election
2026,1,Quaest,6–9 Mar 2026,2004,wikipedia_tabela_4,Flávio Bolsonaro,32.0,21,https://en.wikipedia.org/wiki/Opinion_polling_for_the_2026_Brazilian_presidential_election
2026,1,Quaest,6–9 Mar 2026,2004,wikipedia_tabela_4,Ronaldo Caiado,4.0,21,https://en.wikipedia.org/wiki/Opinion_polling_for_the_2026_Brazilian_presidential_election
2026,1,Quaest,6–9 Mar 2026,2004,wikipedia_tabela_4,Romeu Zema,2.0,21,https://en.wikipedia.org/wiki/Opinion_polling_for_the_2026_Brazilian_presidential_election
2026,1,Quaest,6–9 Mar 2026,2004,wikipedia_tabela_4,Lula,37.0,21,https://en.wikipedia.org/wiki/Opinion_polling_for_the_2026_Brazilian_presidential_election
2026,1,Quaest,6–9 Mar 2026,2004,wikipedia_tabela_4,Flávio Bolsonaro,30.0,21,https://en.wikipedia.org/wiki/Opinion_polling_for_the_2026_Brazilian_presidential_election
2026,1,Quaest,6–9 Mar 2026,2004,wikipedia_tabela_4,Romeu Zema,3.0,21,https://en.wikipedia.org/wiki/Opinion_polling_for_the_2026_Brazilian_presidential_election
2026,1,Quaest,6–9 Mar 2026,2004,wikipedia_tabela_4,Lula,36.0,21,https://en.wikipedia.org/wiki/Opinion_polling_for_the_2026_Brazilian_presidential_election
2026,1,Quaest,6–9 Mar 2026,2004,wikipedia_tabela_4,Flávio Bolsonaro,33.0,21,https://en.wikipedia.org/wiki/Opinion_polling_for_the_2026_Brazilian_presidential_election
2026,1,Quaest,6–9 Mar 2026,2004,wikipedia_tabela_4,Romeu Zema,3.0,21,https://en.wikipedia.org/wiki/Opinion_polling_for_the_2026_Brazilian_presidential_election
2026,1,Quaest,6–9 Mar 2026,2004,wikipedia_tabela_4,Lula,36.0,22,https://en.wikipedia.org/wiki/Opinion_polling_for_the_2026_Brazilian_presidential_election
2026,1,Quaest,6–9 Mar 2026,2004,wikipedia_tabela_4,Flávio Bolsonaro,34.0,22,https://en.wikipedia.org/wiki/Opinion_polling_for_the_2026_Brazilian_presidential_election
2026,1,Quaest,6–9 Mar 2026,2004,wikipedia_tabela_4,Ronaldo Caiado,4.0,22,https://en.wikipedia.org/wiki/Opinion_polling_for_the_2026_Brazilian_presidential_election
2026,1,Quaest,6–9 Mar 2026,2004,wikipedia_tabela_4,Lula,36.0,20,https://en.wikipedia.org/wiki/Opinion_polling_for_the_2026_Brazilian_presidential_election
2026,1,Quaest,6–9 Mar 2026,2004,wikipedia_tabela_4,Flávio Bolsonaro,33.0,20,https://en.wikipedia.org/wiki/Opinion_polling_for_the_2026_Brazilian_presidential_election
2026,1,Quaest,6–9 Mar 2026,2004,wikipedia_tabela_4,Lula,36.0,22,https://en.wikipedia.org/wiki/Opinion_polling_for_the_2026_Brazilian_presidential_election
2026,1,Quaest,6–9 Mar 2026,2004,wikipedia_tabela_4,Flávio Bolsonaro,35.0,22,https://en.wikipedia.org/wiki/Opinion_polling_for_the_2026_Brazilian_presidential_election
2026,1,Quaest,6–9 Mar 2026,2004,wikipedia_tabela_4,Lula,37.0,22,https://en.wikipedia.org/wiki/Opinion_polling_for_the_2026_Brazilian_presidential_election
2026,1,Quaest,6–9 Mar 2026,2004,wikipedia_tabela_4,Flávio Bolsonaro,34.0,22,https://en.wikipedia.org/wiki/Opinion_polling_for_the_2026_Brazilian_presidential_election
2026,1,Quaest,6–9 Mar 2026,2004,wikipedia_tabela_4,Romeu Zema,3.0,22,https://en.wikipedia.org/wiki/Opinion_polling_for_the_2026_Brazilian_presidential_election
2026,1,Futura,2–6 Mar 2026,2000,wikipedia_tabela_4,Lula,35.1,10.1,https://en.wikipedia.org/wiki/Opinion_polling_for_the_2026_Brazilian_presidential_election
2026,1,Futura,2–6 Mar 2026,2000,wikipedia_tabela_4,Flávio Bolsonaro,41.9,10.1,https://en.wikipedia.org/wiki/Opinion_polling_for_the_2026_Brazilian_presidential_election
2026,1,Futura,2–6 Mar 2026,2000,wikipedia_tabela_4,Ronaldo Caiado,5.7,10.1,https://en.wikipedia.org/wiki/Opinion_polling_for_the_2026_Brazilian_presidential_election
2026,1,Futura,2–6 Mar 2026,2000,wikipedia_tabela_4,Lula,37.0,7.3,https://en.wikipedia.org/wiki/Opinion_polling_for_the_2026_Brazilian_presidential_election
2026,1,Futura,2–6 Mar 2026,2000,wikipedia_tabela_4,Flávio Bolsonaro,37.6,7.3,https://en.wikipedia.org/wiki/Opinion_polling_for_the_2026_Brazilian_presidential_election
2026,1,Futura,2–6 Mar 2026,2000,wikipedia_tabela_4,Romeu Zema,2.7,7.3,https://en.wikipedia.org/wiki/Opinion_polling_for_the_2026_Brazilian_presidential_election
2026,1,Futura,2–6 Mar 2026,2000,wikipedia_tabela_4,Lula,35.2,9.4,https://en.wikipedia.org/wiki/Opinion_polling_for_the_2026_Brazilian_presidential_election
2026,1,Futura,2–6 Mar 2026,2000,wikipedia_tabela_4,Flávio Bolsonaro,41.2,9.4,https://en.wikipedia.org/wiki/Opinion_polling_for_the_2026_Brazilian_presidential_election
2026,1,Futura,2–6 Mar 2026,2000,wikipedia_tabela_4,Lula,36.8,15.9,https://en.wikipedia.org/wiki/Opinion_polling_for_the_2026_Brazilian_presidential_election
2026,1,Futura,2–6 Mar 2026,2000,wikipedia_tabela_4,Romeu Zema,5.7,15.9,https://en.wikipedia.org/wiki/Opinion_polling_for_the_2026_Brazilian_presidential_election
2026,1,Datafolha,3–5 Mar 2026,2004,wikipedia_tabela_4,Lula,39.0,15,https://en.wikipedia.org/wiki/Opinion_polling_for_the_2026_Brazilian_presidential_election
2026,1,Datafolha,3–5 Mar 2026,2004,wikipedia_tabela_4,Flávio Bolsonaro,33.0,15,https://en.wikipedia.org/wiki/Opinion_polling_for_the_2026_Brazilian_presidential_election
2026,1,Datafolha,3–5 Mar 2026,2004,wikipedia_tabela_4,Ronaldo Caiado,4.0,15,https://en.wikipedia.org/wiki/Opinion_polling_for_the_2026_Brazilian_presidential_election
2026,1,Datafolha,3–5 Mar 2026,2004,wikipedia_tabela_4,Romeu Zema,5.0,15,https://en.wikipedia.org/wiki/Opinion_polling_for_the_2026_Brazilian_presidential_election
2026,1,Datafolha,3–5 Mar 2026,2004,wikipedia_tabela_4,Lula,38.0,14,https://en.wikipedia.org/wiki/Opinion_polling_for_the_2026_Brazilian_presidential_election
2026,1,Datafolha,3–5 Mar 2026,2004,wikipedia_tabela_4,Flávio Bolsonaro,32.0,14,https://en.wikipedia.org/wiki/Opinion_polling_for_the_2026_Brazilian_presidential_election
2026,1,Datafolha,3–5 Mar 2026,2004,wikipedia_tabela_4,Romeu Zema,4.0,14,https://en.wikipedia.org/wiki/Opinion_polling_for_the_2026_Brazilian_presidential_election
2026,1,Datafolha,3–5 Mar 2026,2004,wikipedia_tabela_4,Lula,39.0,19,https://en.wikipedia.org/wiki/Opinion_polling_for_the_2026_Brazilian_presidential_election
2026,1,Datafolha,3–5 Mar 2026,2004,wikipedia_tabela_4,Romeu Zema,5.0,19,https://en.wikipedia.org/wiki/Opinion_polling_for_the_2026_Brazilian_presidential_election
2026,1,Datafolha,3–5 Mar 2026,2004,wikipedia_tabela_4,Lula,39.0,15,https://en.wikipedia.org/wiki/Opinion_polling_for_the_2026_Brazilian_presidential_election
2026,1,Datafolha,3–5 Mar 2026,2004,wikipedia_tabela_4,Flávio Bolsonaro,34.0,15,https://en.wikipedia.org/wiki/Opinion_polling_for_the_2026_Brazilian_presidential_election
2026,1,Datafolha,3–5 Mar 2026,2004,wikipedia_tabela_4,Romeu Zema,4.0,15,https://en.wikipedia.org/wiki/Opinion_polling_for_the_2026_Brazilian_presidential_election
2026,1,Real Time,28 Feb–2 Mar 2026,2000,wikipedia_tabela_4,Lula,40.0,15,https://en.wikipedia.org/wiki/Opinion_polling_for_the_2026_Brazilian_presidential_election
2026,1,Real Time,28 Feb–2 Mar 2026,2000,wikipedia_tabela_4,Flávio Bolsonaro,33.0,15,https://en.wikipedia.org/wiki/Opinion_polling_for_the_2026_Brazilian_presidential_election
2026,1,Real Time,28 Feb–2 Mar 2026,2000,wikipedia_tabela_4,Ronaldo Caiado,5.0,15,https://en.wikipedia.org/wiki/Opinion_polling_for_the_2026_Brazilian_presidential_election
2026,1,Real Time,28 Feb–2 Mar 2026,2000,wikipedia_tabela_4,Romeu Zema,3.0,15,https://en.wikipedia.org/wiki/Opinion_polling_for_the_2026_Brazilian_presidential_election
2026,1,Real Time,28 Feb–2 Mar 2026,2000,wikipedia_tabela_4,Lula,39.0,14,https://en.wikipedia.org/wiki/Opinion_polling_for_the_2026_Brazilian_presidential_election
2026,1,Real Time,28 Feb–2 Mar 2026,2000,wikipedia_tabela_4,Flávio Bolsonaro,32.0,14,https://en.wikipedia.org/wiki/Opinion_polling_for_the_2026_Brazilian_presidential_election
2026,1,Real Time,28 Feb–2 Mar 2026,2000,wikipedia_tabela_4,Romeu Zema,2.0,14,https://en.wikipedia.org/wiki/Opinion_polling_for_the_2026_Brazilian_presidential_election
2026,1,Real Time,28 Feb–2 Mar 2026,2000,wikipedia_tabela_4,Lula,40.0,15,https://en.wikipedia.org/wiki/Opinion_polling_for_the_2026_Brazilian_presidential_election
2026,1,Real Time,28 Feb–2 Mar 2026,2000,wikipedia_tabela_4,Flávio Bolsonaro,34.0,15,https://en.wikipedia.org/wiki/Opinion_polling_for_the_2026_Brazilian_presidential_election
2026,1,Real Time,28 Feb–2 Mar 2026,2000,wikipedia_tabela_4,Romeu Zema,3.0,15,https://en.wikipedia.org/wiki/Opinion_polling_for_the_2026_Brazilian_presidential_election
2026,1,Paraná Pesquisas,22–25 Feb 2026,2080,wikipedia_tabela_4,Lula,40.5,13,https://en.wikipedia.org/wiki/Opinion_polling_for_the_2026_Brazilian_presidential_election
2026,1,Paraná Pesquisas,22–25 Feb 2026,2080,wikipedia_tabela_4,Flávio Bolsonaro,36.6,13,https://en.wikipedia.org/wiki/Opinion_polling_for_the_2026_Brazilian_presidential_election
2026,1,Paraná Pesquisas,22–25 Feb 2026,2080,wikipedia_tabela_4,Ronaldo Caiado,3.7,13,https://en.wikipedia.org/wiki/Opinion_polling_for_the_2026_Brazilian_presidential_election
2026,1,Paraná Pesquisas,22–25 Feb 2026,2080,wikipedia_tabela_4,Romeu Zema,4.3,13,https://en.wikipedia.org/wiki/Opinion_polling_for_the_2026_Brazilian_presidential_election
2026,1,Paraná Pesquisas,22–25 Feb 2026,2080,wikipedia_tabela_4,Lula,39.6,11.7,https://en.wikipedia.org/wiki/Opinion_polling_for_the_2026_Brazilian_presidential_election
2026,1,Paraná Pesquisas,22–25 Feb 2026,2080,wikipedia_tabela_4,Flávio Bolsonaro,35.3,11.7,https://en.wikipedia.org/wiki/Opinion_polling_for_the_2026_Brazilian_presidential_election
2026,1,Paraná Pesquisas,22–25 Feb 2026,2080,wikipedia_tabela_4,Romeu Zema,3.8,11.7,https://en.wikipedia.org/wiki/Opinion_polling_for_the_2026_Brazilian_presidential_election
2026,1,AtlasIntel,19–24 Feb 2026,4986,wikipedia_tabela_4,Lula,47.1,2.1,https://en.wikipedia.org/wiki/Opinion_polling_for_the_2026_Brazilian_presidential_election
2026,1,AtlasIntel,19–24 Feb 2026,4986,wikipedia_tabela_4,Flávio Bolsonaro,33.1,2.1,https://en.wikipedia.org/wiki/Opinion_polling_for_the_2026_Brazilian_presidential_election
2026,1,AtlasIntel,19–24 Feb 2026,4986,wikipedia_tabela_4,Ronaldo Caiado,4.1,2.1,https://en.wikipedia.org/wiki/Opinion_polling_for_the_2026_Brazilian_presidential_election
2026,1,AtlasIntel,19–24 Feb 2026,4986,wikipedia_tabela_4,Romeu Zema,1.5,2.1,https://en.wikipedia.org/wiki/Opinion_polling_for_the_2026_Brazilian_presidential_election
2026,1,AtlasIntel,19–24 Feb 2026,4986,wikipedia_tabela_4,Lula,43.3,3.5,https://en.wikipedia.org/wiki/Opinion_polling_for_the_2026_Brazilian_presidential_election
2026,1,AtlasIntel,19–24 Feb 2026,4986,wikipedia_tabela_4,Ronaldo Caiado,5.1,3.5,https://en.wikipedia.org/wiki/Opinion_polling_for_the_2026_Brazilian_presidential_election
2026,1,AtlasIntel,19–24 Feb 2026,4986,wikipedia_tabela_4,Romeu Zema,8.5,3.5,https://en.wikipedia.org/wiki/Opinion_polling_for_the_2026_Brazilian_presidential_election
2026,1,AtlasIntel,19–24 Feb 2026,4986,wikipedia_tabela_4,Lula,45.1,3.4,https://en.wikipedia.org/wiki/Opinion_polling_for_the_2026_Brazilian_presidential_election
2026,1,AtlasIntel,19–24 Feb 2026,4986,wikipedia_tabela_4,Flávio Bolsonaro,39.5,3.4,https://en.wikipedia.org/wiki/Opinion_polling_for_the_2026_Brazilian_presidential_election
2026,1,AtlasIntel,19–24 Feb 2026,4986,wikipedia_tabela_4,Romeu Zema,3.9,3.4,https://en.wikipedia.org/wiki/Opinion_polling_for_the_2026_Brazilian_presidential_election
2026,1,AtlasIntel,19–24 Feb 2026,4986,wikipedia_tabela_4,Lula,45.0,4.3,https://en.wikipedia.org/wiki/Opinion_polling_for_the_2026_Brazilian_presidential_election
2026,1,AtlasIntel,19–24 Feb 2026,4986,wikipedia_tabela_4,Flávio Bolsonaro,37.9,4.3,https://en.wikipedia.org/wiki/Opinion_polling_for_the_2026_Brazilian_presidential_election
2026,1,AtlasIntel,19–24 Feb 2026,4986,wikipedia_tabela_4,Ronaldo Caiado,4.9,4.3,https://en.wikipedia.org/wiki/Opinion_polling_for_the_2026_Brazilian_presidential_election
2026,1,AtlasIntel,19–24 Feb 2026,4986,wikipedia_tabela_4,Romeu Zema,3.9,4.3,https://en.wikipedia.org/wiki/Opinion_polling_for_the_2026_Brazilian_presidential_election
2026,1,AtlasIntel,19–24 Feb 2026,4986,wikipedia_tabela_4,Lula,45.3,3.5,https://en.wikipedia.org/wiki/Opinion_polling_for_the_2026_Brazilian_presidential_election
2026,1,AtlasIntel,19–24 Feb 2026,4986,wikipedia_tabela_4,Flávio Bolsonaro,39.1,3.5,https://en.wikipedia.org/wiki/Opinion_polling_for_the_2026_Brazilian_presidential_election
2026,1,AtlasIntel,19–24 Feb 2026,4986,wikipedia_tabela_4,Romeu Zema,5.7,3.5,https://en.wikipedia.org/wiki/Opinion_polling_for_the_2026_Brazilian_presidential_election
2026,1,Quaest,5–9 Feb 2026,2004,wikipedia_tabela_4,Lula,38.0,22,https://en.wikipedia.org/wiki/Opinion_polling_for_the_2026_Brazilian_presidential_election
2026,1,Quaest,5–9 Feb 2026,2004,wikipedia_tabela_4,Flávio Bolsonaro,30.0,22,https://en.wikipedia.org/wiki/Opinion_polling_for_the_2026_Brazilian_presidential_election
2026,1,Quaest,5–9 Feb 2026,2004,wikipedia_tabela_4,Ronaldo Caiado,4.0,22,https://en.wikipedia.org/wiki/Opinion_polling_for_the_2026_Brazilian_presidential_election
2026,1,Quaest,5–9 Feb 2026,2004,wikipedia_tabela_4,Romeu Zema,4.0,22,https://en.wikipedia.org/wiki/Opinion_polling_for_the_2026_Brazilian_presidential_election
2026,1,Quaest,5–9 Feb 2026,2004,wikipedia_tabela_4,Lula,39.0,22,https://en.wikipedia.org/wiki/Opinion_polling_for_the_2026_Brazilian_presidential_election
2026,1,Quaest,5–9 Feb 2026,2004,wikipedia_tabela_4,Flávio Bolsonaro,32.0,22,https://en.wikipedia.org/wiki/Opinion_polling_for_the_2026_Brazilian_presidential_election
2026,1,Quaest,5–9 Feb 2026,2004,wikipedia_tabela_4,Ronaldo Caiado,4.0,22,https://en.wikipedia.org/wiki/Opinion_polling_for_the_2026_Brazilian_presidential_election
2026,1,Quaest,5–9 Feb 2026,2004,wikipedia_tabela_4,Lula,35.0,22,https://en.wikipedia.org/wiki/Opinion_polling_for_the_2026_Brazilian_presidential_election
2026,1,Quaest,5–9 Feb 2026,2004,wikipedia_tabela_4,Flávio Bolsonaro,29.0,22,https://en.wikipedia.org/wiki/Opinion_polling_for_the_2026_Brazilian_presidential_election
2026,1,Quaest,5–9 Feb 2026,2004,wikipedia_tabela_4,Romeu Zema,4.0,22,https://en.wikipedia.org/wiki/Opinion_polling_for_the_2026_Brazilian_presidential_election
2026,1,Quaest,5–9 Feb 2026,2004,wikipedia_tabela_4,Lula,37.0,21,https://en.wikipedia.org/wiki/Opinion_polling_for_the_2026_Brazilian_presidential_election
2026,1,Quaest,5–9 Feb 2026,2004,wikipedia_tabela_4,Flávio Bolsonaro,31.0,21,https://en.wikipedia.org/wiki/Opinion_polling_for_the_2026_Brazilian_presidential_election
2026,1,Real Time,6–7 Feb 2026,2000,wikipedia_tabela_4,Lula,39.0,15,https://en.wikipedia.org/wiki/Opinion_polling_for_the_2026_Brazilian_presidential_election
2026,1,Real Time,6–7 Feb 2026,2000,wikipedia_tabela_4,Flávio Bolsonaro,30.0,15,https://en.wikipedia.org/wiki/Opinion_polling_for_the_2026_Brazilian_presidential_election
2026,1,Real Time,6–7 Feb 2026,2000,wikipedia_tabela_4,Romeu Zema,3.0,15,https://en.wikipedia.org/wiki/Opinion_polling_for_the_2026_Brazilian_presidential_election
2026,1,Real Time,6–7 Feb 2026,2000,wikipedia_tabela_4,Lula,40.0,15,https://en.wikipedia.org/wiki/Opinion_polling_for_the_2026_Brazilian_presidential_election
2026,1,Real Time,6–7 Feb 2026,2000,wikipedia_tabela_4,Flávio Bolsonaro,32.0,15,https://en.wikipedia.org/wiki/Opinion_polling_for_the_2026_Brazilian_presidential_election
2026,1,Real Time,6–7 Feb 2026,2000,wikipedia_tabela_4,Ronaldo Caiado,6.0,15,https://en.wikipedia.org/wiki/Opinion_polling_for_the_2026_Brazilian_presidential_election
2026,1,Real Time,6–7 Feb 2026,2000,wikipedia_tabela_4,Romeu Zema,4.0,15,https://en.wikipedia.org/wiki/Opinion_polling_for_the_2026_Brazilian_presidential_election
2026,1,Futura,3–7 Feb 2026,2000,wikipedia_tabela_4,Lula,36.7,10.2,https://en.wikipedia.org/wiki/Opinion_polling_for_the_2026_Brazilian_presidential_election
2026,1,Futura,3–7 Feb 2026,2000,wikipedia_tabela_4,Flávio Bolsonaro,34.2,10.2,https://en.wikipedia.org/wiki/Opinion_polling_for_the_2026_Brazilian_presidential_election
2026,1,Futura,3–7 Feb 2026,2000,wikipedia_tabela_4,Romeu Zema,4.0,10.2,https://en.wikipedia.org/wiki/Opinion_polling_for_the_2026_Brazilian_presidential_election
2026,1,Futura,3–7 Feb 2026,2000,wikipedia_tabela_4,Lula,35.3,12.7,https://en.wikipedia.org/wiki/Opinion_polling_for_the_2026_Brazilian_presidential_election
2026,1,Futura,3–7 Feb 2026,2000,wikipedia_tabela_4,Flávio Bolsonaro,35.7,12.7,https://en.wikipedia.org/wiki/Opinion_polling_for_the_2026_Brazilian_presidential_election
2026,1,Futura,3–7 Feb 2026,2000,wikipedia_tabela_4,Ronaldo Caiado,6.6,12.7,https://en.wikipedia.org/wiki/Opinion_polling_for_the_2026_Brazilian_presidential_election
2026,1,Futura,3–7 Feb 2026,2000,wikipedia_tabela_4,Romeu Zema,6.5,12.7,https://en.wikipedia.org/wiki/Opinion_polling_for_the_2026_Brazilian_presidential_election
2026,1,Futura,3–7 Feb 2026,2000,wikipedia_tabela_4,Lula,35.9,12.8,https://en.wikipedia.org/wiki/Opinion_polling_for_the_2026_Brazilian_presidential_election
2026,1,Futura,3–7 Feb 2026,2000,wikipedia_tabela_4,Flávio Bolsonaro,37.2,12.8,https://en.wikipedia.org/wiki/Opinion_polling_for_the_2026_Brazilian_presidential_election
2026,1,Futura,3–7 Feb 2026,2000,wikipedia_tabela_4,Romeu Zema,4.9,12.8,https://en.wikipedia.org/wiki/Opinion_polling_for_the_2026_Brazilian_presidential_election
2026,1,Gerp,28 Jan–2 Feb 2026,2000,wikipedia_tabela_4,Lula,39.0,11,https://en.wikipedia.org/wiki/Opinion_polling_for_the_2026_Brazilian_presidential_election
2026,1,Gerp,28 Jan–2 Feb 2026,2000,wikipedia_tabela_4,Flávio Bolsonaro,35.0,11,https://en.wikipedia.org/wiki/Opinion_polling_for_the_2026_Brazilian_presidential_election
2026,1,Gerp,28 Jan–2 Feb 2026,2000,wikipedia_tabela_4,Ronaldo Caiado,2.0,11,https://en.wikipedia.org/wiki/Opinion_polling_for_the_2026_Brazilian_presidential_election
2026,1,Gerp,28 Jan–2 Feb 2026,2000,wikipedia_tabela_4,Romeu Zema,2.0,11,https://en.wikipedia.org/wiki/Opinion_polling_for_the_2026_Brazilian_presidential_election
2026,1,Ideia,30 Jan–2 Feb 2026,1500,wikipedia_tabela_4,Lula,39.5,15.5,https://en.wikipedia.org/wiki/Opinion_polling_for_the_2026_Brazilian_presidential_election
2026,1,Ideia,30 Jan–2 Feb 2026,1500,wikipedia_tabela_4,Flávio Bolsonaro,32.0,15.5,https://en.wikipedia.org/wiki/Opinion_polling_for_the_2026_Brazilian_presidential_election
2026,1,Ideia,30 Jan–2 Feb 2026,1500,wikipedia_tabela_4,Romeu Zema,3.0,15.5,https://en.wikipedia.org/wiki/Opinion_polling_for_the_2026_Brazilian_presidential_election
2026,1,Ideia,30 Jan–2 Feb 2026,1500,wikipedia_tabela_4,Lula,39.5,15.1,https://en.wikipedia.org/wiki/Opinion_polling_for_the_2026_Brazilian_presidential_election
2026,1,Ideia,30 Jan–2 Feb 2026,1500,wikipedia_tabela_4,Flávio Bolsonaro,33.0,15.1,https://en.wikipedia.org/wiki/Opinion_polling_for_the_2026_Brazilian_presidential_election
2026,1,Ideia,30 Jan–2 Feb 2026,1500,wikipedia_tabela_4,Ronaldo Caiado,5.1,15.1,https://en.wikipedia.org/wiki/Opinion_polling_for_the_2026_Brazilian_presidential_election
2026,1,Ideia,30 Jan–2 Feb 2026,1500,wikipedia_tabela_4,Romeu Zema,6.0,15.1,https://en.wikipedia.org/wiki/Opinion_polling_for_the_2026_Brazilian_presidential_election
2026,1,Ideia,30 Jan–2 Feb 2026,1500,wikipedia_tabela_4,Lula,40.0,17,https://en.wikipedia.org/wiki/Opinion_polling_for_the_2026_Brazilian_presidential_election
2026,1,Ideia,30 Jan–2 Feb 2026,1500,wikipedia_tabela_4,Romeu Zema,6.5,17,https://en.wikipedia.org/wiki/Opinion_polling_for_the_2026_Brazilian_presidential_election
2026,1,nan,27 Jan,Ronaldo Caiado joins the PSD.[113],wikipedia_tabela_4,Lula,113.0,Ronaldo Caiado joins the PSD.[113],https://en.wikipedia.org/wiki/Opinion_polling_for_the_2026_Brazilian_presidential_election
2026,1,nan,27 Jan,Ronaldo Caiado joins the PSD.[113],wikipedia_tabela_4,Flávio Bolsonaro,113.0,Ronaldo Caiado joins the PSD.[113],https://en.wikipedia.org/wiki/Opinion_polling_for_the_2026_Brazilian_presidential_election
2026,1,nan,27 Jan,Ronaldo Caiado joins the PSD.[113],wikipedia_tabela_4,Ronaldo Caiado,113.0,Ronaldo Caiado joins the PSD.[113],https://en.wikipedia.org/wiki/Opinion_polling_for_the_2026_Brazilian_presidential_election
2026,1,nan,27 Jan,Ronaldo Caiado joins the PSD.[113],wikipedia_tabela_4,Romeu Zema,113.0,Ronaldo Caiado joins the PSD.[113],https://en.wikipedia.org/wiki/Opinion_polling_for_the_2026_Brazilian_presidential_election
2026,1,Paraná Pesquisas,25–28 Jan 2026,2080,wikipedia_tabela_4,Lula,39.8,11.5,https://en.wikipedia.org/wiki/Opinion_polling_for_the_2026_Brazilian_presidential_election
2026,1,Paraná Pesquisas,25–28 Jan 2026,2080,wikipedia_tabela_4,Flávio Bolsonaro,33.1,11.5,https://en.wikipedia.org/wiki/Opinion_polling_for_the_2026_Brazilian_presidential_election
2026,1,Paraná Pesquisas,25–28 Jan 2026,2080,wikipedia_tabela_4,Ronaldo Caiado,3.7,11.5,https://en.wikipedia.org/wiki/Opinion_polling_for_the_2026_Brazilian_presidential_election
2026,1,Paraná Pesquisas,25–28 Jan 2026,2080,wikipedia_tabela_4,Romeu Zema,2.8,11.5,https://en.wikipedia.org/wiki/Opinion_polling_for_the_2026_Brazilian_presidential_election
2026,1,Paraná Pesquisas,25–28 Jan 2026,2080,wikipedia_tabela_4,Lula,40.7,17.4,https://en.wikipedia.org/wiki/Opinion_polling_for_the_2026_Brazilian_presidential_election
2026,1,Paraná Pesquisas,25–28 Jan 2026,2080,wikipedia_tabela_4,Ronaldo Caiado,6.6,17.4,https://en.wikipedia.org/wiki/Opinion_polling_for_the_2026_Brazilian_presidential_election
2026,1,Paraná Pesquisas,25–28 Jan 2026,2080,wikipedia_tabela_4,Romeu Zema,4.4,17.4,https://en.wikipedia.org/wiki/Opinion_polling_for_the_2026_Brazilian_presidential_election
2026,1,AtlasIntel,15–20 Jan 2026,5418,wikipedia_tabela_4,Lula,48.4,2.4,https://en.wikipedia.org/wiki/Opinion_polling_for_the_2026_Brazilian_presidential_election
2026,1,AtlasIntel,15–20 Jan 2026,5418,wikipedia_tabela_4,Flávio Bolsonaro,28.0,2.4,https://en.wikipedia.org/wiki/Opinion_polling_for_the_2026_Brazilian_presidential_election
2026,1,AtlasIntel,15–20 Jan 2026,5418,wikipedia_tabela_4,Ronaldo Caiado,2.9,2.4,https://en.wikipedia.org/wiki/Opinion_polling_for_the_2026_Brazilian_presidential_election
2026,1,AtlasIntel,15–20 Jan 2026,5418,wikipedia_tabela_4,Romeu Zema,1.7,2.4,https://en.wikipedia.org/wiki/Opinion_polling_for_the_2026_Brazilian_presidential_election
2026,1,AtlasIntel,15–20 Jan 2026,5418,wikipedia_tabela_4,Lula,48.8,1.9,https://en.wikipedia.org/wiki/Opinion_polling_for_the_2026_Brazilian_presidential_election
2026,1,AtlasIntel,15–20 Jan 2026,5418,wikipedia_tabela_4,Flávio Bolsonaro,35.0,1.9,https://en.wikipedia.org/wiki/Opinion_polling_for_the_2026_Brazilian_presidential_election
2026,1,AtlasIntel,15–20 Jan 2026,5418,wikipedia_tabela_4,Ronaldo Caiado,4.3,1.9,https://en.wikipedia.org/wiki/Opinion_polling_for_the_2026_Brazilian_presidential_election
2026,1,AtlasIntel,15–20 Jan 2026,5418,wikipedia_tabela_4,Romeu Zema,2.8,1.9,https://en.wikipedia.org/wiki/Opinion_polling_for_the_2026_Brazilian_presidential_election
2026,1,AtlasIntel,15–20 Jan 2026,5418,wikipedia_tabela_4,Lula,48.5,6.1,https://en.wikipedia.org/wiki/Opinion_polling_for_the_2026_Brazilian_presidential_election
2026,1,AtlasIntel,15–20 Jan 2026,5418,wikipedia_tabela_4,Ronaldo Caiado,5.0,6.1,https://en.wikipedia.org/wiki/Opinion_polling_for_the_2026_Brazilian_presidential_election
2026,1,AtlasIntel,15–20 Jan 2026,5418,wikipedia_tabela_4,Romeu Zema,3.9,6.1,https://en.wikipedia.org/wiki/Opinion_polling_for_the_2026_Brazilian_presidential_election
2026,1,AtlasIntel,15–20 Jan 2026,5418,wikipedia_tabela_4,Lula,48.8,10.3,https://en.wikipedia.org/wiki/Opinion_polling_for_the_2026_Brazilian_presidential_election
2026,1,AtlasIntel,15–20 Jan 2026,5418,wikipedia_tabela_4,Ronaldo Caiado,15.2,10.3,https://en.wikipedia.org/wiki/Opinion_polling_for_the_2026_Brazilian_presidential_election
2026,1,AtlasIntel,15–20 Jan 2026,5418,wikipedia_tabela_4,Romeu Zema,11.4,10.3,https://en.wikipedia.org/wiki/Opinion_polling_for_the_2026_Brazilian_presidential_election
2026,1,Futura,15–19 Jan 2026,2000,wikipedia_tabela_4,Lula,37.0,11.9,https://en.wikipedia.org/wiki/Opinion_polling_for_the_2026_Brazilian_presidential_election
2026,1,Futura,15–19 Jan 2026,2000,wikipedia_tabela_4,Flávio Bolsonaro,33.3,11.9,https://en.wikipedia.org/wiki/Opinion_polling_for_the_2026_Brazilian_presidential_election
2026,1,Futura,15–19 Jan 2026,2000,wikipedia_tabela_4,Ronaldo Caiado,3.0,11.9,https://en.wikipedia.org/wiki/Opinion_polling_for_the_2026_Brazilian_presidential_election
2026,1,Futura,15–19 Jan 2026,2000,wikipedia_tabela_4,Romeu Zema,2.6,11.9,https://en.wikipedia.org/wiki/Opinion_polling_for_the_2026_Brazilian_presidential_election
2026,1,Futura,15–19 Jan 2026,2000,wikipedia_tabela_4,Lula,35.4,4.4,https://en.wikipedia.org/wiki/Opinion_polling_for_the_2026_Brazilian_presidential_election
2026,1,Futura,15–19 Jan 2026,2000,wikipedia_tabela_4,Flávio Bolsonaro,34.3,4.4,https://en.wikipedia.org/wiki/Opinion_polling_for_the_2026_Brazilian_presidential_election
2026,1,Futura,15–19 Jan 2026,2000,wikipedia_tabela_4,Ronaldo Caiado,3.7,4.4,https://en.wikipedia.org/wiki/Opinion_polling_for_the_2026_Brazilian_presidential_election
2026,1,Futura,15–19 Jan 2026,2000,wikipedia_tabela_4,Romeu Zema,4.4,4.4,https://en.wikipedia.org/wiki/Opinion_polling_for_the_2026_Brazilian_presidential_election
2026,1,Ideia,8–12 Jan 2026,2000,wikipedia_tabela_4,Lula,39.7,18.5,https://en.wikipedia.org/wiki/Opinion_polling_for_the_2026_Brazilian_presidential_election
2026,1,Ideia,8–12 Jan 2026,2000,wikipedia_tabela_4,Flávio Bolsonaro,26.5,18.5,https://en.wikipedia.org/wiki/Opinion_polling_for_the_2026_Brazilian_presidential_election
2026,1,Ideia,8–12 Jan 2026,2000,wikipedia_tabela_4,Ronaldo Caiado,4.2,18.5,https://en.wikipedia.org/wiki/Opinion_polling_for_the_2026_Brazilian_presidential_election
2026,1,Ideia,8–12 Jan 2026,2000,wikipedia_tabela_4,Romeu Zema,3.6,18.5,https://en.wikipedia.org/wiki/Opinion_polling_for_the_2026_Brazilian_presidential_election
2026,1,Ideia,8–12 Jan 2026,2000,wikipedia_tabela_4,Lula,40.2,15.4,https://en.wikipedia.org/wiki/Opinion_polling_for_the_2026_Brazilian_presidential_election
2026,1,Ideia,8–12 Jan 2026,2000,wikipedia_tabela_4,Ronaldo Caiado,5.5,15.4,https://en.wikipedia.org/wiki/Opinion_polling_for_the_2026_Brazilian_presidential_election
2026,1,Ideia,8–12 Jan 2026,2000,wikipedia_tabela_4,Romeu Zema,5.5,15.4,https://en.wikipedia.org/wiki/Opinion_polling_for_the_2026_Brazilian_presidential_election
2026,1,Quaest,8–11 Jan 2026,2004,wikipedia_tabela_4,Lula,36.0,18,https://en.wikipedia.org/wiki/Opinion_polling_for_the_2026_Brazilian_presidential_election
2026,1,Quaest,8–11 Jan 2026,2004,wikipedia_tabela_4,Flávio Bolsonaro,23.0,18,https://en.wikipedia.org/wiki/Opinion_polling_for_the_2026_Brazilian_presidential_election
2026,1,Quaest,8–11 Jan 2026,2004,wikipedia_tabela_4,Ronaldo Caiado,3.0,18,https://en.wikipedia.org/wiki/Opinion_polling_for_the_2026_Brazilian_presidential_election
2026,1,Quaest,8–11 Jan 2026,2004,wikipedia_tabela_4,Romeu Zema,2.0,18,https://en.wikipedia.org/wiki/Opinion_polling_for_the_2026_Brazilian_presidential_election
2026,1,Quaest,8–11 Jan 2026,2004,wikipedia_tabela_4,Lula,35.0,20,https://en.wikipedia.org/wiki/Opinion_polling_for_the_2026_Brazilian_presidential_election
2026,1,Quaest,8–11 Jan 2026,2004,wikipedia_tabela_4,Flávio Bolsonaro,26.0,20,https://en.wikipedia.org/wiki/Opinion_polling_for_the_2026_Brazilian_presidential_election
2026,1,Quaest,8–11 Jan 2026,2004,wikipedia_tabela_4,Ronaldo Caiado,4.0,20,https://en.wikipedia.org/wiki/Opinion_polling_for_the_2026_Brazilian_presidential_election
2026,1,Quaest,8–11 Jan 2026,2004,wikipedia_tabela_4,Romeu Zema,3.0,20,https://en.wikipedia.org/wiki/Opinion_polling_for_the_2026_Brazilian_presidential_election
2026,1,Quaest,8–11 Jan 2026,2004,wikipedia_tabela_4,Lula,39.0,22,https://en.wikipedia.org/wiki/Opinion_polling_for_the_2026_Brazilian_presidential_election
2026,1,Quaest,8–11 Jan 2026,2004,wikipedia_tabela_4,Ronaldo Caiado,5.0,22,https://en.wikipedia.org/wiki/Opinion_polling_for_the_2026_Brazilian_presidential_election
2026,1,Quaest,8–11 Jan 2026,2004,wikipedia_tabela_4,Lula,40.0,19,https://en.wikipedia.org/wiki/Opinion_polling_for_the_2026_Brazilian_presidential_election
2026,1,Quaest,8–11 Jan 2026,2004,wikipedia_tabela_4,Flávio Bolsonaro,23.0,19,https://en.wikipedia.org/wiki/Opinion_polling_for_the_2026_Brazilian_presidential_election
2026,1,Quaest,8–11 Jan 2026,2004,wikipedia_tabela_4,Lula,37.0,20,https://en.wikipedia.org/wiki/Opinion_polling_for_the_2026_Brazilian_presidential_election
2026,1,Quaest,8–11 Jan 2026,2004,wikipedia_tabela_4,Flávio Bolsonaro,28.0,20,https://en.wikipedia.org/wiki/Opinion_polling_for_the_2026_Brazilian_presidential_election
2026,1,Paraná Pesquisas,18–22 Dec 2025,2038,wikipedia_tabela_5,Lula,37.6,12,https://en.wikipedia.org/wiki/Opinion_polling_for_the_2026_Brazilian_presidential_election
2026,1,Paraná Pesquisas,18–22 Dec 2025,2038,wikipedia_tabela_5,Flávio Bolsonaro,27.8,12,https://en.wikipedia.org/wiki/Opinion_polling_for_the_2026_Brazilian_presidential_election
2026,1,Paraná Pesquisas,18–22 Dec 2025,2038,wikipedia_tabela_5,Romeu Zema,3.1,12,https://en.wikipedia.org/wiki/Opinion_polling_for_the_2026_Brazilian_presidential_election
2026,1,Paraná Pesquisas,18–22 Dec 2025,2038,wikipedia_tabela_5,Lula,37.8,15,https://en.wikipedia.org/wiki/Opinion_polling_for_the_2026_Brazilian_presidential_election
2026,1,Paraná Pesquisas,18–22 Dec 2025,2038,wikipedia_tabela_5,Ronaldo Caiado,5.0,15,https://en.wikipedia.org/wiki/Opinion_polling_for_the_2026_Brazilian_presidential_election
2026,1,Paraná Pesquisas,18–22 Dec 2025,2038,wikipedia_tabela_5,Romeu Zema,3.9,15,https://en.wikipedia.org/wiki/Opinion_polling_for_the_2026_Brazilian_presidential_election
2026,1,AtlasIntel,10–15 Dec 2025,18154,wikipedia_tabela_5,Lula,47.9,2,https://en.wikipedia.org/wiki/Opinion_polling_for_the_2026_Brazilian_presidential_election
2026,1,AtlasIntel,10–15 Dec 2025,18154,wikipedia_tabela_5,Flávio Bolsonaro,21.3,2,https://en.wikipedia.org/wiki/Opinion_polling_for_the_2026_Brazilian_presidential_election
2026,1,AtlasIntel,10–15 Dec 2025,18154,wikipedia_tabela_5,Ronaldo Caiado,4.4,2,https://en.wikipedia.org/wiki/Opinion_polling_for_the_2026_Brazilian_presidential_election
2026,1,AtlasIntel,10–15 Dec 2025,18154,wikipedia_tabela_5,Romeu Zema,3.0,2,https://en.wikipedia.org/wiki/Opinion_polling_for_the_2026_Brazilian_presidential_election
2026,1,AtlasIntel,10–15 Dec 2025,18154,wikipedia_tabela_5,Lula,48.1,3.3,https://en.wikipedia.org/wiki/Opinion_polling_for_the_2026_Brazilian_presidential_election
2026,1,AtlasIntel,10–15 Dec 2025,18154,wikipedia_tabela_5,Flávio Bolsonaro,29.3,3.3,https://en.wikipedia.org/wiki/Opinion_polling_for_the_2026_Brazilian_presidential_election
2026,1,AtlasIntel,10–15 Dec 2025,18154,wikipedia_tabela_5,Ronaldo Caiado,7.2,3.3,https://en.wikipedia.org/wiki/Opinion_polling_for_the_2026_Brazilian_presidential_election
2026,1,AtlasIntel,10–15 Dec 2025,18154,wikipedia_tabela_5,Romeu Zema,3.8,3.3,https://en.wikipedia.org/wiki/Opinion_polling_for_the_2026_Brazilian_presidential_election
2026,1,AtlasIntel,10–15 Dec 2025,18154,wikipedia_tabela_5,Lula,48.8,7.3,https://en.wikipedia.org/wiki/Opinion_polling_for_the_2026_Brazilian_presidential_election
2026,1,AtlasIntel,10–15 Dec 2025,18154,wikipedia_tabela_5,Ronaldo Caiado,5.5,7.3,https://en.wikipedia.org/wiki/Opinion_polling_for_the_2026_Brazilian_presidential_election
2026,1,AtlasIntel,10–15 Dec 2025,18154,wikipedia_tabela_5,Romeu Zema,3.8,7.3,https://en.wikipedia.org/wiki/Opinion_polling_for_the_2026_Brazilian_presidential_election
2026,1,AtlasIntel,10–15 Dec 2025,18154,wikipedia_tabela_5,Lula,48.8,10.5,https://en.wikipedia.org/wiki/Opinion_polling_for_the_2026_Brazilian_presidential_election
2026,1,AtlasIntel,10–15 Dec 2025,18154,wikipedia_tabela_5,Ronaldo Caiado,16.3,10.5,https://en.wikipedia.org/wiki/Opinion_polling_for_the_2026_Brazilian_presidential_election
2026,1,AtlasIntel,10–15 Dec 2025,18154,wikipedia_tabela_5,Romeu Zema,11.7,10.5,https://en.wikipedia.org/wiki/Opinion_polling_for_the_2026_Brazilian_presidential_election
2026,1,Quaest,11–14 Dec 2025,2004,wikipedia_tabela_5,Lula,41.0,23,https://en.wikipedia.org/wiki/Opinion_polling_for_the_2026_Brazilian_presidential_election
2026,1,Quaest,11–14 Dec 2025,2004,wikipedia_tabela_5,Flávio Bolsonaro,23.0,23,https://en.wikipedia.org/wiki/Opinion_polling_for_the_2026_Brazilian_presidential_election
2026,1,Quaest,11–14 Dec 2025,2004,wikipedia_tabela_5,Lula,39.0,21,https://en.wikipedia.org/wiki/Opinion_polling_for_the_2026_Brazilian_presidential_election
2026,1,Quaest,11–14 Dec 2025,2004,wikipedia_tabela_5,Flávio Bolsonaro,23.0,21,https://en.wikipedia.org/wiki/Opinion_polling_for_the_2026_Brazilian_presidential_election
2026,1,Quaest,11–14 Dec 2025,2004,wikipedia_tabela_5,Lula,34.0,17,https://en.wikipedia.org/wiki/Opinion_polling_for_the_2026_Brazilian_presidential_election
2026,1,Quaest,11–14 Dec 2025,2004,wikipedia_tabela_5,Flávio Bolsonaro,21.0,17,https://en.wikipedia.org/wiki/Opinion_polling_for_the_2026_Brazilian_presidential_election
2026,1,Quaest,11–14 Dec 2025,2004,wikipedia_tabela_5,Ronaldo Caiado,2.0,17,https://en.wikipedia.org/wiki/Opinion_polling_for_the_2026_Brazilian_presidential_election
2026,1,Quaest,11–14 Dec 2025,2004,wikipedia_tabela_5,Romeu Zema,4.0,17,https://en.wikipedia.org/wiki/Opinion_polling_for_the_2026_Brazilian_presidential_election
2026,1,Gerp,6–10 Dec 2025,2000,wikipedia_tabela_5,Lula,34.0,12,https://en.wikipedia.org/wiki/Opinion_polling_for_the_2026_Brazilian_presidential_election
2026,1,Gerp,6–10 Dec 2025,2000,wikipedia_tabela_5,Flávio Bolsonaro,25.0,12,https://en.wikipedia.org/wiki/Opinion_polling_for_the_2026_Brazilian_presidential_election
2026,1,Gerp,6–10 Dec 2025,2000,wikipedia_tabela_5,Ronaldo Caiado,6.0,12,https://en.wikipedia.org/wiki/Opinion_polling_for_the_2026_Brazilian_presidential_election
2026,1,Gerp,6–10 Dec 2025,2000,wikipedia_tabela_5,Romeu Zema,4.0,12,https://en.wikipedia.org/wiki/Opinion_polling_for_the_2026_Brazilian_presidential_election
2026,1,nan,5 Dec,"Flávio Bolsonaro announces his candidacy, stating that he was endorsed by his father, Jair Bolsonaro, during a prison visit.[122]",wikipedia_tabela_5,Lula,122.0,"Flávio Bolsonaro announces his candidacy, stating that he was endorsed by his father, Jair Bolsonaro, during a prison visit.[122]",https://en.wikipedia.org/wiki/Opinion_polling_for_the_2026_Brazilian_presidential_election
2026,1,nan,5 Dec,"Flávio Bolsonaro announces his candidacy, stating that he was endorsed by his father, Jair Bolsonaro, during a prison visit.[122]",wikipedia_tabela_5,Flávio Bolsonaro,122.0,"Flávio Bolsonaro announces his candidacy, stating that he was endorsed by his father, Jair Bolsonaro, during a prison visit.[122]",https://en.wikipedia.org/wiki/Opinion_polling_for_the_2026_Brazilian_presidential_election
2026,1,nan,5 Dec,"Flávio Bolsonaro announces his candidacy, stating that he was endorsed by his father, Jair Bolsonaro, during a prison visit.[122]",wikipedia_tabela_5,Ronaldo Caiado,122.0,"Flávio Bolsonaro announces his candidacy, stating that he was endorsed by his father, Jair Bolsonaro, during a prison visit.[122]",https://en.wikipedia.org/wiki/Opinion_polling_for_the_2026_Brazilian_presidential_election
2026,1,nan,5 Dec,"Flávio Bolsonaro announces his candidacy, stating that he was endorsed by his father, Jair Bolsonaro, during a prison visit.[122]",wikipedia_tabela_5,Romeu Zema,122.0,"Flávio Bolsonaro announces his candidacy, stating that he was endorsed by his father, Jair Bolsonaro, during a prison visit.[122]",https://en.wikipedia.org/wiki/Opinion_polling_for_the_2026_Brazilian_presidential_election
2026,1,Ipec,4–8 Dec 2025,2000,wikipedia_tabela_5,Lula,38.0,27,https://en.wikipedia.org/wiki/Opinion_polling_for_the_2026_Brazilian_presidential_election
2026,1,Ipec,4–8 Dec 2025,2000,wikipedia_tabela_5,Ronaldo Caiado,5.0,27,https://en.wikipedia.org/wiki/Opinion_polling_for_the_2026_Brazilian_presidential_election
2026,1,Ipec,4–8 Dec 2025,2000,wikipedia_tabela_5,Romeu Zema,3.0,27,https://en.wikipedia.org/wiki/Opinion_polling_for_the_2026_Brazilian_presidential_election
2026,1,Ipec,4–8 Dec 2025,2000,wikipedia_tabela_5,Lula,38.0,23,https://en.wikipedia.org/wiki/Opinion_polling_for_the_2026_Brazilian_presidential_election
2026,1,Ipec,4–8 Dec 2025,2000,wikipedia_tabela_5,Flávio Bolsonaro,19.0,23,https://en.wikipedia.org/wiki/Opinion_polling_for_the_2026_Brazilian_presidential_election
2026,1,Ipec,4–8 Dec 2025,2000,wikipedia_tabela_5,Ronaldo Caiado,7.0,23,https://en.wikipedia.org/wiki/Opinion_polling_for_the_2026_Brazilian_presidential_election
2026,1,Ipec,4–8 Dec 2025,2000,wikipedia_tabela_5,Romeu Zema,5.0,23,https://en.wikipedia.org/wiki/Opinion_polling_for_the_2026_Brazilian_presidential_election
2026,1,Datafolha,2–4 Dec 2025,2002,wikipedia_tabela_5,Lula,41.0,16,https://en.wikipedia.org/wiki/Opinion_polling_for_the_2026_Brazilian_presidential_election
2026,1,Datafolha,2–4 Dec 2025,2002,wikipedia_tabela_5,Ronaldo Caiado,6.0,16,https://en.wikipedia.org/wiki/Opinion_polling_for_the_2026_Brazilian_presidential_election
2026,1,Datafolha,2–4 Dec 2025,2002,wikipedia_tabela_5,Romeu Zema,3.0,16,https://en.wikipedia.org/wiki/Opinion_polling_for_the_2026_Brazilian_presidential_election
2026,1,Datafolha,2–4 Dec 2025,2002,wikipedia_tabela_5,Lula,41.0,16,https://en.wikipedia.org/wiki/Opinion_polling_for_the_2026_Brazilian_presidential_election
2026,1,Datafolha,2–4 Dec 2025,2002,wikipedia_tabela_5,Flávio Bolsonaro,18.0,16,https://en.wikipedia.org/wiki/Opinion_polling_for_the_2026_Brazilian_presidential_election
2026,1,Datafolha,2–4 Dec 2025,2002,wikipedia_tabela_5,Ronaldo Caiado,7.0,16,https://en.wikipedia.org/wiki/Opinion_polling_for_the_2026_Brazilian_presidential_election
2026,1,Datafolha,2–4 Dec 2025,2002,wikipedia_tabela_5,Romeu Zema,6.0,16,https://en.wikipedia.org/wiki/Opinion_polling_for_the_2026_Brazilian_presidential_election
2026,1,AtlasIntel,22–27 Nov 2025,5510,wikipedia_tabela_5,Lula,48.4,5,https://en.wikipedia.org/wiki/Opinion_polling_for_the_2026_Brazilian_presidential_election
2026,1,AtlasIntel,22–27 Nov 2025,5510,wikipedia_tabela_5,Ronaldo Caiado,5.7,5,https://en.wikipedia.org/wiki/Opinion_polling_for_the_2026_Brazilian_presidential_election
2026,1,AtlasIntel,22–27 Nov 2025,5510,wikipedia_tabela_5,Romeu Zema,2.3,5,https://en.wikipedia.org/wiki/Opinion_polling_for_the_2026_Brazilian_presidential_election
2026,1,AtlasIntel,22–27 Nov 2025,5510,wikipedia_tabela_5,Lula,47.3,4.8,https://en.wikipedia.org/wiki/Opinion_polling_for_the_2026_Brazilian_presidential_election
2026,1,AtlasIntel,22–27 Nov 2025,5510,wikipedia_tabela_5,Flávio Bolsonaro,23.1,4.8,https://en.wikipedia.org/wiki/Opinion_polling_for_the_2026_Brazilian_presidential_election
2026,1,AtlasIntel,22–27 Nov 2025,5510,wikipedia_tabela_5,Ronaldo Caiado,10.2,4.8,https://en.wikipedia.org/wiki/Opinion_polling_for_the_2026_Brazilian_presidential_election
2026,1,AtlasIntel,22–27 Nov 2025,5510,wikipedia_tabela_5,Romeu Zema,5.0,4.8,https://en.wikipedia.org/wiki/Opinion_polling_for_the_2026_Brazilian_presidential_election
2026,1,nan,22 Nov,Jair Bolsonaro is arrested by the Federal Police and transferred to prison for attempting to escape house arrest.[126],wikipedia_tabela_5,Lula,126.0,Jair Bolsonaro is arrested by the Federal Police and transferred to prison for attempting to escape house arrest.[126],https://en.wikipedia.org/wiki/Opinion_polling_for_the_2026_Brazilian_presidential_election
2026,1,nan,22 Nov,Jair Bolsonaro is arrested by the Federal Police and transferred to prison for attempting to escape house arrest.[126],wikipedia_tabela_5,Flávio Bolsonaro,126.0,Jair Bolsonaro is arrested by the Federal Police and transferred to prison for attempting to escape house arrest.[126],https://en.wikipedia.org/wiki/Opinion_polling_for_the_2026_Brazilian_presidential_election
2026,1,nan,22 Nov,Jair Bolsonaro is arrested by the Federal Police and transferred to prison for attempting to escape house arrest.[126],wikipedia_tabela_5,Ronaldo Caiado,126.0,Jair Bolsonaro is arrested by the Federal Police and transferred to prison for attempting to escape house arrest.[126],https://en.wikipedia.org/wiki/Opinion_polling_for_the_2026_Brazilian_presidential_election
2026,1,nan,22 Nov,Jair Bolsonaro is arrested by the Federal Police and transferred to prison for attempting to escape house arrest.[126],wikipedia_tabela_5,Romeu Zema,126.0,Jair Bolsonaro is arrested by the Federal Police and transferred to prison for attempting to escape house arrest.[126],https://en.wikipedia.org/wiki/Opinion_polling_for_the_2026_Brazilian_presidential_election
2026,1,MDA,19–23 Nov 2025,2002,wikipedia_tabela_5,Lula,42.0,18.8,https://en.wikipedia.org/wiki/Opinion_polling_for_the_2026_Brazilian_presidential_election
2026,1,MDA,19–23 Nov 2025,2002,wikipedia_tabela_5,Romeu Zema,5.7,18.8,https://en.wikipedia.org/wiki/Opinion_polling_for_the_2026_Brazilian_presidential_election
2026,1,MDA,19–23 Nov 2025,2002,wikipedia_tabela_5,Lula,38.0,11.5,https://en.wikipedia.org/wiki/Opinion_polling_for_the_2026_Brazilian_presidential_election
2026,1,MDA,19–23 Nov 2025,2002,wikipedia_tabela_5,Ronaldo Caiado,4.0,11.5,https://en.wikipedia.org/wiki/Opinion_polling_for_the_2026_Brazilian_presidential_election
2026,1,MDA,19–23 Nov 2025,2002,wikipedia_tabela_5,Romeu Zema,2.7,11.5,https://en.wikipedia.org/wiki/Opinion_polling_for_the_2026_Brazilian_presidential_election
2026,1,Paraná Pesquisas,6–10 Nov 2025,2020,wikipedia_tabela_5,Lula,36.0,14.3,https://en.wikipedia.org/wiki/Opinion_polling_for_the_2026_Brazilian_presidential_election
2026,1,Paraná Pesquisas,6–10 Nov 2025,2020,wikipedia_tabela_5,Ronaldo Caiado,4.5,14.3,https://en.wikipedia.org/wiki/Opinion_polling_for_the_2026_Brazilian_presidential_election
2026,1,Paraná Pesquisas,6–10 Nov 2025,2020,wikipedia_tabela_5,Romeu Zema,3.3,14.3,https://en.wikipedia.org/wiki/Opinion_polling_for_the_2026_Brazilian_presidential_election
2026,1,Paraná Pesquisas,6–10 Nov 2025,2020,wikipedia_tabela_5,Lula,36.3,13.6,https://en.wikipedia.org/wiki/Opinion_polling_for_the_2026_Brazilian_presidential_election
2026,1,Paraná Pesquisas,6–10 Nov 2025,2020,wikipedia_tabela_5,Flávio Bolsonaro,19.7,13.6,https://en.wikipedia.org/wiki/Opinion_polling_for_the_2026_Brazilian_presidential_election
2026,1,Paraná Pesquisas,6–10 Nov 2025,2020,wikipedia_tabela_5,Ronaldo Caiado,5.2,13.6,https://en.wikipedia.org/wiki/Opinion_polling_for_the_2026_Brazilian_presidential_election
2026,1,Paraná Pesquisas,6–10 Nov 2025,2020,wikipedia_tabela_5,Romeu Zema,4.8,13.6,https://en.wikipedia.org/wiki/Opinion_polling_for_the_2026_Brazilian_presidential_election
2026,1,Quaest,6–9 Nov 2025,2004,wikipedia_tabela_5,Lula,35.0,28,https://en.wikipedia.org/wiki/Opinion_polling_for_the_2026_Brazilian_presidential_election
2026,1,Quaest,6–9 Nov 2025,2004,wikipedia_tabela_5,Ronaldo Caiado,4.0,28,https://en.wikipedia.org/wiki/Opinion_polling_for_the_2026_Brazilian_presidential_election
2026,1,Quaest,6–9 Nov 2025,2004,wikipedia_tabela_5,Romeu Zema,5.0,28,https://en.wikipedia.org/wiki/Opinion_polling_for_the_2026_Brazilian_presidential_election
2026,1,Paraná Pesquisas,21–24 Oct 2025,2020,wikipedia_tabela_5,Lula,37.4,13.4,https://en.wikipedia.org/wiki/Opinion_polling_for_the_2026_Brazilian_presidential_election
2026,1,Paraná Pesquisas,21–24 Oct 2025,2020,wikipedia_tabela_5,Ronaldo Caiado,4.1,13.4,https://en.wikipedia.org/wiki/Opinion_polling_for_the_2026_Brazilian_presidential_election
2026,1,Paraná Pesquisas,21–24 Oct 2025,2020,wikipedia_tabela_5,Romeu Zema,5.7,13.4,https://en.wikipedia.org/wiki/Opinion_polling_for_the_2026_Brazilian_presidential_election
2026,1,Paraná Pesquisas,21–24 Oct 2025,2020,wikipedia_tabela_5,Lula,37.6,13.6,https://en.wikipedia.org/wiki/Opinion_polling_for_the_2026_Brazilian_presidential_election
2026,1,Paraná Pesquisas,21–24 Oct 2025,2020,wikipedia_tabela_5,Flávio Bolsonaro,19.2,13.6,https://en.wikipedia.org/wiki/Opinion_polling_for_the_2026_Brazilian_presidential_election
2026,1,Paraná Pesquisas,21–24 Oct 2025,2020,wikipedia_tabela_5,Ronaldo Caiado,4.8,13.6,https://en.wikipedia.org/wiki/Opinion_polling_for_the_2026_Brazilian_presidential_election
2026,1,Paraná Pesquisas,21–24 Oct 2025,2020,wikipedia_tabela_5,Romeu Zema,6.2,13.6,https://en.wikipedia.org/wiki/Opinion_polling_for_the_2026_Brazilian_presidential_election
2026,1,AtlasIntel,15–19 Oct 2025,14063,wikipedia_tabela_5,Lula,51.3,6.9,https://en.wikipedia.org/wiki/Opinion_polling_for_the_2026_Brazilian_presidential_election
2026,1,AtlasIntel,15–19 Oct 2025,14063,wikipedia_tabela_5,Ronaldo Caiado,6.0,6.9,https://en.wikipedia.org/wiki/Opinion_polling_for_the_2026_Brazilian_presidential_election
2026,1,AtlasIntel,15–19 Oct 2025,14063,wikipedia_tabela_5,Romeu Zema,2.5,6.9,https://en.wikipedia.org/wiki/Opinion_polling_for_the_2026_Brazilian_presidential_election
2026,1,Quaest,2–5 Oct 2025,2004,wikipedia_tabela_5,Lula,39.0,23,https://en.wikipedia.org/wiki/Opinion_polling_for_the_2026_Brazilian_presidential_election
2026,1,Quaest,2–5 Oct 2025,2004,wikipedia_tabela_5,Ronaldo Caiado,4.0,23,https://en.wikipedia.org/wiki/Opinion_polling_for_the_2026_Brazilian_presidential_election
2026,1,Quaest,2–5 Oct 2025,2004,wikipedia_tabela_5,Romeu Zema,4.0,23,https://en.wikipedia.org/wiki/Opinion_polling_for_the_2026_Brazilian_presidential_election
2026,1,Gerp,29 Sep – 6 Oct 2025,2000,wikipedia_tabela_5,Lula,27.0,24,https://en.wikipedia.org/wiki/Opinion_polling_for_the_2026_Brazilian_presidential_election
2026,1,Gerp,29 Sep – 6 Oct 2025,2000,wikipedia_tabela_5,Ronaldo Caiado,3.0,24,https://en.wikipedia.org/wiki/Opinion_polling_for_the_2026_Brazilian_presidential_election
2026,1,Gerp,29 Sep – 6 Oct 2025,2000,wikipedia_tabela_5,Romeu Zema,3.0,24,https://en.wikipedia.org/wiki/Opinion_polling_for_the_2026_Brazilian_presidential_election
2026,1,Quaest,12–14 Sep 2025,2004,wikipedia_tabela_5,Lula,35.0,24,https://en.wikipedia.org/wiki/Opinion_polling_for_the_2026_Brazilian_presidential_election
2026,1,Quaest,12–14 Sep 2025,2004,wikipedia_tabela_5,Ronaldo Caiado,6.0,24,https://en.wikipedia.org/wiki/Opinion_polling_for_the_2026_Brazilian_presidential_election
2026,1,Quaest,12–14 Sep 2025,2004,wikipedia_tabela_5,Romeu Zema,5.0,24,https://en.wikipedia.org/wiki/Opinion_polling_for_the_2026_Brazilian_presidential_election
2026,1,nan,11 Sep,Jair Bolsonaro is sentenced to 27 years in prison for leading a coup plot.[135],wikipedia_tabela_5,Lula,27.0,Jair Bolsonaro is sentenced to 27 years in prison for leading a coup plot.[135],https://en.wikipedia.org/wiki/Opinion_polling_for_the_2026_Brazilian_presidential_election
2026,1,nan,11 Sep,Jair Bolsonaro is sentenced to 27 years in prison for leading a coup plot.[135],wikipedia_tabela_5,Flávio Bolsonaro,27.0,Jair Bolsonaro is sentenced to 27 years in prison for leading a coup plot.[135],https://en.wikipedia.org/wiki/Opinion_polling_for_the_2026_Brazilian_presidential_election
2026,1,nan,11 Sep,Jair Bolsonaro is sentenced to 27 years in prison for leading a coup plot.[135],wikipedia_tabela_5,Ronaldo Caiado,27.0,Jair Bolsonaro is sentenced to 27 years in prison for leading a coup plot.[135],https://en.wikipedia.org/wiki/Opinion_polling_for_the_2026_Brazilian_presidential_election
2026,1,nan,11 Sep,Jair Bolsonaro is sentenced to 27 years in prison for leading a coup plot.[135],wikipedia_tabela_5,Romeu Zema,27.0,Jair Bolsonaro is sentenced to 27 years in prison for leading a coup plot.[135],https://en.wikipedia.org/wiki/Opinion_polling_for_the_2026_Brazilian_presidential_election
2026,1,AtlasIntel,10–14 Sep 2025,7291,wikipedia_tabela_5,Lula,48.2,5.7,https://en.wikipedia.org/wiki/Opinion_polling_for_the_2026_Brazilian_presidential_election
2026,1,AtlasIntel,10–14 Sep 2025,7291,wikipedia_tabela_5,Ronaldo Caiado,3.7,5.7,https://en.wikipedia.org/wiki/Opinion_polling_for_the_2026_Brazilian_presidential_election
2026,1,AtlasIntel,10–14 Sep 2025,7291,wikipedia_tabela_5,Romeu Zema,3.0,5.7,https://en.wikipedia.org/wiki/Opinion_polling_for_the_2026_Brazilian_presidential_election
2026,1,MDA,3–6 Sep 2025,2002,wikipedia_tabela_5,Lula,35.8,17.7,https://en.wikipedia.org/wiki/Opinion_polling_for_the_2026_Brazilian_presidential_election
2026,1,MDA,3–6 Sep 2025,2002,wikipedia_tabela_5,Ronaldo Caiado,4.2,17.7,https://en.wikipedia.org/wiki/Opinion_polling_for_the_2026_Brazilian_presidential_election
2026,1,MDA,3–6 Sep 2025,2002,wikipedia_tabela_5,Romeu Zema,3.6,17.7,https://en.wikipedia.org/wiki/Opinion_polling_for_the_2026_Brazilian_presidential_election
2026,1,Real Time,28–30 Aug 2025,2500,wikipedia_tabela_5,Lula,42.0,9,https://en.wikipedia.org/wiki/Opinion_polling_for_the_2026_Brazilian_presidential_election
2026,1,Real Time,28–30 Aug 2025,2500,wikipedia_tabela_5,Romeu Zema,4.0,9,https://en.wikipedia.org/wiki/Opinion_polling_for_the_2026_Brazilian_presidential_election
2026,1,AtlasIntel,20–25 Aug 2025,6238,wikipedia_tabela_5,Lula,44.1,4.2,https://en.wikipedia.org/wiki/Opinion_polling_for_the_2026_Brazilian_presidential_election
2026,1,AtlasIntel,20–25 Aug 2025,6238,wikipedia_tabela_5,Ronaldo Caiado,3.2,4.2,https://en.wikipedia.org/wiki/Opinion_polling_for_the_2026_Brazilian_presidential_election
2026,1,AtlasIntel,20–25 Aug 2025,6238,wikipedia_tabela_5,Romeu Zema,4.4,4.2,https://en.wikipedia.org/wiki/Opinion_polling_for_the_2026_Brazilian_presidential_election
2026,1,Paraná Pesquisas,17–21 Aug 2025,2020,wikipedia_tabela_5,Lula,35.1,15.9,https://en.wikipedia.org/wiki/Opinion_polling_for_the_2026_Brazilian_presidential_election
2026,1,Paraná Pesquisas,17–21 Aug 2025,2020,wikipedia_tabela_5,Ronaldo Caiado,4.6,15.9,https://en.wikipedia.org/wiki/Opinion_polling_for_the_2026_Brazilian_presidential_election
2026,1,Quaest,13–17 Aug 2025,12150,wikipedia_tabela_5,Lula,35.0,27,https://en.wikipedia.org/wiki/Opinion_polling_for_the_2026_Brazilian_presidential_election
2026,1,Quaest,13–17 Aug 2025,12150,wikipedia_tabela_5,Ronaldo Caiado,6.0,27,https://en.wikipedia.org/wiki/Opinion_polling_for_the_2026_Brazilian_presidential_election
2026,1,Quaest,13–17 Aug 2025,12150,wikipedia_tabela_5,Romeu Zema,4.0,27,https://en.wikipedia.org/wiki/Opinion_polling_for_the_2026_Brazilian_presidential_election
2026,1,Quaest,13–17 Aug 2025,12150,wikipedia_tabela_5,Lula,35.0,21,https://en.wikipedia.org/wiki/Opinion_polling_for_the_2026_Brazilian_presidential_election
2026,1,Quaest,13–17 Aug 2025,12150,wikipedia_tabela_5,Flávio Bolsonaro,14.0,21,https://en.wikipedia.org/wiki/Opinion_polling_for_the_2026_Brazilian_presidential_election
2026,1,Quaest,13–17 Aug 2025,12150,wikipedia_tabela_5,Ronaldo Caiado,5.0,21,https://en.wikipedia.org/wiki/Opinion_polling_for_the_2026_Brazilian_presidential_election
2026,1,Quaest,13–17 Aug 2025,12150,wikipedia_tabela_5,Romeu Zema,6.0,21,https://en.wikipedia.org/wiki/Opinion_polling_for_the_2026_Brazilian_presidential_election
2026,1,Datafolha,29–30 Jul 2025,2004,wikipedia_tabela_5,Lula,38.0,17,https://en.wikipedia.org/wiki/Opinion_polling_for_the_2026_Brazilian_presidential_election
2026,1,Datafolha,29–30 Jul 2025,2004,wikipedia_tabela_5,Ronaldo Caiado,7.0,17,https://en.wikipedia.org/wiki/Opinion_polling_for_the_2026_Brazilian_presidential_election
2026,1,Datafolha,29–30 Jul 2025,2004,wikipedia_tabela_5,Romeu Zema,6.0,17,https://en.wikipedia.org/wiki/Opinion_polling_for_the_2026_Brazilian_presidential_election
2026,1,Datafolha,29–30 Jul 2025,2004,wikipedia_tabela_5,Lula,40.0,16,https://en.wikipedia.org/wiki/Opinion_polling_for_the_2026_Brazilian_presidential_election
2026,1,Datafolha,29–30 Jul 2025,2004,wikipedia_tabela_5,Flávio Bolsonaro,18.0,16,https://en.wikipedia.org/wiki/Opinion_polling_for_the_2026_Brazilian_presidential_election
2026,1,Datafolha,29–30 Jul 2025,2004,wikipedia_tabela_5,Ronaldo Caiado,8.0,16,https://en.wikipedia.org/wiki/Opinion_polling_for_the_2026_Brazilian_presidential_election
2026,1,Datafolha,29–30 Jul 2025,2004,wikipedia_tabela_5,Romeu Zema,7.0,16,https://en.wikipedia.org/wiki/Opinion_polling_for_the_2026_Brazilian_presidential_election
2026,1,AtlasIntel,25–28 Jul 2025,7334,wikipedia_tabela_5,Lula,48.5,2.8,https://en.wikipedia.org/wiki/Opinion_polling_for_the_2026_Brazilian_presidential_election
2026,1,AtlasIntel,25–28 Jul 2025,7334,wikipedia_tabela_5,Ronaldo Caiado,3.0,2.8,https://en.wikipedia.org/wiki/Opinion_polling_for_the_2026_Brazilian_presidential_election
2026,1,AtlasIntel,25–28 Jul 2025,7334,wikipedia_tabela_5,Romeu Zema,3.6,2.8,https://en.wikipedia.org/wiki/Opinion_polling_for_the_2026_Brazilian_presidential_election
2026,1,Quaest,10–14 Jul 2025,2004,wikipedia_tabela_5,Lula,32.0,32,https://en.wikipedia.org/wiki/Opinion_polling_for_the_2026_Brazilian_presidential_election
2026,1,Quaest,10–14 Jul 2025,2004,wikipedia_tabela_5,Ronaldo Caiado,5.0,32,https://en.wikipedia.org/wiki/Opinion_polling_for_the_2026_Brazilian_presidential_election
2026,1,Quaest,10–14 Jul 2025,2004,wikipedia_tabela_5,Romeu Zema,4.0,32,https://en.wikipedia.org/wiki/Opinion_polling_for_the_2026_Brazilian_presidential_election
2026,1,AtlasIntel,27–30 Jun 2025,2621,wikipedia_tabela_5,Lula,44.6,4.6,https://en.wikipedia.org/wiki/Opinion_polling_for_the_2026_Brazilian_presidential_election
2026,1,AtlasIntel,27–30 Jun 2025,2621,wikipedia_tabela_5,Ronaldo Caiado,1.7,4.6,https://en.wikipedia.org/wiki/Opinion_polling_for_the_2026_Brazilian_presidential_election
2026,1,AtlasIntel,27–30 Jun 2025,2621,wikipedia_tabela_5,Romeu Zema,4.4,4.6,https://en.wikipedia.org/wiki/Opinion_polling_for_the_2026_Brazilian_presidential_election
2026,1,Neokemp,25–27 Jun 2025,2020,wikipedia_tabela_5,Lula,35.0,12.5,https://en.wikipedia.org/wiki/Opinion_polling_for_the_2026_Brazilian_presidential_election
2026,1,Neokemp,25–27 Jun 2025,2020,wikipedia_tabela_5,Ronaldo Caiado,4.9,12.5,https://en.wikipedia.org/wiki/Opinion_polling_for_the_2026_Brazilian_presidential_election
2026,1,Futura,12–23 Jun 2025,2000,wikipedia_tabela_5,Lula,28.2,25.1,https://en.wikipedia.org/wiki/Opinion_polling_for_the_2026_Brazilian_presidential_election
2026,1,Futura,12–23 Jun 2025,2000,wikipedia_tabela_5,Ronaldo Caiado,6.0,25.1,https://en.wikipedia.org/wiki/Opinion_polling_for_the_2026_Brazilian_presidential_election
2026,1,Paraná Pesquisas,18–22 Jun 2025,2020,wikipedia_tabela_5,Lula,34.0,16.1,https://en.wikipedia.org/wiki/Opinion_polling_for_the_2026_Brazilian_presidential_election
2026,1,Paraná Pesquisas,18–22 Jun 2025,2020,wikipedia_tabela_5,Ronaldo Caiado,4.3,16.1,https://en.wikipedia.org/wiki/Opinion_polling_for_the_2026_Brazilian_presidential_election
2026,1,Paraná Pesquisas,18–22 Jun 2025,2020,wikipedia_tabela_5,Lula,33.8,16.1,https://en.wikipedia.org/wiki/Opinion_polling_for_the_2026_Brazilian_presidential_election
2026,1,Paraná Pesquisas,18–22 Jun 2025,2020,wikipedia_tabela_5,Flávio Bolsonaro,20.4,16.1,https://en.wikipedia.org/wiki/Opinion_polling_for_the_2026_Brazilian_presidential_election
2026,1,Paraná Pesquisas,18–22 Jun 2025,2020,wikipedia_tabela_5,Ronaldo Caiado,5.8,16.1,https://en.wikipedia.org/wiki/Opinion_polling_for_the_2026_Brazilian_presidential_election
2026,1,MDA,11–15 Jun 2025,2002,wikipedia_tabela_5,Lula,30.5,20.4,https://en.wikipedia.org/wiki/Opinion_polling_for_the_2026_Brazilian_presidential_election
2026,1,MDA,11–15 Jun 2025,2002,wikipedia_tabela_5,Ronaldo Caiado,4.1,20.4,https://en.wikipedia.org/wiki/Opinion_polling_for_the_2026_Brazilian_presidential_election
2026,1,MDA,11–15 Jun 2025,2002,wikipedia_tabela_5,Romeu Zema,4.0,20.4,https://en.wikipedia.org/wiki/Opinion_polling_for_the_2026_Brazilian_presidential_election
2026,1,Datafolha,10–11 Jun 2025,2004,wikipedia_tabela_5,Lula,37.0,19,https://en.wikipedia.org/wiki/Opinion_polling_for_the_2026_Brazilian_presidential_election
2026,1,Datafolha,10–11 Jun 2025,2004,wikipedia_tabela_5,Ronaldo Caiado,6.0,19,https://en.wikipedia.org/wiki/Opinion_polling_for_the_2026_Brazilian_presidential_election
2026,1,Datafolha,10–11 Jun 2025,2004,wikipedia_tabela_5,Romeu Zema,6.0,19,https://en.wikipedia.org/wiki/Opinion_polling_for_the_2026_Brazilian_presidential_election
2026,1,Datafolha,10–11 Jun 2025,2004,wikipedia_tabela_5,Lula,38.0,19,https://en.wikipedia.org/wiki/Opinion_polling_for_the_2026_Brazilian_presidential_election
2026,1,Datafolha,10–11 Jun 2025,2004,wikipedia_tabela_5,Flávio Bolsonaro,20.0,19,https://en.wikipedia.org/wiki/Opinion_polling_for_the_2026_Brazilian_presidential_election
2026,1,Datafolha,10–11 Jun 2025,2004,wikipedia_tabela_5,Ronaldo Caiado,11.0,19,https://en.wikipedia.org/wiki/Opinion_polling_for_the_2026_Brazilian_presidential_election
2026,1,Gerp,28–31 May 2025,2000,wikipedia_tabela_6,Lula,24.0,25.0,https://en.wikipedia.org/wiki/Opinion_polling_for_the_2026_Brazilian_presidential_election
2026,1,Gerp,28–31 May 2025,2000,wikipedia_tabela_6,Ronaldo Caiado,5.0,25.0,https://en.wikipedia.org/wiki/Opinion_polling_for_the_2026_Brazilian_presidential_election
2026,1,Gerp,28–31 May 2025,2000,wikipedia_tabela_6,Romeu Zema,3.0,25.0,https://en.wikipedia.org/wiki/Opinion_polling_for_the_2026_Brazilian_presidential_election
2026,1,AtlasIntel,19–23 May 2025,4399,wikipedia_tabela_6,Lula,44.1,5.4,https://en.wikipedia.org/wiki/Opinion_polling_for_the_2026_Brazilian_presidential_election
2026,1,AtlasIntel,19–23 May 2025,4399,wikipedia_tabela_6,Ronaldo Caiado,4.7,5.4,https://en.wikipedia.org/wiki/Opinion_polling_for_the_2026_Brazilian_presidential_election
2026,1,AtlasIntel,19–23 May 2025,4399,wikipedia_tabela_6,Romeu Zema,1.4,5.4,https://en.wikipedia.org/wiki/Opinion_polling_for_the_2026_Brazilian_presidential_election
2026,1,Gerp,21–25 Apr 2025,2000,wikipedia_tabela_6,Lula,30.0,18.0,https://en.wikipedia.org/wiki/Opinion_polling_for_the_2026_Brazilian_presidential_election
2026,1,Gerp,21–25 Apr 2025,2000,wikipedia_tabela_6,Ronaldo Caiado,4.0,18.0,https://en.wikipedia.org/wiki/Opinion_polling_for_the_2026_Brazilian_presidential_election
2026,1,Gerp,21–25 Apr 2025,2000,wikipedia_tabela_6,Romeu Zema,4.0,18.0,https://en.wikipedia.org/wiki/Opinion_polling_for_the_2026_Brazilian_presidential_election
2026,1,AtlasIntel,20–24 Apr 2025,5419,wikipedia_tabela_6,Lula,42.8,8.0,https://en.wikipedia.org/wiki/Opinion_polling_for_the_2026_Brazilian_presidential_election
2026,1,AtlasIntel,20–24 Apr 2025,5419,wikipedia_tabela_6,Ronaldo Caiado,4.3,8.0,https://en.wikipedia.org/wiki/Opinion_polling_for_the_2026_Brazilian_presidential_election
2026,1,AtlasIntel,20–24 Apr 2025,5419,wikipedia_tabela_6,Romeu Zema,1.6,8.0,https://en.wikipedia.org/wiki/Opinion_polling_for_the_2026_Brazilian_presidential_election
2026,1,Paraná Pesquisas,16–19 Apr 2025,2020,wikipedia_tabela_6,Lula,34.0,15.7,https://en.wikipedia.org/wiki/Opinion_polling_for_the_2026_Brazilian_presidential_election
2026,1,Paraná Pesquisas,16–19 Apr 2025,2020,wikipedia_tabela_6,Ronaldo Caiado,4.8,15.7,https://en.wikipedia.org/wiki/Opinion_polling_for_the_2026_Brazilian_presidential_election
2026,1,Datafolha,1–3 Apr 2025,3054,wikipedia_tabela_6,Lula,35.0,14.0,https://en.wikipedia.org/wiki/Opinion_polling_for_the_2026_Brazilian_presidential_election
2026,1,Datafolha,1–3 Apr 2025,3054,wikipedia_tabela_6,Ronaldo Caiado,2.0,14.0,https://en.wikipedia.org/wiki/Opinion_polling_for_the_2026_Brazilian_presidential_election
2026,1,Datafolha,1–3 Apr 2025,3054,wikipedia_tabela_6,Romeu Zema,3.0,14.0,https://en.wikipedia.org/wiki/Opinion_polling_for_the_2026_Brazilian_presidential_election
2026,1,AtlasIntel,24–27 Feb 2025,5710,wikipedia_tabela_6,Lula,41.6,12.6,https://en.wikipedia.org/wiki/Opinion_polling_for_the_2026_Brazilian_presidential_election
2026,1,AtlasIntel,24–27 Feb 2025,5710,wikipedia_tabela_6,Ronaldo Caiado,4.5,12.6,https://en.wikipedia.org/wiki/Opinion_polling_for_the_2026_Brazilian_presidential_election
2026,1,AtlasIntel,24–27 Feb 2025,5710,wikipedia_tabela_6,Romeu Zema,4.5,12.6,https://en.wikipedia.org/wiki/Opinion_polling_for_the_2026_Brazilian_presidential_election
2026,1,MDA,19–23 Feb 2025,2002,wikipedia_tabela_6,Lula,30.4,20.2,https://en.wikipedia.org/wiki/Opinion_polling_for_the_2026_Brazilian_presidential_election
2026,1,MDA,19–23 Feb 2025,2002,wikipedia_tabela_6,Ronaldo Caiado,3.9,20.2,https://en.wikipedia.org/wiki/Opinion_polling_for_the_2026_Brazilian_presidential_election
2026,1,MDA,19–23 Feb 2025,2002,wikipedia_tabela_6,Romeu Zema,3.9,20.2,https://en.wikipedia.org/wiki/Opinion_polling_for_the_2026_Brazilian_presidential_election
2026,1,Quaest,23–26 Jan 2025,4500,wikipedia_tabela_6,Lula,30.0,19.0,https://en.wikipedia.org/wiki/Opinion_polling_for_the_2026_Brazilian_presidential_election
2026,1,Quaest,23–26 Jan 2025,4500,wikipedia_tabela_6,Ronaldo Caiado,3.0,19.0,https://en.wikipedia.org/wiki/Opinion_polling_for_the_2026_Brazilian_presidential_election
2026,1,Quaest,23–26 Jan 2025,4500,wikipedia_tabela_6,Romeu Zema,3.0,19.0,https://en.wikipedia.org/wiki/Opinion_polling_for_the_2026_Brazilian_presidential_election
2026,1,Paraná Pesquisas,21–25 Nov 2024,2014,wikipedia_tabela_7,Lula,33.6,9.6,https://en.wikipedia.org/wiki/Opinion_polling_for_the_2026_Brazilian_presidential_election
2026,1,Paraná Pesquisas,21–25 Nov 2024,2014,wikipedia_tabela_7,Ronaldo Caiado,3.7,9.6,https://en.wikipedia.org/wiki/Opinion_polling_for_the_2026_Brazilian_presidential_election
2026,1,Paraná Pesquisas,21–25 Nov 2024,2014,wikipedia_tabela_7,Lula,34.2,13.5,https://en.wikipedia.org/wiki/Opinion_polling_for_the_2026_Brazilian_presidential_election
2026,1,Paraná Pesquisas,21–25 Nov 2024,2014,wikipedia_tabela_7,Ronaldo Caiado,6.4,13.5,https://en.wikipedia.org/wiki/Opinion_polling_for_the_2026_Brazilian_presidential_election
2026,1,Paraná Pesquisas,21–25 Nov 2024,2014,wikipedia_tabela_7,Lula,34.7,16.1,https://en.wikipedia.org/wiki/Opinion_polling_for_the_2026_Brazilian_presidential_election
2026,1,Paraná Pesquisas,21–25 Nov 2024,2014,wikipedia_tabela_7,Ronaldo Caiado,5.3,16.1,https://en.wikipedia.org/wiki/Opinion_polling_for_the_2026_Brazilian_presidential_election
2026,1,Paraná Pesquisas,21–25 Nov 2024,2014,wikipedia_tabela_7,Lula,34.4,19.9,https://en.wikipedia.org/wiki/Opinion_polling_for_the_2026_Brazilian_presidential_election
2026,1,Paraná Pesquisas,21–25 Nov 2024,2014,wikipedia_tabela_7,Ronaldo Caiado,8.9,19.9,https://en.wikipedia.org/wiki/Opinion_polling_for_the_2026_Brazilian_presidential_election
2026,1,Paraná Pesquisas,21–25 Nov 2024,2014,wikipedia_tabela_7,Lula,34.7,22.2,https://en.wikipedia.org/wiki/Opinion_polling_for_the_2026_Brazilian_presidential_election
2026,1,Paraná Pesquisas,21–25 Nov 2024,2014,wikipedia_tabela_7,Ronaldo Caiado,8.0,22.2,https://en.wikipedia.org/wiki/Opinion_polling_for_the_2026_Brazilian_presidential_election
2026,1,Paraná Pesquisas,21–25 Nov 2024,2014,wikipedia_tabela_7,Romeu Zema,12.2,22.2,https://en.wikipedia.org/wiki/Opinion_polling_for_the_2026_Brazilian_presidential_election
2026,1,Paraná Pesquisas,21–25 Nov 2024,2014,wikipedia_tabela_7,Ronaldo Caiado,4.4,15.6,https://en.wikipedia.org/wiki/Opinion_polling_for_the_2026_Brazilian_presidential_election
2026,1,Paraná Pesquisas,21–25 Nov 2024,2014,wikipedia_tabela_7,Ronaldo Caiado,7.1,19.9,https://en.wikipedia.org/wiki/Opinion_polling_for_the_2026_Brazilian_presidential_election
2026,1,MDA,7–10 Nov 2024,2002,wikipedia_tabela_7,Lula,35.2,10.0,https://en.wikipedia.org/wiki/Opinion_polling_for_the_2026_Brazilian_presidential_election
2026,1,MDA,7–10 Nov 2024,2002,wikipedia_tabela_7,Pablo Marçal,8.4,10.0,https://en.wikipedia.org/wiki/Opinion_polling_for_the_2026_Brazilian_presidential_election
2026,1,MDA,7–10 Nov 2024,2002,wikipedia_tabela_7,Lula,34.1,12.8,https://en.wikipedia.org/wiki/Opinion_polling_for_the_2026_Brazilian_presidential_election
2026,1,MDA,7–10 Nov 2024,2002,wikipedia_tabela_7,Pablo Marçal,14.1,12.8,https://en.wikipedia.org/wiki/Opinion_polling_for_the_2026_Brazilian_presidential_election
2026,1,MDA,7–10 Nov 2024,2002,wikipedia_tabela_7,Lula,35.2,14.0,https://en.wikipedia.org/wiki/Opinion_polling_for_the_2026_Brazilian_presidential_election
2026,1,MDA,7–10 Nov 2024,2002,wikipedia_tabela_7,Pablo Marçal,16.9,14.0,https://en.wikipedia.org/wiki/Opinion_polling_for_the_2026_Brazilian_presidential_election
2026,1,Paraná Pesquisas,18–22 Jul 2024,2026,wikipedia_tabela_7,Lula,38.3,11.6,https://en.wikipedia.org/wiki/Opinion_polling_for_the_2026_Brazilian_presidential_election
2026,1,Paraná Pesquisas,18–22 Jul 2024,2026,wikipedia_tabela_7,Ronaldo Caiado,3.0,11.6,https://en.wikipedia.org/wiki/Opinion_polling_for_the_2026_Brazilian_presidential_election
2026,1,Paraná Pesquisas,18–22 Jul 2024,2026,wikipedia_tabela_7,Lula,38.7,14.5,https://en.wikipedia.org/wiki/Opinion_polling_for_the_2026_Brazilian_presidential_election
2026,1,Paraná Pesquisas,18–22 Jul 2024,2026,wikipedia_tabela_7,Ronaldo Caiado,4.5,14.5,https://en.wikipedia.org/wiki/Opinion_polling_for_the_2026_Brazilian_presidential_election
2026,1,Paraná Pesquisas,18–22 Jul 2024,2026,wikipedia_tabela_7,Lula,38.9,17.6,https://en.wikipedia.org/wiki/Opinion_polling_for_the_2026_Brazilian_presidential_election
2026,1,Paraná Pesquisas,18–22 Jul 2024,2026,wikipedia_tabela_7,Ronaldo Caiado,4.0,17.6,https://en.wikipedia.org/wiki/Opinion_polling_for_the_2026_Brazilian_presidential_election
2026,1,Paraná Pesquisas,18–22 Jul 2024,2026,wikipedia_tabela_7,Lula,39.0,22.8,https://en.wikipedia.org/wiki/Opinion_polling_for_the_2026_Brazilian_presidential_election
2026,1,Paraná Pesquisas,18–22 Jul 2024,2026,wikipedia_tabela_7,Ronaldo Caiado,7.5,22.8,https://en.wikipedia.org/wiki/Opinion_polling_for_the_2026_Brazilian_presidential_election
2026,1,Paraná Pesquisas,18–22 Jul 2024,2026,wikipedia_tabela_7,Lula,38.8,23.9,https://en.wikipedia.org/wiki/Opinion_polling_for_the_2026_Brazilian_presidential_election
2026,1,Paraná Pesquisas,18–22 Jul 2024,2026,wikipedia_tabela_7,Ronaldo Caiado,6.7,23.9,https://en.wikipedia.org/wiki/Opinion_polling_for_the_2026_Brazilian_presidential_election
2026,1,Paraná Pesquisas,18–22 Jul 2024,2026,wikipedia_tabela_7,Romeu Zema,13.1,23.9,https://en.wikipedia.org/wiki/Opinion_polling_for_the_2026_Brazilian_presidential_election
2026,1,Quaest,2–6 May 2024,2045,wikipedia_tabela_7,Lula,46.0,14.0,https://en.wikipedia.org/wiki/Opinion_polling_for_the_2026_Brazilian_presidential_election
2026,1,Paraná Pesquisas,27 Apr – 1 May 2024,2020,wikipedia_tabela_7,Lula,36.0,12.3,https://en.wikipedia.org/wiki/Opinion_polling_for_the_2026_Brazilian_presidential_election
2026,1,Paraná Pesquisas,27 Apr – 1 May 2024,2020,wikipedia_tabela_7,Lula,36.6,15.0,https://en.wikipedia.org/wiki/Opinion_polling_for_the_2026_Brazilian_presidential_election
2026,1,Paraná Pesquisas,27 Apr – 1 May 2024,2020,wikipedia_tabela_7,Lula,36.9,20.7,https://en.wikipedia.org/wiki/Opinion_polling_for_the_2026_Brazilian_presidential_election
2026,1,Paraná Pesquisas,27 Apr – 1 May 2024,2020,wikipedia_tabela_7,Lula,37.2,29.8,https://en.wikipedia.org/wiki/Opinion_polling_for_the_2026_Brazilian_presidential_election
2026,1,Paraná Pesquisas,27 Apr – 1 May 2024,2020,wikipedia_tabela_7,Ronaldo Caiado,10.9,29.8,https://en.wikipedia.org/wiki/Opinion_polling_for_the_2026_Brazilian_presidential_election
2026,1,Paraná Pesquisas,27 Apr – 1 May 2024,2020,wikipedia_tabela_7,Lula,36.9,31.0,https://en.wikipedia.org/wiki/Opinion_polling_for_the_2026_Brazilian_presidential_election
2026,1,Paraná Pesquisas,27 Apr – 1 May 2024,2020,wikipedia_tabela_7,Lula,36.3,25.9,https://en.wikipedia.org/wiki/Opinion_polling_for_the_2026_Brazilian_presidential_election
2026,1,Paraná Pesquisas,27 Apr – 1 May 2024,2020,wikipedia_tabela_7,Lula,37.2,26.3,https://en.wikipedia.org/wiki/Opinion_polling_for_the_2026_Brazilian_presidential_election
2026,1,Paraná Pesquisas,27 Apr – 1 May 2024,2020,wikipedia_tabela_7,Romeu Zema,14.9,26.3,https://en.wikipedia.org/wiki/Opinion_polling_for_the_2026_Brazilian_presidential_election
2026,1,Paraná Pesquisas,24–28 Jan 2024,2026,wikipedia_tabela_7,Lula,37.6,15.6,https://en.wikipedia.org/wiki/Opinion_polling_for_the_2026_Brazilian_presidential_election
2026,1,Paraná Pesquisas,24–28 Jan 2024,2026,wikipedia_tabela_7,Ronaldo Caiado,1.9,15.6,https://en.wikipedia.org/wiki/Opinion_polling_for_the_2026_Brazilian_presidential_election
2026,1,Paraná Pesquisas,24–28 Jan 2024,2026,wikipedia_tabela_7,Romeu Zema,6.5,15.6,https://en.wikipedia.org/wiki/Opinion_polling_for_the_2026_Brazilian_presidential_election
2026,1,Paraná Pesquisas,24–28 Jan 2024,2026,wikipedia_tabela_7,Lula,37.4,19.6,https://en.wikipedia.org/wiki/Opinion_polling_for_the_2026_Brazilian_presidential_election
2026,1,Paraná Pesquisas,24–28 Jan 2024,2026,wikipedia_tabela_7,Ronaldo Caiado,2.1,19.6,https://en.wikipedia.org/wiki/Opinion_polling_for_the_2026_Brazilian_presidential_election
2026,1,Paraná Pesquisas,24–28 Jan 2024,2026,wikipedia_tabela_7,Romeu Zema,5.8,19.6,https://en.wikipedia.org/wiki/Opinion_polling_for_the_2026_Brazilian_presidential_election
2026,1,Paraná Pesquisas,24–28 Jan 2024,2026,wikipedia_tabela_7,Lula,36.9,11.7,https://en.wikipedia.org/wiki/Opinion_polling_for_the_2026_Brazilian_presidential_election
2026,1,Paraná Pesquisas,24–28 Jan 2024,2026,wikipedia_tabela_7,Ronaldo Caiado,1.2,11.7,https://en.wikipedia.org/wiki/Opinion_polling_for_the_2026_Brazilian_presidential_election
2026,1,Paraná Pesquisas,24–28 Jan 2024,2026,wikipedia_tabela_7,Romeu Zema,3.9,11.7,https://en.wikipedia.org/wiki/Opinion_polling_for_the_2026_Brazilian_presidential_election
2026,1,Paraná Pesquisas,29 Sep – 3 Oct 2023,2020,wikipedia_tabela_7,Lula,36.6,14.9,https://en.wikipedia.org/wiki/Opinion_polling_for_the_2026_Brazilian_presidential_election
2026,1,Paraná Pesquisas,29 Sep – 3 Oct 2023,2020,wikipedia_tabela_7,Ronaldo Caiado,1.2,14.9,https://en.wikipedia.org/wiki/Opinion_polling_for_the_2026_Brazilian_presidential_election
2026,1,Paraná Pesquisas,29 Sep – 3 Oct 2023,2020,wikipedia_tabela_7,Romeu Zema,5.7,14.9,https://en.wikipedia.org/wiki/Opinion_polling_for_the_2026_Brazilian_presidential_election
2026,1,Paraná Pesquisas,29 Sep – 3 Oct 2023,2020,wikipedia_tabela_7,Lula,37.6,22.2,https://en.wikipedia.org/wiki/Opinion_polling_for_the_2026_Brazilian_presidential_election
2026,1,Paraná Pesquisas,29 Sep – 3 Oct 2023,2020,wikipedia_tabela_7,Lula,37.6,25.5,https://en.wikipedia.org/wiki/Opinion_polling_for_the_2026_Brazilian_presidential_election
2026,1,Paraná Pesquisas,29 Sep – 3 Oct 2023,2020,wikipedia_tabela_7,Romeu Zema,15.3,25.5,https://en.wikipedia.org/wiki/Opinion_polling_for_the_2026_Brazilian_presidential_election
2026,1,Paraná Pesquisas,29 Sep – 3 Oct 2023,2020,wikipedia_tabela_7,Lula,37.7,27.4,https://en.wikipedia.org/wiki/Opinion_polling_for_the_2026_Brazilian_presidential_election
2026,1,Datafolha,8–10 Sep 2026,2002,wikipedia_tabela_9,Lula,46.0,9,https://en.wikipedia.org/wiki/Opinion_polling_for_the_2026_Brazilian_presidential_election
2026,1,Datafolha,8–10 Sep 2026,2002,wikipedia_tabela_9,Flávio Bolsonaro,44.0,9,https://en.wikipedia.org/wiki/Opinion_polling_for_the_2026_Brazilian_presidential_election
2026,1,Datafolha,8–10 Sep 2026,2002,wikipedia_tabela_9,Lula,46.0,12,https://en.wikipedia.org/wiki/Opinion_polling_for_the_2026_Brazilian_presidential_election
2026,1,Datafolha,8–10 Sep 2026,2002,wikipedia_tabela_9,Ronaldo Caiado,41.0,12,https://en.wikipedia.org/wiki/Opinion_polling_for_the_2026_Brazilian_presidential_election
2026,1,Datafolha,8–10 Sep 2026,2002,wikipedia_tabela_9,Lula,48.0,13,https://en.wikipedia.org/wiki/Opinion_polling_for_the_2026_Brazilian_presidential_election
2026,1,Datafolha,8–10 Sep 2026,2002,wikipedia_tabela_9,Romeu Zema,39.0,13,https://en.wikipedia.org/wiki/Opinion_polling_for_the_2026_Brazilian_presidential_election
2026,1,Datafolha,8–10 Sep 2026,2002,wikipedia_tabela_9,Lula,48.0,14,https://en.wikipedia.org/wiki/Opinion_polling_for_the_2026_Brazilian_presidential_election
2026,1,Datafolha,8–10 Sep 2026,2002,wikipedia_tabela_9,Lula,45.0,12,https://en.wikipedia.org/wiki/Opinion_polling_for_the_2026_Brazilian_presidential_election
2026,1,Datafolha,8–10 Sep 2026,2002,wikipedia_tabela_9,Augusto Cury,43.0,12,https://en.wikipedia.org/wiki/Opinion_polling_for_the_2026_Brazilian_presidential_election
2026,1,Futura,4–10 Sep 2026,2000,wikipedia_tabela_9,Lula,45.0,9.6,https://en.wikipedia.org/wiki/Opinion_polling_for_the_2026_Brazilian_presidential_election
2026,1,Futura,4–10 Sep 2026,2000,wikipedia_tabela_9,Flávio Bolsonaro,45.4,9.6,https://en.wikipedia.org/wiki/Opinion_polling_for_the_2026_Brazilian_presidential_election
2026,1,Futura,4–10 Sep 2026,2000,wikipedia_tabela_9,Lula,43.7,13.6,https://en.wikipedia.org/wiki/Opinion_polling_for_the_2026_Brazilian_presidential_election
2026,1,Futura,4–10 Sep 2026,2000,wikipedia_tabela_9,Ronaldo Caiado,42.8,13.6,https://en.wikipedia.org/wiki/Opinion_polling_for_the_2026_Brazilian_presidential_election
2026,1,Futura,4–10 Sep 2026,2000,wikipedia_tabela_9,Lula,46.0,13.5,https://en.wikipedia.org/wiki/Opinion_polling_for_the_2026_Brazilian_presidential_election
2026,1,Futura,4–10 Sep 2026,2000,wikipedia_tabela_9,Romeu Zema,40.5,13.5,https://en.wikipedia.org/wiki/Opinion_polling_for_the_2026_Brazilian_presidential_election
2026,1,Futura,4–10 Sep 2026,2000,wikipedia_tabela_9,Lula,46.1,16.3,https://en.wikipedia.org/wiki/Opinion_polling_for_the_2026_Brazilian_presidential_election
2026,1,PoderData,6–9 Sep 2026,3000,wikipedia_tabela_9,Lula,45.0,8,https://en.wikipedia.org/wiki/Opinion_polling_for_the_2026_Brazilian_presidential_election
2026,1,PoderData,6–9 Sep 2026,3000,wikipedia_tabela_9,Flávio Bolsonaro,47.0,8,https://en.wikipedia.org/wiki/Opinion_polling_for_the_2026_Brazilian_presidential_election
2026,1,PoderData,6–9 Sep 2026,3000,wikipedia_tabela_9,Lula,43.0,13,https://en.wikipedia.org/wiki/Opinion_polling_for_the_2026_Brazilian_presidential_election
2026,1,PoderData,6–9 Sep 2026,3000,wikipedia_tabela_9,Augusto Cury,44.0,13,https://en.wikipedia.org/wiki/Opinion_polling_for_the_2026_Brazilian_presidential_election
2026,1,AtlasIntel,4–9 Sep 2026,5000,wikipedia_tabela_9,Lula,46.2,7.4,https://en.wikipedia.org/wiki/Opinion_polling_for_the_2026_Brazilian_presidential_election
2026,1,AtlasIntel,4–9 Sep 2026,5000,wikipedia_tabela_9,Flávio Bolsonaro,46.4,7.4,https://en.wikipedia.org/wiki/Opinion_polling_for_the_2026_Brazilian_presidential_election
2026,1,AtlasIntel,4–9 Sep 2026,5000,wikipedia_tabela_9,Lula,45.7,8.6,https://en.wikipedia.org/wiki/Opinion_polling_for_the_2026_Brazilian_presidential_election
2026,1,AtlasIntel,4–9 Sep 2026,5000,wikipedia_tabela_9,Ronaldo Caiado,45.7,8.6,https://en.wikipedia.org/wiki/Opinion_polling_for_the_2026_Brazilian_presidential_election
2026,1,AtlasIntel,4–9 Sep 2026,5000,wikipedia_tabela_9,Lula,46.0,7.7,https://en.wikipedia.org/wiki/Opinion_polling_for_the_2026_Brazilian_presidential_election
2026,1,AtlasIntel,4–9 Sep 2026,5000,wikipedia_tabela_9,Romeu Zema,46.2,7.7,https://en.wikipedia.org/wiki/Opinion_polling_for_the_2026_Brazilian_presidential_election
2026,1,AtlasIntel,4–9 Sep 2026,5000,wikipedia_tabela_9,Lula,46.0,20.2,https://en.wikipedia.org/wiki/Opinion_polling_for_the_2026_Brazilian_presidential_election
2026,1,AtlasIntel,4–9 Sep 2026,5000,wikipedia_tabela_9,Lula,43.8,15.2,https://en.wikipedia.org/wiki/Opinion_polling_for_the_2026_Brazilian_presidential_election
2026,1,AtlasIntel,4–9 Sep 2026,5000,wikipedia_tabela_9,Augusto Cury,41.1,15.2,https://en.wikipedia.org/wiki/Opinion_polling_for_the_2026_Brazilian_presidential_election
2026,1,Palver,4–7 Sep 2026,5000,wikipedia_tabela_9,Lula,44.0,10,https://en.wikipedia.org/wiki/Opinion_polling_for_the_2026_Brazilian_presidential_election
2026,1,Palver,4–7 Sep 2026,5000,wikipedia_tabela_9,Flávio Bolsonaro,46.0,10,https://en.wikipedia.org/wiki/Opinion_polling_for_the_2026_Brazilian_presidential_election
2026,1,Palver,4–7 Sep 2026,5000,wikipedia_tabela_9,Lula,43.0,18,https://en.wikipedia.org/wiki/Opinion_polling_for_the_2026_Brazilian_presidential_election
2026,1,Palver,4–7 Sep 2026,5000,wikipedia_tabela_9,Ronaldo Caiado,40.0,18,https://en.wikipedia.org/wiki/Opinion_polling_for_the_2026_Brazilian_presidential_election
2026,1,Palver,4–7 Sep 2026,5000,wikipedia_tabela_9,Lula,43.0,15,https://en.wikipedia.org/wiki/Opinion_polling_for_the_2026_Brazilian_presidential_election
2026,1,Palver,4–7 Sep 2026,5000,wikipedia_tabela_9,Romeu Zema,42.0,15,https://en.wikipedia.org/wiki/Opinion_polling_for_the_2026_Brazilian_presidential_election
2026,1,Palver,4–7 Sep 2026,5000,wikipedia_tabela_9,Lula,43.0,26,https://en.wikipedia.org/wiki/Opinion_polling_for_the_2026_Brazilian_presidential_election
2026,1,Palver,4–7 Sep 2026,5000,wikipedia_tabela_9,Lula,42.0,27,https://en.wikipedia.org/wiki/Opinion_polling_for_the_2026_Brazilian_presidential_election
2026,1,Palver,4–7 Sep 2026,5000,wikipedia_tabela_9,Augusto Cury,30.0,27,https://en.wikipedia.org/wiki/Opinion_polling_for_the_2026_Brazilian_presidential_election
2026,1,Ideia,4–7 Sep 2026,1500,wikipedia_tabela_9,Lula,46.0,8,https://en.wikipedia.org/wiki/Opinion_polling_for_the_2026_Brazilian_presidential_election
2026,1,Ideia,4–7 Sep 2026,1500,wikipedia_tabela_9,Flávio Bolsonaro,46.0,8,https://en.wikipedia.org/wiki/Opinion_polling_for_the_2026_Brazilian_presidential_election
2026,1,Ideia,4–7 Sep 2026,1500,wikipedia_tabela_9,Lula,46.0,12,https://en.wikipedia.org/wiki/Opinion_polling_for_the_2026_Brazilian_presidential_election
2026,1,Ideia,4–7 Sep 2026,1500,wikipedia_tabela_9,Ronaldo Caiado,42.0,12,https://en.wikipedia.org/wiki/Opinion_polling_for_the_2026_Brazilian_presidential_election
2026,1,Ideia,4–7 Sep 2026,1500,wikipedia_tabela_9,Lula,46.0,16,https://en.wikipedia.org/wiki/Opinion_polling_for_the_2026_Brazilian_presidential_election
2026,1,Ideia,4–7 Sep 2026,1500,wikipedia_tabela_9,Romeu Zema,38.0,16,https://en.wikipedia.org/wiki/Opinion_polling_for_the_2026_Brazilian_presidential_election
2026,1,Ideia,4–7 Sep 2026,1500,wikipedia_tabela_9,Lula,46.0,13.8,https://en.wikipedia.org/wiki/Opinion_polling_for_the_2026_Brazilian_presidential_election
2026,1,Ideia,4–7 Sep 2026,1500,wikipedia_tabela_9,Lula,46.0,13.1,https://en.wikipedia.org/wiki/Opinion_polling_for_the_2026_Brazilian_presidential_election
2026,1,Ideia,4–7 Sep 2026,1500,wikipedia_tabela_9,Augusto Cury,40.9,13.1,https://en.wikipedia.org/wiki/Opinion_polling_for_the_2026_Brazilian_presidential_election
2026,1,Nexus,4–7 Sep 2026,2002,wikipedia_tabela_9,Lula,45.0,9,https://en.wikipedia.org/wiki/Opinion_polling_for_the_2026_Brazilian_presidential_election
2026,1,Nexus,4–7 Sep 2026,2002,wikipedia_tabela_9,Flávio Bolsonaro,46.0,9,https://en.wikipedia.org/wiki/Opinion_polling_for_the_2026_Brazilian_presidential_election
2026,1,Nexus,4–7 Sep 2026,2002,wikipedia_tabela_9,Lula,46.0,11,https://en.wikipedia.org/wiki/Opinion_polling_for_the_2026_Brazilian_presidential_election
2026,1,Nexus,4–7 Sep 2026,2002,wikipedia_tabela_9,Ronaldo Caiado,43.0,11,https://en.wikipedia.org/wiki/Opinion_polling_for_the_2026_Brazilian_presidential_election
2026,1,Nexus,4–7 Sep 2026,2002,wikipedia_tabela_9,Lula,47.0,13,https://en.wikipedia.org/wiki/Opinion_polling_for_the_2026_Brazilian_presidential_election
2026,1,Nexus,4–7 Sep 2026,2002,wikipedia_tabela_9,Romeu Zema,40.0,13,https://en.wikipedia.org/wiki/Opinion_polling_for_the_2026_Brazilian_presidential_election
2026,1,Nexus,4–7 Sep 2026,2002,wikipedia_tabela_9,Lula,47.0,14,https://en.wikipedia.org/wiki/Opinion_polling_for_the_2026_Brazilian_presidential_election
2026,1,Nexus,4–7 Sep 2026,2002,wikipedia_tabela_9,Lula,43.0,11,https://en.wikipedia.org/wiki/Opinion_polling_for_the_2026_Brazilian_presidential_election
2026,1,Nexus,4–7 Sep 2026,2002,wikipedia_tabela_9,Augusto Cury,45.0,11,https://en.wikipedia.org/wiki/Opinion_polling_for_the_2026_Brazilian_presidential_election
2026,1,Quaest,3–6 Sep 2026,2004,wikipedia_tabela_9,Lula,41.0,18,https://en.wikipedia.org/wiki/Opinion_polling_for_the_2026_Brazilian_presidential_election
2026,1,Quaest,3–6 Sep 2026,2004,wikipedia_tabela_9,Flávio Bolsonaro,41.0,18,https://en.wikipedia.org/wiki/Opinion_polling_for_the_2026_Brazilian_presidential_election
2026,1,Quaest,3–6 Sep 2026,2004,wikipedia_tabela_9,Lula,41.0,21,https://en.wikipedia.org/wiki/Opinion_polling_for_the_2026_Brazilian_presidential_election
2026,1,Quaest,3–6 Sep 2026,2004,wikipedia_tabela_9,Ronaldo Caiado,38.0,21,https://en.wikipedia.org/wiki/Opinion_polling_for_the_2026_Brazilian_presidential_election
2026,1,Quaest,3–6 Sep 2026,2004,wikipedia_tabela_9,Lula,44.0,23,https://en.wikipedia.org/wiki/Opinion_polling_for_the_2026_Brazilian_presidential_election
2026,1,Quaest,3–6 Sep 2026,2004,wikipedia_tabela_9,Romeu Zema,33.0,23,https://en.wikipedia.org/wiki/Opinion_polling_for_the_2026_Brazilian_presidential_election
2026,1,Quaest,3–6 Sep 2026,2004,wikipedia_tabela_9,Lula,42.0,21,https://en.wikipedia.org/wiki/Opinion_polling_for_the_2026_Brazilian_presidential_election
2026,1,Quaest,3–6 Sep 2026,2004,wikipedia_tabela_9,Lula,39.0,26,https://en.wikipedia.org/wiki/Opinion_polling_for_the_2026_Brazilian_presidential_election
2026,1,Quaest,3–6 Sep 2026,2004,wikipedia_tabela_9,Augusto Cury,35.0,26,https://en.wikipedia.org/wiki/Opinion_polling_for_the_2026_Brazilian_presidential_election
2026,1,Datafolha,1–2 Sep 2026,2002,wikipedia_tabela_9,Lula,46.0,11,https://en.wikipedia.org/wiki/Opinion_polling_for_the_2026_Brazilian_presidential_election
2026,1,Datafolha,1–2 Sep 2026,2002,wikipedia_tabela_9,Flávio Bolsonaro,44.0,11,https://en.wikipedia.org/wiki/Opinion_polling_for_the_2026_Brazilian_presidential_election
2026,1,Datafolha,1–2 Sep 2026,2002,wikipedia_tabela_9,Lula,46.0,13,https://en.wikipedia.org/wiki/Opinion_polling_for_the_2026_Brazilian_presidential_election
2026,1,Datafolha,1–2 Sep 2026,2002,wikipedia_tabela_9,Ronaldo Caiado,41.0,13,https://en.wikipedia.org/wiki/Opinion_polling_for_the_2026_Brazilian_presidential_election
2026,1,Datafolha,1–2 Sep 2026,2002,wikipedia_tabela_9,Lula,48.0,14,https://en.wikipedia.org/wiki/Opinion_polling_for_the_2026_Brazilian_presidential_election
2026,1,Datafolha,1–2 Sep 2026,2002,wikipedia_tabela_9,Romeu Zema,39.0,14,https://en.wikipedia.org/wiki/Opinion_polling_for_the_2026_Brazilian_presidential_election
2026,1,Datafolha,1–2 Sep 2026,2002,wikipedia_tabela_9,Lula,47.0,15,https://en.wikipedia.org/wiki/Opinion_polling_for_the_2026_Brazilian_presidential_election
2026,1,PoderData,30 Aug–2 Sep 2026,3000,wikipedia_tabela_9,Lula,44.0,11,https://en.wikipedia.org/wiki/Opinion_polling_for_the_2026_Brazilian_presidential_election
2026,1,PoderData,30 Aug–2 Sep 2026,3000,wikipedia_tabela_9,Flávio Bolsonaro,45.0,11,https://en.wikipedia.org/wiki/Opinion_polling_for_the_2026_Brazilian_presidential_election
2026,1,PoderData,30 Aug–2 Sep 2026,3000,wikipedia_tabela_9,Lula,42.0,13,https://en.wikipedia.org/wiki/Opinion_polling_for_the_2026_Brazilian_presidential_election
2026,1,PoderData,30 Aug–2 Sep 2026,3000,wikipedia_tabela_9,Ronaldo Caiado,44.0,13,https://en.wikipedia.org/wiki/Opinion_polling_for_the_2026_Brazilian_presidential_election
2026,1,PoderData,30 Aug–2 Sep 2026,3000,wikipedia_tabela_9,Lula,44.0,14,https://en.wikipedia.org/wiki/Opinion_polling_for_the_2026_Brazilian_presidential_election
2026,1,PoderData,30 Aug–2 Sep 2026,3000,wikipedia_tabela_9,Romeu Zema,42.0,14,https://en.wikipedia.org/wiki/Opinion_polling_for_the_2026_Brazilian_presidential_election
2026,1,PoderData,30 Aug–2 Sep 2026,3000,wikipedia_tabela_9,Lula,44.0,18,https://en.wikipedia.org/wiki/Opinion_polling_for_the_2026_Brazilian_presidential_election
2026,1,nan,1 September,Beginning of the institutional crisis at the Supreme Federal Court.[c][17][18][19][20],wikipedia_tabela_9,Lula,17.0,Beginning of the institutional crisis at the Supreme Federal Court.[c][17][18][19][20],https://en.wikipedia.org/wiki/Opinion_polling_for_the_2026_Brazilian_presidential_election
2026,1,nan,1 September,Beginning of the institutional crisis at the Supreme Federal Court.[c][17][18][19][20],wikipedia_tabela_9,Flávio Bolsonaro,17.0,Beginning of the institutional crisis at the Supreme Federal Court.[c][17][18][19][20],https://en.wikipedia.org/wiki/Opinion_polling_for_the_2026_Brazilian_presidential_election
2026,1,nan,1 September,Beginning of the institutional crisis at the Supreme Federal Court.[c][17][18][19][20],wikipedia_tabela_9,Augusto Cury,17.0,Beginning of the institutional crisis at the Supreme Federal Court.[c][17][18][19][20],https://en.wikipedia.org/wiki/Opinion_polling_for_the_2026_Brazilian_presidential_election
2026,1,nan,1 September,Beginning of the institutional crisis at the Supreme Federal Court.[c][17][18][19][20],wikipedia_tabela_9,Ronaldo Caiado,17.0,Beginning of the institutional crisis at the Supreme Federal Court.[c][17][18][19][20],https://en.wikipedia.org/wiki/Opinion_polling_for_the_2026_Brazilian_presidential_election
2026,1,nan,1 September,Beginning of the institutional crisis at the Supreme Federal Court.[c][17][18][19][20],wikipedia_tabela_9,Romeu Zema,17.0,Beginning of the institutional crisis at the Supreme Federal Court.[c][17][18][19][20],https://en.wikipedia.org/wiki/Opinion_polling_for_the_2026_Brazilian_presidential_election
2026,1,Quaest,30 Aug–1 Sep 2026,2005,wikipedia_tabela_9,Lula,42.0,17,https://en.wikipedia.org/wiki/Opinion_polling_for_the_2026_Brazilian_presidential_election
2026,1,Quaest,30 Aug–1 Sep 2026,2005,wikipedia_tabela_9,Flávio Bolsonaro,41.0,17,https://en.wikipedia.org/wiki/Opinion_polling_for_the_2026_Brazilian_presidential_election
2026,1,Quaest,30 Aug–1 Sep 2026,2005,wikipedia_tabela_9,Lula,42.0,21,https://en.wikipedia.org/wiki/Opinion_polling_for_the_2026_Brazilian_presidential_election
2026,1,Quaest,30 Aug–1 Sep 2026,2005,wikipedia_tabela_9,Ronaldo Caiado,37.0,21,https://en.wikipedia.org/wiki/Opinion_polling_for_the_2026_Brazilian_presidential_election
2026,1,Quaest,30 Aug–1 Sep 2026,2005,wikipedia_tabela_9,Lula,44.0,23,https://en.wikipedia.org/wiki/Opinion_polling_for_the_2026_Brazilian_presidential_election
2026,1,Quaest,30 Aug–1 Sep 2026,2005,wikipedia_tabela_9,Romeu Zema,33.0,23,https://en.wikipedia.org/wiki/Opinion_polling_for_the_2026_Brazilian_presidential_election
2026,1,Quaest,30 Aug–1 Sep 2026,2005,wikipedia_tabela_9,Lula,43.0,21,https://en.wikipedia.org/wiki/Opinion_polling_for_the_2026_Brazilian_presidential_election
2026,1,Quaest,30 Aug–1 Sep 2026,2005,wikipedia_tabela_9,Lula,40.0,26,https://en.wikipedia.org/wiki/Opinion_polling_for_the_2026_Brazilian_presidential_election
2026,1,Quaest,30 Aug–1 Sep 2026,2005,wikipedia_tabela_9,Augusto Cury,34.0,26,https://en.wikipedia.org/wiki/Opinion_polling_for_the_2026_Brazilian_presidential_election
2026,1,Futura,27 Aug–1 Sep 2026,2000,wikipedia_tabela_9,Lula,45.6,9.2,https://en.wikipedia.org/wiki/Opinion_polling_for_the_2026_Brazilian_presidential_election
2026,1,Futura,27 Aug–1 Sep 2026,2000,wikipedia_tabela_9,Flávio Bolsonaro,45.2,9.2,https://en.wikipedia.org/wiki/Opinion_polling_for_the_2026_Brazilian_presidential_election
2026,1,Futura,27 Aug–1 Sep 2026,2000,wikipedia_tabela_9,Lula,44.4,13.1,https://en.wikipedia.org/wiki/Opinion_polling_for_the_2026_Brazilian_presidential_election
2026,1,Futura,27 Aug–1 Sep 2026,2000,wikipedia_tabela_9,Ronaldo Caiado,42.5,13.1,https://en.wikipedia.org/wiki/Opinion_polling_for_the_2026_Brazilian_presidential_election
2026,1,Futura,27 Aug–1 Sep 2026,2000,wikipedia_tabela_9,Lula,46.7,14.9,https://en.wikipedia.org/wiki/Opinion_polling_for_the_2026_Brazilian_presidential_election
2026,1,Futura,27 Aug–1 Sep 2026,2000,wikipedia_tabela_9,Romeu Zema,38.5,14.9,https://en.wikipedia.org/wiki/Opinion_polling_for_the_2026_Brazilian_presidential_election
2026,1,Futura,27 Aug–1 Sep 2026,2000,wikipedia_tabela_9,Lula,46.6,16.8,https://en.wikipedia.org/wiki/Opinion_polling_for_the_2026_Brazilian_presidential_election
2026,1,Real Time,27–31 Aug 2026,2000,wikipedia_tabela_9,Lula,44.0,12,https://en.wikipedia.org/wiki/Opinion_polling_for_the_2026_Brazilian_presidential_election
2026,1,Real Time,27–31 Aug 2026,2000,wikipedia_tabela_9,Flávio Bolsonaro,44.0,12,https://en.wikipedia.org/wiki/Opinion_polling_for_the_2026_Brazilian_presidential_election
2026,1,Real Time,27–31 Aug 2026,2000,wikipedia_tabela_9,Lula,43.0,12,https://en.wikipedia.org/wiki/Opinion_polling_for_the_2026_Brazilian_presidential_election
2026,1,Real Time,27–31 Aug 2026,2000,wikipedia_tabela_9,Ronaldo Caiado,45.0,12,https://en.wikipedia.org/wiki/Opinion_polling_for_the_2026_Brazilian_presidential_election
2026,1,Real Time,27–31 Aug 2026,2000,wikipedia_tabela_9,Lula,43.0,17,https://en.wikipedia.org/wiki/Opinion_polling_for_the_2026_Brazilian_presidential_election
2026,1,Real Time,27–31 Aug 2026,2000,wikipedia_tabela_9,Romeu Zema,40.0,17,https://en.wikipedia.org/wiki/Opinion_polling_for_the_2026_Brazilian_presidential_election
2026,1,Real Time,27–31 Aug 2026,2000,wikipedia_tabela_9,Lula,44.0,19,https://en.wikipedia.org/wiki/Opinion_polling_for_the_2026_Brazilian_presidential_election
2026,1,Nexus,28–30 Aug 2026,2005,wikipedia_tabela_9,Lula,46.0,9,https://en.wikipedia.org/wiki/Opinion_polling_for_the_2026_Brazilian_presidential_election
2026,1,Nexus,28–30 Aug 2026,2005,wikipedia_tabela_9,Flávio Bolsonaro,45.0,9,https://en.wikipedia.org/wiki/Opinion_polling_for_the_2026_Brazilian_presidential_election
2026,1,Nexus,28–30 Aug 2026,2005,wikipedia_tabela_9,Lula,45.0,11,https://en.wikipedia.org/wiki/Opinion_polling_for_the_2026_Brazilian_presidential_election
2026,1,Nexus,28–30 Aug 2026,2005,wikipedia_tabela_9,Ronaldo Caiado,44.0,11,https://en.wikipedia.org/wiki/Opinion_polling_for_the_2026_Brazilian_presidential_election
2026,1,Nexus,28–30 Aug 2026,2005,wikipedia_tabela_9,Lula,46.0,13,https://en.wikipedia.org/wiki/Opinion_polling_for_the_2026_Brazilian_presidential_election
2026,1,Nexus,28–30 Aug 2026,2005,wikipedia_tabela_9,Romeu Zema,41.0,13,https://en.wikipedia.org/wiki/Opinion_polling_for_the_2026_Brazilian_presidential_election
2026,1,Nexus,28–30 Aug 2026,2005,wikipedia_tabela_9,Lula,47.0,15,https://en.wikipedia.org/wiki/Opinion_polling_for_the_2026_Brazilian_presidential_election
2026,1,AtlasIntel,25–30 Aug 2026,5014,wikipedia_tabela_9,Lula,47.1,10.3,https://en.wikipedia.org/wiki/Opinion_polling_for_the_2026_Brazilian_presidential_election
2026,1,AtlasIntel,25–30 Aug 2026,5014,wikipedia_tabela_9,Flávio Bolsonaro,42.6,10.3,https://en.wikipedia.org/wiki/Opinion_polling_for_the_2026_Brazilian_presidential_election
2026,1,AtlasIntel,25–30 Aug 2026,5014,wikipedia_tabela_9,Lula,46.6,12.3,https://en.wikipedia.org/wiki/Opinion_polling_for_the_2026_Brazilian_presidential_election
2026,1,AtlasIntel,25–30 Aug 2026,5014,wikipedia_tabela_9,Ronaldo Caiado,41.0,12.3,https://en.wikipedia.org/wiki/Opinion_polling_for_the_2026_Brazilian_presidential_election
2026,1,AtlasIntel,25–30 Aug 2026,5014,wikipedia_tabela_9,Lula,47.0,12.3,https://en.wikipedia.org/wiki/Opinion_polling_for_the_2026_Brazilian_presidential_election
2026,1,AtlasIntel,25–30 Aug 2026,5014,wikipedia_tabela_9,Romeu Zema,40.7,12.3,https://en.wikipedia.org/wiki/Opinion_polling_for_the_2026_Brazilian_presidential_election
2026,1,AtlasIntel,25–30 Aug 2026,5014,wikipedia_tabela_9,Lula,47.5,26.6,https://en.wikipedia.org/wiki/Opinion_polling_for_the_2026_Brazilian_presidential_election
2026,1,Vox Brasil,25–27 Aug 2026,2100,wikipedia_tabela_9,Lula,44.5,10.4,https://en.wikipedia.org/wiki/Opinion_polling_for_the_2026_Brazilian_presidential_election
2026,1,Vox Brasil,25–27 Aug 2026,2100,wikipedia_tabela_9,Flávio Bolsonaro,45.1,10.4,https://en.wikipedia.org/wiki/Opinion_polling_for_the_2026_Brazilian_presidential_election
2026,1,Vox Brasil,25–27 Aug 2026,2100,wikipedia_tabela_9,Lula,45.5,13.4,https://en.wikipedia.org/wiki/Opinion_polling_for_the_2026_Brazilian_presidential_election
2026,1,Vox Brasil,25–27 Aug 2026,2100,wikipedia_tabela_9,Ronaldo Caiado,41.1,13.4,https://en.wikipedia.org/wiki/Opinion_polling_for_the_2026_Brazilian_presidential_election
2026,1,Vox Brasil,25–27 Aug 2026,2100,wikipedia_tabela_9,Lula,45.5,15.2,https://en.wikipedia.org/wiki/Opinion_polling_for_the_2026_Brazilian_presidential_election
2026,1,Vox Brasil,25–27 Aug 2026,2100,wikipedia_tabela_9,Romeu Zema,39.3,15.2,https://en.wikipedia.org/wiki/Opinion_polling_for_the_2026_Brazilian_presidential_election
2026,1,PoderData,23–26 Aug 2026,2400,wikipedia_tabela_9,Lula,45.0,11,https://en.wikipedia.org/wiki/Opinion_polling_for_the_2026_Brazilian_presidential_election
2026,1,PoderData,23–26 Aug 2026,2400,wikipedia_tabela_9,Flávio Bolsonaro,44.0,11,https://en.wikipedia.org/wiki/Opinion_polling_for_the_2026_Brazilian_presidential_election
2026,1,PoderData,23–26 Aug 2026,2400,wikipedia_tabela_9,Lula,43.0,12,https://en.wikipedia.org/wiki/Opinion_polling_for_the_2026_Brazilian_presidential_election
2026,1,PoderData,23–26 Aug 2026,2400,wikipedia_tabela_9,Ronaldo Caiado,44.0,12,https://en.wikipedia.org/wiki/Opinion_polling_for_the_2026_Brazilian_presidential_election
2026,1,PoderData,23–26 Aug 2026,2400,wikipedia_tabela_9,Lula,44.0,12,https://en.wikipedia.org/wiki/Opinion_polling_for_the_2026_Brazilian_presidential_election
2026,1,PoderData,23–26 Aug 2026,2400,wikipedia_tabela_9,Romeu Zema,43.0,12,https://en.wikipedia.org/wiki/Opinion_polling_for_the_2026_Brazilian_presidential_election
2026,1,PoderData,23–26 Aug 2026,2400,wikipedia_tabela_9,Lula,44.0,19,https://en.wikipedia.org/wiki/Opinion_polling_for_the_2026_Brazilian_presidential_election
2026,1,Nexus,21–23 Aug 2026,2006,wikipedia_tabela_9,Lula,46.0,9,https://en.wikipedia.org/wiki/Opinion_polling_for_the_2026_Brazilian_presidential_election
2026,1,Nexus,21–23 Aug 2026,2006,wikipedia_tabela_9,Flávio Bolsonaro,45.0,9,https://en.wikipedia.org/wiki/Opinion_polling_for_the_2026_Brazilian_presidential_election
2026,1,Nexus,21–23 Aug 2026,2006,wikipedia_tabela_9,Lula,46.0,13,https://en.wikipedia.org/wiki/Opinion_polling_for_the_2026_Brazilian_presidential_election
2026,1,Nexus,21–23 Aug 2026,2006,wikipedia_tabela_9,Ronaldo Caiado,42.0,13,https://en.wikipedia.org/wiki/Opinion_polling_for_the_2026_Brazilian_presidential_election
2026,1,Nexus,21–23 Aug 2026,2006,wikipedia_tabela_9,Lula,47.0,13,https://en.wikipedia.org/wiki/Opinion_polling_for_the_2026_Brazilian_presidential_election
2026,1,Nexus,21–23 Aug 2026,2006,wikipedia_tabela_9,Romeu Zema,40.0,13,https://en.wikipedia.org/wiki/Opinion_polling_for_the_2026_Brazilian_presidential_election
2026,1,Nexus,21–23 Aug 2026,2006,wikipedia_tabela_9,Lula,47.0,17,https://en.wikipedia.org/wiki/Opinion_polling_for_the_2026_Brazilian_presidential_election
2026,1,Indexa,20–23 Aug 2026,2000,wikipedia_tabela_9,Lula,46.0,13,https://en.wikipedia.org/wiki/Opinion_polling_for_the_2026_Brazilian_presidential_election
2026,1,Indexa,20–23 Aug 2026,2000,wikipedia_tabela_9,Flávio Bolsonaro,41.0,13,https://en.wikipedia.org/wiki/Opinion_polling_for_the_2026_Brazilian_presidential_election
2026,1,Indexa,20–23 Aug 2026,2000,wikipedia_tabela_9,Lula,44.0,18,https://en.wikipedia.org/wiki/Opinion_polling_for_the_2026_Brazilian_presidential_election
2026,1,Indexa,20–23 Aug 2026,2000,wikipedia_tabela_9,Ronaldo Caiado,38.0,18,https://en.wikipedia.org/wiki/Opinion_polling_for_the_2026_Brazilian_presidential_election
2026,1,Indexa,20–23 Aug 2026,2000,wikipedia_tabela_9,Lula,45.0,21,https://en.wikipedia.org/wiki/Opinion_polling_for_the_2026_Brazilian_presidential_election
2026,1,Indexa,20–23 Aug 2026,2000,wikipedia_tabela_9,Romeu Zema,34.0,21,https://en.wikipedia.org/wiki/Opinion_polling_for_the_2026_Brazilian_presidential_election
2026,1,Indexa,20–23 Aug 2026,2000,wikipedia_tabela_9,Lula,46.0,20,https://en.wikipedia.org/wiki/Opinion_polling_for_the_2026_Brazilian_presidential_election
2026,1,Datafolha,18–20 Aug 2026,2058,wikipedia_tabela_9,Lula,47.0,11,https://en.wikipedia.org/wiki/Opinion_polling_for_the_2026_Brazilian_presidential_election
2026,1,Datafolha,18–20 Aug 2026,2058,wikipedia_tabela_9,Flávio Bolsonaro,43.0,11,https://en.wikipedia.org/wiki/Opinion_polling_for_the_2026_Brazilian_presidential_election
2026,1,Datafolha,18–20 Aug 2026,2058,wikipedia_tabela_9,Lula,47.0,14,https://en.wikipedia.org/wiki/Opinion_polling_for_the_2026_Brazilian_presidential_election
2026,1,Datafolha,18–20 Aug 2026,2058,wikipedia_tabela_9,Ronaldo Caiado,40.0,14,https://en.wikipedia.org/wiki/Opinion_polling_for_the_2026_Brazilian_presidential_election
2026,1,Datafolha,18–20 Aug 2026,2058,wikipedia_tabela_9,Lula,48.0,14,https://en.wikipedia.org/wiki/Opinion_polling_for_the_2026_Brazilian_presidential_election
2026,1,Datafolha,18–20 Aug 2026,2058,wikipedia_tabela_9,Romeu Zema,38.0,14,https://en.wikipedia.org/wiki/Opinion_polling_for_the_2026_Brazilian_presidential_election
2026,1,Datafolha,18–20 Aug 2026,2058,wikipedia_tabela_9,Lula,47.0,16,https://en.wikipedia.org/wiki/Opinion_polling_for_the_2026_Brazilian_presidential_election
2026,1,Nexus,14–16 Aug 2026,2003,wikipedia_tabela_9,Lula,47.0,9,https://en.wikipedia.org/wiki/Opinion_polling_for_the_2026_Brazilian_presidential_election
2026,1,Nexus,14–16 Aug 2026,2003,wikipedia_tabela_9,Flávio Bolsonaro,44.0,9,https://en.wikipedia.org/wiki/Opinion_polling_for_the_2026_Brazilian_presidential_election
2026,1,Nexus,14–16 Aug 2026,2003,wikipedia_tabela_9,Lula,45.0,13,https://en.wikipedia.org/wiki/Opinion_polling_for_the_2026_Brazilian_presidential_election
2026,1,Nexus,14–16 Aug 2026,2003,wikipedia_tabela_9,Ronaldo Caiado,42.0,13,https://en.wikipedia.org/wiki/Opinion_polling_for_the_2026_Brazilian_presidential_election
2026,1,Nexus,14–16 Aug 2026,2003,wikipedia_tabela_9,Lula,46.0,13,https://en.wikipedia.org/wiki/Opinion_polling_for_the_2026_Brazilian_presidential_election
2026,1,Nexus,14–16 Aug 2026,2003,wikipedia_tabela_9,Romeu Zema,41.0,13,https://en.wikipedia.org/wiki/Opinion_polling_for_the_2026_Brazilian_presidential_election
2026,1,Nexus,14–16 Aug 2026,2003,wikipedia_tabela_9,Lula,47.0,17,https://en.wikipedia.org/wiki/Opinion_polling_for_the_2026_Brazilian_presidential_election
2026,1,Quaest,10–13 Aug 2026,2004,wikipedia_tabela_10,Lula,43.0,17,https://en.wikipedia.org/wiki/Opinion_polling_for_the_2026_Brazilian_presidential_election
2026,1,Quaest,10–13 Aug 2026,2004,wikipedia_tabela_10,Flávio Bolsonaro,40.0,17,https://en.wikipedia.org/wiki/Opinion_polling_for_the_2026_Brazilian_presidential_election
2026,1,Quaest,10–13 Aug 2026,2004,wikipedia_tabela_10,Lula,44.0,19,https://en.wikipedia.org/wiki/Opinion_polling_for_the_2026_Brazilian_presidential_election
2026,1,Quaest,10–13 Aug 2026,2004,wikipedia_tabela_10,Ronaldo Caiado,37.0,19,https://en.wikipedia.org/wiki/Opinion_polling_for_the_2026_Brazilian_presidential_election
2026,1,Quaest,10–13 Aug 2026,2004,wikipedia_tabela_10,Lula,45.0,21,https://en.wikipedia.org/wiki/Opinion_polling_for_the_2026_Brazilian_presidential_election
2026,1,Quaest,10–13 Aug 2026,2004,wikipedia_tabela_10,Romeu Zema,34.0,21,https://en.wikipedia.org/wiki/Opinion_polling_for_the_2026_Brazilian_presidential_election
2026,1,Quaest,10–13 Aug 2026,2004,wikipedia_tabela_10,Lula,44.0,20,https://en.wikipedia.org/wiki/Opinion_polling_for_the_2026_Brazilian_presidential_election
2026,1,PoderData,9–12 Aug 2026,2400,wikipedia_tabela_10,Lula,46.0,9,https://en.wikipedia.org/wiki/Opinion_polling_for_the_2026_Brazilian_presidential_election
2026,1,PoderData,9–12 Aug 2026,2400,wikipedia_tabela_10,Flávio Bolsonaro,45.0,9,https://en.wikipedia.org/wiki/Opinion_polling_for_the_2026_Brazilian_presidential_election
2026,1,PoderData,9–12 Aug 2026,2400,wikipedia_tabela_10,Lula,45.0,11,https://en.wikipedia.org/wiki/Opinion_polling_for_the_2026_Brazilian_presidential_election
2026,1,PoderData,9–12 Aug 2026,2400,wikipedia_tabela_10,Ronaldo Caiado,44.0,11,https://en.wikipedia.org/wiki/Opinion_polling_for_the_2026_Brazilian_presidential_election
2026,1,PoderData,9–12 Aug 2026,2400,wikipedia_tabela_10,Lula,45.0,11,https://en.wikipedia.org/wiki/Opinion_polling_for_the_2026_Brazilian_presidential_election
2026,1,PoderData,9–12 Aug 2026,2400,wikipedia_tabela_10,Romeu Zema,43.0,11,https://en.wikipedia.org/wiki/Opinion_polling_for_the_2026_Brazilian_presidential_election
2026,1,PoderData,9–12 Aug 2026,2400,wikipedia_tabela_10,Lula,46.0,17,https://en.wikipedia.org/wiki/Opinion_polling_for_the_2026_Brazilian_presidential_election
2026,1,Nexus,7–9 Aug 2026,2001,wikipedia_tabela_10,Lula,47.0,9,https://en.wikipedia.org/wiki/Opinion_polling_for_the_2026_Brazilian_presidential_election
2026,1,Nexus,7–9 Aug 2026,2001,wikipedia_tabela_10,Flávio Bolsonaro,44.0,9,https://en.wikipedia.org/wiki/Opinion_polling_for_the_2026_Brazilian_presidential_election
2026,1,Nexus,7–9 Aug 2026,2001,wikipedia_tabela_10,Lula,46.0,11,https://en.wikipedia.org/wiki/Opinion_polling_for_the_2026_Brazilian_presidential_election
2026,1,Nexus,7–9 Aug 2026,2001,wikipedia_tabela_10,Ronaldo Caiado,42.0,11,https://en.wikipedia.org/wiki/Opinion_polling_for_the_2026_Brazilian_presidential_election
2026,1,Nexus,7–9 Aug 2026,2001,wikipedia_tabela_10,Lula,47.0,13,https://en.wikipedia.org/wiki/Opinion_polling_for_the_2026_Brazilian_presidential_election
2026,1,Nexus,7–9 Aug 2026,2001,wikipedia_tabela_10,Romeu Zema,40.0,13,https://en.wikipedia.org/wiki/Opinion_polling_for_the_2026_Brazilian_presidential_election
2026,1,Nexus,7–9 Aug 2026,2001,wikipedia_tabela_10,Lula,46.0,17,https://en.wikipedia.org/wiki/Opinion_polling_for_the_2026_Brazilian_presidential_election
2026,1,MDA,5–9 Aug 2026,2002,wikipedia_tabela_10,Lula,48.0,12.9,https://en.wikipedia.org/wiki/Opinion_polling_for_the_2026_Brazilian_presidential_election
2026,1,MDA,5–9 Aug 2026,2002,wikipedia_tabela_10,Flávio Bolsonaro,39.1,12.9,https://en.wikipedia.org/wiki/Opinion_polling_for_the_2026_Brazilian_presidential_election
2026,1,MDA,5–9 Aug 2026,2002,wikipedia_tabela_10,Lula,47.9,16.2,https://en.wikipedia.org/wiki/Opinion_polling_for_the_2026_Brazilian_presidential_election
2026,1,MDA,5–9 Aug 2026,2002,wikipedia_tabela_10,Ronaldo Caiado,35.9,16.2,https://en.wikipedia.org/wiki/Opinion_polling_for_the_2026_Brazilian_presidential_election
2026,1,MDA,5–9 Aug 2026,2002,wikipedia_tabela_10,Lula,49.1,16,https://en.wikipedia.org/wiki/Opinion_polling_for_the_2026_Brazilian_presidential_election
2026,1,MDA,5–9 Aug 2026,2002,wikipedia_tabela_10,Romeu Zema,34.9,16,https://en.wikipedia.org/wiki/Opinion_polling_for_the_2026_Brazilian_presidential_election
2026,1,MDA,5–9 Aug 2026,2002,wikipedia_tabela_10,Lula,48.5,18.5,https://en.wikipedia.org/wiki/Opinion_polling_for_the_2026_Brazilian_presidential_election
2026,1,MDA,5–9 Aug 2026,2002,wikipedia_tabela_10,Lula,48.6,19,https://en.wikipedia.org/wiki/Opinion_polling_for_the_2026_Brazilian_presidential_election
2026,1,MDA,5–9 Aug 2026,2002,wikipedia_tabela_10,Augusto Cury,32.4,19,https://en.wikipedia.org/wiki/Opinion_polling_for_the_2026_Brazilian_presidential_election
2026,1,Futura,3–7 Aug 2026,2000,wikipedia_tabela_10,Lula,46.5,9.5,https://en.wikipedia.org/wiki/Opinion_polling_for_the_2026_Brazilian_presidential_election
2026,1,Futura,3–7 Aug 2026,2000,wikipedia_tabela_10,Flávio Bolsonaro,44.0,9.5,https://en.wikipedia.org/wiki/Opinion_polling_for_the_2026_Brazilian_presidential_election
2026,1,Futura,3–7 Aug 2026,2000,wikipedia_tabela_10,Lula,45.3,15.4,https://en.wikipedia.org/wiki/Opinion_polling_for_the_2026_Brazilian_presidential_election
2026,1,Futura,3–7 Aug 2026,2000,wikipedia_tabela_10,Ronaldo Caiado,39.2,15.4,https://en.wikipedia.org/wiki/Opinion_polling_for_the_2026_Brazilian_presidential_election
2026,1,Futura,3–7 Aug 2026,2000,wikipedia_tabela_10,Lula,46.5,13.6,https://en.wikipedia.org/wiki/Opinion_polling_for_the_2026_Brazilian_presidential_election
2026,1,Futura,3–7 Aug 2026,2000,wikipedia_tabela_10,Romeu Zema,39.8,13.6,https://en.wikipedia.org/wiki/Opinion_polling_for_the_2026_Brazilian_presidential_election
2026,1,Futura,3–7 Aug 2026,2000,wikipedia_tabela_10,Lula,47.3,19.4,https://en.wikipedia.org/wiki/Opinion_polling_for_the_2026_Brazilian_presidential_election
2026,1,Palver,3–7 Aug 2026,5000,wikipedia_tabela_10,Lula,46.0,8,https://en.wikipedia.org/wiki/Opinion_polling_for_the_2026_Brazilian_presidential_election
2026,1,Palver,3–7 Aug 2026,5000,wikipedia_tabela_10,Flávio Bolsonaro,46.0,8,https://en.wikipedia.org/wiki/Opinion_polling_for_the_2026_Brazilian_presidential_election
2026,1,Palver,3–7 Aug 2026,5000,wikipedia_tabela_10,Lula,45.0,16,https://en.wikipedia.org/wiki/Opinion_polling_for_the_2026_Brazilian_presidential_election
2026,1,Palver,3–7 Aug 2026,5000,wikipedia_tabela_10,Ronaldo Caiado,38.0,16,https://en.wikipedia.org/wiki/Opinion_polling_for_the_2026_Brazilian_presidential_election
2026,1,Palver,3–7 Aug 2026,5000,wikipedia_tabela_10,Lula,46.0,15,https://en.wikipedia.org/wiki/Opinion_polling_for_the_2026_Brazilian_presidential_election
2026,1,Palver,3–7 Aug 2026,5000,wikipedia_tabela_10,Romeu Zema,39.0,15,https://en.wikipedia.org/wiki/Opinion_polling_for_the_2026_Brazilian_presidential_election
2026,1,Palver,3–7 Aug 2026,5000,wikipedia_tabela_10,Lula,46.0,25,https://en.wikipedia.org/wiki/Opinion_polling_for_the_2026_Brazilian_presidential_election
2026,1,Quaest,31 Jul–3 Aug 2026,2004,wikipedia_tabela_10,Lula,44.0,17,https://en.wikipedia.org/wiki/Opinion_polling_for_the_2026_Brazilian_presidential_election
2026,1,Quaest,31 Jul–3 Aug 2026,2004,wikipedia_tabela_10,Flávio Bolsonaro,39.0,17,https://en.wikipedia.org/wiki/Opinion_polling_for_the_2026_Brazilian_presidential_election
2026,1,Quaest,31 Jul–3 Aug 2026,2004,wikipedia_tabela_10,Lula,45.0,18,https://en.wikipedia.org/wiki/Opinion_polling_for_the_2026_Brazilian_presidential_election
2026,1,Quaest,31 Jul–3 Aug 2026,2004,wikipedia_tabela_10,Ronaldo Caiado,37.0,18,https://en.wikipedia.org/wiki/Opinion_polling_for_the_2026_Brazilian_presidential_election
2026,1,Quaest,31 Jul–3 Aug 2026,2004,wikipedia_tabela_10,Lula,46.0,20,https://en.wikipedia.org/wiki/Opinion_polling_for_the_2026_Brazilian_presidential_election
2026,1,Quaest,31 Jul–3 Aug 2026,2004,wikipedia_tabela_10,Romeu Zema,34.0,20,https://en.wikipedia.org/wiki/Opinion_polling_for_the_2026_Brazilian_presidential_election
2026,1,Quaest,31 Jul–3 Aug 2026,2004,wikipedia_tabela_10,Lula,45.0,20,https://en.wikipedia.org/wiki/Opinion_polling_for_the_2026_Brazilian_presidential_election
2026,1,Ideia,31Jul–3 Aug 2026,1500,wikipedia_tabela_10,Lula,48.5,8.5,https://en.wikipedia.org/wiki/Opinion_polling_for_the_2026_Brazilian_presidential_election
2026,1,Ideia,31Jul–3 Aug 2026,1500,wikipedia_tabela_10,Flávio Bolsonaro,43.0,8.5,https://en.wikipedia.org/wiki/Opinion_polling_for_the_2026_Brazilian_presidential_election
2026,1,Ideia,31Jul–3 Aug 2026,1500,wikipedia_tabela_10,Lula,48.5,11.5,https://en.wikipedia.org/wiki/Opinion_polling_for_the_2026_Brazilian_presidential_election
2026,1,Ideia,31Jul–3 Aug 2026,1500,wikipedia_tabela_10,Ronaldo Caiado,40.0,11.5,https://en.wikipedia.org/wiki/Opinion_polling_for_the_2026_Brazilian_presidential_election
2026,1,Ideia,31Jul–3 Aug 2026,1500,wikipedia_tabela_10,Lula,48.5,14.5,https://en.wikipedia.org/wiki/Opinion_polling_for_the_2026_Brazilian_presidential_election
2026,1,Ideia,31Jul–3 Aug 2026,1500,wikipedia_tabela_10,Romeu Zema,37.0,14.5,https://en.wikipedia.org/wiki/Opinion_polling_for_the_2026_Brazilian_presidential_election
2026,1,Ideia,31Jul–3 Aug 2026,1500,wikipedia_tabela_10,Lula,48.0,17.2,https://en.wikipedia.org/wiki/Opinion_polling_for_the_2026_Brazilian_presidential_election
2026,1,Nexus,31Jul–2 Aug 2026,2002,wikipedia_tabela_10,Lula,46.0,10,https://en.wikipedia.org/wiki/Opinion_polling_for_the_2026_Brazilian_presidential_election
2026,1,Nexus,31Jul–2 Aug 2026,2002,wikipedia_tabela_10,Flávio Bolsonaro,45.0,10,https://en.wikipedia.org/wiki/Opinion_polling_for_the_2026_Brazilian_presidential_election
2026,1,Nexus,31Jul–2 Aug 2026,2002,wikipedia_tabela_10,Lula,46.0,13,https://en.wikipedia.org/wiki/Opinion_polling_for_the_2026_Brazilian_presidential_election
2026,1,Nexus,31Jul–2 Aug 2026,2002,wikipedia_tabela_10,Ronaldo Caiado,42.0,13,https://en.wikipedia.org/wiki/Opinion_polling_for_the_2026_Brazilian_presidential_election
2026,1,Nexus,31Jul–2 Aug 2026,2002,wikipedia_tabela_10,Lula,46.0,13,https://en.wikipedia.org/wiki/Opinion_polling_for_the_2026_Brazilian_presidential_election
2026,1,Nexus,31Jul–2 Aug 2026,2002,wikipedia_tabela_10,Romeu Zema,40.0,13,https://en.wikipedia.org/wiki/Opinion_polling_for_the_2026_Brazilian_presidential_election
2026,1,Nexus,31Jul–2 Aug 2026,2002,wikipedia_tabela_10,Lula,47.0,16,https://en.wikipedia.org/wiki/Opinion_polling_for_the_2026_Brazilian_presidential_election
2026,1,PoderData,26–29 Jul 2026,2400,wikipedia_tabela_10,Lula,46.0,11,https://en.wikipedia.org/wiki/Opinion_polling_for_the_2026_Brazilian_presidential_election
2026,1,PoderData,26–29 Jul 2026,2400,wikipedia_tabela_10,Flávio Bolsonaro,43.0,11,https://en.wikipedia.org/wiki/Opinion_polling_for_the_2026_Brazilian_presidential_election
2026,1,PoderData,26–29 Jul 2026,2400,wikipedia_tabela_10,Lula,44.0,13,https://en.wikipedia.org/wiki/Opinion_polling_for_the_2026_Brazilian_presidential_election
2026,1,PoderData,26–29 Jul 2026,2400,wikipedia_tabela_10,Ronaldo Caiado,43.0,13,https://en.wikipedia.org/wiki/Opinion_polling_for_the_2026_Brazilian_presidential_election
2026,1,PoderData,26–29 Jul 2026,2400,wikipedia_tabela_10,Lula,44.0,13,https://en.wikipedia.org/wiki/Opinion_polling_for_the_2026_Brazilian_presidential_election
2026,1,PoderData,26–29 Jul 2026,2400,wikipedia_tabela_10,Romeu Zema,42.0,13,https://en.wikipedia.org/wiki/Opinion_polling_for_the_2026_Brazilian_presidential_election
2026,1,PoderData,26–29 Jul 2026,2400,wikipedia_tabela_10,Lula,45.0,19,https://en.wikipedia.org/wiki/Opinion_polling_for_the_2026_Brazilian_presidential_election
2026,1,Vox Brasil,26–28 Jul 2026,2100,wikipedia_tabela_10,Lula,47.5,11.4,https://en.wikipedia.org/wiki/Opinion_polling_for_the_2026_Brazilian_presidential_election
2026,1,Vox Brasil,26–28 Jul 2026,2100,wikipedia_tabela_10,Flávio Bolsonaro,41.1,11.4,https://en.wikipedia.org/wiki/Opinion_polling_for_the_2026_Brazilian_presidential_election
2026,1,Vox Brasil,26–28 Jul 2026,2100,wikipedia_tabela_10,Lula,46.8,10.7,https://en.wikipedia.org/wiki/Opinion_polling_for_the_2026_Brazilian_presidential_election
2026,1,Vox Brasil,26–28 Jul 2026,2100,wikipedia_tabela_10,Ronaldo Caiado,42.5,10.7,https://en.wikipedia.org/wiki/Opinion_polling_for_the_2026_Brazilian_presidential_election
2026,1,Vox Brasil,26–28 Jul 2026,2100,wikipedia_tabela_10,Lula,48.7,10.8,https://en.wikipedia.org/wiki/Opinion_polling_for_the_2026_Brazilian_presidential_election
2026,1,Vox Brasil,26–28 Jul 2026,2100,wikipedia_tabela_10,Romeu Zema,40.5,10.8,https://en.wikipedia.org/wiki/Opinion_polling_for_the_2026_Brazilian_presidential_election
2026,1,AtlasIntel,22–27 Jul 2026,5021,wikipedia_tabela_10,Lula,49.2,7.9,https://en.wikipedia.org/wiki/Opinion_polling_for_the_2026_Brazilian_presidential_election
2026,1,AtlasIntel,22–27 Jul 2026,5021,wikipedia_tabela_10,Flávio Bolsonaro,42.9,7.9,https://en.wikipedia.org/wiki/Opinion_polling_for_the_2026_Brazilian_presidential_election
2026,1,AtlasIntel,22–27 Jul 2026,5021,wikipedia_tabela_10,Lula,48.2,12.9,https://en.wikipedia.org/wiki/Opinion_polling_for_the_2026_Brazilian_presidential_election
2026,1,AtlasIntel,22–27 Jul 2026,5021,wikipedia_tabela_10,Ronaldo Caiado,38.9,12.9,https://en.wikipedia.org/wiki/Opinion_polling_for_the_2026_Brazilian_presidential_election
2026,1,AtlasIntel,22–27 Jul 2026,5021,wikipedia_tabela_10,Lula,48.6,11.8,https://en.wikipedia.org/wiki/Opinion_polling_for_the_2026_Brazilian_presidential_election
2026,1,AtlasIntel,22–27 Jul 2026,5021,wikipedia_tabela_10,Romeu Zema,39.6,11.8,https://en.wikipedia.org/wiki/Opinion_polling_for_the_2026_Brazilian_presidential_election
2026,1,AtlasIntel,22–27 Jul 2026,5021,wikipedia_tabela_10,Lula,47.6,22.2,https://en.wikipedia.org/wiki/Opinion_polling_for_the_2026_Brazilian_presidential_election
2026,1,Nexus,24–26 Jul 2026,2004,wikipedia_tabela_10,Lula,47.0,10,https://en.wikipedia.org/wiki/Opinion_polling_for_the_2026_Brazilian_presidential_election
2026,1,Nexus,24–26 Jul 2026,2004,wikipedia_tabela_10,Flávio Bolsonaro,43.0,10,https://en.wikipedia.org/wiki/Opinion_polling_for_the_2026_Brazilian_presidential_election
2026,1,Nexus,24–26 Jul 2026,2004,wikipedia_tabela_10,Lula,45.0,12,https://en.wikipedia.org/wiki/Opinion_polling_for_the_2026_Brazilian_presidential_election
2026,1,Nexus,24–26 Jul 2026,2004,wikipedia_tabela_10,Ronaldo Caiado,43.0,12,https://en.wikipedia.org/wiki/Opinion_polling_for_the_2026_Brazilian_presidential_election
2026,1,Nexus,24–26 Jul 2026,2004,wikipedia_tabela_10,Lula,46.0,12,https://en.wikipedia.org/wiki/Opinion_polling_for_the_2026_Brazilian_presidential_election
2026,1,Nexus,24–26 Jul 2026,2004,wikipedia_tabela_10,Romeu Zema,42.0,12,https://en.wikipedia.org/wiki/Opinion_polling_for_the_2026_Brazilian_presidential_election
2026,1,Nexus,24–26 Jul 2026,2004,wikipedia_tabela_10,Lula,47.0,15,https://en.wikipedia.org/wiki/Opinion_polling_for_the_2026_Brazilian_presidential_election
2026,1,Datafolha,22–23 Jul 2026,2004,wikipedia_tabela_10,Lula,48.0,10,https://en.wikipedia.org/wiki/Opinion_polling_for_the_2026_Brazilian_presidential_election
2026,1,Datafolha,22–23 Jul 2026,2004,wikipedia_tabela_10,Flávio Bolsonaro,43.0,10,https://en.wikipedia.org/wiki/Opinion_polling_for_the_2026_Brazilian_presidential_election
2026,1,Datafolha,22–23 Jul 2026,2004,wikipedia_tabela_10,Lula,47.0,13,https://en.wikipedia.org/wiki/Opinion_polling_for_the_2026_Brazilian_presidential_election
2026,1,Datafolha,22–23 Jul 2026,2004,wikipedia_tabela_10,Ronaldo Caiado,40.0,13,https://en.wikipedia.org/wiki/Opinion_polling_for_the_2026_Brazilian_presidential_election
2026,1,Datafolha,22–23 Jul 2026,2004,wikipedia_tabela_10,Lula,48.0,12,https://en.wikipedia.org/wiki/Opinion_polling_for_the_2026_Brazilian_presidential_election
2026,1,Datafolha,22–23 Jul 2026,2004,wikipedia_tabela_10,Romeu Zema,40.0,12,https://en.wikipedia.org/wiki/Opinion_polling_for_the_2026_Brazilian_presidential_election
2026,1,Real Time,18–20 Jul 2026,2000,wikipedia_tabela_10,Lula,45.0,13,https://en.wikipedia.org/wiki/Opinion_polling_for_the_2026_Brazilian_presidential_election
2026,1,Real Time,18–20 Jul 2026,2000,wikipedia_tabela_10,Flávio Bolsonaro,42.0,13,https://en.wikipedia.org/wiki/Opinion_polling_for_the_2026_Brazilian_presidential_election
2026,1,Real Time,18–20 Jul 2026,2000,wikipedia_tabela_10,Lula,43.0,13,https://en.wikipedia.org/wiki/Opinion_polling_for_the_2026_Brazilian_presidential_election
2026,1,Real Time,18–20 Jul 2026,2000,wikipedia_tabela_10,Ronaldo Caiado,44.0,13,https://en.wikipedia.org/wiki/Opinion_polling_for_the_2026_Brazilian_presidential_election
2026,1,Real Time,18–20 Jul 2026,2000,wikipedia_tabela_10,Lula,44.0,18,https://en.wikipedia.org/wiki/Opinion_polling_for_the_2026_Brazilian_presidential_election
2026,1,Real Time,18–20 Jul 2026,2000,wikipedia_tabela_10,Romeu Zema,38.0,18,https://en.wikipedia.org/wiki/Opinion_polling_for_the_2026_Brazilian_presidential_election
2026,1,Real Time,18–20 Jul 2026,2000,wikipedia_tabela_10,Lula,44.0,21,https://en.wikipedia.org/wiki/Opinion_polling_for_the_2026_Brazilian_presidential_election
2026,1,Indexa,16–19 Jul 2026,2000,wikipedia_tabela_10,Lula,46.0,15,https://en.wikipedia.org/wiki/Opinion_polling_for_the_2026_Brazilian_presidential_election
2026,1,Indexa,16–19 Jul 2026,2000,wikipedia_tabela_10,Flávio Bolsonaro,39.0,15,https://en.wikipedia.org/wiki/Opinion_polling_for_the_2026_Brazilian_presidential_election
2026,1,Indexa,16–19 Jul 2026,2000,wikipedia_tabela_10,Lula,45.0,18,https://en.wikipedia.org/wiki/Opinion_polling_for_the_2026_Brazilian_presidential_election
2026,1,Indexa,16–19 Jul 2026,2000,wikipedia_tabela_10,Ronaldo Caiado,37.0,18,https://en.wikipedia.org/wiki/Opinion_polling_for_the_2026_Brazilian_presidential_election
2026,1,Indexa,16–19 Jul 2026,2000,wikipedia_tabela_10,Lula,46.0,22,https://en.wikipedia.org/wiki/Opinion_polling_for_the_2026_Brazilian_presidential_election
2026,1,Indexa,16–19 Jul 2026,2000,wikipedia_tabela_10,Romeu Zema,32.0,22,https://en.wikipedia.org/wiki/Opinion_polling_for_the_2026_Brazilian_presidential_election
2026,1,Indexa,16–19 Jul 2026,2000,wikipedia_tabela_10,Lula,47.0,26,https://en.wikipedia.org/wiki/Opinion_polling_for_the_2026_Brazilian_presidential_election
2026,1,PoderData,12–15 Jul 2026,2400,wikipedia_tabela_10,Lula,45.0,11,https://en.wikipedia.org/wiki/Opinion_polling_for_the_2026_Brazilian_presidential_election
2026,1,PoderData,12–15 Jul 2026,2400,wikipedia_tabela_10,Flávio Bolsonaro,43.0,11,https://en.wikipedia.org/wiki/Opinion_polling_for_the_2026_Brazilian_presidential_election
2026,1,PoderData,12–15 Jul 2026,2400,wikipedia_tabela_10,Lula,44.0,14,https://en.wikipedia.org/wiki/Opinion_polling_for_the_2026_Brazilian_presidential_election
2026,1,PoderData,12–15 Jul 2026,2400,wikipedia_tabela_10,Ronaldo Caiado,43.0,14,https://en.wikipedia.org/wiki/Opinion_polling_for_the_2026_Brazilian_presidential_election
2026,1,PoderData,12–15 Jul 2026,2400,wikipedia_tabela_10,Lula,44.0,15,https://en.wikipedia.org/wiki/Opinion_polling_for_the_2026_Brazilian_presidential_election
2026,1,PoderData,12–15 Jul 2026,2400,wikipedia_tabela_10,Romeu Zema,41.0,15,https://en.wikipedia.org/wiki/Opinion_polling_for_the_2026_Brazilian_presidential_election
2026,1,PoderData,12–15 Jul 2026,2400,wikipedia_tabela_10,Lula,43.0,19,https://en.wikipedia.org/wiki/Opinion_polling_for_the_2026_Brazilian_presidential_election
2026,1,Quaest,10–13 Jul 2026,2004,wikipedia_tabela_10,Lula,45.0,18,https://en.wikipedia.org/wiki/Opinion_polling_for_the_2026_Brazilian_presidential_election
2026,1,Quaest,10–13 Jul 2026,2004,wikipedia_tabela_10,Flávio Bolsonaro,37.0,18,https://en.wikipedia.org/wiki/Opinion_polling_for_the_2026_Brazilian_presidential_election
2026,1,Quaest,10–13 Jul 2026,2004,wikipedia_tabela_10,Lula,45.0,19,https://en.wikipedia.org/wiki/Opinion_polling_for_the_2026_Brazilian_presidential_election
2026,1,Quaest,10–13 Jul 2026,2004,wikipedia_tabela_10,Ronaldo Caiado,36.0,19,https://en.wikipedia.org/wiki/Opinion_polling_for_the_2026_Brazilian_presidential_election
2026,1,Quaest,10–13 Jul 2026,2004,wikipedia_tabela_10,Lula,45.0,20,https://en.wikipedia.org/wiki/Opinion_polling_for_the_2026_Brazilian_presidential_election
2026,1,Quaest,10–13 Jul 2026,2004,wikipedia_tabela_10,Romeu Zema,35.0,20,https://en.wikipedia.org/wiki/Opinion_polling_for_the_2026_Brazilian_presidential_election
2026,1,Quaest,10–13 Jul 2026,2004,wikipedia_tabela_10,Lula,45.0,22,https://en.wikipedia.org/wiki/Opinion_polling_for_the_2026_Brazilian_presidential_election
2026,1,Nexus,10–12 Jul 2026,2003,wikipedia_tabela_10,Lula,47.0,9,https://en.wikipedia.org/wiki/Opinion_polling_for_the_2026_Brazilian_presidential_election
2026,1,Nexus,10–12 Jul 2026,2003,wikipedia_tabela_10,Flávio Bolsonaro,44.0,9,https://en.wikipedia.org/wiki/Opinion_polling_for_the_2026_Brazilian_presidential_election
2026,1,Nexus,10–12 Jul 2026,2003,wikipedia_tabela_10,Lula,47.0,15,https://en.wikipedia.org/wiki/Opinion_polling_for_the_2026_Brazilian_presidential_election
2026,1,Nexus,10–12 Jul 2026,2003,wikipedia_tabela_10,Ronaldo Caiado,38.0,15,https://en.wikipedia.org/wiki/Opinion_polling_for_the_2026_Brazilian_presidential_election
2026,1,Nexus,10–12 Jul 2026,2003,wikipedia_tabela_10,Lula,47.0,13,https://en.wikipedia.org/wiki/Opinion_polling_for_the_2026_Brazilian_presidential_election
2026,1,Nexus,10–12 Jul 2026,2003,wikipedia_tabela_10,Romeu Zema,40.0,13,https://en.wikipedia.org/wiki/Opinion_polling_for_the_2026_Brazilian_presidential_election
2026,1,Nexus,10–12 Jul 2026,2003,wikipedia_tabela_10,Lula,49.0,16,https://en.wikipedia.org/wiki/Opinion_polling_for_the_2026_Brazilian_presidential_election
2026,1,Futura,7–11 Jul 2026,2000,wikipedia_tabela_10,Lula,46.3,7.6,https://en.wikipedia.org/wiki/Opinion_polling_for_the_2026_Brazilian_presidential_election
2026,1,Futura,7–11 Jul 2026,2000,wikipedia_tabela_10,Flávio Bolsonaro,46.1,7.6,https://en.wikipedia.org/wiki/Opinion_polling_for_the_2026_Brazilian_presidential_election
2026,1,Futura,7–11 Jul 2026,2000,wikipedia_tabela_10,Lula,45.1,15.9,https://en.wikipedia.org/wiki/Opinion_polling_for_the_2026_Brazilian_presidential_election
2026,1,Futura,7–11 Jul 2026,2000,wikipedia_tabela_10,Ronaldo Caiado,38.9,15.9,https://en.wikipedia.org/wiki/Opinion_polling_for_the_2026_Brazilian_presidential_election
2026,1,Futura,7–11 Jul 2026,2000,wikipedia_tabela_10,Lula,46.0,15.9,https://en.wikipedia.org/wiki/Opinion_polling_for_the_2026_Brazilian_presidential_election
2026,1,Futura,7–11 Jul 2026,2000,wikipedia_tabela_10,Romeu Zema,38.1,15.9,https://en.wikipedia.org/wiki/Opinion_polling_for_the_2026_Brazilian_presidential_election
2026,1,Futura,7–11 Jul 2026,2000,wikipedia_tabela_10,Lula,46.4,20.5,https://en.wikipedia.org/wiki/Opinion_polling_for_the_2026_Brazilian_presidential_election
2026,1,Ideia,3–6 Jul 2026,1500,wikipedia_tabela_10,Lula,45.0,15,https://en.wikipedia.org/wiki/Opinion_polling_for_the_2026_Brazilian_presidential_election
2026,1,Ideia,3–6 Jul 2026,1500,wikipedia_tabela_10,Flávio Bolsonaro,40.0,15,https://en.wikipedia.org/wiki/Opinion_polling_for_the_2026_Brazilian_presidential_election
2026,1,Ideia,3–6 Jul 2026,1500,wikipedia_tabela_10,Lula,45.0,17.4,https://en.wikipedia.org/wiki/Opinion_polling_for_the_2026_Brazilian_presidential_election
2026,1,Ideia,3–6 Jul 2026,1500,wikipedia_tabela_10,Ronaldo Caiado,37.6,17.4,https://en.wikipedia.org/wiki/Opinion_polling_for_the_2026_Brazilian_presidential_election
2026,1,Ideia,3–6 Jul 2026,1500,wikipedia_tabela_10,Lula,45.0,18,https://en.wikipedia.org/wiki/Opinion_polling_for_the_2026_Brazilian_presidential_election
2026,1,Ideia,3–6 Jul 2026,1500,wikipedia_tabela_10,Romeu Zema,37.0,18,https://en.wikipedia.org/wiki/Opinion_polling_for_the_2026_Brazilian_presidential_election
2026,1,Ideia,3–6 Jul 2026,1500,wikipedia_tabela_10,Lula,45.0,22,https://en.wikipedia.org/wiki/Opinion_polling_for_the_2026_Brazilian_presidential_election
2026,1,AtlasIntel,26–30 Jun 2026,4999,wikipedia_tabela_10,Lula,48.8,8.9,https://en.wikipedia.org/wiki/Opinion_polling_for_the_2026_Brazilian_presidential_election
2026,1,AtlasIntel,26–30 Jun 2026,4999,wikipedia_tabela_10,Flávio Bolsonaro,42.3,8.9,https://en.wikipedia.org/wiki/Opinion_polling_for_the_2026_Brazilian_presidential_election
2026,1,AtlasIntel,26–30 Jun 2026,4999,wikipedia_tabela_10,Lula,48.0,13.1,https://en.wikipedia.org/wiki/Opinion_polling_for_the_2026_Brazilian_presidential_election
2026,1,AtlasIntel,26–30 Jun 2026,4999,wikipedia_tabela_10,Ronaldo Caiado,39.0,13.1,https://en.wikipedia.org/wiki/Opinion_polling_for_the_2026_Brazilian_presidential_election
2026,1,AtlasIntel,26–30 Jun 2026,4999,wikipedia_tabela_10,Lula,48.2,13.3,https://en.wikipedia.org/wiki/Opinion_polling_for_the_2026_Brazilian_presidential_election
2026,1,AtlasIntel,26–30 Jun 2026,4999,wikipedia_tabela_10,Romeu Zema,38.5,13.3,https://en.wikipedia.org/wiki/Opinion_polling_for_the_2026_Brazilian_presidential_election
2026,1,AtlasIntel,26–30 Jun 2026,4999,wikipedia_tabela_10,Lula,49.2,21.9,https://en.wikipedia.org/wiki/Opinion_polling_for_the_2026_Brazilian_presidential_election
2026,1,Nexus,26–28 Jun 2026,2009,wikipedia_tabela_10,Lula,47.0,9,https://en.wikipedia.org/wiki/Opinion_polling_for_the_2026_Brazilian_presidential_election
2026,1,Nexus,26–28 Jun 2026,2009,wikipedia_tabela_10,Flávio Bolsonaro,44.0,9,https://en.wikipedia.org/wiki/Opinion_polling_for_the_2026_Brazilian_presidential_election
2026,1,Nexus,26–28 Jun 2026,2009,wikipedia_tabela_10,Lula,47.0,14,https://en.wikipedia.org/wiki/Opinion_polling_for_the_2026_Brazilian_presidential_election
2026,1,Nexus,26–28 Jun 2026,2009,wikipedia_tabela_10,Ronaldo Caiado,39.0,14,https://en.wikipedia.org/wiki/Opinion_polling_for_the_2026_Brazilian_presidential_election
2026,1,Nexus,26–28 Jun 2026,2009,wikipedia_tabela_10,Lula,48.0,15,https://en.wikipedia.org/wiki/Opinion_polling_for_the_2026_Brazilian_presidential_election
2026,1,Nexus,26–28 Jun 2026,2009,wikipedia_tabela_10,Romeu Zema,38.0,15,https://en.wikipedia.org/wiki/Opinion_polling_for_the_2026_Brazilian_presidential_election
2026,1,Nexus,26–28 Jun 2026,2009,wikipedia_tabela_10,Lula,48.0,17,https://en.wikipedia.org/wiki/Opinion_polling_for_the_2026_Brazilian_presidential_election
2026,1,Vox Brasil,23–25 Jun 2026,2100,wikipedia_tabela_10,Lula,45.3,11.9,https://en.wikipedia.org/wiki/Opinion_polling_for_the_2026_Brazilian_presidential_election
2026,1,Vox Brasil,23–25 Jun 2026,2100,wikipedia_tabela_10,Flávio Bolsonaro,42.8,11.9,https://en.wikipedia.org/wiki/Opinion_polling_for_the_2026_Brazilian_presidential_election
2026,1,Vox Brasil,23–25 Jun 2026,2100,wikipedia_tabela_10,Lula,44.6,14.6,https://en.wikipedia.org/wiki/Opinion_polling_for_the_2026_Brazilian_presidential_election
2026,1,Vox Brasil,23–25 Jun 2026,2100,wikipedia_tabela_10,Ronaldo Caiado,40.8,14.6,https://en.wikipedia.org/wiki/Opinion_polling_for_the_2026_Brazilian_presidential_election
2026,1,Vox Brasil,23–25 Jun 2026,2100,wikipedia_tabela_10,Lula,45.5,13.2,https://en.wikipedia.org/wiki/Opinion_polling_for_the_2026_Brazilian_presidential_election
2026,1,Vox Brasil,23–25 Jun 2026,2100,wikipedia_tabela_10,Romeu Zema,41.3,13.2,https://en.wikipedia.org/wiki/Opinion_polling_for_the_2026_Brazilian_presidential_election
2026,1,PoderData,21–24 Jun 2026,2400,wikipedia_tabela_10,Lula,46.0,11,https://en.wikipedia.org/wiki/Opinion_polling_for_the_2026_Brazilian_presidential_election
2026,1,PoderData,21–24 Jun 2026,2400,wikipedia_tabela_10,Flávio Bolsonaro,43.0,11,https://en.wikipedia.org/wiki/Opinion_polling_for_the_2026_Brazilian_presidential_election
2026,1,PoderData,21–24 Jun 2026,2400,wikipedia_tabela_10,Lula,45.0,13,https://en.wikipedia.org/wiki/Opinion_polling_for_the_2026_Brazilian_presidential_election
2026,1,PoderData,21–24 Jun 2026,2400,wikipedia_tabela_10,Ronaldo Caiado,42.0,13,https://en.wikipedia.org/wiki/Opinion_polling_for_the_2026_Brazilian_presidential_election
2026,1,PoderData,21–24 Jun 2026,2400,wikipedia_tabela_10,Lula,45.0,13,https://en.wikipedia.org/wiki/Opinion_polling_for_the_2026_Brazilian_presidential_election
2026,1,PoderData,21–24 Jun 2026,2400,wikipedia_tabela_10,Romeu Zema,42.0,13,https://en.wikipedia.org/wiki/Opinion_polling_for_the_2026_Brazilian_presidential_election
2026,1,PoderData,21–24 Jun 2026,2400,wikipedia_tabela_10,Lula,45.0,17,https://en.wikipedia.org/wiki/Opinion_polling_for_the_2026_Brazilian_presidential_election
2026,1,Indexa,18–20 Jun 2026,2000,wikipedia_tabela_10,Lula,47.0,13,https://en.wikipedia.org/wiki/Opinion_polling_for_the_2026_Brazilian_presidential_election
2026,1,Indexa,18–20 Jun 2026,2000,wikipedia_tabela_10,Flávio Bolsonaro,40.0,13,https://en.wikipedia.org/wiki/Opinion_polling_for_the_2026_Brazilian_presidential_election
2026,1,Indexa,18–20 Jun 2026,2000,wikipedia_tabela_10,Lula,47.0,14,https://en.wikipedia.org/wiki/Opinion_polling_for_the_2026_Brazilian_presidential_election
2026,1,Indexa,18–20 Jun 2026,2000,wikipedia_tabela_10,Ronaldo Caiado,39.0,14,https://en.wikipedia.org/wiki/Opinion_polling_for_the_2026_Brazilian_presidential_election
2026,1,Indexa,18–20 Jun 2026,2000,wikipedia_tabela_10,Lula,47.0,18,https://en.wikipedia.org/wiki/Opinion_polling_for_the_2026_Brazilian_presidential_election
2026,1,Indexa,18–20 Jun 2026,2000,wikipedia_tabela_10,Romeu Zema,36.0,18,https://en.wikipedia.org/wiki/Opinion_polling_for_the_2026_Brazilian_presidential_election
2026,1,Indexa,18–20 Jun 2026,2000,wikipedia_tabela_10,Lula,48.0,25,https://en.wikipedia.org/wiki/Opinion_polling_for_the_2026_Brazilian_presidential_election
2026,1,Datafolha,17–18 Jun 2026,2004,wikipedia_tabela_10,Lula,47.0,9,https://en.wikipedia.org/wiki/Opinion_polling_for_the_2026_Brazilian_presidential_election
2026,1,Datafolha,17–18 Jun 2026,2004,wikipedia_tabela_10,Flávio Bolsonaro,43.0,9,https://en.wikipedia.org/wiki/Opinion_polling_for_the_2026_Brazilian_presidential_election
2026,1,Datafolha,17–18 Jun 2026,2004,wikipedia_tabela_10,Lula,47.0,12,https://en.wikipedia.org/wiki/Opinion_polling_for_the_2026_Brazilian_presidential_election
2026,1,Datafolha,17–18 Jun 2026,2004,wikipedia_tabela_10,Ronaldo Caiado,41.0,12,https://en.wikipedia.org/wiki/Opinion_polling_for_the_2026_Brazilian_presidential_election
2026,1,Datafolha,17–18 Jun 2026,2004,wikipedia_tabela_10,Lula,48.0,13,https://en.wikipedia.org/wiki/Opinion_polling_for_the_2026_Brazilian_presidential_election
2026,1,Datafolha,17–18 Jun 2026,2004,wikipedia_tabela_10,Romeu Zema,39.0,13,https://en.wikipedia.org/wiki/Opinion_polling_for_the_2026_Brazilian_presidential_election
2026,1,Nexus,12–14 Jun 2026,2017,wikipedia_tabela_10,Lula,49.0,9,https://en.wikipedia.org/wiki/Opinion_polling_for_the_2026_Brazilian_presidential_election
2026,1,Nexus,12–14 Jun 2026,2017,wikipedia_tabela_10,Flávio Bolsonaro,43.0,9,https://en.wikipedia.org/wiki/Opinion_polling_for_the_2026_Brazilian_presidential_election
2026,1,Nexus,12–14 Jun 2026,2017,wikipedia_tabela_10,Lula,48.0,13,https://en.wikipedia.org/wiki/Opinion_polling_for_the_2026_Brazilian_presidential_election
2026,1,Nexus,12–14 Jun 2026,2017,wikipedia_tabela_10,Ronaldo Caiado,39.0,13,https://en.wikipedia.org/wiki/Opinion_polling_for_the_2026_Brazilian_presidential_election
2026,1,Nexus,12–14 Jun 2026,2017,wikipedia_tabela_10,Lula,49.0,12,https://en.wikipedia.org/wiki/Opinion_polling_for_the_2026_Brazilian_presidential_election
2026,1,Nexus,12–14 Jun 2026,2017,wikipedia_tabela_10,Romeu Zema,39.0,12,https://en.wikipedia.org/wiki/Opinion_polling_for_the_2026_Brazilian_presidential_election
2026,1,Nexus,12–14 Jun 2026,2017,wikipedia_tabela_10,Lula,49.0,15,https://en.wikipedia.org/wiki/Opinion_polling_for_the_2026_Brazilian_presidential_election
2026,1,MDA,10–14 Jun 2026,2000,wikipedia_tabela_10,Lula,49.3,13.9,https://en.wikipedia.org/wiki/Opinion_polling_for_the_2026_Brazilian_presidential_election
2026,1,MDA,10–14 Jun 2026,2000,wikipedia_tabela_10,Flávio Bolsonaro,36.8,13.9,https://en.wikipedia.org/wiki/Opinion_polling_for_the_2026_Brazilian_presidential_election
2026,1,MDA,10–14 Jun 2026,2000,wikipedia_tabela_10,Lula,48.4,19.4,https://en.wikipedia.org/wiki/Opinion_polling_for_the_2026_Brazilian_presidential_election
2026,1,MDA,10–14 Jun 2026,2000,wikipedia_tabela_10,Ronaldo Caiado,32.2,19.4,https://en.wikipedia.org/wiki/Opinion_polling_for_the_2026_Brazilian_presidential_election
2026,1,MDA,10–14 Jun 2026,2000,wikipedia_tabela_10,Lula,48.8,19.6,https://en.wikipedia.org/wiki/Opinion_polling_for_the_2026_Brazilian_presidential_election
2026,1,MDA,10–14 Jun 2026,2000,wikipedia_tabela_10,Romeu Zema,31.6,19.6,https://en.wikipedia.org/wiki/Opinion_polling_for_the_2026_Brazilian_presidential_election
2026,1,MDA,10–14 Jun 2026,2000,wikipedia_tabela_10,Lula,49.3,22.8,https://en.wikipedia.org/wiki/Opinion_polling_for_the_2026_Brazilian_presidential_election
2026,1,MDA,10–14 Jun 2026,2000,wikipedia_tabela_10,Lula,49.2,22.4,https://en.wikipedia.org/wiki/Opinion_polling_for_the_2026_Brazilian_presidential_election
2026,1,MDA,10–14 Jun 2026,2000,wikipedia_tabela_10,Augusto Cury,28.4,22.4,https://en.wikipedia.org/wiki/Opinion_polling_for_the_2026_Brazilian_presidential_election
2026,1,Futura,8–12 Jun 2026,2000,wikipedia_tabela_10,Lula,48.1,9,https://en.wikipedia.org/wiki/Opinion_polling_for_the_2026_Brazilian_presidential_election
2026,1,Futura,8–12 Jun 2026,2000,wikipedia_tabela_10,Flávio Bolsonaro,42.9,9,https://en.wikipedia.org/wiki/Opinion_polling_for_the_2026_Brazilian_presidential_election
2026,1,Futura,8–12 Jun 2026,2000,wikipedia_tabela_10,Lula,45.0,18.7,https://en.wikipedia.org/wiki/Opinion_polling_for_the_2026_Brazilian_presidential_election
2026,1,Futura,8–12 Jun 2026,2000,wikipedia_tabela_10,Ronaldo Caiado,36.3,18.7,https://en.wikipedia.org/wiki/Opinion_polling_for_the_2026_Brazilian_presidential_election
2026,1,Futura,8–12 Jun 2026,2000,wikipedia_tabela_10,Lula,48.5,16.6,https://en.wikipedia.org/wiki/Opinion_polling_for_the_2026_Brazilian_presidential_election
2026,1,Futura,8–12 Jun 2026,2000,wikipedia_tabela_10,Romeu Zema,34.9,16.6,https://en.wikipedia.org/wiki/Opinion_polling_for_the_2026_Brazilian_presidential_election
2026,1,Futura,8–12 Jun 2026,2000,wikipedia_tabela_10,Lula,48.3,20.9,https://en.wikipedia.org/wiki/Opinion_polling_for_the_2026_Brazilian_presidential_election
2026,1,Quaest,3–8 Jun 2026,2004,wikipedia_tabela_10,Lula,44.0,18,https://en.wikipedia.org/wiki/Opinion_polling_for_the_2026_Brazilian_presidential_election
2026,1,Quaest,3–8 Jun 2026,2004,wikipedia_tabela_10,Flávio Bolsonaro,38.0,18,https://en.wikipedia.org/wiki/Opinion_polling_for_the_2026_Brazilian_presidential_election
2026,1,Quaest,3–8 Jun 2026,2004,wikipedia_tabela_10,Lula,45.0,20,https://en.wikipedia.org/wiki/Opinion_polling_for_the_2026_Brazilian_presidential_election
2026,1,Quaest,3–8 Jun 2026,2004,wikipedia_tabela_10,Ronaldo Caiado,35.0,20,https://en.wikipedia.org/wiki/Opinion_polling_for_the_2026_Brazilian_presidential_election
2026,1,Quaest,3–8 Jun 2026,2004,wikipedia_tabela_10,Lula,45.0,20,https://en.wikipedia.org/wiki/Opinion_polling_for_the_2026_Brazilian_presidential_election
2026,1,Quaest,3–8 Jun 2026,2004,wikipedia_tabela_10,Romeu Zema,35.0,20,https://en.wikipedia.org/wiki/Opinion_polling_for_the_2026_Brazilian_presidential_election
2026,1,Quaest,3–8 Jun 2026,2004,wikipedia_tabela_10,Lula,45.0,24,https://en.wikipedia.org/wiki/Opinion_polling_for_the_2026_Brazilian_presidential_election
2026,1,Vox Brasil,1–3 Jun 2026,2100,wikipedia_tabela_10,Lula,47.8,10.9,https://en.wikipedia.org/wiki/Opinion_polling_for_the_2026_Brazilian_presidential_election
2026,1,Vox Brasil,1–3 Jun 2026,2100,wikipedia_tabela_10,Flávio Bolsonaro,41.3,10.9,https://en.wikipedia.org/wiki/Opinion_polling_for_the_2026_Brazilian_presidential_election
2026,1,Vox Brasil,1–3 Jun 2026,2100,wikipedia_tabela_10,Lula,46.5,8.6,https://en.wikipedia.org/wiki/Opinion_polling_for_the_2026_Brazilian_presidential_election
2026,1,Vox Brasil,1–3 Jun 2026,2100,wikipedia_tabela_10,Ronaldo Caiado,44.9,8.6,https://en.wikipedia.org/wiki/Opinion_polling_for_the_2026_Brazilian_presidential_election
2026,1,Vox Brasil,1–3 Jun 2026,2100,wikipedia_tabela_10,Lula,46.3,11.2,https://en.wikipedia.org/wiki/Opinion_polling_for_the_2026_Brazilian_presidential_election
2026,1,Vox Brasil,1–3 Jun 2026,2100,wikipedia_tabela_10,Romeu Zema,42.5,11.2,https://en.wikipedia.org/wiki/Opinion_polling_for_the_2026_Brazilian_presidential_election
2026,1,Real Time,29–30 May 2026,2000,wikipedia_tabela_10,Lula,45.0,15,https://en.wikipedia.org/wiki/Opinion_polling_for_the_2026_Brazilian_presidential_election
2026,1,Real Time,29–30 May 2026,2000,wikipedia_tabela_10,Flávio Bolsonaro,40.0,15,https://en.wikipedia.org/wiki/Opinion_polling_for_the_2026_Brazilian_presidential_election
2026,1,Real Time,29–30 May 2026,2000,wikipedia_tabela_10,Lula,43.0,14,https://en.wikipedia.org/wiki/Opinion_polling_for_the_2026_Brazilian_presidential_election
2026,1,Real Time,29–30 May 2026,2000,wikipedia_tabela_10,Ronaldo Caiado,43.0,14,https://en.wikipedia.org/wiki/Opinion_polling_for_the_2026_Brazilian_presidential_election
2026,1,Real Time,29–30 May 2026,2000,wikipedia_tabela_10,Lula,43.0,17,https://en.wikipedia.org/wiki/Opinion_polling_for_the_2026_Brazilian_presidential_election
2026,1,Real Time,29–30 May 2026,2000,wikipedia_tabela_10,Romeu Zema,40.0,17,https://en.wikipedia.org/wiki/Opinion_polling_for_the_2026_Brazilian_presidential_election
2026,1,Real Time,29–30 May 2026,2000,wikipedia_tabela_10,Lula,46.0,24,https://en.wikipedia.org/wiki/Opinion_polling_for_the_2026_Brazilian_presidential_election
2026,1,PoderData,25–28 May 2026,2400,wikipedia_tabela_10,Lula,46.0,12,https://en.wikipedia.org/wiki/Opinion_polling_for_the_2026_Brazilian_presidential_election
2026,1,PoderData,25–28 May 2026,2400,wikipedia_tabela_10,Flávio Bolsonaro,42.0,12,https://en.wikipedia.org/wiki/Opinion_polling_for_the_2026_Brazilian_presidential_election
2026,1,PoderData,25–28 May 2026,2400,wikipedia_tabela_10,Lula,45.0,14,https://en.wikipedia.org/wiki/Opinion_polling_for_the_2026_Brazilian_presidential_election
2026,1,PoderData,25–28 May 2026,2400,wikipedia_tabela_10,Ronaldo Caiado,41.0,14,https://en.wikipedia.org/wiki/Opinion_polling_for_the_2026_Brazilian_presidential_election
2026,1,PoderData,25–28 May 2026,2400,wikipedia_tabela_10,Lula,45.0,15,https://en.wikipedia.org/wiki/Opinion_polling_for_the_2026_Brazilian_presidential_election
2026,1,PoderData,25–28 May 2026,2400,wikipedia_tabela_10,Romeu Zema,41.0,15,https://en.wikipedia.org/wiki/Opinion_polling_for_the_2026_Brazilian_presidential_election
2026,1,PoderData,25–28 May 2026,2400,wikipedia_tabela_10,Lula,45.0,19,https://en.wikipedia.org/wiki/Opinion_polling_for_the_2026_Brazilian_presidential_election
2026,1,Ideia,23–27 May 2026,1500,wikipedia_tabela_10,Lula,46.5,12.2,https://en.wikipedia.org/wiki/Opinion_polling_for_the_2026_Brazilian_presidential_election
2026,1,Ideia,23–27 May 2026,1500,wikipedia_tabela_10,Flávio Bolsonaro,41.4,12.2,https://en.wikipedia.org/wiki/Opinion_polling_for_the_2026_Brazilian_presidential_election
2026,1,Ideia,23–27 May 2026,1500,wikipedia_tabela_10,Lula,46.0,14,https://en.wikipedia.org/wiki/Opinion_polling_for_the_2026_Brazilian_presidential_election
2026,1,Ideia,23–27 May 2026,1500,wikipedia_tabela_10,Ronaldo Caiado,40.0,14,https://en.wikipedia.org/wiki/Opinion_polling_for_the_2026_Brazilian_presidential_election
2026,1,Ideia,23–27 May 2026,1500,wikipedia_tabela_10,Lula,46.0,17,https://en.wikipedia.org/wiki/Opinion_polling_for_the_2026_Brazilian_presidential_election
2026,1,Ideia,23–27 May 2026,1500,wikipedia_tabela_10,Romeu Zema,37.0,17,https://en.wikipedia.org/wiki/Opinion_polling_for_the_2026_Brazilian_presidential_election
2026,1,Ideia,23–27 May 2026,1500,wikipedia_tabela_10,Lula,46.0,23,https://en.wikipedia.org/wiki/Opinion_polling_for_the_2026_Brazilian_presidential_election
2026,1,Indexa,22–24 May 2026,2000,wikipedia_tabela_10,Lula,46.0,10,https://en.wikipedia.org/wiki/Opinion_polling_for_the_2026_Brazilian_presidential_election
2026,1,Indexa,22–24 May 2026,2000,wikipedia_tabela_10,Flávio Bolsonaro,41.0,10,https://en.wikipedia.org/wiki/Opinion_polling_for_the_2026_Brazilian_presidential_election
2026,1,Indexa,22–24 May 2026,2000,wikipedia_tabela_10,Lula,47.0,14,https://en.wikipedia.org/wiki/Opinion_polling_for_the_2026_Brazilian_presidential_election
2026,1,Indexa,22–24 May 2026,2000,wikipedia_tabela_10,Ronaldo Caiado,39.0,14,https://en.wikipedia.org/wiki/Opinion_polling_for_the_2026_Brazilian_presidential_election
2026,1,Indexa,22–24 May 2026,2000,wikipedia_tabela_10,Lula,47.0,16,https://en.wikipedia.org/wiki/Opinion_polling_for_the_2026_Brazilian_presidential_election
2026,1,Indexa,22–24 May 2026,2000,wikipedia_tabela_10,Romeu Zema,37.0,16,https://en.wikipedia.org/wiki/Opinion_polling_for_the_2026_Brazilian_presidential_election
2026,1,Nexus,22–24 May 2026,2045,wikipedia_tabela_10,Lula,47.0,10,https://en.wikipedia.org/wiki/Opinion_polling_for_the_2026_Brazilian_presidential_election
2026,1,Nexus,22–24 May 2026,2045,wikipedia_tabela_10,Flávio Bolsonaro,43.0,10,https://en.wikipedia.org/wiki/Opinion_polling_for_the_2026_Brazilian_presidential_election
2026,1,Nexus,22–24 May 2026,2045,wikipedia_tabela_10,Lula,46.0,13,https://en.wikipedia.org/wiki/Opinion_polling_for_the_2026_Brazilian_presidential_election
2026,1,Nexus,22–24 May 2026,2045,wikipedia_tabela_10,Ronaldo Caiado,40.0,13,https://en.wikipedia.org/wiki/Opinion_polling_for_the_2026_Brazilian_presidential_election
2026,1,Nexus,22–24 May 2026,2045,wikipedia_tabela_10,Lula,49.0,13,https://en.wikipedia.org/wiki/Opinion_polling_for_the_2026_Brazilian_presidential_election
2026,1,Nexus,22–24 May 2026,2045,wikipedia_tabela_10,Romeu Zema,38.0,13,https://en.wikipedia.org/wiki/Opinion_polling_for_the_2026_Brazilian_presidential_election
2026,1,Datafolha,20–22 May 2026,2004,wikipedia_tabela_10,Lula,47.0,11,https://en.wikipedia.org/wiki/Opinion_polling_for_the_2026_Brazilian_presidential_election
2026,1,Datafolha,20–22 May 2026,2004,wikipedia_tabela_10,Flávio Bolsonaro,43.0,11,https://en.wikipedia.org/wiki/Opinion_polling_for_the_2026_Brazilian_presidential_election
2026,1,Datafolha,20–22 May 2026,2004,wikipedia_tabela_10,Lula,48.0,13,https://en.wikipedia.org/wiki/Opinion_polling_for_the_2026_Brazilian_presidential_election
2026,1,Datafolha,20–22 May 2026,2004,wikipedia_tabela_10,Ronaldo Caiado,39.0,13,https://en.wikipedia.org/wiki/Opinion_polling_for_the_2026_Brazilian_presidential_election
2026,1,Datafolha,20–22 May 2026,2004,wikipedia_tabela_10,Lula,48.0,13,https://en.wikipedia.org/wiki/Opinion_polling_for_the_2026_Brazilian_presidential_election
2026,1,Datafolha,20–22 May 2026,2004,wikipedia_tabela_10,Romeu Zema,39.0,13,https://en.wikipedia.org/wiki/Opinion_polling_for_the_2026_Brazilian_presidential_election
2026,1,Futura,15–20 May 2026,2000,wikipedia_tabela_10,Lula,47.7,10.2,https://en.wikipedia.org/wiki/Opinion_polling_for_the_2026_Brazilian_presidential_election
2026,1,Futura,15–20 May 2026,2000,wikipedia_tabela_10,Flávio Bolsonaro,42.2,10.2,https://en.wikipedia.org/wiki/Opinion_polling_for_the_2026_Brazilian_presidential_election
2026,1,Futura,15–20 May 2026,2000,wikipedia_tabela_10,Lula,47.6,15.9,https://en.wikipedia.org/wiki/Opinion_polling_for_the_2026_Brazilian_presidential_election
2026,1,Futura,15–20 May 2026,2000,wikipedia_tabela_10,Ronaldo Caiado,36.5,15.9,https://en.wikipedia.org/wiki/Opinion_polling_for_the_2026_Brazilian_presidential_election
2026,1,Futura,15–20 May 2026,2000,wikipedia_tabela_10,Lula,48.3,15.8,https://en.wikipedia.org/wiki/Opinion_polling_for_the_2026_Brazilian_presidential_election
2026,1,Futura,15–20 May 2026,2000,wikipedia_tabela_10,Romeu Zema,35.9,15.8,https://en.wikipedia.org/wiki/Opinion_polling_for_the_2026_Brazilian_presidential_election
2026,1,Vox Brasil,17–19 May 2026,2100,wikipedia_tabela_10,Lula,46.8,15.1,https://en.wikipedia.org/wiki/Opinion_polling_for_the_2026_Brazilian_presidential_election
2026,1,Vox Brasil,17–19 May 2026,2100,wikipedia_tabela_10,Flávio Bolsonaro,38.1,15.1,https://en.wikipedia.org/wiki/Opinion_polling_for_the_2026_Brazilian_presidential_election
2026,1,Vox Brasil,17–19 May 2026,2100,wikipedia_tabela_10,Lula,47.8,18.1,https://en.wikipedia.org/wiki/Opinion_polling_for_the_2026_Brazilian_presidential_election
2026,1,Vox Brasil,17–19 May 2026,2100,wikipedia_tabela_10,Ronaldo Caiado,34.1,18.1,https://en.wikipedia.org/wiki/Opinion_polling_for_the_2026_Brazilian_presidential_election
2026,1,Vox Brasil,17–19 May 2026,2100,wikipedia_tabela_10,Lula,48.5,15.2,https://en.wikipedia.org/wiki/Opinion_polling_for_the_2026_Brazilian_presidential_election
2026,1,Vox Brasil,17–19 May 2026,2100,wikipedia_tabela_10,Romeu Zema,36.3,15.2,https://en.wikipedia.org/wiki/Opinion_polling_for_the_2026_Brazilian_presidential_election
2026,1,AtlasIntel,13–18 May 2026,5032,wikipedia_tabela_10,Lula,48.9,9.3,https://en.wikipedia.org/wiki/Opinion_polling_for_the_2026_Brazilian_presidential_election
2026,1,AtlasIntel,13–18 May 2026,5032,wikipedia_tabela_10,Flávio Bolsonaro,41.8,9.3,https://en.wikipedia.org/wiki/Opinion_polling_for_the_2026_Brazilian_presidential_election
2026,1,AtlasIntel,13–18 May 2026,5032,wikipedia_tabela_10,Lula,47.5,14,https://en.wikipedia.org/wiki/Opinion_polling_for_the_2026_Brazilian_presidential_election
2026,1,AtlasIntel,13–18 May 2026,5032,wikipedia_tabela_10,Ronaldo Caiado,38.5,14,https://en.wikipedia.org/wiki/Opinion_polling_for_the_2026_Brazilian_presidential_election
2026,1,AtlasIntel,13–18 May 2026,5032,wikipedia_tabela_10,Lula,47.8,14.6,https://en.wikipedia.org/wiki/Opinion_polling_for_the_2026_Brazilian_presidential_election
2026,1,AtlasIntel,13–18 May 2026,5032,wikipedia_tabela_10,Romeu Zema,37.6,14.6,https://en.wikipedia.org/wiki/Opinion_polling_for_the_2026_Brazilian_presidential_election
2026,1,AtlasIntel,13–18 May 2026,5032,wikipedia_tabela_10,Lula,47.8,23.8,https://en.wikipedia.org/wiki/Opinion_polling_for_the_2026_Brazilian_presidential_election
2026,1,nan,13 May,"Leaked audio recordings linked Flávio Bolsonaro to Daniel Vorcaro, central figure in the Banco Master scandal.[79][80][81][82][h]",wikipedia_tabela_10,Lula,79.0,"Leaked audio recordings linked Flávio Bolsonaro to Daniel Vorcaro, central figure in the Banco Master scandal.[79][80][81][82][h]",https://en.wikipedia.org/wiki/Opinion_polling_for_the_2026_Brazilian_presidential_election
2026,1,nan,13 May,"Leaked audio recordings linked Flávio Bolsonaro to Daniel Vorcaro, central figure in the Banco Master scandal.[79][80][81][82][h]",wikipedia_tabela_10,Flávio Bolsonaro,79.0,"Leaked audio recordings linked Flávio Bolsonaro to Daniel Vorcaro, central figure in the Banco Master scandal.[79][80][81][82][h]",https://en.wikipedia.org/wiki/Opinion_polling_for_the_2026_Brazilian_presidential_election
2026,1,nan,13 May,"Leaked audio recordings linked Flávio Bolsonaro to Daniel Vorcaro, central figure in the Banco Master scandal.[79][80][81][82][h]",wikipedia_tabela_10,Augusto Cury,79.0,"Leaked audio recordings linked Flávio Bolsonaro to Daniel Vorcaro, central figure in the Banco Master scandal.[79][80][81][82][h]",https://en.wikipedia.org/wiki/Opinion_polling_for_the_2026_Brazilian_presidential_election
2026,1,nan,13 May,"Leaked audio recordings linked Flávio Bolsonaro to Daniel Vorcaro, central figure in the Banco Master scandal.[79][80][81][82][h]",wikipedia_tabela_10,Ronaldo Caiado,79.0,"Leaked audio recordings linked Flávio Bolsonaro to Daniel Vorcaro, central figure in the Banco Master scandal.[79][80][81][82][h]",https://en.wikipedia.org/wiki/Opinion_polling_for_the_2026_Brazilian_presidential_election
2026,1,nan,13 May,"Leaked audio recordings linked Flávio Bolsonaro to Daniel Vorcaro, central figure in the Banco Master scandal.[79][80][81][82][h]",wikipedia_tabela_10,Romeu Zema,79.0,"Leaked audio recordings linked Flávio Bolsonaro to Daniel Vorcaro, central figure in the Banco Master scandal.[79][80][81][82][h]",https://en.wikipedia.org/wiki/Opinion_polling_for_the_2026_Brazilian_presidential_election
2026,1,Datafolha,12–13 May 2026,2004,wikipedia_tabela_10,Lula,45.0,10,https://en.wikipedia.org/wiki/Opinion_polling_for_the_2026_Brazilian_presidential_election
2026,1,Datafolha,12–13 May 2026,2004,wikipedia_tabela_10,Flávio Bolsonaro,45.0,10,https://en.wikipedia.org/wiki/Opinion_polling_for_the_2026_Brazilian_presidential_election
2026,1,Datafolha,12–13 May 2026,2004,wikipedia_tabela_10,Lula,46.0,15,https://en.wikipedia.org/wiki/Opinion_polling_for_the_2026_Brazilian_presidential_election
2026,1,Datafolha,12–13 May 2026,2004,wikipedia_tabela_10,Ronaldo Caiado,39.0,15,https://en.wikipedia.org/wiki/Opinion_polling_for_the_2026_Brazilian_presidential_election
2026,1,Datafolha,12–13 May 2026,2004,wikipedia_tabela_10,Lula,46.0,15,https://en.wikipedia.org/wiki/Opinion_polling_for_the_2026_Brazilian_presidential_election
2026,1,Datafolha,12–13 May 2026,2004,wikipedia_tabela_10,Romeu Zema,40.0,15,https://en.wikipedia.org/wiki/Opinion_polling_for_the_2026_Brazilian_presidential_election
2026,1,Vox Brasil,9–12 May 2026,2100,wikipedia_tabela_10,Lula,40.2,16,https://en.wikipedia.org/wiki/Opinion_polling_for_the_2026_Brazilian_presidential_election
2026,1,Vox Brasil,9–12 May 2026,2100,wikipedia_tabela_10,Flávio Bolsonaro,43.8,16,https://en.wikipedia.org/wiki/Opinion_polling_for_the_2026_Brazilian_presidential_election
2026,1,Vox Brasil,9–12 May 2026,2100,wikipedia_tabela_10,Lula,42.9,24.6,https://en.wikipedia.org/wiki/Opinion_polling_for_the_2026_Brazilian_presidential_election
2026,1,Vox Brasil,9–12 May 2026,2100,wikipedia_tabela_10,Ronaldo Caiado,32.5,24.6,https://en.wikipedia.org/wiki/Opinion_polling_for_the_2026_Brazilian_presidential_election
2026,1,Vox Brasil,9–12 May 2026,2100,wikipedia_tabela_10,Lula,43.1,22.6,https://en.wikipedia.org/wiki/Opinion_polling_for_the_2026_Brazilian_presidential_election
2026,1,Vox Brasil,9–12 May 2026,2100,wikipedia_tabela_10,Romeu Zema,34.3,22.6,https://en.wikipedia.org/wiki/Opinion_polling_for_the_2026_Brazilian_presidential_election
2026,1,Vox Brasil,9–12 May 2026,2100,wikipedia_tabela_10,Lula,44.4,29.4,https://en.wikipedia.org/wiki/Opinion_polling_for_the_2026_Brazilian_presidential_election
2026,1,Quaest,8–11 May 2026,2004,wikipedia_tabela_10,Lula,42.0,17,https://en.wikipedia.org/wiki/Opinion_polling_for_the_2026_Brazilian_presidential_election
2026,1,Quaest,8–11 May 2026,2004,wikipedia_tabela_10,Flávio Bolsonaro,41.0,17,https://en.wikipedia.org/wiki/Opinion_polling_for_the_2026_Brazilian_presidential_election
2026,1,Quaest,8–11 May 2026,2004,wikipedia_tabela_10,Lula,44.0,21,https://en.wikipedia.org/wiki/Opinion_polling_for_the_2026_Brazilian_presidential_election
2026,1,Quaest,8–11 May 2026,2004,wikipedia_tabela_10,Ronaldo Caiado,35.0,21,https://en.wikipedia.org/wiki/Opinion_polling_for_the_2026_Brazilian_presidential_election
2026,1,Quaest,8–11 May 2026,2004,wikipedia_tabela_10,Lula,44.0,19,https://en.wikipedia.org/wiki/Opinion_polling_for_the_2026_Brazilian_presidential_election
2026,1,Quaest,8–11 May 2026,2004,wikipedia_tabela_10,Romeu Zema,37.0,19,https://en.wikipedia.org/wiki/Opinion_polling_for_the_2026_Brazilian_presidential_election
2026,1,Quaest,8–11 May 2026,2004,wikipedia_tabela_10,Lula,45.0,27,https://en.wikipedia.org/wiki/Opinion_polling_for_the_2026_Brazilian_presidential_election
2026,1,Futura,4–8 May 2026,2000,wikipedia_tabela_10,Lula,44.4,8.6,https://en.wikipedia.org/wiki/Opinion_polling_for_the_2026_Brazilian_presidential_election
2026,1,Futura,4–8 May 2026,2000,wikipedia_tabela_10,Flávio Bolsonaro,46.9,8.6,https://en.wikipedia.org/wiki/Opinion_polling_for_the_2026_Brazilian_presidential_election
2026,1,Futura,4–8 May 2026,2000,wikipedia_tabela_10,Lula,45.1,17.9,https://en.wikipedia.org/wiki/Opinion_polling_for_the_2026_Brazilian_presidential_election
2026,1,Futura,4–8 May 2026,2000,wikipedia_tabela_10,Ronaldo Caiado,36.9,17.9,https://en.wikipedia.org/wiki/Opinion_polling_for_the_2026_Brazilian_presidential_election
2026,1,Futura,4–8 May 2026,2000,wikipedia_tabela_10,Lula,46.0,16.3,https://en.wikipedia.org/wiki/Opinion_polling_for_the_2026_Brazilian_presidential_election
2026,1,Futura,4–8 May 2026,2000,wikipedia_tabela_10,Romeu Zema,37.8,16.3,https://en.wikipedia.org/wiki/Opinion_polling_for_the_2026_Brazilian_presidential_election
2026,1,Ideia,1–5 May 2026,1500,wikipedia_tabela_10,Lula,44.7,10,https://en.wikipedia.org/wiki/Opinion_polling_for_the_2026_Brazilian_presidential_election
2026,1,Ideia,1–5 May 2026,1500,wikipedia_tabela_10,Flávio Bolsonaro,45.3,10,https://en.wikipedia.org/wiki/Opinion_polling_for_the_2026_Brazilian_presidential_election
2026,1,Ideia,1–5 May 2026,1500,wikipedia_tabela_10,Lula,44.7,15.5,https://en.wikipedia.org/wiki/Opinion_polling_for_the_2026_Brazilian_presidential_election
2026,1,Ideia,1–5 May 2026,1500,wikipedia_tabela_10,Ronaldo Caiado,40.0,15.5,https://en.wikipedia.org/wiki/Opinion_polling_for_the_2026_Brazilian_presidential_election
2026,1,Ideia,1–5 May 2026,1500,wikipedia_tabela_10,Lula,44.0,17,https://en.wikipedia.org/wiki/Opinion_polling_for_the_2026_Brazilian_presidential_election
2026,1,Ideia,1–5 May 2026,1500,wikipedia_tabela_10,Romeu Zema,39.0,17,https://en.wikipedia.org/wiki/Opinion_polling_for_the_2026_Brazilian_presidential_election
2026,1,Ideia,1–5 May 2026,1500,wikipedia_tabela_10,Lula,44.7,27.7,https://en.wikipedia.org/wiki/Opinion_polling_for_the_2026_Brazilian_presidential_election
2026,1,Real Time,2–4 May 2026,2000,wikipedia_tabela_10,Lula,43.0,13,https://en.wikipedia.org/wiki/Opinion_polling_for_the_2026_Brazilian_presidential_election
2026,1,Real Time,2–4 May 2026,2000,wikipedia_tabela_10,Flávio Bolsonaro,44.0,13,https://en.wikipedia.org/wiki/Opinion_polling_for_the_2026_Brazilian_presidential_election
2026,1,Real Time,2–4 May 2026,2000,wikipedia_tabela_10,Lula,43.0,15,https://en.wikipedia.org/wiki/Opinion_polling_for_the_2026_Brazilian_presidential_election
2026,1,Real Time,2–4 May 2026,2000,wikipedia_tabela_10,Ronaldo Caiado,42.0,15,https://en.wikipedia.org/wiki/Opinion_polling_for_the_2026_Brazilian_presidential_election
2026,1,Real Time,2–4 May 2026,2000,wikipedia_tabela_10,Lula,43.0,18,https://en.wikipedia.org/wiki/Opinion_polling_for_the_2026_Brazilian_presidential_election
2026,1,Real Time,2–4 May 2026,2000,wikipedia_tabela_10,Romeu Zema,39.0,18,https://en.wikipedia.org/wiki/Opinion_polling_for_the_2026_Brazilian_presidential_election
2026,1,Real Time,2–4 May 2026,2000,wikipedia_tabela_10,Lula,48.0,28,https://en.wikipedia.org/wiki/Opinion_polling_for_the_2026_Brazilian_presidential_election
2026,1,AtlasIntel,22–27 Apr 2026,5008,wikipedia_tabela_10,Lula,47.5,4.7,https://en.wikipedia.org/wiki/Opinion_polling_for_the_2026_Brazilian_presidential_election
2026,1,AtlasIntel,22–27 Apr 2026,5008,wikipedia_tabela_10,Flávio Bolsonaro,47.8,4.7,https://en.wikipedia.org/wiki/Opinion_polling_for_the_2026_Brazilian_presidential_election
2026,1,AtlasIntel,22–27 Apr 2026,5008,wikipedia_tabela_10,Lula,46.8,11,https://en.wikipedia.org/wiki/Opinion_polling_for_the_2026_Brazilian_presidential_election
2026,1,AtlasIntel,22–27 Apr 2026,5008,wikipedia_tabela_10,Ronaldo Caiado,42.2,11,https://en.wikipedia.org/wiki/Opinion_polling_for_the_2026_Brazilian_presidential_election
2026,1,AtlasIntel,22–27 Apr 2026,5008,wikipedia_tabela_10,Lula,47.4,6.1,https://en.wikipedia.org/wiki/Opinion_polling_for_the_2026_Brazilian_presidential_election
2026,1,AtlasIntel,22–27 Apr 2026,5008,wikipedia_tabela_10,Romeu Zema,46.5,6.1,https://en.wikipedia.org/wiki/Opinion_polling_for_the_2026_Brazilian_presidential_election
2026,1,AtlasIntel,22–27 Apr 2026,5008,wikipedia_tabela_10,Lula,47.1,23.5,https://en.wikipedia.org/wiki/Opinion_polling_for_the_2026_Brazilian_presidential_election
2026,1,Nexus,24–26 Apr 2026,2028,wikipedia_tabela_10,Lula,46.0,9,https://en.wikipedia.org/wiki/Opinion_polling_for_the_2026_Brazilian_presidential_election
2026,1,Nexus,24–26 Apr 2026,2028,wikipedia_tabela_10,Flávio Bolsonaro,45.0,9,https://en.wikipedia.org/wiki/Opinion_polling_for_the_2026_Brazilian_presidential_election
2026,1,Nexus,24–26 Apr 2026,2028,wikipedia_tabela_10,Lula,45.0,13,https://en.wikipedia.org/wiki/Opinion_polling_for_the_2026_Brazilian_presidential_election
2026,1,Nexus,24–26 Apr 2026,2028,wikipedia_tabela_10,Ronaldo Caiado,41.0,13,https://en.wikipedia.org/wiki/Opinion_polling_for_the_2026_Brazilian_presidential_election
2026,1,Nexus,24–26 Apr 2026,2028,wikipedia_tabela_10,Lula,45.0,14,https://en.wikipedia.org/wiki/Opinion_polling_for_the_2026_Brazilian_presidential_election
2026,1,Nexus,24–26 Apr 2026,2028,wikipedia_tabela_10,Romeu Zema,41.0,14,https://en.wikipedia.org/wiki/Opinion_polling_for_the_2026_Brazilian_presidential_election
2026,1,Quaest,9–13 Apr 2026,2004,wikipedia_tabela_10,Lula,40.0,18,https://en.wikipedia.org/wiki/Opinion_polling_for_the_2026_Brazilian_presidential_election
2026,1,Quaest,9–13 Apr 2026,2004,wikipedia_tabela_10,Flávio Bolsonaro,42.0,18,https://en.wikipedia.org/wiki/Opinion_polling_for_the_2026_Brazilian_presidential_election
2026,1,Quaest,9–13 Apr 2026,2004,wikipedia_tabela_10,Lula,43.0,22,https://en.wikipedia.org/wiki/Opinion_polling_for_the_2026_Brazilian_presidential_election
2026,1,Quaest,9–13 Apr 2026,2004,wikipedia_tabela_10,Ronaldo Caiado,35.0,22,https://en.wikipedia.org/wiki/Opinion_polling_for_the_2026_Brazilian_presidential_election
2026,1,Quaest,9–13 Apr 2026,2004,wikipedia_tabela_10,Lula,43.0,21,https://en.wikipedia.org/wiki/Opinion_polling_for_the_2026_Brazilian_presidential_election
2026,1,Quaest,9–13 Apr 2026,2004,wikipedia_tabela_10,Romeu Zema,36.0,21,https://en.wikipedia.org/wiki/Opinion_polling_for_the_2026_Brazilian_presidential_election
2026,1,Quaest,9–13 Apr 2026,2004,wikipedia_tabela_10,Lula,44.0,32,https://en.wikipedia.org/wiki/Opinion_polling_for_the_2026_Brazilian_presidential_election
2026,1,Quaest,9–13 Apr 2026,2004,wikipedia_tabela_10,Lula,44.0,33,https://en.wikipedia.org/wiki/Opinion_polling_for_the_2026_Brazilian_presidential_election
2026,1,Quaest,9–13 Apr 2026,2004,wikipedia_tabela_10,Augusto Cury,23.0,33,https://en.wikipedia.org/wiki/Opinion_polling_for_the_2026_Brazilian_presidential_election
2026,1,MDA,8–12 Apr 2026,2002,wikipedia_tabela_10,Lula,44.9,14.9,https://en.wikipedia.org/wiki/Opinion_polling_for_the_2026_Brazilian_presidential_election
2026,1,MDA,8–12 Apr 2026,2002,wikipedia_tabela_10,Flávio Bolsonaro,40.2,14.9,https://en.wikipedia.org/wiki/Opinion_polling_for_the_2026_Brazilian_presidential_election
2026,1,MDA,8–12 Apr 2026,2002,wikipedia_tabela_10,Lula,44.4,22.9,https://en.wikipedia.org/wiki/Opinion_polling_for_the_2026_Brazilian_presidential_election
2026,1,MDA,8–12 Apr 2026,2002,wikipedia_tabela_10,Ronaldo Caiado,32.7,22.9,https://en.wikipedia.org/wiki/Opinion_polling_for_the_2026_Brazilian_presidential_election
2026,1,MDA,8–12 Apr 2026,2002,wikipedia_tabela_10,Lula,45.2,23.2,https://en.wikipedia.org/wiki/Opinion_polling_for_the_2026_Brazilian_presidential_election
2026,1,MDA,8–12 Apr 2026,2002,wikipedia_tabela_10,Romeu Zema,31.6,23.2,https://en.wikipedia.org/wiki/Opinion_polling_for_the_2026_Brazilian_presidential_election
2026,1,MDA,8–12 Apr 2026,2002,wikipedia_tabela_10,Lula,45.0,26.7,https://en.wikipedia.org/wiki/Opinion_polling_for_the_2026_Brazilian_presidential_election
2026,1,Futura,7–11 Apr 2026,2000,wikipedia_tabela_10,Lula,42.6,9.4,https://en.wikipedia.org/wiki/Opinion_polling_for_the_2026_Brazilian_presidential_election
2026,1,Futura,7–11 Apr 2026,2000,wikipedia_tabela_10,Flávio Bolsonaro,48.0,9.4,https://en.wikipedia.org/wiki/Opinion_polling_for_the_2026_Brazilian_presidential_election
2026,1,Futura,7–11 Apr 2026,2000,wikipedia_tabela_10,Lula,43.9,17.2,https://en.wikipedia.org/wiki/Opinion_polling_for_the_2026_Brazilian_presidential_election
2026,1,Futura,7–11 Apr 2026,2000,wikipedia_tabela_10,Ronaldo Caiado,38.8,17.2,https://en.wikipedia.org/wiki/Opinion_polling_for_the_2026_Brazilian_presidential_election
2026,1,Futura,7–11 Apr 2026,2000,wikipedia_tabela_10,Lula,44.8,17.1,https://en.wikipedia.org/wiki/Opinion_polling_for_the_2026_Brazilian_presidential_election
2026,1,Futura,7–11 Apr 2026,2000,wikipedia_tabela_10,Romeu Zema,38.0,17.1,https://en.wikipedia.org/wiki/Opinion_polling_for_the_2026_Brazilian_presidential_election
2026,1,Datafolha,7–9 Apr 2026,2004,wikipedia_tabela_10,Lula,45.0,9,https://en.wikipedia.org/wiki/Opinion_polling_for_the_2026_Brazilian_presidential_election
2026,1,Datafolha,7–9 Apr 2026,2004,wikipedia_tabela_10,Flávio Bolsonaro,46.0,9,https://en.wikipedia.org/wiki/Opinion_polling_for_the_2026_Brazilian_presidential_election
2026,1,Datafolha,7–9 Apr 2026,2004,wikipedia_tabela_10,Lula,45.0,13,https://en.wikipedia.org/wiki/Opinion_polling_for_the_2026_Brazilian_presidential_election
2026,1,Datafolha,7–9 Apr 2026,2004,wikipedia_tabela_10,Ronaldo Caiado,42.0,13,https://en.wikipedia.org/wiki/Opinion_polling_for_the_2026_Brazilian_presidential_election
2026,1,Datafolha,7–9 Apr 2026,2004,wikipedia_tabela_10,Lula,45.0,13,https://en.wikipedia.org/wiki/Opinion_polling_for_the_2026_Brazilian_presidential_election
2026,1,Datafolha,7–9 Apr 2026,2004,wikipedia_tabela_10,Romeu Zema,42.0,13,https://en.wikipedia.org/wiki/Opinion_polling_for_the_2026_Brazilian_presidential_election
2026,1,Ideia,3–7 Apr 2026,1500,wikipedia_tabela_10,Lula,45.5,8.7,https://en.wikipedia.org/wiki/Opinion_polling_for_the_2026_Brazilian_presidential_election
2026,1,Ideia,3–7 Apr 2026,1500,wikipedia_tabela_10,Flávio Bolsonaro,45.8,8.7,https://en.wikipedia.org/wiki/Opinion_polling_for_the_2026_Brazilian_presidential_election
2026,1,Ideia,3–7 Apr 2026,1500,wikipedia_tabela_10,Lula,45.0,16,https://en.wikipedia.org/wiki/Opinion_polling_for_the_2026_Brazilian_presidential_election
2026,1,Ideia,3–7 Apr 2026,1500,wikipedia_tabela_10,Ronaldo Caiado,39.0,16,https://en.wikipedia.org/wiki/Opinion_polling_for_the_2026_Brazilian_presidential_election
2026,1,Ideia,3–7 Apr 2026,1500,wikipedia_tabela_10,Lula,44.7,16.6,https://en.wikipedia.org/wiki/Opinion_polling_for_the_2026_Brazilian_presidential_election
2026,1,Ideia,3–7 Apr 2026,1500,wikipedia_tabela_10,Romeu Zema,38.7,16.6,https://en.wikipedia.org/wiki/Opinion_polling_for_the_2026_Brazilian_presidential_election
2026,1,Ideia,3–7 Apr 2026,1500,wikipedia_tabela_10,Lula,45.0,28.6,https://en.wikipedia.org/wiki/Opinion_polling_for_the_2026_Brazilian_presidential_election
2026,1,Nexus,27–29 Mar 2026,2000,wikipedia_tabela_11,Lula,46.0,7,https://en.wikipedia.org/wiki/Opinion_polling_for_the_2026_Brazilian_presidential_election
2026,1,Nexus,27–29 Mar 2026,2000,wikipedia_tabela_11,Flávio Bolsonaro,46.0,7,https://en.wikipedia.org/wiki/Opinion_polling_for_the_2026_Brazilian_presidential_election
2026,1,Nexus,27–29 Mar 2026,2000,wikipedia_tabela_11,Lula,46.0,13,https://en.wikipedia.org/wiki/Opinion_polling_for_the_2026_Brazilian_presidential_election
2026,1,Nexus,27–29 Mar 2026,2000,wikipedia_tabela_11,Ronaldo Caiado,41.0,13,https://en.wikipedia.org/wiki/Opinion_polling_for_the_2026_Brazilian_presidential_election
2026,1,Nexus,27–29 Mar 2026,2000,wikipedia_tabela_11,Lula,46.0,14,https://en.wikipedia.org/wiki/Opinion_polling_for_the_2026_Brazilian_presidential_election
2026,1,Nexus,27–29 Mar 2026,2000,wikipedia_tabela_11,Romeu Zema,40.0,14,https://en.wikipedia.org/wiki/Opinion_polling_for_the_2026_Brazilian_presidential_election
2026,1,Paraná Pesquisas,25–28 Mar 2026,2080,wikipedia_tabela_11,Lula,44.1,10.7,https://en.wikipedia.org/wiki/Opinion_polling_for_the_2026_Brazilian_presidential_election
2026,1,Paraná Pesquisas,25–28 Mar 2026,2080,wikipedia_tabela_11,Flávio Bolsonaro,45.2,10.7,https://en.wikipedia.org/wiki/Opinion_polling_for_the_2026_Brazilian_presidential_election
2026,1,Gerp,20–25 Mar 2026,2000,wikipedia_tabela_11,Lula,45.0,8,https://en.wikipedia.org/wiki/Opinion_polling_for_the_2026_Brazilian_presidential_election
2026,1,Gerp,20–25 Mar 2026,2000,wikipedia_tabela_11,Flávio Bolsonaro,48.0,8,https://en.wikipedia.org/wiki/Opinion_polling_for_the_2026_Brazilian_presidential_election
2026,1,AtlasIntel,18–23 Mar 2026,5028,wikipedia_tabela_11,Lula,46.6,5.8,https://en.wikipedia.org/wiki/Opinion_polling_for_the_2026_Brazilian_presidential_election
2026,1,AtlasIntel,18–23 Mar 2026,5028,wikipedia_tabela_11,Flávio Bolsonaro,47.6,5.8,https://en.wikipedia.org/wiki/Opinion_polling_for_the_2026_Brazilian_presidential_election
2026,1,AtlasIntel,18–23 Mar 2026,5028,wikipedia_tabela_11,Lula,46.3,6.5,https://en.wikipedia.org/wiki/Opinion_polling_for_the_2026_Brazilian_presidential_election
2026,1,AtlasIntel,18–23 Mar 2026,5028,wikipedia_tabela_11,Lula,46.2,17.1,https://en.wikipedia.org/wiki/Opinion_polling_for_the_2026_Brazilian_presidential_election
2026,1,AtlasIntel,18–23 Mar 2026,5028,wikipedia_tabela_11,Ronaldo Caiado,36.7,17.1,https://en.wikipedia.org/wiki/Opinion_polling_for_the_2026_Brazilian_presidential_election
2026,1,AtlasIntel,18–23 Mar 2026,5028,wikipedia_tabela_11,Lula,46.6,9.8,https://en.wikipedia.org/wiki/Opinion_polling_for_the_2026_Brazilian_presidential_election
2026,1,AtlasIntel,18–23 Mar 2026,5028,wikipedia_tabela_11,Romeu Zema,43.7,9.8,https://en.wikipedia.org/wiki/Opinion_polling_for_the_2026_Brazilian_presidential_election
2026,1,Ideia,6–10 Mar 2026,1500,wikipedia_tabela_11,Lula,47.4,7.3,https://en.wikipedia.org/wiki/Opinion_polling_for_the_2026_Brazilian_presidential_election
2026,1,Ideia,6–10 Mar 2026,1500,wikipedia_tabela_11,Flávio Bolsonaro,45.3,7.3,https://en.wikipedia.org/wiki/Opinion_polling_for_the_2026_Brazilian_presidential_election
2026,1,Ideia,6–10 Mar 2026,1500,wikipedia_tabela_11,Lula,46.4,8.8,https://en.wikipedia.org/wiki/Opinion_polling_for_the_2026_Brazilian_presidential_election
2026,1,Ideia,6–10 Mar 2026,1500,wikipedia_tabela_11,Lula,46.5,16.1,https://en.wikipedia.org/wiki/Opinion_polling_for_the_2026_Brazilian_presidential_election
2026,1,Ideia,6–10 Mar 2026,1500,wikipedia_tabela_11,Ronaldo Caiado,37.5,16.1,https://en.wikipedia.org/wiki/Opinion_polling_for_the_2026_Brazilian_presidential_election
2026,1,Ideia,6–10 Mar 2026,1500,wikipedia_tabela_11,Lula,46.5,12.7,https://en.wikipedia.org/wiki/Opinion_polling_for_the_2026_Brazilian_presidential_election
2026,1,Ideia,6–10 Mar 2026,1500,wikipedia_tabela_11,Lula,46.1,16,https://en.wikipedia.org/wiki/Opinion_polling_for_the_2026_Brazilian_presidential_election
2026,1,Ideia,6–10 Mar 2026,1500,wikipedia_tabela_11,Romeu Zema,38.0,16,https://en.wikipedia.org/wiki/Opinion_polling_for_the_2026_Brazilian_presidential_election
2026,1,Quaest,6–9 Mar 2026,2004,wikipedia_tabela_11,Lula,41.0,18,https://en.wikipedia.org/wiki/Opinion_polling_for_the_2026_Brazilian_presidential_election
2026,1,Quaest,6–9 Mar 2026,2004,wikipedia_tabela_11,Flávio Bolsonaro,41.0,18,https://en.wikipedia.org/wiki/Opinion_polling_for_the_2026_Brazilian_presidential_election
2026,1,Quaest,6–9 Mar 2026,2004,wikipedia_tabela_11,Lula,44.0,24,https://en.wikipedia.org/wiki/Opinion_polling_for_the_2026_Brazilian_presidential_election
2026,1,Quaest,6–9 Mar 2026,2004,wikipedia_tabela_11,Ronaldo Caiado,32.0,24,https://en.wikipedia.org/wiki/Opinion_polling_for_the_2026_Brazilian_presidential_election
2026,1,Quaest,6–9 Mar 2026,2004,wikipedia_tabela_11,Lula,42.0,25,https://en.wikipedia.org/wiki/Opinion_polling_for_the_2026_Brazilian_presidential_election
2026,1,Quaest,6–9 Mar 2026,2004,wikipedia_tabela_11,Lula,44.0,22,https://en.wikipedia.org/wiki/Opinion_polling_for_the_2026_Brazilian_presidential_election
2026,1,Quaest,6–9 Mar 2026,2004,wikipedia_tabela_11,Romeu Zema,34.0,22,https://en.wikipedia.org/wiki/Opinion_polling_for_the_2026_Brazilian_presidential_election
2026,1,Futura,2–6 Mar 2026,2000,wikipedia_tabela_11,Lula,40.5,10.7,https://en.wikipedia.org/wiki/Opinion_polling_for_the_2026_Brazilian_presidential_election
2026,1,Futura,2–6 Mar 2026,2000,wikipedia_tabela_11,Flávio Bolsonaro,48.8,10.7,https://en.wikipedia.org/wiki/Opinion_polling_for_the_2026_Brazilian_presidential_election
2026,1,Futura,2–6 Mar 2026,2000,wikipedia_tabela_11,Lula,41.4,13.1,https://en.wikipedia.org/wiki/Opinion_polling_for_the_2026_Brazilian_presidential_election
2026,1,Datafolha,3–5 Mar 2026,2004,wikipedia_tabela_11,Lula,46.0,11,https://en.wikipedia.org/wiki/Opinion_polling_for_the_2026_Brazilian_presidential_election
2026,1,Datafolha,3–5 Mar 2026,2004,wikipedia_tabela_11,Flávio Bolsonaro,43.0,11,https://en.wikipedia.org/wiki/Opinion_polling_for_the_2026_Brazilian_presidential_election
2026,1,Datafolha,3–5 Mar 2026,2004,wikipedia_tabela_11,Lula,45.0,13,https://en.wikipedia.org/wiki/Opinion_polling_for_the_2026_Brazilian_presidential_election
2026,1,Datafolha,3–5 Mar 2026,2004,wikipedia_tabela_11,Lula,46.0,18,https://en.wikipedia.org/wiki/Opinion_polling_for_the_2026_Brazilian_presidential_election
2026,1,Datafolha,3–5 Mar 2026,2004,wikipedia_tabela_11,Ronaldo Caiado,36.0,18,https://en.wikipedia.org/wiki/Opinion_polling_for_the_2026_Brazilian_presidential_election
2026,1,Datafolha,3–5 Mar 2026,2004,wikipedia_tabela_11,Lula,45.0,15,https://en.wikipedia.org/wiki/Opinion_polling_for_the_2026_Brazilian_presidential_election
2026,1,Real Time,28 Feb–2 Mar 2026,2000,wikipedia_tabela_11,Lula,42.0,17,https://en.wikipedia.org/wiki/Opinion_polling_for_the_2026_Brazilian_presidential_election
2026,1,Real Time,28 Feb–2 Mar 2026,2000,wikipedia_tabela_11,Flávio Bolsonaro,41.0,17,https://en.wikipedia.org/wiki/Opinion_polling_for_the_2026_Brazilian_presidential_election
2026,1,Real Time,28 Feb–2 Mar 2026,2000,wikipedia_tabela_11,Lula,45.0,19,https://en.wikipedia.org/wiki/Opinion_polling_for_the_2026_Brazilian_presidential_election
2026,1,Real Time,28 Feb–2 Mar 2026,2000,wikipedia_tabela_11,Ronaldo Caiado,36.0,19,https://en.wikipedia.org/wiki/Opinion_polling_for_the_2026_Brazilian_presidential_election
2026,1,Real Time,28 Feb–2 Mar 2026,2000,wikipedia_tabela_11,Lula,43.0,18,https://en.wikipedia.org/wiki/Opinion_polling_for_the_2026_Brazilian_presidential_election
2026,1,Real Time,28 Feb–2 Mar 2026,2000,wikipedia_tabela_11,Lula,44.0,21,https://en.wikipedia.org/wiki/Opinion_polling_for_the_2026_Brazilian_presidential_election
2026,1,Real Time,28 Feb–2 Mar 2026,2000,wikipedia_tabela_11,Romeu Zema,35.0,21,https://en.wikipedia.org/wiki/Opinion_polling_for_the_2026_Brazilian_presidential_election
2026,1,Paraná Pesquisas,22–25 Feb 2026,2080,wikipedia_tabela_11,Lula,43.8,11.9,https://en.wikipedia.org/wiki/Opinion_polling_for_the_2026_Brazilian_presidential_election
2026,1,Paraná Pesquisas,22–25 Feb 2026,2080,wikipedia_tabela_11,Flávio Bolsonaro,44.4,11.9,https://en.wikipedia.org/wiki/Opinion_polling_for_the_2026_Brazilian_presidential_election
2026,1,Paraná Pesquisas,22–25 Feb 2026,2080,wikipedia_tabela_11,Lula,45.3,18.4,https://en.wikipedia.org/wiki/Opinion_polling_for_the_2026_Brazilian_presidential_election
2026,1,Paraná Pesquisas,22–25 Feb 2026,2080,wikipedia_tabela_11,Ronaldo Caiado,36.2,18.4,https://en.wikipedia.org/wiki/Opinion_polling_for_the_2026_Brazilian_presidential_election
2026,1,Paraná Pesquisas,22–25 Feb 2026,2080,wikipedia_tabela_11,Lula,43.6,16.7,https://en.wikipedia.org/wiki/Opinion_polling_for_the_2026_Brazilian_presidential_election
2026,1,AtlasIntel,19–24 Feb 2026,4986,wikipedia_tabela_11,Lula,46.2,7.5,https://en.wikipedia.org/wiki/Opinion_polling_for_the_2026_Brazilian_presidential_election
2026,1,AtlasIntel,19–24 Feb 2026,4986,wikipedia_tabela_11,Flávio Bolsonaro,46.3,7.5,https://en.wikipedia.org/wiki/Opinion_polling_for_the_2026_Brazilian_presidential_election
2026,1,AtlasIntel,19–24 Feb 2026,4986,wikipedia_tabela_11,Lula,45.9,7,https://en.wikipedia.org/wiki/Opinion_polling_for_the_2026_Brazilian_presidential_election
2026,1,AtlasIntel,19–24 Feb 2026,4986,wikipedia_tabela_11,Lula,45.7,16.7,https://en.wikipedia.org/wiki/Opinion_polling_for_the_2026_Brazilian_presidential_election
2026,1,AtlasIntel,19–24 Feb 2026,4986,wikipedia_tabela_11,Ronaldo Caiado,37.6,16.7,https://en.wikipedia.org/wiki/Opinion_polling_for_the_2026_Brazilian_presidential_election
2026,1,AtlasIntel,19–24 Feb 2026,4986,wikipedia_tabela_11,Lula,45.5,15.5,https://en.wikipedia.org/wiki/Opinion_polling_for_the_2026_Brazilian_presidential_election
2026,1,AtlasIntel,19–24 Feb 2026,4986,wikipedia_tabela_11,Lula,46.0,12.3,https://en.wikipedia.org/wiki/Opinion_polling_for_the_2026_Brazilian_presidential_election
2026,1,AtlasIntel,19–24 Feb 2026,4986,wikipedia_tabela_11,Romeu Zema,41.7,12.3,https://en.wikipedia.org/wiki/Opinion_polling_for_the_2026_Brazilian_presidential_election
2026,1,Quaest,5–9 Feb 2026,2004,wikipedia_tabela_11,Lula,43.0,19,https://en.wikipedia.org/wiki/Opinion_polling_for_the_2026_Brazilian_presidential_election
2026,1,Quaest,5–9 Feb 2026,2004,wikipedia_tabela_11,Flávio Bolsonaro,38.0,19,https://en.wikipedia.org/wiki/Opinion_polling_for_the_2026_Brazilian_presidential_election
2026,1,Quaest,5–9 Feb 2026,2004,wikipedia_tabela_11,Lula,42.0,26,https://en.wikipedia.org/wiki/Opinion_polling_for_the_2026_Brazilian_presidential_election
2026,1,Quaest,5–9 Feb 2026,2004,wikipedia_tabela_11,Ronaldo Caiado,32.0,26,https://en.wikipedia.org/wiki/Opinion_polling_for_the_2026_Brazilian_presidential_election
2026,1,Quaest,5–9 Feb 2026,2004,wikipedia_tabela_11,Lula,43.0,22,https://en.wikipedia.org/wiki/Opinion_polling_for_the_2026_Brazilian_presidential_election
2026,1,Quaest,5–9 Feb 2026,2004,wikipedia_tabela_11,Lula,43.0,25,https://en.wikipedia.org/wiki/Opinion_polling_for_the_2026_Brazilian_presidential_election
2026,1,Quaest,5–9 Feb 2026,2004,wikipedia_tabela_11,Romeu Zema,32.0,25,https://en.wikipedia.org/wiki/Opinion_polling_for_the_2026_Brazilian_presidential_election
2026,1,Futura,3–7 Feb 2026,2000,wikipedia_tabela_11,Lula,42.4,9.4,https://en.wikipedia.org/wiki/Opinion_polling_for_the_2026_Brazilian_presidential_election
2026,1,Futura,3–7 Feb 2026,2000,wikipedia_tabela_11,Flávio Bolsonaro,48.2,9.4,https://en.wikipedia.org/wiki/Opinion_polling_for_the_2026_Brazilian_presidential_election
2026,1,Futura,3–7 Feb 2026,2000,wikipedia_tabela_11,Lula,41.4,11.2,https://en.wikipedia.org/wiki/Opinion_polling_for_the_2026_Brazilian_presidential_election
2026,1,Gerp,28 Jan–2 Feb 2026,2000,wikipedia_tabela_11,Lula,45.0,10,https://en.wikipedia.org/wiki/Opinion_polling_for_the_2026_Brazilian_presidential_election
2026,1,Gerp,28 Jan–2 Feb 2026,2000,wikipedia_tabela_11,Flávio Bolsonaro,45.0,10,https://en.wikipedia.org/wiki/Opinion_polling_for_the_2026_Brazilian_presidential_election
2026,1,Gerp,28 Jan–2 Feb 2026,2000,wikipedia_tabela_11,Lula,47.0,19,https://en.wikipedia.org/wiki/Opinion_polling_for_the_2026_Brazilian_presidential_election
2026,1,Gerp,28 Jan–2 Feb 2026,2000,wikipedia_tabela_11,Ronaldo Caiado,34.0,19,https://en.wikipedia.org/wiki/Opinion_polling_for_the_2026_Brazilian_presidential_election
2026,1,Gerp,28 Jan–2 Feb 2026,2000,wikipedia_tabela_11,Lula,45.0,14,https://en.wikipedia.org/wiki/Opinion_polling_for_the_2026_Brazilian_presidential_election
2026,1,Gerp,28 Jan–2 Feb 2026,2000,wikipedia_tabela_11,Lula,47.0,17,https://en.wikipedia.org/wiki/Opinion_polling_for_the_2026_Brazilian_presidential_election
2026,1,Gerp,28 Jan–2 Feb 2026,2000,wikipedia_tabela_11,Romeu Zema,36.0,17,https://en.wikipedia.org/wiki/Opinion_polling_for_the_2026_Brazilian_presidential_election
2026,1,Ideia,30 Jan–2 Feb 2026,1500,wikipedia_tabela_11,Lula,45.8,13.1,https://en.wikipedia.org/wiki/Opinion_polling_for_the_2026_Brazilian_presidential_election
2026,1,Ideia,30 Jan–2 Feb 2026,1500,wikipedia_tabela_11,Flávio Bolsonaro,41.1,13.1,https://en.wikipedia.org/wiki/Opinion_polling_for_the_2026_Brazilian_presidential_election
2026,1,Ideia,30 Jan–2 Feb 2026,1500,wikipedia_tabela_11,Lula,44.7,13.1,https://en.wikipedia.org/wiki/Opinion_polling_for_the_2026_Brazilian_presidential_election
2026,1,Ideia,30 Jan–2 Feb 2026,1500,wikipedia_tabela_11,Lula,45.0,21,https://en.wikipedia.org/wiki/Opinion_polling_for_the_2026_Brazilian_presidential_election
2026,1,Ideia,30 Jan–2 Feb 2026,1500,wikipedia_tabela_11,Ronaldo Caiado,34.0,21,https://en.wikipedia.org/wiki/Opinion_polling_for_the_2026_Brazilian_presidential_election
2026,1,Ideia,30 Jan–2 Feb 2026,1500,wikipedia_tabela_11,Lula,45.0,17,https://en.wikipedia.org/wiki/Opinion_polling_for_the_2026_Brazilian_presidential_election
2026,1,Ideia,30 Jan–2 Feb 2026,1500,wikipedia_tabela_11,Lula,45.0,20.5,https://en.wikipedia.org/wiki/Opinion_polling_for_the_2026_Brazilian_presidential_election
2026,1,Ideia,30 Jan–2 Feb 2026,1500,wikipedia_tabela_11,Romeu Zema,34.5,20.5,https://en.wikipedia.org/wiki/Opinion_polling_for_the_2026_Brazilian_presidential_election
2026,1,Paraná Pesquisas,25–28 Jan 2026,2080,wikipedia_tabela_11,Lula,44.8,13,https://en.wikipedia.org/wiki/Opinion_polling_for_the_2026_Brazilian_presidential_election
2026,1,Paraná Pesquisas,25–28 Jan 2026,2080,wikipedia_tabela_11,Flávio Bolsonaro,42.2,13,https://en.wikipedia.org/wiki/Opinion_polling_for_the_2026_Brazilian_presidential_election
2026,1,Paraná Pesquisas,25–28 Jan 2026,2080,wikipedia_tabela_11,Lula,43.9,13.7,https://en.wikipedia.org/wiki/Opinion_polling_for_the_2026_Brazilian_presidential_election
2026,1,Paraná Pesquisas,25–28 Jan 2026,2080,wikipedia_tabela_11,Lula,44.7,16.4,https://en.wikipedia.org/wiki/Opinion_polling_for_the_2026_Brazilian_presidential_election
2026,1,AtlasIntel,15–20 Jan 2026,5418,wikipedia_tabela_11,Lula,49.0,6,https://en.wikipedia.org/wiki/Opinion_polling_for_the_2026_Brazilian_presidential_election
2026,1,AtlasIntel,15–20 Jan 2026,5418,wikipedia_tabela_11,Flávio Bolsonaro,45.0,6,https://en.wikipedia.org/wiki/Opinion_polling_for_the_2026_Brazilian_presidential_election
2026,1,AtlasIntel,15–20 Jan 2026,5418,wikipedia_tabela_11,Lula,49.0,6,https://en.wikipedia.org/wiki/Opinion_polling_for_the_2026_Brazilian_presidential_election
2026,1,AtlasIntel,15–20 Jan 2026,5418,wikipedia_tabela_11,Lula,49.0,12,https://en.wikipedia.org/wiki/Opinion_polling_for_the_2026_Brazilian_presidential_election
2026,1,AtlasIntel,15–20 Jan 2026,5418,wikipedia_tabela_11,Lula,49.0,12,https://en.wikipedia.org/wiki/Opinion_polling_for_the_2026_Brazilian_presidential_election
2026,1,AtlasIntel,15–20 Jan 2026,5418,wikipedia_tabela_11,Romeu Zema,39.0,12,https://en.wikipedia.org/wiki/Opinion_polling_for_the_2026_Brazilian_presidential_election
2026,1,AtlasIntel,15–20 Jan 2026,5418,wikipedia_tabela_11,Lula,49.0,12,https://en.wikipedia.org/wiki/Opinion_polling_for_the_2026_Brazilian_presidential_election
2026,1,AtlasIntel,15–20 Jan 2026,5418,wikipedia_tabela_11,Ronaldo Caiado,39.0,12,https://en.wikipedia.org/wiki/Opinion_polling_for_the_2026_Brazilian_presidential_election
2026,1,Futura,15–19 Jan 2026,2000,wikipedia_tabela_11,Lula,41.9,10,https://en.wikipedia.org/wiki/Opinion_polling_for_the_2026_Brazilian_presidential_election
2026,1,Futura,15–19 Jan 2026,2000,wikipedia_tabela_11,Flávio Bolsonaro,48.1,10,https://en.wikipedia.org/wiki/Opinion_polling_for_the_2026_Brazilian_presidential_election
2026,1,Futura,15–19 Jan 2026,2000,wikipedia_tabela_11,Lula,41.3,12.5,https://en.wikipedia.org/wiki/Opinion_polling_for_the_2026_Brazilian_presidential_election
2026,1,Ideia,8–12 Jan 2026,2000,wikipedia_tabela_11,Lula,46.2,17.8,https://en.wikipedia.org/wiki/Opinion_polling_for_the_2026_Brazilian_presidential_election
2026,1,Ideia,8–12 Jan 2026,2000,wikipedia_tabela_11,Flávio Bolsonaro,36.0,17.8,https://en.wikipedia.org/wiki/Opinion_polling_for_the_2026_Brazilian_presidential_election
2026,1,Ideia,8–12 Jan 2026,2000,wikipedia_tabela_11,Lula,44.4,13.6,https://en.wikipedia.org/wiki/Opinion_polling_for_the_2026_Brazilian_presidential_election
2026,1,Ideia,8–12 Jan 2026,2000,wikipedia_tabela_11,Lula,46.0,17.1,https://en.wikipedia.org/wiki/Opinion_polling_for_the_2026_Brazilian_presidential_election
2026,1,Ideia,8–12 Jan 2026,2000,wikipedia_tabela_11,Lula,46.3,17.7,https://en.wikipedia.org/wiki/Opinion_polling_for_the_2026_Brazilian_presidential_election
2026,1,Ideia,8–12 Jan 2026,2000,wikipedia_tabela_11,Romeu Zema,36.1,17.7,https://en.wikipedia.org/wiki/Opinion_polling_for_the_2026_Brazilian_presidential_election
2026,1,Ideia,8–12 Jan 2026,2000,wikipedia_tabela_11,Lula,46.3,17.3,https://en.wikipedia.org/wiki/Opinion_polling_for_the_2026_Brazilian_presidential_election
2026,1,Ideia,8–12 Jan 2026,2000,wikipedia_tabela_11,Ronaldo Caiado,36.5,17.3,https://en.wikipedia.org/wiki/Opinion_polling_for_the_2026_Brazilian_presidential_election
2026,1,Quaest,8–11 Jan 2026,2004,wikipedia_tabela_11,Lula,45.0,17,https://en.wikipedia.org/wiki/Opinion_polling_for_the_2026_Brazilian_presidential_election
2026,1,Quaest,8–11 Jan 2026,2004,wikipedia_tabela_11,Flávio Bolsonaro,38.0,17,https://en.wikipedia.org/wiki/Opinion_polling_for_the_2026_Brazilian_presidential_election
2026,1,Quaest,8–11 Jan 2026,2004,wikipedia_tabela_11,Lula,44.0,17,https://en.wikipedia.org/wiki/Opinion_polling_for_the_2026_Brazilian_presidential_election
2026,1,Quaest,8–11 Jan 2026,2004,wikipedia_tabela_11,Lula,43.0,21,https://en.wikipedia.org/wiki/Opinion_polling_for_the_2026_Brazilian_presidential_election
2026,1,Quaest,8–11 Jan 2026,2004,wikipedia_tabela_11,Lula,46.0,23,https://en.wikipedia.org/wiki/Opinion_polling_for_the_2026_Brazilian_presidential_election
2026,1,Quaest,8–11 Jan 2026,2004,wikipedia_tabela_11,Romeu Zema,31.0,23,https://en.wikipedia.org/wiki/Opinion_polling_for_the_2026_Brazilian_presidential_election
2026,1,Quaest,8–11 Jan 2026,2004,wikipedia_tabela_11,Lula,44.0,23,https://en.wikipedia.org/wiki/Opinion_polling_for_the_2026_Brazilian_presidential_election
2026,1,Quaest,8–11 Jan 2026,2004,wikipedia_tabela_11,Ronaldo Caiado,33.0,23,https://en.wikipedia.org/wiki/Opinion_polling_for_the_2026_Brazilian_presidential_election
2026,1,Paraná Pesquisas,18–22 Dec 2025,2038,wikipedia_tabela_12,Lula,44.1,14.9,https://en.wikipedia.org/wiki/Opinion_polling_for_the_2026_Brazilian_presidential_election
2026,1,Paraná Pesquisas,18–22 Dec 2025,2038,wikipedia_tabela_12,Flávio Bolsonaro,41.0,14.9,https://en.wikipedia.org/wiki/Opinion_polling_for_the_2026_Brazilian_presidential_election
2026,1,Paraná Pesquisas,18–22 Dec 2025,2038,wikipedia_tabela_12,Lula,44.0,13.5,https://en.wikipedia.org/wiki/Opinion_polling_for_the_2026_Brazilian_presidential_election
2026,1,Paraná Pesquisas,18–22 Dec 2025,2038,wikipedia_tabela_12,Lula,43.8,16.0,https://en.wikipedia.org/wiki/Opinion_polling_for_the_2026_Brazilian_presidential_election
2026,1,AtlasIntel,10–15 Dec 2025,18154,wikipedia_tabela_12,Lula,53.0,4.0,https://en.wikipedia.org/wiki/Opinion_polling_for_the_2026_Brazilian_presidential_election
2026,1,AtlasIntel,10–15 Dec 2025,18154,wikipedia_tabela_12,Flávio Bolsonaro,41.0,4.0,https://en.wikipedia.org/wiki/Opinion_polling_for_the_2026_Brazilian_presidential_election
2026,1,AtlasIntel,10–15 Dec 2025,18154,wikipedia_tabela_12,Lula,49.0,5.0,https://en.wikipedia.org/wiki/Opinion_polling_for_the_2026_Brazilian_presidential_election
2026,1,AtlasIntel,10–15 Dec 2025,18154,wikipedia_tabela_12,Lula,49.0,12.0,https://en.wikipedia.org/wiki/Opinion_polling_for_the_2026_Brazilian_presidential_election
2026,1,AtlasIntel,10–15 Dec 2025,18154,wikipedia_tabela_12,Lula,49.0,12.0,https://en.wikipedia.org/wiki/Opinion_polling_for_the_2026_Brazilian_presidential_election
2026,1,AtlasIntel,10–15 Dec 2025,18154,wikipedia_tabela_12,Romeu Zema,39.0,12.0,https://en.wikipedia.org/wiki/Opinion_polling_for_the_2026_Brazilian_presidential_election
2026,1,AtlasIntel,10–15 Dec 2025,18154,wikipedia_tabela_12,Lula,49.0,12.0,https://en.wikipedia.org/wiki/Opinion_polling_for_the_2026_Brazilian_presidential_election
2026,1,AtlasIntel,10–15 Dec 2025,18154,wikipedia_tabela_12,Ronaldo Caiado,39.0,12.0,https://en.wikipedia.org/wiki/Opinion_polling_for_the_2026_Brazilian_presidential_election
2026,1,Quaest,11–14 Dec 2025,2004,wikipedia_tabela_12,Lula,46.0,18.0,https://en.wikipedia.org/wiki/Opinion_polling_for_the_2026_Brazilian_presidential_election
2026,1,Quaest,11–14 Dec 2025,2004,wikipedia_tabela_12,Flávio Bolsonaro,36.0,18.0,https://en.wikipedia.org/wiki/Opinion_polling_for_the_2026_Brazilian_presidential_election
2026,1,Quaest,11–14 Dec 2025,2004,wikipedia_tabela_12,Lula,45.0,20.0,https://en.wikipedia.org/wiki/Opinion_polling_for_the_2026_Brazilian_presidential_election
2026,1,Quaest,11–14 Dec 2025,2004,wikipedia_tabela_12,Lula,45.0,20.0,https://en.wikipedia.org/wiki/Opinion_polling_for_the_2026_Brazilian_presidential_election
2026,1,Quaest,11–14 Dec 2025,2004,wikipedia_tabela_12,Lula,45.0,22.0,https://en.wikipedia.org/wiki/Opinion_polling_for_the_2026_Brazilian_presidential_election
2026,1,Quaest,11–14 Dec 2025,2004,wikipedia_tabela_12,Romeu Zema,33.0,22.0,https://en.wikipedia.org/wiki/Opinion_polling_for_the_2026_Brazilian_presidential_election
2026,1,Quaest,11–14 Dec 2025,2004,wikipedia_tabela_12,Lula,44.0,23.0,https://en.wikipedia.org/wiki/Opinion_polling_for_the_2026_Brazilian_presidential_election
2026,1,Quaest,11–14 Dec 2025,2004,wikipedia_tabela_12,Ronaldo Caiado,33.0,23.0,https://en.wikipedia.org/wiki/Opinion_polling_for_the_2026_Brazilian_presidential_election
2026,1,Gerp,6–10 Dec 2025,2000,wikipedia_tabela_12,Lula,41.0,17.0,https://en.wikipedia.org/wiki/Opinion_polling_for_the_2026_Brazilian_presidential_election
2026,1,Gerp,6–10 Dec 2025,2000,wikipedia_tabela_12,Flávio Bolsonaro,42.0,17.0,https://en.wikipedia.org/wiki/Opinion_polling_for_the_2026_Brazilian_presidential_election
2026,1,Gerp,6–10 Dec 2025,2000,wikipedia_tabela_12,Lula,41.0,20.0,https://en.wikipedia.org/wiki/Opinion_polling_for_the_2026_Brazilian_presidential_election
2026,1,Gerp,6–10 Dec 2025,2000,wikipedia_tabela_12,Lula,40.0,26.0,https://en.wikipedia.org/wiki/Opinion_polling_for_the_2026_Brazilian_presidential_election
2026,1,Gerp,6–10 Dec 2025,2000,wikipedia_tabela_12,Romeu Zema,34.0,26.0,https://en.wikipedia.org/wiki/Opinion_polling_for_the_2026_Brazilian_presidential_election
2026,1,Gerp,6–10 Dec 2025,2000,wikipedia_tabela_12,Lula,40.0,26.0,https://en.wikipedia.org/wiki/Opinion_polling_for_the_2026_Brazilian_presidential_election
2026,1,Gerp,6–10 Dec 2025,2000,wikipedia_tabela_12,Ronaldo Caiado,34.0,26.0,https://en.wikipedia.org/wiki/Opinion_polling_for_the_2026_Brazilian_presidential_election
2026,1,Veritá,6–7 Dec 2025,2519,wikipedia_tabela_12,Lula,40.3,14.8,https://en.wikipedia.org/wiki/Opinion_polling_for_the_2026_Brazilian_presidential_election
2026,1,Veritá,6–7 Dec 2025,2519,wikipedia_tabela_12,Lula,39.8,21.0,https://en.wikipedia.org/wiki/Opinion_polling_for_the_2026_Brazilian_presidential_election
2026,1,Veritá,6–7 Dec 2025,2519,wikipedia_tabela_12,Flávio Bolsonaro,39.2,21.0,https://en.wikipedia.org/wiki/Opinion_polling_for_the_2026_Brazilian_presidential_election
2026,1,Datafolha,2–4 Dec 2025,2002,wikipedia_tabela_12,Lula,47.0,11.0,https://en.wikipedia.org/wiki/Opinion_polling_for_the_2026_Brazilian_presidential_election
2026,1,Datafolha,2–4 Dec 2025,2002,wikipedia_tabela_12,Lula,47.0,12.0,https://en.wikipedia.org/wiki/Opinion_polling_for_the_2026_Brazilian_presidential_election
2026,1,Datafolha,2–4 Dec 2025,2002,wikipedia_tabela_12,Lula,51.0,13.0,https://en.wikipedia.org/wiki/Opinion_polling_for_the_2026_Brazilian_presidential_election
2026,1,Datafolha,2–4 Dec 2025,2002,wikipedia_tabela_12,Flávio Bolsonaro,36.0,13.0,https://en.wikipedia.org/wiki/Opinion_polling_for_the_2026_Brazilian_presidential_election
2026,1,AtlasIntel,22–27 Nov 2025,5510,wikipedia_tabela_12,Lula,49.0,4.0,https://en.wikipedia.org/wiki/Opinion_polling_for_the_2026_Brazilian_presidential_election
2026,1,AtlasIntel,22–27 Nov 2025,5510,wikipedia_tabela_12,Lula,49.0,11.0,https://en.wikipedia.org/wiki/Opinion_polling_for_the_2026_Brazilian_presidential_election
2026,1,AtlasIntel,22–27 Nov 2025,5510,wikipedia_tabela_12,Lula,49.0,10.0,https://en.wikipedia.org/wiki/Opinion_polling_for_the_2026_Brazilian_presidential_election
2026,1,AtlasIntel,22–27 Nov 2025,5510,wikipedia_tabela_12,Romeu Zema,41.0,10.0,https://en.wikipedia.org/wiki/Opinion_polling_for_the_2026_Brazilian_presidential_election
2026,1,AtlasIntel,22–27 Nov 2025,5510,wikipedia_tabela_12,Lula,49.0,10.0,https://en.wikipedia.org/wiki/Opinion_polling_for_the_2026_Brazilian_presidential_election
2026,1,AtlasIntel,22–27 Nov 2025,5510,wikipedia_tabela_12,Ronaldo Caiado,41.0,10.0,https://en.wikipedia.org/wiki/Opinion_polling_for_the_2026_Brazilian_presidential_election
2026,1,MDA,19–23 Nov 2025,2002,wikipedia_tabela_12,Lula,45.7,15.1,https://en.wikipedia.org/wiki/Opinion_polling_for_the_2026_Brazilian_presidential_election
2026,1,MDA,19–23 Nov 2025,2002,wikipedia_tabela_12,Lula,45.8,15.5,https://en.wikipedia.org/wiki/Opinion_polling_for_the_2026_Brazilian_presidential_election
2026,1,MDA,19–23 Nov 2025,2002,wikipedia_tabela_12,Lula,47.9,18.6,https://en.wikipedia.org/wiki/Opinion_polling_for_the_2026_Brazilian_presidential_election
2026,1,MDA,19–23 Nov 2025,2002,wikipedia_tabela_12,Romeu Zema,33.5,18.6,https://en.wikipedia.org/wiki/Opinion_polling_for_the_2026_Brazilian_presidential_election
2026,1,MDA,19–23 Nov 2025,2002,wikipedia_tabela_12,Lula,46.9,19.4,https://en.wikipedia.org/wiki/Opinion_polling_for_the_2026_Brazilian_presidential_election
2026,1,MDA,19–23 Nov 2025,2002,wikipedia_tabela_12,Ronaldo Caiado,33.7,19.4,https://en.wikipedia.org/wiki/Opinion_polling_for_the_2026_Brazilian_presidential_election
2026,1,Paraná Pesquisas,6–10 Nov 2025,2020,wikipedia_tabela_12,Lula,43.0,15.2,https://en.wikipedia.org/wiki/Opinion_polling_for_the_2026_Brazilian_presidential_election
2026,1,Paraná Pesquisas,6–10 Nov 2025,2020,wikipedia_tabela_12,Lula,45.4,16.0,https://en.wikipedia.org/wiki/Opinion_polling_for_the_2026_Brazilian_presidential_election
2026,1,Paraná Pesquisas,6–10 Nov 2025,2020,wikipedia_tabela_12,Flávio Bolsonaro,38.6,16.0,https://en.wikipedia.org/wiki/Opinion_polling_for_the_2026_Brazilian_presidential_election
2026,1,Quaest,6–9 Nov 2025,2004,wikipedia_tabela_12,Lula,41.0,23.0,https://en.wikipedia.org/wiki/Opinion_polling_for_the_2026_Brazilian_presidential_election
2026,1,Paraná Pesquisas,21–24 Oct 2025,2020,wikipedia_tabela_12,Lula,44.9,14.2,https://en.wikipedia.org/wiki/Opinion_polling_for_the_2026_Brazilian_presidential_election
2026,1,Paraná Pesquisas,21–24 Oct 2025,2020,wikipedia_tabela_12,Lula,46.7,16.3,https://en.wikipedia.org/wiki/Opinion_polling_for_the_2026_Brazilian_presidential_election
2026,1,Paraná Pesquisas,21–24 Oct 2025,2020,wikipedia_tabela_12,Flávio Bolsonaro,37.0,16.3,https://en.wikipedia.org/wiki/Opinion_polling_for_the_2026_Brazilian_presidential_election
2026,1,AtlasIntel,15–19 Oct 2025,14063,wikipedia_tabela_12,Lula,52.0,5.0,https://en.wikipedia.org/wiki/Opinion_polling_for_the_2026_Brazilian_presidential_election
2026,1,Quaest,2–5 Oct 2025,2004,wikipedia_tabela_12,Lula,45.0,22.0,https://en.wikipedia.org/wiki/Opinion_polling_for_the_2026_Brazilian_presidential_election
2026,1,Gerp,29 Sep – 6 Oct 2025,2000,wikipedia_tabela_12,Lula,36.0,19.0,https://en.wikipedia.org/wiki/Opinion_polling_for_the_2026_Brazilian_presidential_election
2026,1,Quaest,12–14 Sep 2025,2004,wikipedia_tabela_12,Lula,43.0,22.0,https://en.wikipedia.org/wiki/Opinion_polling_for_the_2026_Brazilian_presidential_election
2026,1,AtlasIntel,10–14 Sep 2025,7291,wikipedia_tabela_12,Lula,50.6,4.2,https://en.wikipedia.org/wiki/Opinion_polling_for_the_2026_Brazilian_presidential_election
2026,1,MDA,3–6 Sep 2025,2002,wikipedia_tabela_12,Lula,43.9,18.5,https://en.wikipedia.org/wiki/Opinion_polling_for_the_2026_Brazilian_presidential_election
2026,1,AtlasIntel,20–25 Aug 2025,6238,wikipedia_tabela_12,Lula,46.6,5.0,https://en.wikipedia.org/wiki/Opinion_polling_for_the_2026_Brazilian_presidential_election
2026,1,Paraná Pesquisas,17–21 Aug 2025,2020,wikipedia_tabela_12,Lula,41.9,16.1,https://en.wikipedia.org/wiki/Opinion_polling_for_the_2026_Brazilian_presidential_election
2026,1,Quaest,13–17 Aug 2025,12150,wikipedia_tabela_12,Lula,43.0,22.0,https://en.wikipedia.org/wiki/Opinion_polling_for_the_2026_Brazilian_presidential_election
2026,1,Quaest,13–17 Aug 2025,12150,wikipedia_tabela_12,Lula,48.0,20.0,https://en.wikipedia.org/wiki/Opinion_polling_for_the_2026_Brazilian_presidential_election
2026,1,Quaest,13–17 Aug 2025,12150,wikipedia_tabela_12,Flávio Bolsonaro,32.0,20.0,https://en.wikipedia.org/wiki/Opinion_polling_for_the_2026_Brazilian_presidential_election
2026,1,Datafolha,29–30 Jul 2025,2004,wikipedia_tabela_12,Lula,45.0,14.0,https://en.wikipedia.org/wiki/Opinion_polling_for_the_2026_Brazilian_presidential_election
2026,1,Datafolha,29–30 Jul 2025,2004,wikipedia_tabela_12,Lula,48.0,14.0,https://en.wikipedia.org/wiki/Opinion_polling_for_the_2026_Brazilian_presidential_election
2026,1,Datafolha,29–30 Jul 2025,2004,wikipedia_tabela_12,Flávio Bolsonaro,37.0,14.0,https://en.wikipedia.org/wiki/Opinion_polling_for_the_2026_Brazilian_presidential_election
2026,1,AtlasIntel,25–28 Jul 2025,7334,wikipedia_tabela_12,Lula,50.4,3.0,https://en.wikipedia.org/wiki/Opinion_polling_for_the_2026_Brazilian_presidential_election
2026,1,Quaest,10–14 Jul 2025,2004,wikipedia_tabela_12,Lula,41.0,23.0,https://en.wikipedia.org/wiki/Opinion_polling_for_the_2026_Brazilian_presidential_election
2026,1,AtlasIntel,27–30 Jun 2025,2621,wikipedia_tabela_12,Lula,47.6,5.5,https://en.wikipedia.org/wiki/Opinion_polling_for_the_2026_Brazilian_presidential_election
2026,1,Neokemp,25–27 Jun 2025,2020,wikipedia_tabela_12,Lula,41.7,11.9,https://en.wikipedia.org/wiki/Opinion_polling_for_the_2026_Brazilian_presidential_election
2026,1,Futura,12–23 Jun 2025,2000,wikipedia_tabela_12,Lula,34.9,18.6,https://en.wikipedia.org/wiki/Opinion_polling_for_the_2026_Brazilian_presidential_election
2026,1,Paraná Pesquisas,18–22 Jun 2025,2020,wikipedia_tabela_12,Lula,40.1,16.2,https://en.wikipedia.org/wiki/Opinion_polling_for_the_2026_Brazilian_presidential_election
2026,1,Paraná Pesquisas,18–22 Jun 2025,2020,wikipedia_tabela_12,Lula,42.1,19.4,https://en.wikipedia.org/wiki/Opinion_polling_for_the_2026_Brazilian_presidential_election
2026,1,Paraná Pesquisas,18–22 Jun 2025,2020,wikipedia_tabela_12,Flávio Bolsonaro,38.4,19.4,https://en.wikipedia.org/wiki/Opinion_polling_for_the_2026_Brazilian_presidential_election
2026,1,Datafolha,10–11 Jun 2025,2004,wikipedia_tabela_12,Lula,43.0,15.0,https://en.wikipedia.org/wiki/Opinion_polling_for_the_2026_Brazilian_presidential_election
2026,1,Datafolha,10–11 Jun 2025,2004,wikipedia_tabela_12,Lula,47.0,15.0,https://en.wikipedia.org/wiki/Opinion_polling_for_the_2026_Brazilian_presidential_election
2026,1,Datafolha,10–11 Jun 2025,2004,wikipedia_tabela_12,Flávio Bolsonaro,38.0,15.0,https://en.wikipedia.org/wiki/Opinion_polling_for_the_2026_Brazilian_presidential_election
2026,1,Futura,2–4 Jun 2025,1001,wikipedia_tabela_12,Lula,41.1,17.9,https://en.wikipedia.org/wiki/Opinion_polling_for_the_2026_Brazilian_presidential_election
2026,1,Quaest,29 May – 1 Jun 2025,2004,wikipedia_tabela_12,Lula,41.0,19.0,https://en.wikipedia.org/wiki/Opinion_polling_for_the_2026_Brazilian_presidential_election
2026,1,Quaest,29 May – 1 Jun 2025,2004,wikipedia_tabela_12,Lula,40.0,22.0,https://en.wikipedia.org/wiki/Opinion_polling_for_the_2026_Brazilian_presidential_election
2026,1,AtlasIntel,19–23 May 2025,4399,wikipedia_tabela_12,Lula,45.3,4.9,https://en.wikipedia.org/wiki/Opinion_polling_for_the_2026_Brazilian_presidential_election
2026,1,AtlasIntel,20–24 Apr 2025,5419,wikipedia_tabela_12,Lula,46.7,6.6,https://en.wikipedia.org/wiki/Opinion_polling_for_the_2026_Brazilian_presidential_election
2026,1,Paraná Pesquisas,16–19 Apr 2025,2020,wikipedia_tabela_12,Lula,40.6,16.0,https://en.wikipedia.org/wiki/Opinion_polling_for_the_2026_Brazilian_presidential_election
2026,1,Datafolha,1–3 Apr 2025,3054,wikipedia_tabela_12,Lula,48.0,14.0,https://en.wikipedia.org/wiki/Opinion_polling_for_the_2026_Brazilian_presidential_election
2026,1,Quaest,27–31 Mar 2025,2004,wikipedia_tabela_12,Lula,43.0,20.0,https://en.wikipedia.org/wiki/Opinion_polling_for_the_2026_Brazilian_presidential_election
2026,1,AtlasIntel,20–24 Mar 2025,4659,wikipedia_tabela_12,Lula,46.0,7.0,https://en.wikipedia.org/wiki/Opinion_polling_for_the_2026_Brazilian_presidential_election
2026,1,Futura,19–22 Mar 2025,1000,wikipedia_tabela_12,Lula,37.6,20.1,https://en.wikipedia.org/wiki/Opinion_polling_for_the_2026_Brazilian_presidential_election
2026,1,AtlasIntel,24–27 Feb 2025,5710,wikipedia_tabela_12,Lula,47.0,4.0,https://en.wikipedia.org/wiki/Opinion_polling_for_the_2026_Brazilian_presidential_election
2026,1,AtlasIntel,27–31 Jan 2025,3125,wikipedia_tabela_12,Lula,45.7,9.6,https://en.wikipedia.org/wiki/Opinion_polling_for_the_2026_Brazilian_presidential_election
2026,1,AtlasIntel,27–31 Jan 2025,3125,wikipedia_tabela_12,Lula,47.4,16.1,https://en.wikipedia.org/wiki/Opinion_polling_for_the_2026_Brazilian_presidential_election
2026,1,AtlasIntel,27–31 Jan 2025,3125,wikipedia_tabela_12,Ronaldo Caiado,36.5,16.1,https://en.wikipedia.org/wiki/Opinion_polling_for_the_2026_Brazilian_presidential_election
2026,1,Quaest,23–26 Jan 2025,4500,wikipedia_tabela_12,Lula,43.0,23.0,https://en.wikipedia.org/wiki/Opinion_polling_for_the_2026_Brazilian_presidential_election
2026,1,Quaest,23–26 Jan 2025,4500,wikipedia_tabela_12,Lula,45.0,27.0,https://en.wikipedia.org/wiki/Opinion_polling_for_the_2026_Brazilian_presidential_election
2026,1,Quaest,23–26 Jan 2025,4500,wikipedia_tabela_12,Romeu Zema,28.0,27.0,https://en.wikipedia.org/wiki/Opinion_polling_for_the_2026_Brazilian_presidential_election
2026,1,Quaest,23–26 Jan 2025,4500,wikipedia_tabela_12,Lula,45.0,29.0,https://en.wikipedia.org/wiki/Opinion_polling_for_the_2026_Brazilian_presidential_election
2026,1,Quaest,23–26 Jan 2025,4500,wikipedia_tabela_12,Ronaldo Caiado,26.0,29.0,https://en.wikipedia.org/wiki/Opinion_polling_for_the_2026_Brazilian_presidential_election
2022,1,Datafolha[11],30 Sep – 1 Oct,12800,wikipedia_tabela_2,Lula,48.0,5%,https://en.wikipedia.org/wiki/Opinion_polling_for_the_2022_Brazilian_presidential_election
2022,1,Datafolha[11],30 Sep – 1 Oct,12800,wikipedia_tabela_2,Bolsonaro,34.0,5%,https://en.wikipedia.org/wiki/Opinion_polling_for_the_2022_Brazilian_presidential_election
2022,1,Datafolha[11],30 Sep – 1 Oct,12800,wikipedia_tabela_2,Gomes,5.0,5%,https://en.wikipedia.org/wiki/Opinion_polling_for_the_2022_Brazilian_presidential_election
2022,1,Datafolha[11],30 Sep – 1 Oct,12800,wikipedia_tabela_2,Tebet,6.0,5%,https://en.wikipedia.org/wiki/Opinion_polling_for_the_2022_Brazilian_presidential_election
2022,1,IPEC[12],29 Sep – 1 Oct,3008,wikipedia_tabela_2,Lula,47.0,7%,https://en.wikipedia.org/wiki/Opinion_polling_for_the_2022_Brazilian_presidential_election
2022,1,IPEC[12],29 Sep – 1 Oct,3008,wikipedia_tabela_2,Bolsonaro,34.0,7%,https://en.wikipedia.org/wiki/Opinion_polling_for_the_2022_Brazilian_presidential_election
2022,1,IPEC[12],29 Sep – 1 Oct,3008,wikipedia_tabela_2,Gomes,5.0,7%,https://en.wikipedia.org/wiki/Opinion_polling_for_the_2022_Brazilian_presidential_election
2022,1,IPEC[12],29 Sep – 1 Oct,3008,wikipedia_tabela_2,Tebet,5.0,7%,https://en.wikipedia.org/wiki/Opinion_polling_for_the_2022_Brazilian_presidential_election
2022,1,Abrapel/Ipespe[13],30 Sep,1100,wikipedia_tabela_2,Lula,46.0,4%,https://en.wikipedia.org/wiki/Opinion_polling_for_the_2022_Brazilian_presidential_election
2022,1,Abrapel/Ipespe[13],30 Sep,1100,wikipedia_tabela_2,Bolsonaro,33.0,4%,https://en.wikipedia.org/wiki/Opinion_polling_for_the_2022_Brazilian_presidential_election
2022,1,Abrapel/Ipespe[13],30 Sep,1100,wikipedia_tabela_2,Gomes,7.0,4%,https://en.wikipedia.org/wiki/Opinion_polling_for_the_2022_Brazilian_presidential_election
2022,1,Abrapel/Ipespe[13],30 Sep,1100,wikipedia_tabela_2,Tebet,6.0,4%,https://en.wikipedia.org/wiki/Opinion_polling_for_the_2022_Brazilian_presidential_election
2022,1,Atlas[14],28–30 Sep,4500,wikipedia_tabela_2,Lula,49.8,1%,https://en.wikipedia.org/wiki/Opinion_polling_for_the_2022_Brazilian_presidential_election
2022,1,Atlas[14],28–30 Sep,4500,wikipedia_tabela_2,Bolsonaro,40.7,1%,https://en.wikipedia.org/wiki/Opinion_polling_for_the_2022_Brazilian_presidential_election
2022,1,Atlas[14],28–30 Sep,4500,wikipedia_tabela_2,Gomes,3.9,1%,https://en.wikipedia.org/wiki/Opinion_polling_for_the_2022_Brazilian_presidential_election
2022,1,Atlas[14],28–30 Sep,4500,wikipedia_tabela_2,Tebet,2.6,1%,https://en.wikipedia.org/wiki/Opinion_polling_for_the_2022_Brazilian_presidential_election
2022,1,CNT/MDA[15],28–30 Sep,2002,wikipedia_tabela_2,Lula,44.2,8.5%,https://en.wikipedia.org/wiki/Opinion_polling_for_the_2022_Brazilian_presidential_election
2022,1,CNT/MDA[15],28–30 Sep,2002,wikipedia_tabela_2,Bolsonaro,36.3,8.5%,https://en.wikipedia.org/wiki/Opinion_polling_for_the_2022_Brazilian_presidential_election
2022,1,CNT/MDA[15],28–30 Sep,2002,wikipedia_tabela_2,Gomes,4.5,8.5%,https://en.wikipedia.org/wiki/Opinion_polling_for_the_2022_Brazilian_presidential_election
2022,1,CNT/MDA[15],28–30 Sep,2002,wikipedia_tabela_2,Tebet,4.3,8.5%,https://en.wikipedia.org/wiki/Opinion_polling_for_the_2022_Brazilian_presidential_election
2022,1,Datafolha[16],27–29 Sep,6800,wikipedia_tabela_2,Lula,48.0,4%,https://en.wikipedia.org/wiki/Opinion_polling_for_the_2022_Brazilian_presidential_election
2022,1,Datafolha[16],27–29 Sep,6800,wikipedia_tabela_2,Bolsonaro,34.0,4%,https://en.wikipedia.org/wiki/Opinion_polling_for_the_2022_Brazilian_presidential_election
2022,1,Datafolha[16],27–29 Sep,6800,wikipedia_tabela_2,Gomes,6.0,4%,https://en.wikipedia.org/wiki/Opinion_polling_for_the_2022_Brazilian_presidential_election
2022,1,Datafolha[16],27–29 Sep,6800,wikipedia_tabela_2,Tebet,5.0,4%,https://en.wikipedia.org/wiki/Opinion_polling_for_the_2022_Brazilian_presidential_election
2022,1,Atlas[17],24–28 Sep,4500,wikipedia_tabela_2,Lula,49.3,2.7%,https://en.wikipedia.org/wiki/Opinion_polling_for_the_2022_Brazilian_presidential_election
2022,1,Atlas[17],24–28 Sep,4500,wikipedia_tabela_2,Bolsonaro,39.9,2.7%,https://en.wikipedia.org/wiki/Opinion_polling_for_the_2022_Brazilian_presidential_election
2022,1,Atlas[17],24–28 Sep,4500,wikipedia_tabela_2,Gomes,3.5,2.7%,https://en.wikipedia.org/wiki/Opinion_polling_for_the_2022_Brazilian_presidential_election
2022,1,Atlas[17],24–28 Sep,4500,wikipedia_tabela_2,Tebet,2.5,2.7%,https://en.wikipedia.org/wiki/Opinion_polling_for_the_2022_Brazilian_presidential_election
2022,1,Exame/Ideia[18],23–28 Sep,1500,wikipedia_tabela_2,Lula,47.0,4%,https://en.wikipedia.org/wiki/Opinion_polling_for_the_2022_Brazilian_presidential_election
2022,1,Exame/Ideia[18],23–28 Sep,1500,wikipedia_tabela_2,Bolsonaro,37.0,4%,https://en.wikipedia.org/wiki/Opinion_polling_for_the_2022_Brazilian_presidential_election
2022,1,Exame/Ideia[18],23–28 Sep,1500,wikipedia_tabela_2,Gomes,6.0,4%,https://en.wikipedia.org/wiki/Opinion_polling_for_the_2022_Brazilian_presidential_election
2022,1,Exame/Ideia[18],23–28 Sep,1500,wikipedia_tabela_2,Tebet,5.0,4%,https://en.wikipedia.org/wiki/Opinion_polling_for_the_2022_Brazilian_presidential_election
2022,1,Genial/Quaest[19],24–27 Sep,2000,wikipedia_tabela_2,Lula,46.0,9%,https://en.wikipedia.org/wiki/Opinion_polling_for_the_2022_Brazilian_presidential_election
2022,1,Genial/Quaest[19],24–27 Sep,2000,wikipedia_tabela_2,Bolsonaro,33.0,9%,https://en.wikipedia.org/wiki/Opinion_polling_for_the_2022_Brazilian_presidential_election
2022,1,Genial/Quaest[19],24–27 Sep,2000,wikipedia_tabela_2,Gomes,6.0,9%,https://en.wikipedia.org/wiki/Opinion_polling_for_the_2022_Brazilian_presidential_election
2022,1,Genial/Quaest[19],24–27 Sep,2000,wikipedia_tabela_2,Tebet,5.0,9%,https://en.wikipedia.org/wiki/Opinion_polling_for_the_2022_Brazilian_presidential_election
2022,1,Atlas[20],22–26 Sep,4500,wikipedia_tabela_2,Lula,48.3,2.3%,https://en.wikipedia.org/wiki/Opinion_polling_for_the_2022_Brazilian_presidential_election
2022,1,Atlas[20],22–26 Sep,4500,wikipedia_tabela_2,Bolsonaro,41.0,2.3%,https://en.wikipedia.org/wiki/Opinion_polling_for_the_2022_Brazilian_presidential_election
2022,1,Atlas[20],22–26 Sep,4500,wikipedia_tabela_2,Gomes,3.5,2.3%,https://en.wikipedia.org/wiki/Opinion_polling_for_the_2022_Brazilian_presidential_election
2022,1,Atlas[20],22–26 Sep,4500,wikipedia_tabela_2,Tebet,2.1,2.3%,https://en.wikipedia.org/wiki/Opinion_polling_for_the_2022_Brazilian_presidential_election
2022,1,Ipec[21],25–26 Sep,3008,wikipedia_tabela_2,Lula,48.0,8%,https://en.wikipedia.org/wiki/Opinion_polling_for_the_2022_Brazilian_presidential_election
2022,1,Ipec[21],25–26 Sep,3008,wikipedia_tabela_2,Bolsonaro,31.0,8%,https://en.wikipedia.org/wiki/Opinion_polling_for_the_2022_Brazilian_presidential_election
2022,1,Ipec[21],25–26 Sep,3008,wikipedia_tabela_2,Gomes,6.0,8%,https://en.wikipedia.org/wiki/Opinion_polling_for_the_2022_Brazilian_presidential_election
2022,1,Ipec[21],25–26 Sep,3008,wikipedia_tabela_2,Tebet,5.0,8%,https://en.wikipedia.org/wiki/Opinion_polling_for_the_2022_Brazilian_presidential_election
2022,1,BTG Pactual/FSB[22],23–25 Sep,2000,wikipedia_tabela_2,Lula,45.0,6%,https://en.wikipedia.org/wiki/Opinion_polling_for_the_2022_Brazilian_presidential_election
2022,1,BTG Pactual/FSB[22],23–25 Sep,2000,wikipedia_tabela_2,Bolsonaro,35.0,6%,https://en.wikipedia.org/wiki/Opinion_polling_for_the_2022_Brazilian_presidential_election
2022,1,BTG Pactual/FSB[22],23–25 Sep,2000,wikipedia_tabela_2,Gomes,7.0,6%,https://en.wikipedia.org/wiki/Opinion_polling_for_the_2022_Brazilian_presidential_election
2022,1,BTG Pactual/FSB[22],23–25 Sep,2000,wikipedia_tabela_2,Tebet,4.0,6%,https://en.wikipedia.org/wiki/Opinion_polling_for_the_2022_Brazilian_presidential_election
2022,1,24 Sep,24 Sep,24 Sep,wikipedia_tabela_2,Lula,23.0,Second presidential debate. Lula did not attend.[23],https://en.wikipedia.org/wiki/Opinion_polling_for_the_2022_Brazilian_presidential_election
2022,1,24 Sep,24 Sep,24 Sep,wikipedia_tabela_2,Bolsonaro,23.0,Second presidential debate. Lula did not attend.[23],https://en.wikipedia.org/wiki/Opinion_polling_for_the_2022_Brazilian_presidential_election
2022,1,24 Sep,24 Sep,24 Sep,wikipedia_tabela_2,Gomes,23.0,Second presidential debate. Lula did not attend.[23],https://en.wikipedia.org/wiki/Opinion_polling_for_the_2022_Brazilian_presidential_election
2022,1,24 Sep,24 Sep,24 Sep,wikipedia_tabela_2,Tebet,23.0,Second presidential debate. Lula did not attend.[23],https://en.wikipedia.org/wiki/Opinion_polling_for_the_2022_Brazilian_presidential_election
2022,1,Abrapel/Ipespe[24],21–23 Sep,1100,wikipedia_tabela_2,Lula,46.0,9%,https://en.wikipedia.org/wiki/Opinion_polling_for_the_2022_Brazilian_presidential_election
2022,1,Abrapel/Ipespe[24],21–23 Sep,1100,wikipedia_tabela_2,Bolsonaro,35.0,9%,https://en.wikipedia.org/wiki/Opinion_polling_for_the_2022_Brazilian_presidential_election
2022,1,Abrapel/Ipespe[24],21–23 Sep,1100,wikipedia_tabela_2,Gomes,6.0,9%,https://en.wikipedia.org/wiki/Opinion_polling_for_the_2022_Brazilian_presidential_election
2022,1,Abrapel/Ipespe[24],21–23 Sep,1100,wikipedia_tabela_2,Tebet,4.0,9%,https://en.wikipedia.org/wiki/Opinion_polling_for_the_2022_Brazilian_presidential_election
2022,1,Datafolha[25],20–22 Sep,6754,wikipedia_tabela_2,Lula,47.0,6%,https://en.wikipedia.org/wiki/Opinion_polling_for_the_2022_Brazilian_presidential_election
2022,1,Datafolha[25],20–22 Sep,6754,wikipedia_tabela_2,Bolsonaro,33.0,6%,https://en.wikipedia.org/wiki/Opinion_polling_for_the_2022_Brazilian_presidential_election
2022,1,Datafolha[25],20–22 Sep,6754,wikipedia_tabela_2,Gomes,7.0,6%,https://en.wikipedia.org/wiki/Opinion_polling_for_the_2022_Brazilian_presidential_election
2022,1,Datafolha[25],20–22 Sep,6754,wikipedia_tabela_2,Tebet,5.0,6%,https://en.wikipedia.org/wiki/Opinion_polling_for_the_2022_Brazilian_presidential_election
2022,1,XP/Ipespe[26],19–21 Sep,2000,wikipedia_tabela_2,Lula,46.0,7%,https://en.wikipedia.org/wiki/Opinion_polling_for_the_2022_Brazilian_presidential_election
2022,1,XP/Ipespe[26],19–21 Sep,2000,wikipedia_tabela_2,Bolsonaro,35.0,7%,https://en.wikipedia.org/wiki/Opinion_polling_for_the_2022_Brazilian_presidential_election
2022,1,XP/Ipespe[26],19–21 Sep,2000,wikipedia_tabela_2,Gomes,7.0,7%,https://en.wikipedia.org/wiki/Opinion_polling_for_the_2022_Brazilian_presidential_election
2022,1,XP/Ipespe[26],19–21 Sep,2000,wikipedia_tabela_2,Tebet,4.0,7%,https://en.wikipedia.org/wiki/Opinion_polling_for_the_2022_Brazilian_presidential_election
2022,1,PoderData[27],18–20 Sep,3500,wikipedia_tabela_2,Lula,44.0,5%,https://en.wikipedia.org/wiki/Opinion_polling_for_the_2022_Brazilian_presidential_election
2022,1,PoderData[27],18–20 Sep,3500,wikipedia_tabela_2,Bolsonaro,37.0,5%,https://en.wikipedia.org/wiki/Opinion_polling_for_the_2022_Brazilian_presidential_election
2022,1,PoderData[27],18–20 Sep,3500,wikipedia_tabela_2,Gomes,7.0,5%,https://en.wikipedia.org/wiki/Opinion_polling_for_the_2022_Brazilian_presidential_election
2022,1,PoderData[27],18–20 Sep,3500,wikipedia_tabela_2,Tebet,4.0,5%,https://en.wikipedia.org/wiki/Opinion_polling_for_the_2022_Brazilian_presidential_election
2022,1,Genial/Quaest[28],17–20 Sep,2000,wikipedia_tabela_2,Lula,44.0,10%,https://en.wikipedia.org/wiki/Opinion_polling_for_the_2022_Brazilian_presidential_election
2022,1,Genial/Quaest[28],17–20 Sep,2000,wikipedia_tabela_2,Bolsonaro,34.0,10%,https://en.wikipedia.org/wiki/Opinion_polling_for_the_2022_Brazilian_presidential_election
2022,1,Genial/Quaest[28],17–20 Sep,2000,wikipedia_tabela_2,Gomes,6.0,10%,https://en.wikipedia.org/wiki/Opinion_polling_for_the_2022_Brazilian_presidential_election
2022,1,Genial/Quaest[28],17–20 Sep,2000,wikipedia_tabela_2,Tebet,5.0,10%,https://en.wikipedia.org/wiki/Opinion_polling_for_the_2022_Brazilian_presidential_election
2022,1,Arko/Atlas[29],16–20 Sep,7514,wikipedia_tabela_2,Lula,48.4,1%,https://en.wikipedia.org/wiki/Opinion_polling_for_the_2022_Brazilian_presidential_election
2022,1,Arko/Atlas[29],16–20 Sep,7514,wikipedia_tabela_2,Bolsonaro,38.6,1%,https://en.wikipedia.org/wiki/Opinion_polling_for_the_2022_Brazilian_presidential_election
2022,1,Arko/Atlas[29],16–20 Sep,7514,wikipedia_tabela_2,Gomes,6.3,1%,https://en.wikipedia.org/wiki/Opinion_polling_for_the_2022_Brazilian_presidential_election
2022,1,Arko/Atlas[29],16–20 Sep,7514,wikipedia_tabela_2,Tebet,4.0,1%,https://en.wikipedia.org/wiki/Opinion_polling_for_the_2022_Brazilian_presidential_election
2022,1,Ipec[30],17–18 Sep,3008,wikipedia_tabela_2,Lula,47.0,9%,https://en.wikipedia.org/wiki/Opinion_polling_for_the_2022_Brazilian_presidential_election
2022,1,Ipec[30],17–18 Sep,3008,wikipedia_tabela_2,Bolsonaro,31.0,9%,https://en.wikipedia.org/wiki/Opinion_polling_for_the_2022_Brazilian_presidential_election
2022,1,Ipec[30],17–18 Sep,3008,wikipedia_tabela_2,Gomes,7.0,9%,https://en.wikipedia.org/wiki/Opinion_polling_for_the_2022_Brazilian_presidential_election
2022,1,Ipec[30],17–18 Sep,3008,wikipedia_tabela_2,Tebet,5.0,9%,https://en.wikipedia.org/wiki/Opinion_polling_for_the_2022_Brazilian_presidential_election
2022,1,BTG/FSB[31],16–18 Sep,2000,wikipedia_tabela_2,Lula,44.0,7%,https://en.wikipedia.org/wiki/Opinion_polling_for_the_2022_Brazilian_presidential_election
2022,1,BTG/FSB[31],16–18 Sep,2000,wikipedia_tabela_2,Bolsonaro,35.0,7%,https://en.wikipedia.org/wiki/Opinion_polling_for_the_2022_Brazilian_presidential_election
2022,1,BTG/FSB[31],16–18 Sep,2000,wikipedia_tabela_2,Gomes,7.0,7%,https://en.wikipedia.org/wiki/Opinion_polling_for_the_2022_Brazilian_presidential_election
2022,1,BTG/FSB[31],16–18 Sep,2000,wikipedia_tabela_2,Tebet,5.0,7%,https://en.wikipedia.org/wiki/Opinion_polling_for_the_2022_Brazilian_presidential_election
2022,1,Abrapel/Ipespe[32],14–16 Sep,1100,wikipedia_tabela_2,Lula,45.0,5%,https://en.wikipedia.org/wiki/Opinion_polling_for_the_2022_Brazilian_presidential_election
2022,1,Abrapel/Ipespe[32],14–16 Sep,1100,wikipedia_tabela_2,Bolsonaro,35.0,5%,https://en.wikipedia.org/wiki/Opinion_polling_for_the_2022_Brazilian_presidential_election
2022,1,Abrapel/Ipespe[32],14–16 Sep,1100,wikipedia_tabela_2,Gomes,7.0,5%,https://en.wikipedia.org/wiki/Opinion_polling_for_the_2022_Brazilian_presidential_election
2022,1,Abrapel/Ipespe[32],14–16 Sep,1100,wikipedia_tabela_2,Tebet,5.0,5%,https://en.wikipedia.org/wiki/Opinion_polling_for_the_2022_Brazilian_presidential_election
2022,1,Datafolha[33],13–15 Sep,5926,wikipedia_tabela_2,Lula,45.0,6%,https://en.wikipedia.org/wiki/Opinion_polling_for_the_2022_Brazilian_presidential_election
2022,1,Datafolha[33],13–15 Sep,5926,wikipedia_tabela_2,Bolsonaro,33.0,6%,https://en.wikipedia.org/wiki/Opinion_polling_for_the_2022_Brazilian_presidential_election
2022,1,Datafolha[33],13–15 Sep,5926,wikipedia_tabela_2,Gomes,8.0,6%,https://en.wikipedia.org/wiki/Opinion_polling_for_the_2022_Brazilian_presidential_election
2022,1,Datafolha[33],13–15 Sep,5926,wikipedia_tabela_2,Tebet,5.0,6%,https://en.wikipedia.org/wiki/Opinion_polling_for_the_2022_Brazilian_presidential_election
2022,1,PoderData[34],11–13 Sep,3500,wikipedia_tabela_2,Lula,43.0,5%,https://en.wikipedia.org/wiki/Opinion_polling_for_the_2022_Brazilian_presidential_election
2022,1,PoderData[34],11–13 Sep,3500,wikipedia_tabela_2,Bolsonaro,37.0,5%,https://en.wikipedia.org/wiki/Opinion_polling_for_the_2022_Brazilian_presidential_election
2022,1,PoderData[34],11–13 Sep,3500,wikipedia_tabela_2,Gomes,8.0,5%,https://en.wikipedia.org/wiki/Opinion_polling_for_the_2022_Brazilian_presidential_election
2022,1,PoderData[34],11–13 Sep,3500,wikipedia_tabela_2,Tebet,5.0,5%,https://en.wikipedia.org/wiki/Opinion_polling_for_the_2022_Brazilian_presidential_election
2022,1,Genial/Quaest[35],10–13 Sep,2000,wikipedia_tabela_2,Lula,42.0,11%,https://en.wikipedia.org/wiki/Opinion_polling_for_the_2022_Brazilian_presidential_election
2022,1,Genial/Quaest[35],10–13 Sep,2000,wikipedia_tabela_2,Bolsonaro,34.0,11%,https://en.wikipedia.org/wiki/Opinion_polling_for_the_2022_Brazilian_presidential_election
2022,1,Genial/Quaest[35],10–13 Sep,2000,wikipedia_tabela_2,Gomes,7.0,11%,https://en.wikipedia.org/wiki/Opinion_polling_for_the_2022_Brazilian_presidential_election
2022,1,Genial/Quaest[35],10–13 Sep,2000,wikipedia_tabela_2,Tebet,4.0,11%,https://en.wikipedia.org/wiki/Opinion_polling_for_the_2022_Brazilian_presidential_election
2022,1,Globo/Ipec[36],9–11 Sep,2512,wikipedia_tabela_2,Lula,46.0,10%,https://en.wikipedia.org/wiki/Opinion_polling_for_the_2022_Brazilian_presidential_election
2022,1,Globo/Ipec[36],9–11 Sep,2512,wikipedia_tabela_2,Bolsonaro,31.0,10%,https://en.wikipedia.org/wiki/Opinion_polling_for_the_2022_Brazilian_presidential_election
2022,1,Globo/Ipec[36],9–11 Sep,2512,wikipedia_tabela_2,Gomes,7.0,10%,https://en.wikipedia.org/wiki/Opinion_polling_for_the_2022_Brazilian_presidential_election
2022,1,Globo/Ipec[36],9–11 Sep,2512,wikipedia_tabela_2,Tebet,4.0,10%,https://en.wikipedia.org/wiki/Opinion_polling_for_the_2022_Brazilian_presidential_election
2022,1,BTG/FSB[37],9–11 Sep,2000,wikipedia_tabela_2,Lula,41.0,6%,https://en.wikipedia.org/wiki/Opinion_polling_for_the_2022_Brazilian_presidential_election
2022,1,BTG/FSB[37],9–11 Sep,2000,wikipedia_tabela_2,Bolsonaro,35.0,6%,https://en.wikipedia.org/wiki/Opinion_polling_for_the_2022_Brazilian_presidential_election
2022,1,BTG/FSB[37],9–11 Sep,2000,wikipedia_tabela_2,Gomes,9.0,6%,https://en.wikipedia.org/wiki/Opinion_polling_for_the_2022_Brazilian_presidential_election
2022,1,BTG/FSB[37],9–11 Sep,2000,wikipedia_tabela_2,Tebet,7.0,6%,https://en.wikipedia.org/wiki/Opinion_polling_for_the_2022_Brazilian_presidential_election
2022,1,Datafolha[38],8–9 Sep,2676,wikipedia_tabela_2,Lula,45.0,7%,https://en.wikipedia.org/wiki/Opinion_polling_for_the_2022_Brazilian_presidential_election
2022,1,Datafolha[38],8–9 Sep,2676,wikipedia_tabela_2,Bolsonaro,34.0,7%,https://en.wikipedia.org/wiki/Opinion_polling_for_the_2022_Brazilian_presidential_election
2022,1,Datafolha[38],8–9 Sep,2676,wikipedia_tabela_2,Gomes,7.0,7%,https://en.wikipedia.org/wiki/Opinion_polling_for_the_2022_Brazilian_presidential_election
2022,1,Datafolha[38],8–9 Sep,2676,wikipedia_tabela_2,Tebet,5.0,7%,https://en.wikipedia.org/wiki/Opinion_polling_for_the_2022_Brazilian_presidential_election
2022,1,Abrapel/Ipespe[39],7–9 Sep,1100,wikipedia_tabela_2,Lula,44.0,5%,https://en.wikipedia.org/wiki/Opinion_polling_for_the_2022_Brazilian_presidential_election
2022,1,Abrapel/Ipespe[39],7–9 Sep,1100,wikipedia_tabela_2,Bolsonaro,36.0,5%,https://en.wikipedia.org/wiki/Opinion_polling_for_the_2022_Brazilian_presidential_election
2022,1,Abrapel/Ipespe[39],7–9 Sep,1100,wikipedia_tabela_2,Gomes,8.0,5%,https://en.wikipedia.org/wiki/Opinion_polling_for_the_2022_Brazilian_presidential_election
2022,1,Abrapel/Ipespe[39],7–9 Sep,1100,wikipedia_tabela_2,Tebet,5.0,5%,https://en.wikipedia.org/wiki/Opinion_polling_for_the_2022_Brazilian_presidential_election
2022,1,BTG/FSB[40],2–4 Sep,2000,wikipedia_tabela_2,Lula,42.0,7%,https://en.wikipedia.org/wiki/Opinion_polling_for_the_2022_Brazilian_presidential_election
2022,1,BTG/FSB[40],2–4 Sep,2000,wikipedia_tabela_2,Bolsonaro,34.0,7%,https://en.wikipedia.org/wiki/Opinion_polling_for_the_2022_Brazilian_presidential_election
2022,1,BTG/FSB[40],2–4 Sep,2000,wikipedia_tabela_2,Gomes,8.0,7%,https://en.wikipedia.org/wiki/Opinion_polling_for_the_2022_Brazilian_presidential_election
2022,1,BTG/FSB[40],2–4 Sep,2000,wikipedia_tabela_2,Tebet,6.0,7%,https://en.wikipedia.org/wiki/Opinion_polling_for_the_2022_Brazilian_presidential_election
2022,1,Globo/Ipec[41],2–4 Sep,2512,wikipedia_tabela_2,Lula,44.0,11%,https://en.wikipedia.org/wiki/Opinion_polling_for_the_2022_Brazilian_presidential_election
2022,1,Globo/Ipec[41],2–4 Sep,2512,wikipedia_tabela_2,Bolsonaro,31.0,11%,https://en.wikipedia.org/wiki/Opinion_polling_for_the_2022_Brazilian_presidential_election
2022,1,Globo/Ipec[41],2–4 Sep,2512,wikipedia_tabela_2,Gomes,8.0,11%,https://en.wikipedia.org/wiki/Opinion_polling_for_the_2022_Brazilian_presidential_election
2022,1,Globo/Ipec[41],2–4 Sep,2512,wikipedia_tabela_2,Tebet,4.0,11%,https://en.wikipedia.org/wiki/Opinion_polling_for_the_2022_Brazilian_presidential_election
2022,1,Genial/Quaest[42],1–4 Sep,2000,wikipedia_tabela_2,Lula,44.0,9%,https://en.wikipedia.org/wiki/Opinion_polling_for_the_2022_Brazilian_presidential_election
2022,1,Genial/Quaest[42],1–4 Sep,2000,wikipedia_tabela_2,Bolsonaro,34.0,9%,https://en.wikipedia.org/wiki/Opinion_polling_for_the_2022_Brazilian_presidential_election
2022,1,Genial/Quaest[42],1–4 Sep,2000,wikipedia_tabela_2,Gomes,7.0,9%,https://en.wikipedia.org/wiki/Opinion_polling_for_the_2022_Brazilian_presidential_election
2022,1,Genial/Quaest[42],1–4 Sep,2000,wikipedia_tabela_2,Tebet,4.0,9%,https://en.wikipedia.org/wiki/Opinion_polling_for_the_2022_Brazilian_presidential_election
2022,1,Abrapel/Ipespe[43],30 Aug – 1 Sep,1100,wikipedia_tabela_2,Lula,44.0,5%,https://en.wikipedia.org/wiki/Opinion_polling_for_the_2022_Brazilian_presidential_election
2022,1,Abrapel/Ipespe[43],30 Aug – 1 Sep,1100,wikipedia_tabela_2,Bolsonaro,35.0,5%,https://en.wikipedia.org/wiki/Opinion_polling_for_the_2022_Brazilian_presidential_election
2022,1,Abrapel/Ipespe[43],30 Aug – 1 Sep,1100,wikipedia_tabela_2,Gomes,9.0,5%,https://en.wikipedia.org/wiki/Opinion_polling_for_the_2022_Brazilian_presidential_election
2022,1,Abrapel/Ipespe[43],30 Aug – 1 Sep,1100,wikipedia_tabela_2,Tebet,5.0,5%,https://en.wikipedia.org/wiki/Opinion_polling_for_the_2022_Brazilian_presidential_election
2022,1,Datafolha[44],30 Aug – 1 Sep,5734,wikipedia_tabela_2,Lula,45.0,6%,https://en.wikipedia.org/wiki/Opinion_polling_for_the_2022_Brazilian_presidential_election
2022,1,Datafolha[44],30 Aug – 1 Sep,5734,wikipedia_tabela_2,Bolsonaro,32.0,6%,https://en.wikipedia.org/wiki/Opinion_polling_for_the_2022_Brazilian_presidential_election
2022,1,Datafolha[44],30 Aug – 1 Sep,5734,wikipedia_tabela_2,Gomes,9.0,6%,https://en.wikipedia.org/wiki/Opinion_polling_for_the_2022_Brazilian_presidential_election
2022,1,Datafolha[44],30 Aug – 1 Sep,5734,wikipedia_tabela_2,Tebet,5.0,6%,https://en.wikipedia.org/wiki/Opinion_polling_for_the_2022_Brazilian_presidential_election
2022,1,PoderData[45],28–30 Aug,3500,wikipedia_tabela_2,Lula,44.0,5%,https://en.wikipedia.org/wiki/Opinion_polling_for_the_2022_Brazilian_presidential_election
2022,1,PoderData[45],28–30 Aug,3500,wikipedia_tabela_2,Bolsonaro,36.0,5%,https://en.wikipedia.org/wiki/Opinion_polling_for_the_2022_Brazilian_presidential_election
2022,1,PoderData[45],28–30 Aug,3500,wikipedia_tabela_2,Gomes,8.0,5%,https://en.wikipedia.org/wiki/Opinion_polling_for_the_2022_Brazilian_presidential_election
2022,1,PoderData[45],28–30 Aug,3500,wikipedia_tabela_2,Tebet,4.0,5%,https://en.wikipedia.org/wiki/Opinion_polling_for_the_2022_Brazilian_presidential_election
2022,1,Paraná Pesquisas[46],26–30 Aug,2020,wikipedia_tabela_2,Lula,41.3,9.9%,https://en.wikipedia.org/wiki/Opinion_polling_for_the_2022_Brazilian_presidential_election
2022,1,Paraná Pesquisas[46],26–30 Aug,2020,wikipedia_tabela_2,Bolsonaro,37.1,9.9%,https://en.wikipedia.org/wiki/Opinion_polling_for_the_2022_Brazilian_presidential_election
2022,1,Paraná Pesquisas[46],26–30 Aug,2020,wikipedia_tabela_2,Gomes,7.7,9.9%,https://en.wikipedia.org/wiki/Opinion_polling_for_the_2022_Brazilian_presidential_election
2022,1,Paraná Pesquisas[46],26–30 Aug,2020,wikipedia_tabela_2,Tebet,2.4,9.9%,https://en.wikipedia.org/wiki/Opinion_polling_for_the_2022_Brazilian_presidential_election
2022,1,XP/Ipespe[47],26–29 Aug,2000,wikipedia_tabela_2,Lula,43.0,6%,https://en.wikipedia.org/wiki/Opinion_polling_for_the_2022_Brazilian_presidential_election
2022,1,XP/Ipespe[47],26–29 Aug,2000,wikipedia_tabela_2,Bolsonaro,35.0,6%,https://en.wikipedia.org/wiki/Opinion_polling_for_the_2022_Brazilian_presidential_election
2022,1,XP/Ipespe[47],26–29 Aug,2000,wikipedia_tabela_2,Gomes,9.0,6%,https://en.wikipedia.org/wiki/Opinion_polling_for_the_2022_Brazilian_presidential_election
2022,1,XP/Ipespe[47],26–29 Aug,2000,wikipedia_tabela_2,Tebet,5.0,6%,https://en.wikipedia.org/wiki/Opinion_polling_for_the_2022_Brazilian_presidential_election
2022,1,28 Aug,28 Aug,28 Aug,wikipedia_tabela_2,Lula,48.0,First presidential debate.[48],https://en.wikipedia.org/wiki/Opinion_polling_for_the_2022_Brazilian_presidential_election
2022,1,28 Aug,28 Aug,28 Aug,wikipedia_tabela_2,Bolsonaro,48.0,First presidential debate.[48],https://en.wikipedia.org/wiki/Opinion_polling_for_the_2022_Brazilian_presidential_election
2022,1,28 Aug,28 Aug,28 Aug,wikipedia_tabela_2,Gomes,48.0,First presidential debate.[48],https://en.wikipedia.org/wiki/Opinion_polling_for_the_2022_Brazilian_presidential_election
2022,1,28 Aug,28 Aug,28 Aug,wikipedia_tabela_2,Tebet,48.0,First presidential debate.[48],https://en.wikipedia.org/wiki/Opinion_polling_for_the_2022_Brazilian_presidential_election
2022,1,BTG/FSB[49],26–28 Aug,2000,wikipedia_tabela_2,Lula,43.0,7%,https://en.wikipedia.org/wiki/Opinion_polling_for_the_2022_Brazilian_presidential_election
2022,1,BTG/FSB[49],26–28 Aug,2000,wikipedia_tabela_2,Bolsonaro,36.0,7%,https://en.wikipedia.org/wiki/Opinion_polling_for_the_2022_Brazilian_presidential_election
2022,1,BTG/FSB[49],26–28 Aug,2000,wikipedia_tabela_2,Gomes,9.0,7%,https://en.wikipedia.org/wiki/Opinion_polling_for_the_2022_Brazilian_presidential_election
2022,1,BTG/FSB[49],26–28 Aug,2000,wikipedia_tabela_2,Tebet,4.0,7%,https://en.wikipedia.org/wiki/Opinion_polling_for_the_2022_Brazilian_presidential_election
2022,1,Ipec[50],26–28 Aug,2000,wikipedia_tabela_2,Lula,44.0,13%,https://en.wikipedia.org/wiki/Opinion_polling_for_the_2022_Brazilian_presidential_election
2022,1,Ipec[50],26–28 Aug,2000,wikipedia_tabela_2,Bolsonaro,32.0,13%,https://en.wikipedia.org/wiki/Opinion_polling_for_the_2022_Brazilian_presidential_election
2022,1,Ipec[50],26–28 Aug,2000,wikipedia_tabela_2,Gomes,7.0,13%,https://en.wikipedia.org/wiki/Opinion_polling_for_the_2022_Brazilian_presidential_election
2022,1,Ipec[50],26–28 Aug,2000,wikipedia_tabela_2,Tebet,3.0,13%,https://en.wikipedia.org/wiki/Opinion_polling_for_the_2022_Brazilian_presidential_election
2022,1,Quaest[51],25–28 Aug,2000,wikipedia_tabela_2,Lula,44.0,11%,https://en.wikipedia.org/wiki/Opinion_polling_for_the_2022_Brazilian_presidential_election
2022,1,Quaest[51],25–28 Aug,2000,wikipedia_tabela_2,Bolsonaro,32.0,11%,https://en.wikipedia.org/wiki/Opinion_polling_for_the_2022_Brazilian_presidential_election
2022,1,Quaest[51],25–28 Aug,2000,wikipedia_tabela_2,Gomes,8.0,11%,https://en.wikipedia.org/wiki/Opinion_polling_for_the_2022_Brazilian_presidential_election
2022,1,Quaest[51],25–28 Aug,2000,wikipedia_tabela_2,Tebet,3.0,11%,https://en.wikipedia.org/wiki/Opinion_polling_for_the_2022_Brazilian_presidential_election
2022,1,CNT/MDA[52],25–28 Aug,2002,wikipedia_tabela_2,Lula,42.3,12.8%,https://en.wikipedia.org/wiki/Opinion_polling_for_the_2022_Brazilian_presidential_election
2022,1,CNT/MDA[52],25–28 Aug,2002,wikipedia_tabela_2,Bolsonaro,34.1,12.8%,https://en.wikipedia.org/wiki/Opinion_polling_for_the_2022_Brazilian_presidential_election
2022,1,CNT/MDA[52],25–28 Aug,2002,wikipedia_tabela_2,Gomes,7.3,12.8%,https://en.wikipedia.org/wiki/Opinion_polling_for_the_2022_Brazilian_presidential_election
2022,1,CNT/MDA[52],25–28 Aug,2002,wikipedia_tabela_2,Tebet,2.1,12.8%,https://en.wikipedia.org/wiki/Opinion_polling_for_the_2022_Brazilian_presidential_election
2022,1,Atlas[53],20–25 Aug,7475,wikipedia_tabela_2,Lula,46.7,1.9%,https://en.wikipedia.org/wiki/Opinion_polling_for_the_2022_Brazilian_presidential_election
2022,1,Atlas[53],20–25 Aug,7475,wikipedia_tabela_2,Bolsonaro,38.3,1.9%,https://en.wikipedia.org/wiki/Opinion_polling_for_the_2022_Brazilian_presidential_election
2022,1,Atlas[53],20–25 Aug,7475,wikipedia_tabela_2,Gomes,6.4,1.9%,https://en.wikipedia.org/wiki/Opinion_polling_for_the_2022_Brazilian_presidential_election
2022,1,Atlas[53],20–25 Aug,7475,wikipedia_tabela_2,Tebet,3.6,1.9%,https://en.wikipedia.org/wiki/Opinion_polling_for_the_2022_Brazilian_presidential_election
2022,1,Exame/Ideia[54],19–24 Aug,1500,wikipedia_tabela_2,Lula,44.0,5%,https://en.wikipedia.org/wiki/Opinion_polling_for_the_2022_Brazilian_presidential_election
2022,1,Exame/Ideia[54],19–24 Aug,1500,wikipedia_tabela_2,Bolsonaro,36.0,5%,https://en.wikipedia.org/wiki/Opinion_polling_for_the_2022_Brazilian_presidential_election
2022,1,Exame/Ideia[54],19–24 Aug,1500,wikipedia_tabela_2,Gomes,9.0,5%,https://en.wikipedia.org/wiki/Opinion_polling_for_the_2022_Brazilian_presidential_election
2022,1,Exame/Ideia[54],19–24 Aug,1500,wikipedia_tabela_2,Tebet,4.0,5%,https://en.wikipedia.org/wiki/Opinion_polling_for_the_2022_Brazilian_presidential_election
2022,1,Paraná Pesquisas[55],19–23 Aug,2020,wikipedia_tabela_2,Lula,41.7,10.1%,https://en.wikipedia.org/wiki/Opinion_polling_for_the_2022_Brazilian_presidential_election
2022,1,Paraná Pesquisas[55],19–23 Aug,2020,wikipedia_tabela_2,Bolsonaro,37.0,10.1%,https://en.wikipedia.org/wiki/Opinion_polling_for_the_2022_Brazilian_presidential_election
2022,1,Paraná Pesquisas[55],19–23 Aug,2020,wikipedia_tabela_2,Gomes,7.3,10.1%,https://en.wikipedia.org/wiki/Opinion_polling_for_the_2022_Brazilian_presidential_election
2022,1,Paraná Pesquisas[55],19–23 Aug,2020,wikipedia_tabela_2,Tebet,2.7,10.1%,https://en.wikipedia.org/wiki/Opinion_polling_for_the_2022_Brazilian_presidential_election
2022,1,BTG/FSB[56],19–21 Aug,2000,wikipedia_tabela_2,Lula,45.0,9%,https://en.wikipedia.org/wiki/Opinion_polling_for_the_2022_Brazilian_presidential_election
2022,1,BTG/FSB[56],19–21 Aug,2000,wikipedia_tabela_2,Bolsonaro,36.0,9%,https://en.wikipedia.org/wiki/Opinion_polling_for_the_2022_Brazilian_presidential_election
2022,1,BTG/FSB[56],19–21 Aug,2000,wikipedia_tabela_2,Gomes,6.0,9%,https://en.wikipedia.org/wiki/Opinion_polling_for_the_2022_Brazilian_presidential_election
2022,1,BTG/FSB[56],19–21 Aug,2000,wikipedia_tabela_2,Tebet,3.0,9%,https://en.wikipedia.org/wiki/Opinion_polling_for_the_2022_Brazilian_presidential_election
2022,1,Datafolha[57],16–18 Aug,5744,wikipedia_tabela_2,Lula,47.0,8%,https://en.wikipedia.org/wiki/Opinion_polling_for_the_2022_Brazilian_presidential_election
2022,1,Datafolha[57],16–18 Aug,5744,wikipedia_tabela_2,Bolsonaro,32.0,8%,https://en.wikipedia.org/wiki/Opinion_polling_for_the_2022_Brazilian_presidential_election
2022,1,Datafolha[57],16–18 Aug,5744,wikipedia_tabela_2,Gomes,7.0,8%,https://en.wikipedia.org/wiki/Opinion_polling_for_the_2022_Brazilian_presidential_election
2022,1,Datafolha[57],16–18 Aug,5744,wikipedia_tabela_2,Tebet,2.0,8%,https://en.wikipedia.org/wiki/Opinion_polling_for_the_2022_Brazilian_presidential_election
2022,1,PoderData[58],14–16 Aug,3500,wikipedia_tabela_2,Lula,44.0,7%,https://en.wikipedia.org/wiki/Opinion_polling_for_the_2022_Brazilian_presidential_election
2022,1,PoderData[58],14–16 Aug,3500,wikipedia_tabela_2,Bolsonaro,37.0,7%,https://en.wikipedia.org/wiki/Opinion_polling_for_the_2022_Brazilian_presidential_election
2022,1,PoderData[58],14–16 Aug,3500,wikipedia_tabela_2,Gomes,6.0,7%,https://en.wikipedia.org/wiki/Opinion_polling_for_the_2022_Brazilian_presidential_election
2022,1,PoderData[58],14–16 Aug,3500,wikipedia_tabela_2,Tebet,4.0,7%,https://en.wikipedia.org/wiki/Opinion_polling_for_the_2022_Brazilian_presidential_election
2022,1,IPEC[59],12–14 Aug,2000,wikipedia_tabela_2,Lula,44.0,15%,https://en.wikipedia.org/wiki/Opinion_polling_for_the_2022_Brazilian_presidential_election
2022,1,IPEC[59],12–14 Aug,2000,wikipedia_tabela_2,Bolsonaro,32.0,15%,https://en.wikipedia.org/wiki/Opinion_polling_for_the_2022_Brazilian_presidential_election
2022,1,IPEC[59],12–14 Aug,2000,wikipedia_tabela_2,Gomes,6.0,15%,https://en.wikipedia.org/wiki/Opinion_polling_for_the_2022_Brazilian_presidential_election
2022,1,IPEC[59],12–14 Aug,2000,wikipedia_tabela_2,Tebet,2.0,15%,https://en.wikipedia.org/wiki/Opinion_polling_for_the_2022_Brazilian_presidential_election
2022,1,FSB Comunicação[60],12–14 Aug,2000,wikipedia_tabela_2,Lula,45.0,8%,https://en.wikipedia.org/wiki/Opinion_polling_for_the_2022_Brazilian_presidential_election
2022,1,FSB Comunicação[60],12–14 Aug,2000,wikipedia_tabela_2,Bolsonaro,34.0,8%,https://en.wikipedia.org/wiki/Opinion_polling_for_the_2022_Brazilian_presidential_election
2022,1,FSB Comunicação[60],12–14 Aug,2000,wikipedia_tabela_2,Gomes,8.0,8%,https://en.wikipedia.org/wiki/Opinion_polling_for_the_2022_Brazilian_presidential_election
2022,1,FSB Comunicação[60],12–14 Aug,2000,wikipedia_tabela_2,Tebet,2.0,8%,https://en.wikipedia.org/wiki/Opinion_polling_for_the_2022_Brazilian_presidential_election
2022,1,Quaest/Genial[61],11–14 Aug,2000,wikipedia_tabela_2,Lula,45.0,12%,https://en.wikipedia.org/wiki/Opinion_polling_for_the_2022_Brazilian_presidential_election
2022,1,Quaest/Genial[61],11–14 Aug,2000,wikipedia_tabela_2,Bolsonaro,33.0,12%,https://en.wikipedia.org/wiki/Opinion_polling_for_the_2022_Brazilian_presidential_election
2022,1,Quaest/Genial[61],11–14 Aug,2000,wikipedia_tabela_2,Gomes,6.0,12%,https://en.wikipedia.org/wiki/Opinion_polling_for_the_2022_Brazilian_presidential_election
2022,1,Quaest/Genial[61],11–14 Aug,2000,wikipedia_tabela_2,Tebet,3.0,12%,https://en.wikipedia.org/wiki/Opinion_polling_for_the_2022_Brazilian_presidential_election
2022,1,FSB Comunicação[62],5–7 Aug,2000,wikipedia_tabela_2,Lula,41.0,11%,https://en.wikipedia.org/wiki/Opinion_polling_for_the_2022_Brazilian_presidential_election
2022,1,FSB Comunicação[62],5–7 Aug,2000,wikipedia_tabela_2,Bolsonaro,34.0,11%,https://en.wikipedia.org/wiki/Opinion_polling_for_the_2022_Brazilian_presidential_election
2022,1,FSB Comunicação[62],5–7 Aug,2000,wikipedia_tabela_2,Gomes,7.0,11%,https://en.wikipedia.org/wiki/Opinion_polling_for_the_2022_Brazilian_presidential_election
2022,1,FSB Comunicação[62],5–7 Aug,2000,wikipedia_tabela_2,Tebet,3.0,11%,https://en.wikipedia.org/wiki/Opinion_polling_for_the_2022_Brazilian_presidential_election
2022,1,5 Aug,5 Aug,5 Aug,wikipedia_tabela_2,Lula,63.0,Brazil Union formally launches the candidacy of senator Soraya Thronicke.[63],https://en.wikipedia.org/wiki/Opinion_polling_for_the_2022_Brazilian_presidential_election
2022,1,5 Aug,5 Aug,5 Aug,wikipedia_tabela_2,Bolsonaro,63.0,Brazil Union formally launches the candidacy of senator Soraya Thronicke.[63],https://en.wikipedia.org/wiki/Opinion_polling_for_the_2022_Brazilian_presidential_election
2022,1,5 Aug,5 Aug,5 Aug,wikipedia_tabela_2,Gomes,63.0,Brazil Union formally launches the candidacy of senator Soraya Thronicke.[63],https://en.wikipedia.org/wiki/Opinion_polling_for_the_2022_Brazilian_presidential_election
2022,1,5 Aug,5 Aug,5 Aug,wikipedia_tabela_2,Tebet,63.0,Brazil Union formally launches the candidacy of senator Soraya Thronicke.[63],https://en.wikipedia.org/wiki/Opinion_polling_for_the_2022_Brazilian_presidential_election
2022,1,4 Aug,4 Aug,4 Aug,wikipedia_tabela_2,Lula,64.0,André Janones (Avante) withdraws his candidacy; endorses Lula.[64],https://en.wikipedia.org/wiki/Opinion_polling_for_the_2022_Brazilian_presidential_election
2022,1,4 Aug,4 Aug,4 Aug,wikipedia_tabela_2,Bolsonaro,64.0,André Janones (Avante) withdraws his candidacy; endorses Lula.[64],https://en.wikipedia.org/wiki/Opinion_polling_for_the_2022_Brazilian_presidential_election
2022,1,4 Aug,4 Aug,4 Aug,wikipedia_tabela_2,Gomes,64.0,André Janones (Avante) withdraws his candidacy; endorses Lula.[64],https://en.wikipedia.org/wiki/Opinion_polling_for_the_2022_Brazilian_presidential_election
2022,1,4 Aug,4 Aug,4 Aug,wikipedia_tabela_2,Tebet,64.0,André Janones (Avante) withdraws his candidacy; endorses Lula.[64],https://en.wikipedia.org/wiki/Opinion_polling_for_the_2022_Brazilian_presidential_election
2022,1,PoderData[65],31 Jul – 2 Aug,3500,wikipedia_tabela_2,Lula,43.0,6%,https://en.wikipedia.org/wiki/Opinion_polling_for_the_2022_Brazilian_presidential_election
2022,1,PoderData[65],31 Jul – 2 Aug,3500,wikipedia_tabela_2,Bolsonaro,35.0,6%,https://en.wikipedia.org/wiki/Opinion_polling_for_the_2022_Brazilian_presidential_election
2022,1,PoderData[65],31 Jul – 2 Aug,3500,wikipedia_tabela_2,Gomes,7.0,6%,https://en.wikipedia.org/wiki/Opinion_polling_for_the_2022_Brazilian_presidential_election
2022,1,PoderData[65],31 Jul – 2 Aug,3500,wikipedia_tabela_2,Tebet,4.0,6%,https://en.wikipedia.org/wiki/Opinion_polling_for_the_2022_Brazilian_presidential_election
2022,1,Paraná Pesquisas[66],28 Jul – 1 Aug,2020,wikipedia_tabela_2,Lula,41.1,10.3%,https://en.wikipedia.org/wiki/Opinion_polling_for_the_2022_Brazilian_presidential_election
2022,1,Paraná Pesquisas[66],28 Jul – 1 Aug,2020,wikipedia_tabela_2,Bolsonaro,35.6,10.3%,https://en.wikipedia.org/wiki/Opinion_polling_for_the_2022_Brazilian_presidential_election
2022,1,Paraná Pesquisas[66],28 Jul – 1 Aug,2020,wikipedia_tabela_2,Gomes,7.9,10.3%,https://en.wikipedia.org/wiki/Opinion_polling_for_the_2022_Brazilian_presidential_election
2022,1,Paraná Pesquisas[66],28 Jul – 1 Aug,2020,wikipedia_tabela_2,Tebet,1.8,10.3%,https://en.wikipedia.org/wiki/Opinion_polling_for_the_2022_Brazilian_presidential_election
2022,1,31 Jul,31 Jul,31 Jul,wikipedia_tabela_2,Lula,67.0,Congressman Luciano Bivar (Brazil Union) withdraws his candidacy.[67],https://en.wikipedia.org/wiki/Opinion_polling_for_the_2022_Brazilian_presidential_election
2022,1,31 Jul,31 Jul,31 Jul,wikipedia_tabela_2,Bolsonaro,67.0,Congressman Luciano Bivar (Brazil Union) withdraws his candidacy.[67],https://en.wikipedia.org/wiki/Opinion_polling_for_the_2022_Brazilian_presidential_election
2022,1,31 Jul,31 Jul,31 Jul,wikipedia_tabela_2,Gomes,67.0,Congressman Luciano Bivar (Brazil Union) withdraws his candidacy.[67],https://en.wikipedia.org/wiki/Opinion_polling_for_the_2022_Brazilian_presidential_election
2022,1,31 Jul,31 Jul,31 Jul,wikipedia_tabela_2,Tebet,67.0,Congressman Luciano Bivar (Brazil Union) withdraws his candidacy.[67],https://en.wikipedia.org/wiki/Opinion_polling_for_the_2022_Brazilian_presidential_election
2022,1,Quaest/Genial[68],28–31 Jul,2000,wikipedia_tabela_2,Lula,44.0,12%,https://en.wikipedia.org/wiki/Opinion_polling_for_the_2022_Brazilian_presidential_election
2022,1,Quaest/Genial[68],28–31 Jul,2000,wikipedia_tabela_2,Bolsonaro,32.0,12%,https://en.wikipedia.org/wiki/Opinion_polling_for_the_2022_Brazilian_presidential_election
2022,1,Quaest/Genial[68],28–31 Jul,2000,wikipedia_tabela_2,Gomes,5.0,12%,https://en.wikipedia.org/wiki/Opinion_polling_for_the_2022_Brazilian_presidential_election
2022,1,Quaest/Genial[68],28–31 Jul,2000,wikipedia_tabela_2,Tebet,2.0,12%,https://en.wikipedia.org/wiki/Opinion_polling_for_the_2022_Brazilian_presidential_election
2022,1,Datafolha[69],27–28 Jul,2566,wikipedia_tabela_2,Lula,47.0,9%,https://en.wikipedia.org/wiki/Opinion_polling_for_the_2022_Brazilian_presidential_election
2022,1,Datafolha[69],27–28 Jul,2566,wikipedia_tabela_2,Bolsonaro,29.0,9%,https://en.wikipedia.org/wiki/Opinion_polling_for_the_2022_Brazilian_presidential_election
2022,1,Datafolha[69],27–28 Jul,2566,wikipedia_tabela_2,Gomes,8.0,9%,https://en.wikipedia.org/wiki/Opinion_polling_for_the_2022_Brazilian_presidential_election
2022,1,Datafolha[69],27–28 Jul,2566,wikipedia_tabela_2,Tebet,2.0,9%,https://en.wikipedia.org/wiki/Opinion_polling_for_the_2022_Brazilian_presidential_election
2022,1,BTG/FSB[70],22–24 Jul,2000,wikipedia_tabela_2,Lula,44.0,10%,https://en.wikipedia.org/wiki/Opinion_polling_for_the_2022_Brazilian_presidential_election
2022,1,BTG/FSB[70],22–24 Jul,2000,wikipedia_tabela_2,Bolsonaro,31.0,10%,https://en.wikipedia.org/wiki/Opinion_polling_for_the_2022_Brazilian_presidential_election
2022,1,BTG/FSB[70],22–24 Jul,2000,wikipedia_tabela_2,Gomes,9.0,10%,https://en.wikipedia.org/wiki/Opinion_polling_for_the_2022_Brazilian_presidential_election
2022,1,BTG/FSB[70],22–24 Jul,2000,wikipedia_tabela_2,Tebet,2.0,10%,https://en.wikipedia.org/wiki/Opinion_polling_for_the_2022_Brazilian_presidential_election
2022,1,XP/Ipespe[71],20–22 Jul,2000,wikipedia_tabela_2,Lula,44.0,6%,https://en.wikipedia.org/wiki/Opinion_polling_for_the_2022_Brazilian_presidential_election
2022,1,XP/Ipespe[71],20–22 Jul,2000,wikipedia_tabela_2,Bolsonaro,35.0,6%,https://en.wikipedia.org/wiki/Opinion_polling_for_the_2022_Brazilian_presidential_election
2022,1,XP/Ipespe[71],20–22 Jul,2000,wikipedia_tabela_2,Gomes,9.0,6%,https://en.wikipedia.org/wiki/Opinion_polling_for_the_2022_Brazilian_presidential_election
2022,1,XP/Ipespe[71],20–22 Jul,2000,wikipedia_tabela_2,Tebet,4.0,6%,https://en.wikipedia.org/wiki/Opinion_polling_for_the_2022_Brazilian_presidential_election
2022,1,20 Jul,20 Jul,20 Jul,wikipedia_tabela_2,Lula,72.0,Beginning of the period for the realization of party conventions.[72],https://en.wikipedia.org/wiki/Opinion_polling_for_the_2022_Brazilian_presidential_election
2022,1,20 Jul,20 Jul,20 Jul,wikipedia_tabela_2,Bolsonaro,72.0,Beginning of the period for the realization of party conventions.[72],https://en.wikipedia.org/wiki/Opinion_polling_for_the_2022_Brazilian_presidential_election
2022,1,20 Jul,20 Jul,20 Jul,wikipedia_tabela_2,Gomes,72.0,Beginning of the period for the realization of party conventions.[72],https://en.wikipedia.org/wiki/Opinion_polling_for_the_2022_Brazilian_presidential_election
2022,1,20 Jul,20 Jul,20 Jul,wikipedia_tabela_2,Tebet,72.0,Beginning of the period for the realization of party conventions.[72],https://en.wikipedia.org/wiki/Opinion_polling_for_the_2022_Brazilian_presidential_election
2022,1,Exame/Ideia[73],15–20 Jul,1500,wikipedia_tabela_2,Lula,44.0,7%,https://en.wikipedia.org/wiki/Opinion_polling_for_the_2022_Brazilian_presidential_election
2022,1,Exame/Ideia[73],15–20 Jul,1500,wikipedia_tabela_2,Bolsonaro,33.0,7%,https://en.wikipedia.org/wiki/Opinion_polling_for_the_2022_Brazilian_presidential_election
2022,1,Exame/Ideia[73],15–20 Jul,1500,wikipedia_tabela_2,Gomes,8.0,7%,https://en.wikipedia.org/wiki/Opinion_polling_for_the_2022_Brazilian_presidential_election
2022,1,Exame/Ideia[73],15–20 Jul,1500,wikipedia_tabela_2,Tebet,4.0,7%,https://en.wikipedia.org/wiki/Opinion_polling_for_the_2022_Brazilian_presidential_election
2022,1,PoderData[74],17–19 Jul,3000,wikipedia_tabela_2,Lula,43.0,8%,https://en.wikipedia.org/wiki/Opinion_polling_for_the_2022_Brazilian_presidential_election
2022,1,PoderData[74],17–19 Jul,3000,wikipedia_tabela_2,Bolsonaro,37.0,8%,https://en.wikipedia.org/wiki/Opinion_polling_for_the_2022_Brazilian_presidential_election
2022,1,PoderData[74],17–19 Jul,3000,wikipedia_tabela_2,Gomes,6.0,8%,https://en.wikipedia.org/wiki/Opinion_polling_for_the_2022_Brazilian_presidential_election
2022,1,PoderData[74],17–19 Jul,3000,wikipedia_tabela_2,Tebet,3.0,8%,https://en.wikipedia.org/wiki/Opinion_polling_for_the_2022_Brazilian_presidential_election
2022,1,BTG/FSB[75],8–10 Jul,2000,wikipedia_tabela_2,Lula,41.0,8%,https://en.wikipedia.org/wiki/Opinion_polling_for_the_2022_Brazilian_presidential_election
2022,1,BTG/FSB[75],8–10 Jul,2000,wikipedia_tabela_2,Bolsonaro,32.0,8%,https://en.wikipedia.org/wiki/Opinion_polling_for_the_2022_Brazilian_presidential_election
2022,1,BTG/FSB[75],8–10 Jul,2000,wikipedia_tabela_2,Gomes,9.0,8%,https://en.wikipedia.org/wiki/Opinion_polling_for_the_2022_Brazilian_presidential_election
2022,1,BTG/FSB[75],8–10 Jul,2000,wikipedia_tabela_2,Tebet,4.0,8%,https://en.wikipedia.org/wiki/Opinion_polling_for_the_2022_Brazilian_presidential_election
2022,1,BTG/FSB[75],8–10 Jul,2000,wikipedia_tabela_2,Lula,42.0,9%,https://en.wikipedia.org/wiki/Opinion_polling_for_the_2022_Brazilian_presidential_election
2022,1,BTG/FSB[75],8–10 Jul,2000,wikipedia_tabela_2,Bolsonaro,32.0,9%,https://en.wikipedia.org/wiki/Opinion_polling_for_the_2022_Brazilian_presidential_election
2022,1,BTG/FSB[75],8–10 Jul,2000,wikipedia_tabela_2,Gomes,9.0,9%,https://en.wikipedia.org/wiki/Opinion_polling_for_the_2022_Brazilian_presidential_election
2022,1,BTG/FSB[75],8–10 Jul,2000,wikipedia_tabela_2,Tebet,4.0,9%,https://en.wikipedia.org/wiki/Opinion_polling_for_the_2022_Brazilian_presidential_election
2022,1,PoderData[76],3–5 Jul,3000,wikipedia_tabela_2,Lula,44.0,9%,https://en.wikipedia.org/wiki/Opinion_polling_for_the_2022_Brazilian_presidential_election
2022,1,PoderData[76],3–5 Jul,3000,wikipedia_tabela_2,Bolsonaro,36.0,9%,https://en.wikipedia.org/wiki/Opinion_polling_for_the_2022_Brazilian_presidential_election
2022,1,PoderData[76],3–5 Jul,3000,wikipedia_tabela_2,Gomes,5.0,9%,https://en.wikipedia.org/wiki/Opinion_polling_for_the_2022_Brazilian_presidential_election
2022,1,PoderData[76],3–5 Jul,3000,wikipedia_tabela_2,Tebet,3.0,9%,https://en.wikipedia.org/wiki/Opinion_polling_for_the_2022_Brazilian_presidential_election
2022,1,Quaest/Genial[77],29 Jun – 2 Jul,2000,wikipedia_tabela_2,Lula,45.0,12%,https://en.wikipedia.org/wiki/Opinion_polling_for_the_2022_Brazilian_presidential_election
2022,1,Quaest/Genial[77],29 Jun – 2 Jul,2000,wikipedia_tabela_2,Bolsonaro,31.0,12%,https://en.wikipedia.org/wiki/Opinion_polling_for_the_2022_Brazilian_presidential_election
2022,1,Quaest/Genial[77],29 Jun – 2 Jul,2000,wikipedia_tabela_2,Gomes,6.0,12%,https://en.wikipedia.org/wiki/Opinion_polling_for_the_2022_Brazilian_presidential_election
2022,1,Quaest/Genial[77],29 Jun – 2 Jul,2000,wikipedia_tabela_2,Tebet,2.0,12%,https://en.wikipedia.org/wiki/Opinion_polling_for_the_2022_Brazilian_presidential_election
2022,1,Quaest/Genial[77],29 Jun – 2 Jul,2000,wikipedia_tabela_2,Lula,45.0,11%,https://en.wikipedia.org/wiki/Opinion_polling_for_the_2022_Brazilian_presidential_election
2022,1,Quaest/Genial[77],29 Jun – 2 Jul,2000,wikipedia_tabela_2,Bolsonaro,31.0,11%,https://en.wikipedia.org/wiki/Opinion_polling_for_the_2022_Brazilian_presidential_election
2022,1,Quaest/Genial[77],29 Jun – 2 Jul,2000,wikipedia_tabela_2,Gomes,7.0,11%,https://en.wikipedia.org/wiki/Opinion_polling_for_the_2022_Brazilian_presidential_election
2022,1,Quaest/Genial[77],29 Jun – 2 Jul,2000,wikipedia_tabela_2,Tebet,3.0,11%,https://en.wikipedia.org/wiki/Opinion_polling_for_the_2022_Brazilian_presidential_election
2022,1,Quaest/Genial[77],29 Jun – 2 Jul,2000,wikipedia_tabela_2,Lula,47.0,12%,https://en.wikipedia.org/wiki/Opinion_polling_for_the_2022_Brazilian_presidential_election
2022,1,Quaest/Genial[77],29 Jun – 2 Jul,2000,wikipedia_tabela_2,Bolsonaro,31.0,12%,https://en.wikipedia.org/wiki/Opinion_polling_for_the_2022_Brazilian_presidential_election
2022,1,Quaest/Genial[77],29 Jun – 2 Jul,2000,wikipedia_tabela_2,Gomes,8.0,12%,https://en.wikipedia.org/wiki/Opinion_polling_for_the_2022_Brazilian_presidential_election
2022,1,Quaest/Genial[77],29 Jun – 2 Jul,2000,wikipedia_tabela_2,Tebet,3.0,12%,https://en.wikipedia.org/wiki/Opinion_polling_for_the_2022_Brazilian_presidential_election
2022,1,BTG/FSB[78],24–26 Jun,2000,wikipedia_tabela_3,Lula,43.0,9%,https://en.wikipedia.org/wiki/Opinion_polling_for_the_2022_Brazilian_presidential_election
2022,1,BTG/FSB[78],24–26 Jun,2000,wikipedia_tabela_3,Bolsonaro,33.0,9%,https://en.wikipedia.org/wiki/Opinion_polling_for_the_2022_Brazilian_presidential_election
2022,1,BTG/FSB[78],24–26 Jun,2000,wikipedia_tabela_3,Gomes,8.0,9%,https://en.wikipedia.org/wiki/Opinion_polling_for_the_2022_Brazilian_presidential_election
2022,1,Modalmais/Futura[79],20–24 Jun,2000,wikipedia_tabela_3,Lula,38.9,11%,https://en.wikipedia.org/wiki/Opinion_polling_for_the_2022_Brazilian_presidential_election
2022,1,Modalmais/Futura[79],20–24 Jun,2000,wikipedia_tabela_3,Bolsonaro,37.6,11%,https://en.wikipedia.org/wiki/Opinion_polling_for_the_2022_Brazilian_presidential_election
2022,1,Modalmais/Futura[79],20–24 Jun,2000,wikipedia_tabela_3,Gomes,7.3,11%,https://en.wikipedia.org/wiki/Opinion_polling_for_the_2022_Brazilian_presidential_election
2022,1,Datafolha[80],22–23 Jun,2556,wikipedia_tabela_3,Lula,47.0,11%,https://en.wikipedia.org/wiki/Opinion_polling_for_the_2022_Brazilian_presidential_election
2022,1,Datafolha[80],22–23 Jun,2556,wikipedia_tabela_3,Bolsonaro,28.0,11%,https://en.wikipedia.org/wiki/Opinion_polling_for_the_2022_Brazilian_presidential_election
2022,1,Datafolha[80],22–23 Jun,2556,wikipedia_tabela_3,Gomes,8.0,11%,https://en.wikipedia.org/wiki/Opinion_polling_for_the_2022_Brazilian_presidential_election
2022,1,Exame/Ideia[81],17–22 Jun,1500,wikipedia_tabela_3,Lula,45.0,7%,https://en.wikipedia.org/wiki/Opinion_polling_for_the_2022_Brazilian_presidential_election
2022,1,Exame/Ideia[81],17–22 Jun,1500,wikipedia_tabela_3,Bolsonaro,36.0,7%,https://en.wikipedia.org/wiki/Opinion_polling_for_the_2022_Brazilian_presidential_election
2022,1,Exame/Ideia[81],17–22 Jun,1500,wikipedia_tabela_3,Gomes,7.0,7%,https://en.wikipedia.org/wiki/Opinion_polling_for_the_2022_Brazilian_presidential_election
2022,1,PoderData[82],19–21 Jun,3000,wikipedia_tabela_3,Lula,44.0,9%,https://en.wikipedia.org/wiki/Opinion_polling_for_the_2022_Brazilian_presidential_election
2022,1,PoderData[82],19–21 Jun,3000,wikipedia_tabela_3,Bolsonaro,34.0,9%,https://en.wikipedia.org/wiki/Opinion_polling_for_the_2022_Brazilian_presidential_election
2022,1,PoderData[82],19–21 Jun,3000,wikipedia_tabela_3,Gomes,6.0,9%,https://en.wikipedia.org/wiki/Opinion_polling_for_the_2022_Brazilian_presidential_election
2022,1,BTG/FSB[83],10–12 Jun,2000,wikipedia_tabela_3,Lula,44.0,8%,https://en.wikipedia.org/wiki/Opinion_polling_for_the_2022_Brazilian_presidential_election
2022,1,BTG/FSB[83],10–12 Jun,2000,wikipedia_tabela_3,Bolsonaro,32.0,8%,https://en.wikipedia.org/wiki/Opinion_polling_for_the_2022_Brazilian_presidential_election
2022,1,BTG/FSB[83],10–12 Jun,2000,wikipedia_tabela_3,Gomes,9.0,8%,https://en.wikipedia.org/wiki/Opinion_polling_for_the_2022_Brazilian_presidential_election
2022,1,PoderData[84],5–7 Jun,3000,wikipedia_tabela_3,Lula,43.0,10%,https://en.wikipedia.org/wiki/Opinion_polling_for_the_2022_Brazilian_presidential_election
2022,1,PoderData[84],5–7 Jun,3000,wikipedia_tabela_3,Bolsonaro,35.0,10%,https://en.wikipedia.org/wiki/Opinion_polling_for_the_2022_Brazilian_presidential_election
2022,1,PoderData[84],5–7 Jun,3000,wikipedia_tabela_3,Gomes,6.0,10%,https://en.wikipedia.org/wiki/Opinion_polling_for_the_2022_Brazilian_presidential_election
2022,1,Quaest/Genial[85],2–5 Jun,2000,wikipedia_tabela_3,Lula,46.0,13%,https://en.wikipedia.org/wiki/Opinion_polling_for_the_2022_Brazilian_presidential_election
2022,1,Quaest/Genial[85],2–5 Jun,2000,wikipedia_tabela_3,Bolsonaro,30.0,13%,https://en.wikipedia.org/wiki/Opinion_polling_for_the_2022_Brazilian_presidential_election
2022,1,Quaest/Genial[85],2–5 Jun,2000,wikipedia_tabela_3,Gomes,7.0,13%,https://en.wikipedia.org/wiki/Opinion_polling_for_the_2022_Brazilian_presidential_election
2022,1,Quaest/Genial[85],2–5 Jun,2000,wikipedia_tabela_3,Lula,47.0,12%,https://en.wikipedia.org/wiki/Opinion_polling_for_the_2022_Brazilian_presidential_election
2022,1,Quaest/Genial[85],2–5 Jun,2000,wikipedia_tabela_3,Bolsonaro,29.0,12%,https://en.wikipedia.org/wiki/Opinion_polling_for_the_2022_Brazilian_presidential_election
2022,1,Quaest/Genial[85],2–5 Jun,2000,wikipedia_tabela_3,Gomes,9.0,12%,https://en.wikipedia.org/wiki/Opinion_polling_for_the_2022_Brazilian_presidential_election
2022,1,Quaest/Genial[85],2–5 Jun,2000,wikipedia_tabela_3,Lula,48.0,11%,https://en.wikipedia.org/wiki/Opinion_polling_for_the_2022_Brazilian_presidential_election
2022,1,Quaest/Genial[85],2–5 Jun,2000,wikipedia_tabela_3,Bolsonaro,30.0,11%,https://en.wikipedia.org/wiki/Opinion_polling_for_the_2022_Brazilian_presidential_election
2022,1,Quaest/Genial[85],2–5 Jun,2000,wikipedia_tabela_3,Gomes,9.0,11%,https://en.wikipedia.org/wiki/Opinion_polling_for_the_2022_Brazilian_presidential_election
2022,1,Instituto GERP[86],30 May – 3 Jun,2095,wikipedia_tabela_3,Lula,39.0,10%,https://en.wikipedia.org/wiki/Opinion_polling_for_the_2022_Brazilian_presidential_election
2022,1,Instituto GERP[86],30 May – 3 Jun,2095,wikipedia_tabela_3,Bolsonaro,37.0,10%,https://en.wikipedia.org/wiki/Opinion_polling_for_the_2022_Brazilian_presidential_election
2022,1,Instituto GERP[86],30 May – 3 Jun,2095,wikipedia_tabela_3,Gomes,8.0,10%,https://en.wikipedia.org/wiki/Opinion_polling_for_the_2022_Brazilian_presidential_election
2022,1,Instituto GERP[86],30 May – 3 Jun,2095,wikipedia_tabela_3,Lula,39.0,9%,https://en.wikipedia.org/wiki/Opinion_polling_for_the_2022_Brazilian_presidential_election
2022,1,Instituto GERP[86],30 May – 3 Jun,2095,wikipedia_tabela_3,Bolsonaro,37.0,9%,https://en.wikipedia.org/wiki/Opinion_polling_for_the_2022_Brazilian_presidential_election
2022,1,Instituto GERP[86],30 May – 3 Jun,2095,wikipedia_tabela_3,Gomes,7.0,9%,https://en.wikipedia.org/wiki/Opinion_polling_for_the_2022_Brazilian_presidential_election
2022,1,XP/Ipespe[87],30 May – 1 Jun,1000,wikipedia_tabela_3,Lula,45.0,7%,https://en.wikipedia.org/wiki/Opinion_polling_for_the_2022_Brazilian_presidential_election
2022,1,XP/Ipespe[87],30 May – 1 Jun,1000,wikipedia_tabela_3,Bolsonaro,34.0,7%,https://en.wikipedia.org/wiki/Opinion_polling_for_the_2022_Brazilian_presidential_election
2022,1,XP/Ipespe[87],30 May – 1 Jun,1000,wikipedia_tabela_3,Gomes,9.0,7%,https://en.wikipedia.org/wiki/Opinion_polling_for_the_2022_Brazilian_presidential_election
2022,1,Paraná Pesquisas[88],26–30 May,2020,wikipedia_tabela_3,Lula,41.4,10.1%,https://en.wikipedia.org/wiki/Opinion_polling_for_the_2022_Brazilian_presidential_election
2022,1,Paraná Pesquisas[88],26–30 May,2020,wikipedia_tabela_3,Bolsonaro,35.3,10.1%,https://en.wikipedia.org/wiki/Opinion_polling_for_the_2022_Brazilian_presidential_election
2022,1,Paraná Pesquisas[88],26–30 May,2020,wikipedia_tabela_3,Gomes,7.7,10.1%,https://en.wikipedia.org/wiki/Opinion_polling_for_the_2022_Brazilian_presidential_election
2022,1,BTG/FSB[89],27–29 May,2000,wikipedia_tabela_3,Lula,46.0,8%,https://en.wikipedia.org/wiki/Opinion_polling_for_the_2022_Brazilian_presidential_election
2022,1,BTG/FSB[89],27–29 May,2000,wikipedia_tabela_3,Bolsonaro,32.0,8%,https://en.wikipedia.org/wiki/Opinion_polling_for_the_2022_Brazilian_presidential_election
2022,1,BTG/FSB[89],27–29 May,2000,wikipedia_tabela_3,Gomes,9.0,8%,https://en.wikipedia.org/wiki/Opinion_polling_for_the_2022_Brazilian_presidential_election
2022,1,Datafolha[90],25–26 May,2556,wikipedia_tabela_3,Lula,48.0,11%,https://en.wikipedia.org/wiki/Opinion_polling_for_the_2022_Brazilian_presidential_election
2022,1,Datafolha[90],25–26 May,2556,wikipedia_tabela_3,Bolsonaro,27.0,11%,https://en.wikipedia.org/wiki/Opinion_polling_for_the_2022_Brazilian_presidential_election
2022,1,Datafolha[90],25–26 May,2556,wikipedia_tabela_3,Gomes,7.0,11%,https://en.wikipedia.org/wiki/Opinion_polling_for_the_2022_Brazilian_presidential_election
2022,1,XP/Ipespe[91],23–25 May,1000,wikipedia_tabela_3,Lula,45.0,5%,https://en.wikipedia.org/wiki/Opinion_polling_for_the_2022_Brazilian_presidential_election
2022,1,XP/Ipespe[91],23–25 May,1000,wikipedia_tabela_3,Bolsonaro,34.0,5%,https://en.wikipedia.org/wiki/Opinion_polling_for_the_2022_Brazilian_presidential_election
2022,1,XP/Ipespe[91],23–25 May,1000,wikipedia_tabela_3,Gomes,8.0,5%,https://en.wikipedia.org/wiki/Opinion_polling_for_the_2022_Brazilian_presidential_election
2022,1,CNN Brasil/Real Time Big Data[92],23–24 May,3000,wikipedia_tabela_3,Lula,40.0,13%,https://en.wikipedia.org/wiki/Opinion_polling_for_the_2022_Brazilian_presidential_election
2022,1,CNN Brasil/Real Time Big Data[92],23–24 May,3000,wikipedia_tabela_3,Bolsonaro,32.0,13%,https://en.wikipedia.org/wiki/Opinion_polling_for_the_2022_Brazilian_presidential_election
2022,1,CNN Brasil/Real Time Big Data[92],23–24 May,3000,wikipedia_tabela_3,Gomes,9.0,13%,https://en.wikipedia.org/wiki/Opinion_polling_for_the_2022_Brazilian_presidential_election
2022,1,PoderData[93],22–24 May,3000,wikipedia_tabela_3,Lula,43.0,10%,https://en.wikipedia.org/wiki/Opinion_polling_for_the_2022_Brazilian_presidential_election
2022,1,PoderData[93],22–24 May,3000,wikipedia_tabela_3,Bolsonaro,35.0,10%,https://en.wikipedia.org/wiki/Opinion_polling_for_the_2022_Brazilian_presidential_election
2022,1,PoderData[93],22–24 May,3000,wikipedia_tabela_3,Gomes,5.0,10%,https://en.wikipedia.org/wiki/Opinion_polling_for_the_2022_Brazilian_presidential_election
2022,1,23 May,23 May,23 May,wikipedia_tabela_3,Lula,94.0,"Facing pressure from within his own party, João Doria, former governor of São Paulo, withdraws his candidacy.[94][95]",https://en.wikipedia.org/wiki/Opinion_polling_for_the_2022_Brazilian_presidential_election
2022,1,23 May,23 May,23 May,wikipedia_tabela_3,Bolsonaro,94.0,"Facing pressure from within his own party, João Doria, former governor of São Paulo, withdraws his candidacy.[94][95]",https://en.wikipedia.org/wiki/Opinion_polling_for_the_2022_Brazilian_presidential_election
2022,1,23 May,23 May,23 May,wikipedia_tabela_3,Gomes,94.0,"Facing pressure from within his own party, João Doria, former governor of São Paulo, withdraws his candidacy.[94][95]",https://en.wikipedia.org/wiki/Opinion_polling_for_the_2022_Brazilian_presidential_election
2022,1,Modalmais/Futura[96],16–19 May,2000,wikipedia_tabela_3,Lula,41.0,10.8%,https://en.wikipedia.org/wiki/Opinion_polling_for_the_2022_Brazilian_presidential_election
2022,1,Modalmais/Futura[96],16–19 May,2000,wikipedia_tabela_3,Bolsonaro,36.0,10.8%,https://en.wikipedia.org/wiki/Opinion_polling_for_the_2022_Brazilian_presidential_election
2022,1,Modalmais/Futura[96],16–19 May,2000,wikipedia_tabela_3,Gomes,5.6,10.8%,https://en.wikipedia.org/wiki/Opinion_polling_for_the_2022_Brazilian_presidential_election
2022,1,Exame/Ideia[97],14–19 May,1500,wikipedia_tabela_3,Lula,41.0,12%,https://en.wikipedia.org/wiki/Opinion_polling_for_the_2022_Brazilian_presidential_election
2022,1,Exame/Ideia[97],14–19 May,1500,wikipedia_tabela_3,Bolsonaro,32.0,12%,https://en.wikipedia.org/wiki/Opinion_polling_for_the_2022_Brazilian_presidential_election
2022,1,Exame/Ideia[97],14–19 May,1500,wikipedia_tabela_3,Gomes,9.0,12%,https://en.wikipedia.org/wiki/Opinion_polling_for_the_2022_Brazilian_presidential_election
2022,1,Exame/Ideia[97],14–19 May,1500,wikipedia_tabela_3,Lula,40.0,14%,https://en.wikipedia.org/wiki/Opinion_polling_for_the_2022_Brazilian_presidential_election
2022,1,Exame/Ideia[97],14–19 May,1500,wikipedia_tabela_3,Bolsonaro,33.0,14%,https://en.wikipedia.org/wiki/Opinion_polling_for_the_2022_Brazilian_presidential_election
2022,1,Exame/Ideia[97],14–19 May,1500,wikipedia_tabela_3,Gomes,8.0,14%,https://en.wikipedia.org/wiki/Opinion_polling_for_the_2022_Brazilian_presidential_election
2022,1,XP/Ipespe[98],16–18 May,1000,wikipedia_tabela_3,Lula,44.0,8%,https://en.wikipedia.org/wiki/Opinion_polling_for_the_2022_Brazilian_presidential_election
2022,1,XP/Ipespe[98],16–18 May,1000,wikipedia_tabela_3,Bolsonaro,32.0,8%,https://en.wikipedia.org/wiki/Opinion_polling_for_the_2022_Brazilian_presidential_election
2022,1,XP/Ipespe[98],16–18 May,1000,wikipedia_tabela_3,Gomes,8.0,8%,https://en.wikipedia.org/wiki/Opinion_polling_for_the_2022_Brazilian_presidential_election
2022,1,XP/Ipespe[99],9–11 May,1000,wikipedia_tabela_3,Lula,44.0,10%,https://en.wikipedia.org/wiki/Opinion_polling_for_the_2022_Brazilian_presidential_election
2022,1,XP/Ipespe[99],9–11 May,1000,wikipedia_tabela_3,Bolsonaro,32.0,10%,https://en.wikipedia.org/wiki/Opinion_polling_for_the_2022_Brazilian_presidential_election
2022,1,XP/Ipespe[99],9–11 May,1000,wikipedia_tabela_3,Gomes,8.0,10%,https://en.wikipedia.org/wiki/Opinion_polling_for_the_2022_Brazilian_presidential_election
2022,1,PoderData[100],8–10 May,3000,wikipedia_tabela_3,Lula,42.0,9%,https://en.wikipedia.org/wiki/Opinion_polling_for_the_2022_Brazilian_presidential_election
2022,1,PoderData[100],8–10 May,3000,wikipedia_tabela_3,Bolsonaro,35.0,9%,https://en.wikipedia.org/wiki/Opinion_polling_for_the_2022_Brazilian_presidential_election
2022,1,PoderData[100],8–10 May,3000,wikipedia_tabela_3,Gomes,5.0,9%,https://en.wikipedia.org/wiki/Opinion_polling_for_the_2022_Brazilian_presidential_election
2022,1,PoderData[100],8–10 May,3000,wikipedia_tabela_3,Lula,42.0,7%,https://en.wikipedia.org/wiki/Opinion_polling_for_the_2022_Brazilian_presidential_election
2022,1,PoderData[100],8–10 May,3000,wikipedia_tabela_3,Bolsonaro,35.0,7%,https://en.wikipedia.org/wiki/Opinion_polling_for_the_2022_Brazilian_presidential_election
2022,1,PoderData[100],8–10 May,3000,wikipedia_tabela_3,Gomes,7.0,7%,https://en.wikipedia.org/wiki/Opinion_polling_for_the_2022_Brazilian_presidential_election
2022,1,Quaest/Genial[101],5–8 May,2000,wikipedia_tabela_3,Lula,46.0,9%,https://en.wikipedia.org/wiki/Opinion_polling_for_the_2022_Brazilian_presidential_election
2022,1,Quaest/Genial[101],5–8 May,2000,wikipedia_tabela_3,Bolsonaro,29.0,9%,https://en.wikipedia.org/wiki/Opinion_polling_for_the_2022_Brazilian_presidential_election
2022,1,Quaest/Genial[101],5–8 May,2000,wikipedia_tabela_3,Gomes,7.0,9%,https://en.wikipedia.org/wiki/Opinion_polling_for_the_2022_Brazilian_presidential_election
2022,1,Quaest/Genial[101],5–8 May,2000,wikipedia_tabela_3,Lula,46.0,10%,https://en.wikipedia.org/wiki/Opinion_polling_for_the_2022_Brazilian_presidential_election
2022,1,Quaest/Genial[101],5–8 May,2000,wikipedia_tabela_3,Bolsonaro,31.0,10%,https://en.wikipedia.org/wiki/Opinion_polling_for_the_2022_Brazilian_presidential_election
2022,1,Quaest/Genial[101],5–8 May,2000,wikipedia_tabela_3,Gomes,9.0,10%,https://en.wikipedia.org/wiki/Opinion_polling_for_the_2022_Brazilian_presidential_election
2022,1,Quaest/Genial[101],5–8 May,2000,wikipedia_tabela_3,Lula,50.0,12%,https://en.wikipedia.org/wiki/Opinion_polling_for_the_2022_Brazilian_presidential_election
2022,1,Quaest/Genial[101],5–8 May,2000,wikipedia_tabela_3,Bolsonaro,33.0,12%,https://en.wikipedia.org/wiki/Opinion_polling_for_the_2022_Brazilian_presidential_election
2022,1,Quaest/Genial[101],5–8 May,2000,wikipedia_tabela_3,Lula,48.0,10%,https://en.wikipedia.org/wiki/Opinion_polling_for_the_2022_Brazilian_presidential_election
2022,1,Quaest/Genial[101],5–8 May,2000,wikipedia_tabela_3,Bolsonaro,33.0,10%,https://en.wikipedia.org/wiki/Opinion_polling_for_the_2022_Brazilian_presidential_election
2022,1,Quaest/Genial[101],5–8 May,2000,wikipedia_tabela_3,Gomes,10.0,10%,https://en.wikipedia.org/wiki/Opinion_polling_for_the_2022_Brazilian_presidential_election
2022,1,7 May,7 May,7 May,wikipedia_tabela_3,Lula,102.0,Former President Lula formally launches his candidacy.[102][103],https://en.wikipedia.org/wiki/Opinion_polling_for_the_2022_Brazilian_presidential_election
2022,1,7 May,7 May,7 May,wikipedia_tabela_3,Bolsonaro,102.0,Former President Lula formally launches his candidacy.[102][103],https://en.wikipedia.org/wiki/Opinion_polling_for_the_2022_Brazilian_presidential_election
2022,1,7 May,7 May,7 May,wikipedia_tabela_3,Gomes,102.0,Former President Lula formally launches his candidacy.[102][103],https://en.wikipedia.org/wiki/Opinion_polling_for_the_2022_Brazilian_presidential_election
2022,1,CNT/MDA[104],4–7 May,2002,wikipedia_tabela_3,Lula,40.6,12.1%,https://en.wikipedia.org/wiki/Opinion_polling_for_the_2022_Brazilian_presidential_election
2022,1,CNT/MDA[104],4–7 May,2002,wikipedia_tabela_3,Bolsonaro,32.0,12.1%,https://en.wikipedia.org/wiki/Opinion_polling_for_the_2022_Brazilian_presidential_election
2022,1,CNT/MDA[104],4–7 May,2002,wikipedia_tabela_3,Gomes,7.1,12.1%,https://en.wikipedia.org/wiki/Opinion_polling_for_the_2022_Brazilian_presidential_election
2022,1,XP/Ipespe[105],2–4 May,1000,wikipedia_tabela_3,Lula,44.0,10%,https://en.wikipedia.org/wiki/Opinion_polling_for_the_2022_Brazilian_presidential_election
2022,1,XP/Ipespe[105],2–4 May,1000,wikipedia_tabela_3,Bolsonaro,31.0,10%,https://en.wikipedia.org/wiki/Opinion_polling_for_the_2022_Brazilian_presidential_election
2022,1,XP/Ipespe[105],2–4 May,1000,wikipedia_tabela_3,Gomes,8.0,10%,https://en.wikipedia.org/wiki/Opinion_polling_for_the_2022_Brazilian_presidential_election
2022,1,Paraná Pesquisas[106],28 Apr – 3 May,2020,wikipedia_tabela_3,Lula,40.0,10.7%,https://en.wikipedia.org/wiki/Opinion_polling_for_the_2022_Brazilian_presidential_election
2022,1,Paraná Pesquisas[106],28 Apr – 3 May,2020,wikipedia_tabela_3,Bolsonaro,35.2,10.7%,https://en.wikipedia.org/wiki/Opinion_polling_for_the_2022_Brazilian_presidential_election
2022,1,Paraná Pesquisas[106],28 Apr – 3 May,2020,wikipedia_tabela_3,Gomes,7.4,10.7%,https://en.wikipedia.org/wiki/Opinion_polling_for_the_2022_Brazilian_presidential_election
2022,1,Paraná Pesquisas[106],28 Apr – 3 May,2020,wikipedia_tabela_3,Lula,42.6,12.8%,https://en.wikipedia.org/wiki/Opinion_polling_for_the_2022_Brazilian_presidential_election
2022,1,Paraná Pesquisas[106],28 Apr – 3 May,2020,wikipedia_tabela_3,Bolsonaro,35.7,12.8%,https://en.wikipedia.org/wiki/Opinion_polling_for_the_2022_Brazilian_presidential_election
2022,1,PoderData[107],24–26 Apr,3000,wikipedia_tabela_3,Lula,41.0,7%,https://en.wikipedia.org/wiki/Opinion_polling_for_the_2022_Brazilian_presidential_election
2022,1,PoderData[107],24–26 Apr,3000,wikipedia_tabela_3,Bolsonaro,36.0,7%,https://en.wikipedia.org/wiki/Opinion_polling_for_the_2022_Brazilian_presidential_election
2022,1,PoderData[107],24–26 Apr,3000,wikipedia_tabela_3,Gomes,6.0,7%,https://en.wikipedia.org/wiki/Opinion_polling_for_the_2022_Brazilian_presidential_election
2022,1,BTG/FSB[108],22–24 Apr,2000,wikipedia_tabela_3,Lula,41.0,9%,https://en.wikipedia.org/wiki/Opinion_polling_for_the_2022_Brazilian_presidential_election
2022,1,BTG/FSB[108],22–24 Apr,2000,wikipedia_tabela_3,Bolsonaro,32.0,9%,https://en.wikipedia.org/wiki/Opinion_polling_for_the_2022_Brazilian_presidential_election
2022,1,BTG/FSB[108],22–24 Apr,2000,wikipedia_tabela_3,Gomes,9.0,9%,https://en.wikipedia.org/wiki/Opinion_polling_for_the_2022_Brazilian_presidential_election
2022,1,XP/Ipespe[109],18–20 Apr,1000,wikipedia_tabela_3,Lula,45.0,10%,https://en.wikipedia.org/wiki/Opinion_polling_for_the_2022_Brazilian_presidential_election
2022,1,XP/Ipespe[109],18–20 Apr,1000,wikipedia_tabela_3,Bolsonaro,31.0,10%,https://en.wikipedia.org/wiki/Opinion_polling_for_the_2022_Brazilian_presidential_election
2022,1,XP/Ipespe[109],18–20 Apr,1000,wikipedia_tabela_3,Gomes,8.0,10%,https://en.wikipedia.org/wiki/Opinion_polling_for_the_2022_Brazilian_presidential_election
2022,1,Exame/Ideia[110],15–20 Apr,1500,wikipedia_tabela_3,Lula,42.0,7%,https://en.wikipedia.org/wiki/Opinion_polling_for_the_2022_Brazilian_presidential_election
2022,1,Exame/Ideia[110],15–20 Apr,1500,wikipedia_tabela_3,Bolsonaro,33.0,7%,https://en.wikipedia.org/wiki/Opinion_polling_for_the_2022_Brazilian_presidential_election
2022,1,Exame/Ideia[110],15–20 Apr,1500,wikipedia_tabela_3,Gomes,10.0,7%,https://en.wikipedia.org/wiki/Opinion_polling_for_the_2022_Brazilian_presidential_election
2022,1,14 Apr,14 Apr,14 Apr,wikipedia_tabela_3,Lula,111.0,Brazil Union announces the candidacy of congressman Luciano Bivar.[111],https://en.wikipedia.org/wiki/Opinion_polling_for_the_2022_Brazilian_presidential_election
2022,1,14 Apr,14 Apr,14 Apr,wikipedia_tabela_3,Bolsonaro,111.0,Brazil Union announces the candidacy of congressman Luciano Bivar.[111],https://en.wikipedia.org/wiki/Opinion_polling_for_the_2022_Brazilian_presidential_election
2022,1,14 Apr,14 Apr,14 Apr,wikipedia_tabela_3,Gomes,111.0,Brazil Union announces the candidacy of congressman Luciano Bivar.[111],https://en.wikipedia.org/wiki/Opinion_polling_for_the_2022_Brazilian_presidential_election
2022,1,13 Apr,13 Apr,13 Apr,wikipedia_tabela_3,Lula,112.0,Workers' Party national committee formally approves Geraldo Alckmin as Lula's running mate.[112],https://en.wikipedia.org/wiki/Opinion_polling_for_the_2022_Brazilian_presidential_election
2022,1,13 Apr,13 Apr,13 Apr,wikipedia_tabela_3,Bolsonaro,112.0,Workers' Party national committee formally approves Geraldo Alckmin as Lula's running mate.[112],https://en.wikipedia.org/wiki/Opinion_polling_for_the_2022_Brazilian_presidential_election
2022,1,13 Apr,13 Apr,13 Apr,wikipedia_tabela_3,Gomes,112.0,Workers' Party national committee formally approves Geraldo Alckmin as Lula's running mate.[112],https://en.wikipedia.org/wiki/Opinion_polling_for_the_2022_Brazilian_presidential_election
2022,1,PoderData[113],10–12 Apr,3000,wikipedia_tabela_3,Lula,40.0,11%,https://en.wikipedia.org/wiki/Opinion_polling_for_the_2022_Brazilian_presidential_election
2022,1,PoderData[113],10–12 Apr,3000,wikipedia_tabela_3,Bolsonaro,35.0,11%,https://en.wikipedia.org/wiki/Opinion_polling_for_the_2022_Brazilian_presidential_election
2022,1,PoderData[113],10–12 Apr,3000,wikipedia_tabela_3,Gomes,5.0,11%,https://en.wikipedia.org/wiki/Opinion_polling_for_the_2022_Brazilian_presidential_election
2022,1,XP/Ipespe[114],2–5 Apr,1000,wikipedia_tabela_3,Lula,44.0,12%,https://en.wikipedia.org/wiki/Opinion_polling_for_the_2022_Brazilian_presidential_election
2022,1,XP/Ipespe[114],2–5 Apr,1000,wikipedia_tabela_3,Bolsonaro,30.0,12%,https://en.wikipedia.org/wiki/Opinion_polling_for_the_2022_Brazilian_presidential_election
2022,1,XP/Ipespe[114],2–5 Apr,1000,wikipedia_tabela_3,Gomes,9.0,12%,https://en.wikipedia.org/wiki/Opinion_polling_for_the_2022_Brazilian_presidential_election
2022,1,Paraná Pesquisas[115],31 Mar – 5 Apr,2020,wikipedia_tabela_3,Lula,41.5,13.1%,https://en.wikipedia.org/wiki/Opinion_polling_for_the_2022_Brazilian_presidential_election
2022,1,Paraná Pesquisas[115],31 Mar – 5 Apr,2020,wikipedia_tabela_3,Bolsonaro,35.3,13.1%,https://en.wikipedia.org/wiki/Opinion_polling_for_the_2022_Brazilian_presidential_election
2022,1,Paraná Pesquisas[115],31 Mar – 5 Apr,2020,wikipedia_tabela_3,Gomes,5.8,13.1%,https://en.wikipedia.org/wiki/Opinion_polling_for_the_2022_Brazilian_presidential_election
2022,1,Quaest/Genial[116],1–3 Apr,2000,wikipedia_tabela_3,Lula,45.0,12%,https://en.wikipedia.org/wiki/Opinion_polling_for_the_2022_Brazilian_presidential_election
2022,1,Quaest/Genial[116],1–3 Apr,2000,wikipedia_tabela_3,Bolsonaro,31.0,12%,https://en.wikipedia.org/wiki/Opinion_polling_for_the_2022_Brazilian_presidential_election
2022,1,Quaest/Genial[116],1–3 Apr,2000,wikipedia_tabela_3,Gomes,6.0,12%,https://en.wikipedia.org/wiki/Opinion_polling_for_the_2022_Brazilian_presidential_election
2022,1,Instituto GERP[117],31 Mar – 5 Apr,2095,wikipedia_tabela_4,Lula,37.0,7%,https://en.wikipedia.org/wiki/Opinion_polling_for_the_2022_Brazilian_presidential_election
2022,1,Instituto GERP[117],31 Mar – 5 Apr,2095,wikipedia_tabela_4,Bolsonaro,35.0,7%,https://en.wikipedia.org/wiki/Opinion_polling_for_the_2022_Brazilian_presidential_election
2022,1,Instituto GERP[117],31 Mar – 5 Apr,2095,wikipedia_tabela_4,Gomes,5.0,7%,https://en.wikipedia.org/wiki/Opinion_polling_for_the_2022_Brazilian_presidential_election
2022,1,31 Mar,31 Mar,31 Mar,wikipedia_tabela_4,Lula,118.0,"Former Minister Moro leaves Podemos and joins Brazil Union, suspending his candidacy.[118]",https://en.wikipedia.org/wiki/Opinion_polling_for_the_2022_Brazilian_presidential_election
2022,1,31 Mar,31 Mar,31 Mar,wikipedia_tabela_4,Bolsonaro,118.0,"Former Minister Moro leaves Podemos and joins Brazil Union, suspending his candidacy.[118]",https://en.wikipedia.org/wiki/Opinion_polling_for_the_2022_Brazilian_presidential_election
2022,1,31 Mar,31 Mar,31 Mar,wikipedia_tabela_4,Gomes,118.0,"Former Minister Moro leaves Podemos and joins Brazil Union, suspending his candidacy.[118]",https://en.wikipedia.org/wiki/Opinion_polling_for_the_2022_Brazilian_presidential_election
2022,1,PoderData[119],27–29 Mar,3000,wikipedia_tabela_4,Lula,41.0,7%,https://en.wikipedia.org/wiki/Opinion_polling_for_the_2022_Brazilian_presidential_election
2022,1,PoderData[119],27–29 Mar,3000,wikipedia_tabela_4,Bolsonaro,32.0,7%,https://en.wikipedia.org/wiki/Opinion_polling_for_the_2022_Brazilian_presidential_election
2022,1,PoderData[119],27–29 Mar,3000,wikipedia_tabela_4,Gomes,7.0,7%,https://en.wikipedia.org/wiki/Opinion_polling_for_the_2022_Brazilian_presidential_election
2022,1,Modalmais/Futura[120],21–25 Mar,2000,wikipedia_tabela_4,Lula,38.5,9.4%,https://en.wikipedia.org/wiki/Opinion_polling_for_the_2022_Brazilian_presidential_election
2022,1,Modalmais/Futura[120],21–25 Mar,2000,wikipedia_tabela_4,Bolsonaro,35.5,9.4%,https://en.wikipedia.org/wiki/Opinion_polling_for_the_2022_Brazilian_presidential_election
2022,1,Modalmais/Futura[120],21–25 Mar,2000,wikipedia_tabela_4,Gomes,5.1,9.4%,https://en.wikipedia.org/wiki/Opinion_polling_for_the_2022_Brazilian_presidential_election
2022,1,Datafolha[121],22–23 Mar,2556,wikipedia_tabela_4,Lula,43.0,8%,https://en.wikipedia.org/wiki/Opinion_polling_for_the_2022_Brazilian_presidential_election
2022,1,Datafolha[121],22–23 Mar,2556,wikipedia_tabela_4,Bolsonaro,26.0,8%,https://en.wikipedia.org/wiki/Opinion_polling_for_the_2022_Brazilian_presidential_election
2022,1,Datafolha[121],22–23 Mar,2556,wikipedia_tabela_4,Gomes,6.0,8%,https://en.wikipedia.org/wiki/Opinion_polling_for_the_2022_Brazilian_presidential_election
2022,1,Datafolha[121],22–23 Mar,2556,wikipedia_tabela_4,Lula,43.0,10%,https://en.wikipedia.org/wiki/Opinion_polling_for_the_2022_Brazilian_presidential_election
2022,1,Datafolha[121],22–23 Mar,2556,wikipedia_tabela_4,Bolsonaro,26.0,10%,https://en.wikipedia.org/wiki/Opinion_polling_for_the_2022_Brazilian_presidential_election
2022,1,Datafolha[121],22–23 Mar,2556,wikipedia_tabela_4,Gomes,7.0,10%,https://en.wikipedia.org/wiki/Opinion_polling_for_the_2022_Brazilian_presidential_election
2022,1,Datafolha[121],22–23 Mar,2556,wikipedia_tabela_4,Lula,44.0,8%,https://en.wikipedia.org/wiki/Opinion_polling_for_the_2022_Brazilian_presidential_election
2022,1,Datafolha[121],22–23 Mar,2556,wikipedia_tabela_4,Bolsonaro,26.0,8%,https://en.wikipedia.org/wiki/Opinion_polling_for_the_2022_Brazilian_presidential_election
2022,1,Datafolha[121],22–23 Mar,2556,wikipedia_tabela_4,Gomes,7.0,8%,https://en.wikipedia.org/wiki/Opinion_polling_for_the_2022_Brazilian_presidential_election
2022,1,Datafolha[121],22–23 Mar,2556,wikipedia_tabela_4,Lula,43.0,9%,https://en.wikipedia.org/wiki/Opinion_polling_for_the_2022_Brazilian_presidential_election
2022,1,Datafolha[121],22–23 Mar,2556,wikipedia_tabela_4,Bolsonaro,26.0,9%,https://en.wikipedia.org/wiki/Opinion_polling_for_the_2022_Brazilian_presidential_election
2022,1,Datafolha[121],22–23 Mar,2556,wikipedia_tabela_4,Gomes,8.0,9%,https://en.wikipedia.org/wiki/Opinion_polling_for_the_2022_Brazilian_presidential_election
2022,1,XP/Ipespe[122],21–23 Mar,1000,wikipedia_tabela_4,Lula,44.0,9%,https://en.wikipedia.org/wiki/Opinion_polling_for_the_2022_Brazilian_presidential_election
2022,1,XP/Ipespe[122],21–23 Mar,1000,wikipedia_tabela_4,Bolsonaro,26.0,9%,https://en.wikipedia.org/wiki/Opinion_polling_for_the_2022_Brazilian_presidential_election
2022,1,XP/Ipespe[122],21–23 Mar,1000,wikipedia_tabela_4,Gomes,7.0,9%,https://en.wikipedia.org/wiki/Opinion_polling_for_the_2022_Brazilian_presidential_election
2022,1,Exame/Ideia[123],18–23 Mar,1500,wikipedia_tabela_4,Lula,40.0,6%,https://en.wikipedia.org/wiki/Opinion_polling_for_the_2022_Brazilian_presidential_election
2022,1,Exame/Ideia[123],18–23 Mar,1500,wikipedia_tabela_4,Bolsonaro,29.0,6%,https://en.wikipedia.org/wiki/Opinion_polling_for_the_2022_Brazilian_presidential_election
2022,1,Exame/Ideia[123],18–23 Mar,1500,wikipedia_tabela_4,Gomes,9.0,6%,https://en.wikipedia.org/wiki/Opinion_polling_for_the_2022_Brazilian_presidential_election
2022,1,FSB[124],18–20 Mar,2000,wikipedia_tabela_4,Lula,43.0,5%,https://en.wikipedia.org/wiki/Opinion_polling_for_the_2022_Brazilian_presidential_election
2022,1,FSB[124],18–20 Mar,2000,wikipedia_tabela_4,Bolsonaro,29.0,5%,https://en.wikipedia.org/wiki/Opinion_polling_for_the_2022_Brazilian_presidential_election
2022,1,FSB[124],18–20 Mar,2000,wikipedia_tabela_4,Gomes,9.0,5%,https://en.wikipedia.org/wiki/Opinion_polling_for_the_2022_Brazilian_presidential_election
2022,1,PoderData[125],13–15 Mar,3000,wikipedia_tabela_4,Lula,40.0,8%,https://en.wikipedia.org/wiki/Opinion_polling_for_the_2022_Brazilian_presidential_election
2022,1,PoderData[125],13–15 Mar,3000,wikipedia_tabela_4,Bolsonaro,30.0,8%,https://en.wikipedia.org/wiki/Opinion_polling_for_the_2022_Brazilian_presidential_election
2022,1,PoderData[125],13–15 Mar,3000,wikipedia_tabela_4,Gomes,7.0,8%,https://en.wikipedia.org/wiki/Opinion_polling_for_the_2022_Brazilian_presidential_election
2022,1,Quaest/Genial[126],10–13 Mar,2000,wikipedia_tabela_4,Lula,44.0,13%,https://en.wikipedia.org/wiki/Opinion_polling_for_the_2022_Brazilian_presidential_election
2022,1,Quaest/Genial[126],10–13 Mar,2000,wikipedia_tabela_4,Bolsonaro,26.0,13%,https://en.wikipedia.org/wiki/Opinion_polling_for_the_2022_Brazilian_presidential_election
2022,1,Quaest/Genial[126],10–13 Mar,2000,wikipedia_tabela_4,Gomes,7.0,13%,https://en.wikipedia.org/wiki/Opinion_polling_for_the_2022_Brazilian_presidential_election
2022,1,Quaest/Genial[126],10–13 Mar,2000,wikipedia_tabela_4,Lula,45.0,10%,https://en.wikipedia.org/wiki/Opinion_polling_for_the_2022_Brazilian_presidential_election
2022,1,Quaest/Genial[126],10–13 Mar,2000,wikipedia_tabela_4,Bolsonaro,25.0,10%,https://en.wikipedia.org/wiki/Opinion_polling_for_the_2022_Brazilian_presidential_election
2022,1,Quaest/Genial[126],10–13 Mar,2000,wikipedia_tabela_4,Gomes,7.0,10%,https://en.wikipedia.org/wiki/Opinion_polling_for_the_2022_Brazilian_presidential_election
2022,1,Quaest/Genial[126],10–13 Mar,2000,wikipedia_tabela_4,Lula,48.0,12%,https://en.wikipedia.org/wiki/Opinion_polling_for_the_2022_Brazilian_presidential_election
2022,1,Quaest/Genial[126],10–13 Mar,2000,wikipedia_tabela_4,Bolsonaro,28.0,12%,https://en.wikipedia.org/wiki/Opinion_polling_for_the_2022_Brazilian_presidential_election
2022,1,Quaest/Genial[126],10–13 Mar,2000,wikipedia_tabela_4,Gomes,8.0,12%,https://en.wikipedia.org/wiki/Opinion_polling_for_the_2022_Brazilian_presidential_election
2022,1,Ranking Brasil[127],7–12 Mar,3000,wikipedia_tabela_4,Lula,39.0,10.5%,https://en.wikipedia.org/wiki/Opinion_polling_for_the_2022_Brazilian_presidential_election
2022,1,Ranking Brasil[127],7–12 Mar,3000,wikipedia_tabela_4,Bolsonaro,32.4,10.5%,https://en.wikipedia.org/wiki/Opinion_polling_for_the_2022_Brazilian_presidential_election
2022,1,Ranking Brasil[127],7–12 Mar,3000,wikipedia_tabela_4,Gomes,6.5,10.5%,https://en.wikipedia.org/wiki/Opinion_polling_for_the_2022_Brazilian_presidential_election
2022,1,Instituto GERP[126],7–10 Mar,2095,wikipedia_tabela_4,Lula,38.0,8%,https://en.wikipedia.org/wiki/Opinion_polling_for_the_2022_Brazilian_presidential_election
2022,1,Instituto GERP[126],7–10 Mar,2095,wikipedia_tabela_4,Bolsonaro,31.0,8%,https://en.wikipedia.org/wiki/Opinion_polling_for_the_2022_Brazilian_presidential_election
2022,1,Instituto GERP[126],7–10 Mar,2095,wikipedia_tabela_4,Gomes,5.0,8%,https://en.wikipedia.org/wiki/Opinion_polling_for_the_2022_Brazilian_presidential_election
2022,1,9 Mar,9 Mar,9 Mar,wikipedia_tabela_4,Lula,128.0,Senator Rodrigo Pacheco (PSD) announces he will not run for president.[128],https://en.wikipedia.org/wiki/Opinion_polling_for_the_2022_Brazilian_presidential_election
2022,1,9 Mar,9 Mar,9 Mar,wikipedia_tabela_4,Bolsonaro,128.0,Senator Rodrigo Pacheco (PSD) announces he will not run for president.[128],https://en.wikipedia.org/wiki/Opinion_polling_for_the_2022_Brazilian_presidential_election
2022,1,9 Mar,9 Mar,9 Mar,wikipedia_tabela_4,Gomes,128.0,Senator Rodrigo Pacheco (PSD) announces he will not run for president.[128],https://en.wikipedia.org/wiki/Opinion_polling_for_the_2022_Brazilian_presidential_election
2022,1,XP/Ipespe[129],7–9 Mar,1000,wikipedia_tabela_4,Lula,43.0,9%,https://en.wikipedia.org/wiki/Opinion_polling_for_the_2022_Brazilian_presidential_election
2022,1,XP/Ipespe[129],7–9 Mar,1000,wikipedia_tabela_4,Bolsonaro,28.0,9%,https://en.wikipedia.org/wiki/Opinion_polling_for_the_2022_Brazilian_presidential_election
2022,1,XP/Ipespe[129],7–9 Mar,1000,wikipedia_tabela_4,Gomes,8.0,9%,https://en.wikipedia.org/wiki/Opinion_polling_for_the_2022_Brazilian_presidential_election
2022,1,Paraná Pesquisas[130],3–8 Mar,2020,wikipedia_tabela_4,Lula,38.9,11.2%,https://en.wikipedia.org/wiki/Opinion_polling_for_the_2022_Brazilian_presidential_election
2022,1,Paraná Pesquisas[130],3–8 Mar,2020,wikipedia_tabela_4,Bolsonaro,30.9,11.2%,https://en.wikipedia.org/wiki/Opinion_polling_for_the_2022_Brazilian_presidential_election
2022,1,Paraná Pesquisas[130],3–8 Mar,2020,wikipedia_tabela_4,Gomes,6.8,11.2%,https://en.wikipedia.org/wiki/Opinion_polling_for_the_2022_Brazilian_presidential_election
2022,1,PoderData[131],27 Feb – 1 Mar,3000,wikipedia_tabela_4,Lula,40.0,8%,https://en.wikipedia.org/wiki/Opinion_polling_for_the_2022_Brazilian_presidential_election
2022,1,PoderData[131],27 Feb – 1 Mar,3000,wikipedia_tabela_4,Bolsonaro,32.0,8%,https://en.wikipedia.org/wiki/Opinion_polling_for_the_2022_Brazilian_presidential_election
2022,1,PoderData[131],27 Feb – 1 Mar,3000,wikipedia_tabela_4,Gomes,7.0,8%,https://en.wikipedia.org/wiki/Opinion_polling_for_the_2022_Brazilian_presidential_election
2022,1,Ipespe[132],21–23 Feb,1000,wikipedia_tabela_4,Lula,43.0,9%,https://en.wikipedia.org/wiki/Opinion_polling_for_the_2022_Brazilian_presidential_election
2022,1,Ipespe[132],21–23 Feb,1000,wikipedia_tabela_4,Bolsonaro,26.0,9%,https://en.wikipedia.org/wiki/Opinion_polling_for_the_2022_Brazilian_presidential_election
2022,1,Ipespe[132],21–23 Feb,1000,wikipedia_tabela_4,Gomes,7.0,9%,https://en.wikipedia.org/wiki/Opinion_polling_for_the_2022_Brazilian_presidential_election
2022,1,Exame/Ideia[133],18–22 Feb,1500,wikipedia_tabela_4,Lula,42.0,6%,https://en.wikipedia.org/wiki/Opinion_polling_for_the_2022_Brazilian_presidential_election
2022,1,Exame/Ideia[133],18–22 Feb,1500,wikipedia_tabela_4,Bolsonaro,27.0,6%,https://en.wikipedia.org/wiki/Opinion_polling_for_the_2022_Brazilian_presidential_election
2022,1,Exame/Ideia[133],18–22 Feb,1500,wikipedia_tabela_4,Gomes,8.0,6%,https://en.wikipedia.org/wiki/Opinion_polling_for_the_2022_Brazilian_presidential_election
2022,1,CNT/MDA[134],16–19 Feb,2002,wikipedia_tabela_4,Lula,42.2,12.2%,https://en.wikipedia.org/wiki/Opinion_polling_for_the_2022_Brazilian_presidential_election
2022,1,CNT/MDA[134],16–19 Feb,2002,wikipedia_tabela_4,Bolsonaro,28.0,12.2%,https://en.wikipedia.org/wiki/Opinion_polling_for_the_2022_Brazilian_presidential_election
2022,1,CNT/MDA[134],16–19 Feb,2002,wikipedia_tabela_4,Gomes,6.7,12.2%,https://en.wikipedia.org/wiki/Opinion_polling_for_the_2022_Brazilian_presidential_election
2022,1,Modalmais/Futura[120],14–17 Feb,2000,wikipedia_tabela_4,Lula,35.0,10.5%,https://en.wikipedia.org/wiki/Opinion_polling_for_the_2022_Brazilian_presidential_election
2022,1,Modalmais/Futura[120],14–17 Feb,2000,wikipedia_tabela_4,Bolsonaro,34.7,10.5%,https://en.wikipedia.org/wiki/Opinion_polling_for_the_2022_Brazilian_presidential_election
2022,1,Modalmais/Futura[120],14–17 Feb,2000,wikipedia_tabela_4,Gomes,5.8,10.5%,https://en.wikipedia.org/wiki/Opinion_polling_for_the_2022_Brazilian_presidential_election
2022,1,PoderData[135],13–15 Feb,3000,wikipedia_tabela_4,Lula,40.0,8%,https://en.wikipedia.org/wiki/Opinion_polling_for_the_2022_Brazilian_presidential_election
2022,1,PoderData[135],13–15 Feb,3000,wikipedia_tabela_4,Bolsonaro,31.0,8%,https://en.wikipedia.org/wiki/Opinion_polling_for_the_2022_Brazilian_presidential_election
2022,1,PoderData[135],13–15 Feb,3000,wikipedia_tabela_4,Gomes,4.0,8%,https://en.wikipedia.org/wiki/Opinion_polling_for_the_2022_Brazilian_presidential_election
2022,1,XP/Ipespe[136],7–9 Feb,1000,wikipedia_tabela_4,Lula,43.0,12%,https://en.wikipedia.org/wiki/Opinion_polling_for_the_2022_Brazilian_presidential_election
2022,1,XP/Ipespe[136],7–9 Feb,1000,wikipedia_tabela_4,Bolsonaro,25.0,12%,https://en.wikipedia.org/wiki/Opinion_polling_for_the_2022_Brazilian_presidential_election
2022,1,XP/Ipespe[136],7–9 Feb,1000,wikipedia_tabela_4,Gomes,8.0,12%,https://en.wikipedia.org/wiki/Opinion_polling_for_the_2022_Brazilian_presidential_election
2022,1,Quaest/Genial[137],3–6 Feb,2000,wikipedia_tabela_4,Lula,45.0,13%,https://en.wikipedia.org/wiki/Opinion_polling_for_the_2022_Brazilian_presidential_election
2022,1,Quaest/Genial[137],3–6 Feb,2000,wikipedia_tabela_4,Bolsonaro,23.0,13%,https://en.wikipedia.org/wiki/Opinion_polling_for_the_2022_Brazilian_presidential_election
2022,1,Quaest/Genial[137],3–6 Feb,2000,wikipedia_tabela_4,Gomes,7.0,13%,https://en.wikipedia.org/wiki/Opinion_polling_for_the_2022_Brazilian_presidential_election
2022,1,Paraná Pesquisas[138],27 Jan – 1 Feb,2020,wikipedia_tabela_4,Lula,40.1,10.3%,https://en.wikipedia.org/wiki/Opinion_polling_for_the_2022_Brazilian_presidential_election
2022,1,Paraná Pesquisas[138],27 Jan – 1 Feb,2020,wikipedia_tabela_4,Bolsonaro,29.1,10.3%,https://en.wikipedia.org/wiki/Opinion_polling_for_the_2022_Brazilian_presidential_election
2022,1,Paraná Pesquisas[138],27 Jan – 1 Feb,2020,wikipedia_tabela_4,Gomes,5.6,10.3%,https://en.wikipedia.org/wiki/Opinion_polling_for_the_2022_Brazilian_presidential_election
2022,1,PoderData[139],31 Jan – 1 Feb,3000,wikipedia_tabela_4,Lula,41.0,8%,https://en.wikipedia.org/wiki/Opinion_polling_for_the_2022_Brazilian_presidential_election
2022,1,PoderData[139],31 Jan – 1 Feb,3000,wikipedia_tabela_4,Bolsonaro,30.0,8%,https://en.wikipedia.org/wiki/Opinion_polling_for_the_2022_Brazilian_presidential_election
2022,1,PoderData[139],31 Jan – 1 Feb,3000,wikipedia_tabela_4,Gomes,7.0,8%,https://en.wikipedia.org/wiki/Opinion_polling_for_the_2022_Brazilian_presidential_election
2022,1,XP/Ipespe[140],24–25 Jan,1000,wikipedia_tabela_4,Lula,44.0,12%,https://en.wikipedia.org/wiki/Opinion_polling_for_the_2022_Brazilian_presidential_election
2022,1,XP/Ipespe[140],24–25 Jan,1000,wikipedia_tabela_4,Bolsonaro,24.0,12%,https://en.wikipedia.org/wiki/Opinion_polling_for_the_2022_Brazilian_presidential_election
2022,1,XP/Ipespe[140],24–25 Jan,1000,wikipedia_tabela_4,Gomes,8.0,12%,https://en.wikipedia.org/wiki/Opinion_polling_for_the_2022_Brazilian_presidential_election
2022,1,Modalmais/Futura[141],17–21 Jan,2000,wikipedia_tabela_4,Lula,39.5,8.2%,https://en.wikipedia.org/wiki/Opinion_polling_for_the_2022_Brazilian_presidential_election
2022,1,Modalmais/Futura[141],17–21 Jan,2000,wikipedia_tabela_4,Bolsonaro,33.2,8.2%,https://en.wikipedia.org/wiki/Opinion_polling_for_the_2022_Brazilian_presidential_election
2022,1,Modalmais/Futura[141],17–21 Jan,2000,wikipedia_tabela_4,Gomes,7.5,8.2%,https://en.wikipedia.org/wiki/Opinion_polling_for_the_2022_Brazilian_presidential_election
2022,1,PoderData[142],16–18 Jan,3000,wikipedia_tabela_4,Lula,42.0,12%,https://en.wikipedia.org/wiki/Opinion_polling_for_the_2022_Brazilian_presidential_election
2022,1,PoderData[142],16–18 Jan,3000,wikipedia_tabela_4,Bolsonaro,28.0,12%,https://en.wikipedia.org/wiki/Opinion_polling_for_the_2022_Brazilian_presidential_election
2022,1,PoderData[142],16–18 Jan,3000,wikipedia_tabela_4,Gomes,3.0,12%,https://en.wikipedia.org/wiki/Opinion_polling_for_the_2022_Brazilian_presidential_election
2022,1,Exame/Ideia[143],9–13 Jan,1500,wikipedia_tabela_4,Lula,41.0,11%,https://en.wikipedia.org/wiki/Opinion_polling_for_the_2022_Brazilian_presidential_election
2022,1,Exame/Ideia[143],9–13 Jan,1500,wikipedia_tabela_4,Bolsonaro,24.0,11%,https://en.wikipedia.org/wiki/Opinion_polling_for_the_2022_Brazilian_presidential_election
2022,1,Exame/Ideia[143],9–13 Jan,1500,wikipedia_tabela_4,Gomes,7.0,11%,https://en.wikipedia.org/wiki/Opinion_polling_for_the_2022_Brazilian_presidential_election
2022,1,XP/Ipespe[144],10–12 Jan,1000,wikipedia_tabela_4,Lula,44.0,13%,https://en.wikipedia.org/wiki/Opinion_polling_for_the_2022_Brazilian_presidential_election
2022,1,XP/Ipespe[144],10–12 Jan,1000,wikipedia_tabela_4,Bolsonaro,24.0,13%,https://en.wikipedia.org/wiki/Opinion_polling_for_the_2022_Brazilian_presidential_election
2022,1,XP/Ipespe[144],10–12 Jan,1000,wikipedia_tabela_4,Gomes,7.0,13%,https://en.wikipedia.org/wiki/Opinion_polling_for_the_2022_Brazilian_presidential_election
2022,1,Quaest/Genial[145],6–9 Jan,2000,wikipedia_tabela_4,Lula,45.0,12%,https://en.wikipedia.org/wiki/Opinion_polling_for_the_2022_Brazilian_presidential_election
2022,1,Quaest/Genial[145],6–9 Jan,2000,wikipedia_tabela_4,Bolsonaro,23.0,12%,https://en.wikipedia.org/wiki/Opinion_polling_for_the_2022_Brazilian_presidential_election
2022,1,Quaest/Genial[145],6–9 Jan,2000,wikipedia_tabela_4,Gomes,5.0,12%,https://en.wikipedia.org/wiki/Opinion_polling_for_the_2022_Brazilian_presidential_election
2022,1,PoderData[146],19–21 Dec,3000,wikipedia_tabela_5,Lula,40.0,11%,https://en.wikipedia.org/wiki/Opinion_polling_for_the_2022_Brazilian_presidential_election
2022,1,PoderData[146],19–21 Dec,3000,wikipedia_tabela_5,Bolsonaro,30.0,11%,https://en.wikipedia.org/wiki/Opinion_polling_for_the_2022_Brazilian_presidential_election
2022,1,PoderData[146],19–21 Dec,3000,wikipedia_tabela_5,Gomes,4.0,11%,https://en.wikipedia.org/wiki/Opinion_polling_for_the_2022_Brazilian_presidential_election
2022,1,PoderData[146],19–21 Dec,3000,wikipedia_tabela_5,Tebet,1.0,11%,https://en.wikipedia.org/wiki/Opinion_polling_for_the_2022_Brazilian_presidential_election
2022,1,Ipespe[147],14–16 Dec,1000,wikipedia_tabela_5,Lula,44.0,12%,https://en.wikipedia.org/wiki/Opinion_polling_for_the_2022_Brazilian_presidential_election
2022,1,Ipespe[147],14–16 Dec,1000,wikipedia_tabela_5,Bolsonaro,24.0,12%,https://en.wikipedia.org/wiki/Opinion_polling_for_the_2022_Brazilian_presidential_election
2022,1,Ipespe[147],14–16 Dec,1000,wikipedia_tabela_5,Gomes,7.0,12%,https://en.wikipedia.org/wiki/Opinion_polling_for_the_2022_Brazilian_presidential_election
2022,1,Ipespe[147],14–16 Dec,1000,wikipedia_tabela_5,Lula,43.0,9%,https://en.wikipedia.org/wiki/Opinion_polling_for_the_2022_Brazilian_presidential_election
2022,1,Ipespe[147],14–16 Dec,1000,wikipedia_tabela_5,Bolsonaro,23.0,9%,https://en.wikipedia.org/wiki/Opinion_polling_for_the_2022_Brazilian_presidential_election
2022,1,Ipespe[147],14–16 Dec,1000,wikipedia_tabela_5,Gomes,7.0,9%,https://en.wikipedia.org/wiki/Opinion_polling_for_the_2022_Brazilian_presidential_election
2022,1,Ipespe[147],14–16 Dec,1000,wikipedia_tabela_5,Tebet,1.0,9%,https://en.wikipedia.org/wiki/Opinion_polling_for_the_2022_Brazilian_presidential_election
2022,1,Datafolha[148],13–16 Dec,3666,wikipedia_tabela_5,Lula,48.0,10%,https://en.wikipedia.org/wiki/Opinion_polling_for_the_2022_Brazilian_presidential_election
2022,1,Datafolha[148],13–16 Dec,3666,wikipedia_tabela_5,Bolsonaro,22.0,10%,https://en.wikipedia.org/wiki/Opinion_polling_for_the_2022_Brazilian_presidential_election
2022,1,Datafolha[148],13–16 Dec,3666,wikipedia_tabela_5,Gomes,7.0,10%,https://en.wikipedia.org/wiki/Opinion_polling_for_the_2022_Brazilian_presidential_election
2022,1,Ipec[149],9–13 Dec,2002,wikipedia_tabela_5,Lula,49.0,13%,https://en.wikipedia.org/wiki/Opinion_polling_for_the_2022_Brazilian_presidential_election
2022,1,Ipec[149],9–13 Dec,2002,wikipedia_tabela_5,Bolsonaro,22.0,13%,https://en.wikipedia.org/wiki/Opinion_polling_for_the_2022_Brazilian_presidential_election
2022,1,Ipec[149],9–13 Dec,2002,wikipedia_tabela_5,Gomes,5.0,13%,https://en.wikipedia.org/wiki/Opinion_polling_for_the_2022_Brazilian_presidential_election
2022,1,Ipec[149],9–13 Dec,2002,wikipedia_tabela_5,Lula,48.0,14%,https://en.wikipedia.org/wiki/Opinion_polling_for_the_2022_Brazilian_presidential_election
2022,1,Ipec[149],9–13 Dec,2002,wikipedia_tabela_5,Bolsonaro,21.0,14%,https://en.wikipedia.org/wiki/Opinion_polling_for_the_2022_Brazilian_presidential_election
2022,1,Ipec[149],9–13 Dec,2002,wikipedia_tabela_5,Gomes,5.0,14%,https://en.wikipedia.org/wiki/Opinion_polling_for_the_2022_Brazilian_presidential_election
2022,1,Ipec[149],9–13 Dec,2002,wikipedia_tabela_5,Tebet,1.0,14%,https://en.wikipedia.org/wiki/Opinion_polling_for_the_2022_Brazilian_presidential_election
2022,1,Exame/Ideia[150],6–9 Dec,1200,wikipedia_tabela_5,Lula,37.0,10%,https://en.wikipedia.org/wiki/Opinion_polling_for_the_2022_Brazilian_presidential_election
2022,1,Exame/Ideia[150],6–9 Dec,1200,wikipedia_tabela_5,Bolsonaro,27.0,10%,https://en.wikipedia.org/wiki/Opinion_polling_for_the_2022_Brazilian_presidential_election
2022,1,Exame/Ideia[150],6–9 Dec,1200,wikipedia_tabela_5,Gomes,6.0,10%,https://en.wikipedia.org/wiki/Opinion_polling_for_the_2022_Brazilian_presidential_election
2022,1,8 Dec,8 Dec,8 Dec,wikipedia_tabela_5,Lula,152.0,MDB confirms the candidacy of senator Simone Tebet.[152],https://en.wikipedia.org/wiki/Opinion_polling_for_the_2022_Brazilian_presidential_election
2022,1,8 Dec,8 Dec,8 Dec,wikipedia_tabela_5,Bolsonaro,152.0,MDB confirms the candidacy of senator Simone Tebet.[152],https://en.wikipedia.org/wiki/Opinion_polling_for_the_2022_Brazilian_presidential_election
2022,1,8 Dec,8 Dec,8 Dec,wikipedia_tabela_5,Gomes,152.0,MDB confirms the candidacy of senator Simone Tebet.[152],https://en.wikipedia.org/wiki/Opinion_polling_for_the_2022_Brazilian_presidential_election
2022,1,8 Dec,8 Dec,8 Dec,wikipedia_tabela_5,Tebet,152.0,MDB confirms the candidacy of senator Simone Tebet.[152],https://en.wikipedia.org/wiki/Opinion_polling_for_the_2022_Brazilian_presidential_election
2022,1,Quaest/Genial[153],2–5 Dec,2037,wikipedia_tabela_5,Lula,46.0,11%,https://en.wikipedia.org/wiki/Opinion_polling_for_the_2022_Brazilian_presidential_election
2022,1,Quaest/Genial[153],2–5 Dec,2037,wikipedia_tabela_5,Bolsonaro,23.0,11%,https://en.wikipedia.org/wiki/Opinion_polling_for_the_2022_Brazilian_presidential_election
2022,1,Quaest/Genial[153],2–5 Dec,2037,wikipedia_tabela_5,Gomes,5.0,11%,https://en.wikipedia.org/wiki/Opinion_polling_for_the_2022_Brazilian_presidential_election
2022,1,Quaest/Genial[153],2–5 Dec,2037,wikipedia_tabela_5,Tebet,1.0,11%,https://en.wikipedia.org/wiki/Opinion_polling_for_the_2022_Brazilian_presidential_election
2022,1,30 Nov,30 Nov,30 Nov,wikipedia_tabela_5,Lula,154.0,President Bolsonaro joins the Liberal Party.[154],https://en.wikipedia.org/wiki/Opinion_polling_for_the_2022_Brazilian_presidential_election
2022,1,30 Nov,30 Nov,30 Nov,wikipedia_tabela_5,Bolsonaro,154.0,President Bolsonaro joins the Liberal Party.[154],https://en.wikipedia.org/wiki/Opinion_polling_for_the_2022_Brazilian_presidential_election
2022,1,30 Nov,30 Nov,30 Nov,wikipedia_tabela_5,Gomes,154.0,President Bolsonaro joins the Liberal Party.[154],https://en.wikipedia.org/wiki/Opinion_polling_for_the_2022_Brazilian_presidential_election
2022,1,30 Nov,30 Nov,30 Nov,wikipedia_tabela_5,Tebet,154.0,President Bolsonaro joins the Liberal Party.[154],https://en.wikipedia.org/wiki/Opinion_polling_for_the_2022_Brazilian_presidential_election
2022,1,Atlas Político[155],27–29 Nov,4401,wikipedia_tabela_5,Lula,42.8,3.2%,https://en.wikipedia.org/wiki/Opinion_polling_for_the_2022_Brazilian_presidential_election
2022,1,Atlas Político[155],27–29 Nov,4401,wikipedia_tabela_5,Bolsonaro,31.5,3.2%,https://en.wikipedia.org/wiki/Opinion_polling_for_the_2022_Brazilian_presidential_election
2022,1,Atlas Político[155],27–29 Nov,4401,wikipedia_tabela_5,Gomes,6.1,3.2%,https://en.wikipedia.org/wiki/Opinion_polling_for_the_2022_Brazilian_presidential_election
2022,1,Atlas Político[155],27–29 Nov,4401,wikipedia_tabela_5,Tebet,0.9,3.2%,https://en.wikipedia.org/wiki/Opinion_polling_for_the_2022_Brazilian_presidential_election
2022,1,27 Nov,27 Nov,27 Nov,wikipedia_tabela_5,Lula,156.0,Governor of São Paulo João Doria wins the PSDB presidential primary.[156],https://en.wikipedia.org/wiki/Opinion_polling_for_the_2022_Brazilian_presidential_election
2022,1,27 Nov,27 Nov,27 Nov,wikipedia_tabela_5,Bolsonaro,156.0,Governor of São Paulo João Doria wins the PSDB presidential primary.[156],https://en.wikipedia.org/wiki/Opinion_polling_for_the_2022_Brazilian_presidential_election
2022,1,27 Nov,27 Nov,27 Nov,wikipedia_tabela_5,Gomes,156.0,Governor of São Paulo João Doria wins the PSDB presidential primary.[156],https://en.wikipedia.org/wiki/Opinion_polling_for_the_2022_Brazilian_presidential_election
2022,1,27 Nov,27 Nov,27 Nov,wikipedia_tabela_5,Tebet,156.0,Governor of São Paulo João Doria wins the PSDB presidential primary.[156],https://en.wikipedia.org/wiki/Opinion_polling_for_the_2022_Brazilian_presidential_election
2022,1,Ipespe[157],22–24 Nov,1000,wikipedia_tabela_5,Lula,42.0,3%,https://en.wikipedia.org/wiki/Opinion_polling_for_the_2022_Brazilian_presidential_election
2022,1,Ipespe[157],22–24 Nov,1000,wikipedia_tabela_5,Bolsonaro,25.0,3%,https://en.wikipedia.org/wiki/Opinion_polling_for_the_2022_Brazilian_presidential_election
2022,1,Ipespe[157],22–24 Nov,1000,wikipedia_tabela_5,Gomes,9.0,3%,https://en.wikipedia.org/wiki/Opinion_polling_for_the_2022_Brazilian_presidential_election
2022,1,Ipespe[157],22–24 Nov,1000,wikipedia_tabela_5,Tebet,1.0,3%,https://en.wikipedia.org/wiki/Opinion_polling_for_the_2022_Brazilian_presidential_election
2022,1,Ipespe[157],22–24 Nov,1000,wikipedia_tabela_5,Lula,42.0,8%,https://en.wikipedia.org/wiki/Opinion_polling_for_the_2022_Brazilian_presidential_election
2022,1,Ipespe[157],22–24 Nov,1000,wikipedia_tabela_5,Bolsonaro,24.0,8%,https://en.wikipedia.org/wiki/Opinion_polling_for_the_2022_Brazilian_presidential_election
2022,1,Ipespe[157],22–24 Nov,1000,wikipedia_tabela_5,Gomes,9.0,8%,https://en.wikipedia.org/wiki/Opinion_polling_for_the_2022_Brazilian_presidential_election
2022,1,Ipespe[157],22–24 Nov,1000,wikipedia_tabela_5,Tebet,2.0,8%,https://en.wikipedia.org/wiki/Opinion_polling_for_the_2022_Brazilian_presidential_election
2022,1,PoderData[158],22–24 Nov,2500,wikipedia_tabela_5,Lula,34.0,9%,https://en.wikipedia.org/wiki/Opinion_polling_for_the_2022_Brazilian_presidential_election
2022,1,PoderData[158],22–24 Nov,2500,wikipedia_tabela_5,Bolsonaro,29.0,9%,https://en.wikipedia.org/wiki/Opinion_polling_for_the_2022_Brazilian_presidential_election
2022,1,PoderData[158],22–24 Nov,2500,wikipedia_tabela_5,Gomes,7.0,9%,https://en.wikipedia.org/wiki/Opinion_polling_for_the_2022_Brazilian_presidential_election
2022,1,PoderData[158],22–24 Nov,2500,wikipedia_tabela_5,Lula,36.0,8%,https://en.wikipedia.org/wiki/Opinion_polling_for_the_2022_Brazilian_presidential_election
2022,1,PoderData[158],22–24 Nov,2500,wikipedia_tabela_5,Bolsonaro,27.0,8%,https://en.wikipedia.org/wiki/Opinion_polling_for_the_2022_Brazilian_presidential_election
2022,1,PoderData[158],22–24 Nov,2500,wikipedia_tabela_5,Gomes,9.0,8%,https://en.wikipedia.org/wiki/Opinion_polling_for_the_2022_Brazilian_presidential_election
2022,1,Futura/ModalMais[159],16–20 Nov,2000,wikipedia_tabela_5,Lula,37.0,7.1%,https://en.wikipedia.org/wiki/Opinion_polling_for_the_2022_Brazilian_presidential_election
2022,1,Futura/ModalMais[159],16–20 Nov,2000,wikipedia_tabela_5,Bolsonaro,30.8,7.1%,https://en.wikipedia.org/wiki/Opinion_polling_for_the_2022_Brazilian_presidential_election
2022,1,Futura/ModalMais[159],16–20 Nov,2000,wikipedia_tabela_5,Gomes,7.5,7.1%,https://en.wikipedia.org/wiki/Opinion_polling_for_the_2022_Brazilian_presidential_election
2022,1,Paraná Pesquisas[160],16–19 Nov,2020,wikipedia_tabela_5,Lula,34.9,13.4%,https://en.wikipedia.org/wiki/Opinion_polling_for_the_2022_Brazilian_presidential_election
2022,1,Paraná Pesquisas[160],16–19 Nov,2020,wikipedia_tabela_5,Bolsonaro,29.2,13.4%,https://en.wikipedia.org/wiki/Opinion_polling_for_the_2022_Brazilian_presidential_election
2022,1,Paraná Pesquisas[160],16–19 Nov,2020,wikipedia_tabela_5,Gomes,6.1,13.4%,https://en.wikipedia.org/wiki/Opinion_polling_for_the_2022_Brazilian_presidential_election
2022,1,Paraná Pesquisas[160],16–19 Nov,2020,wikipedia_tabela_5,Tebet,0.4,13.4%,https://en.wikipedia.org/wiki/Opinion_polling_for_the_2022_Brazilian_presidential_election
2022,1,Paraná Pesquisas[160],16–19 Nov,2020,wikipedia_tabela_5,Lula,35.1,13.6%,https://en.wikipedia.org/wiki/Opinion_polling_for_the_2022_Brazilian_presidential_election
2022,1,Paraná Pesquisas[160],16–19 Nov,2020,wikipedia_tabela_5,Bolsonaro,29.8,13.6%,https://en.wikipedia.org/wiki/Opinion_polling_for_the_2022_Brazilian_presidential_election
2022,1,Paraná Pesquisas[160],16–19 Nov,2020,wikipedia_tabela_5,Gomes,6.1,13.6%,https://en.wikipedia.org/wiki/Opinion_polling_for_the_2022_Brazilian_presidential_election
2022,1,Paraná Pesquisas[160],16–19 Nov,2020,wikipedia_tabela_5,Tebet,0.6,13.6%,https://en.wikipedia.org/wiki/Opinion_polling_for_the_2022_Brazilian_presidential_election
2022,1,Ponteio Política[161],16–18 Nov,1000,wikipedia_tabela_5,Lula,37.0,31%,https://en.wikipedia.org/wiki/Opinion_polling_for_the_2022_Brazilian_presidential_election
2022,1,Ponteio Política[161],16–18 Nov,1000,wikipedia_tabela_5,Gomes,11.0,31%,https://en.wikipedia.org/wiki/Opinion_polling_for_the_2022_Brazilian_presidential_election
2022,1,Ponteio Política[161],16–18 Nov,1000,wikipedia_tabela_5,Lula,37.0,17%,https://en.wikipedia.org/wiki/Opinion_polling_for_the_2022_Brazilian_presidential_election
2022,1,Ponteio Política[161],16–18 Nov,1000,wikipedia_tabela_5,Bolsonaro,24.0,17%,https://en.wikipedia.org/wiki/Opinion_polling_for_the_2022_Brazilian_presidential_election
2022,1,Ponteio Política[161],16–18 Nov,1000,wikipedia_tabela_5,Gomes,8.0,17%,https://en.wikipedia.org/wiki/Opinion_polling_for_the_2022_Brazilian_presidential_election
2022,1,Exame/Ideia[162],9–11 Nov,1200,wikipedia_tabela_5,Lula,35.0,20%,https://en.wikipedia.org/wiki/Opinion_polling_for_the_2022_Brazilian_presidential_election
2022,1,Exame/Ideia[162],9–11 Nov,1200,wikipedia_tabela_5,Bolsonaro,25.0,20%,https://en.wikipedia.org/wiki/Opinion_polling_for_the_2022_Brazilian_presidential_election
2022,1,Exame/Ideia[162],9–11 Nov,1200,wikipedia_tabela_5,Gomes,7.0,20%,https://en.wikipedia.org/wiki/Opinion_polling_for_the_2022_Brazilian_presidential_election
2022,1,Exame/Ideia[162],9–11 Nov,1200,wikipedia_tabela_5,Tebet,1.0,20%,https://en.wikipedia.org/wiki/Opinion_polling_for_the_2022_Brazilian_presidential_election
2022,1,Quaest/Genial[163],3–6 Nov,2063,wikipedia_tabela_5,Lula,48.0,14%,https://en.wikipedia.org/wiki/Opinion_polling_for_the_2022_Brazilian_presidential_election
2022,1,Quaest/Genial[163],3–6 Nov,2063,wikipedia_tabela_5,Bolsonaro,21.0,14%,https://en.wikipedia.org/wiki/Opinion_polling_for_the_2022_Brazilian_presidential_election
2022,1,Quaest/Genial[163],3–6 Nov,2063,wikipedia_tabela_5,Gomes,6.0,14%,https://en.wikipedia.org/wiki/Opinion_polling_for_the_2022_Brazilian_presidential_election
2022,1,Quaest/Genial[163],3–6 Nov,2063,wikipedia_tabela_5,Tebet,1.0,14%,https://en.wikipedia.org/wiki/Opinion_polling_for_the_2022_Brazilian_presidential_election
2022,1,Quaest/Genial[163],3–6 Nov,2063,wikipedia_tabela_5,Lula,47.0,14%,https://en.wikipedia.org/wiki/Opinion_polling_for_the_2022_Brazilian_presidential_election
2022,1,Quaest/Genial[163],3–6 Nov,2063,wikipedia_tabela_5,Bolsonaro,21.0,14%,https://en.wikipedia.org/wiki/Opinion_polling_for_the_2022_Brazilian_presidential_election
2022,1,Quaest/Genial[163],3–6 Nov,2063,wikipedia_tabela_5,Gomes,7.0,14%,https://en.wikipedia.org/wiki/Opinion_polling_for_the_2022_Brazilian_presidential_election
2022,1,Quaest/Genial[163],3–6 Nov,2063,wikipedia_tabela_5,Tebet,1.0,14%,https://en.wikipedia.org/wiki/Opinion_polling_for_the_2022_Brazilian_presidential_election
2022,1,Vox Populi[164],30 Oct – 4 Nov,2000,wikipedia_tabela_5,Lula,44.0,22%,https://en.wikipedia.org/wiki/Opinion_polling_for_the_2022_Brazilian_presidential_election
2022,1,Vox Populi[164],30 Oct – 4 Nov,2000,wikipedia_tabela_5,Bolsonaro,21.0,22%,https://en.wikipedia.org/wiki/Opinion_polling_for_the_2022_Brazilian_presidential_election
2022,1,Vox Populi[164],30 Oct – 4 Nov,2000,wikipedia_tabela_5,Gomes,4.0,22%,https://en.wikipedia.org/wiki/Opinion_polling_for_the_2022_Brazilian_presidential_election
2022,1,Vox Populi[164],30 Oct – 4 Nov,2000,wikipedia_tabela_5,Lula,45.0,21%,https://en.wikipedia.org/wiki/Opinion_polling_for_the_2022_Brazilian_presidential_election
2022,1,Vox Populi[164],30 Oct – 4 Nov,2000,wikipedia_tabela_5,Bolsonaro,21.0,21%,https://en.wikipedia.org/wiki/Opinion_polling_for_the_2022_Brazilian_presidential_election
2022,1,Vox Populi[164],30 Oct – 4 Nov,2000,wikipedia_tabela_5,Gomes,5.0,21%,https://en.wikipedia.org/wiki/Opinion_polling_for_the_2022_Brazilian_presidential_election
2022,1,XP/Ipespe[165],25–28 Oct,1000,wikipedia_tabela_5,Lula,42.0,10%,https://en.wikipedia.org/wiki/Opinion_polling_for_the_2022_Brazilian_presidential_election
2022,1,XP/Ipespe[165],25–28 Oct,1000,wikipedia_tabela_5,Bolsonaro,28.0,10%,https://en.wikipedia.org/wiki/Opinion_polling_for_the_2022_Brazilian_presidential_election
2022,1,XP/Ipespe[165],25–28 Oct,1000,wikipedia_tabela_5,Gomes,11.0,10%,https://en.wikipedia.org/wiki/Opinion_polling_for_the_2022_Brazilian_presidential_election
2022,1,XP/Ipespe[165],25–28 Oct,1000,wikipedia_tabela_5,Tebet,2.0,10%,https://en.wikipedia.org/wiki/Opinion_polling_for_the_2022_Brazilian_presidential_election
2022,1,XP/Ipespe[165],25–28 Oct,1000,wikipedia_tabela_5,Lula,41.0,5%,https://en.wikipedia.org/wiki/Opinion_polling_for_the_2022_Brazilian_presidential_election
2022,1,XP/Ipespe[165],25–28 Oct,1000,wikipedia_tabela_5,Bolsonaro,25.0,5%,https://en.wikipedia.org/wiki/Opinion_polling_for_the_2022_Brazilian_presidential_election
2022,1,XP/Ipespe[165],25–28 Oct,1000,wikipedia_tabela_5,Gomes,9.0,5%,https://en.wikipedia.org/wiki/Opinion_polling_for_the_2022_Brazilian_presidential_election
2022,1,XP/Ipespe[165],25–28 Oct,1000,wikipedia_tabela_5,Tebet,2.0,5%,https://en.wikipedia.org/wiki/Opinion_polling_for_the_2022_Brazilian_presidential_election
2022,1,PoderData[166],25–27 Oct,2500,wikipedia_tabela_5,Lula,35.0,9%,https://en.wikipedia.org/wiki/Opinion_polling_for_the_2022_Brazilian_presidential_election
2022,1,PoderData[166],25–27 Oct,2500,wikipedia_tabela_5,Bolsonaro,28.0,9%,https://en.wikipedia.org/wiki/Opinion_polling_for_the_2022_Brazilian_presidential_election
2022,1,PoderData[166],25–27 Oct,2500,wikipedia_tabela_5,Gomes,5.0,9%,https://en.wikipedia.org/wiki/Opinion_polling_for_the_2022_Brazilian_presidential_election
2022,1,PoderData[166],25–27 Oct,2500,wikipedia_tabela_5,Tebet,1.0,9%,https://en.wikipedia.org/wiki/Opinion_polling_for_the_2022_Brazilian_presidential_election
2022,1,PoderData[166],25–27 Oct,2500,wikipedia_tabela_5,Lula,34.0,7%,https://en.wikipedia.org/wiki/Opinion_polling_for_the_2022_Brazilian_presidential_election
2022,1,PoderData[166],25–27 Oct,2500,wikipedia_tabela_5,Bolsonaro,30.0,7%,https://en.wikipedia.org/wiki/Opinion_polling_for_the_2022_Brazilian_presidential_election
2022,1,PoderData[166],25–27 Oct,2500,wikipedia_tabela_5,Gomes,7.0,7%,https://en.wikipedia.org/wiki/Opinion_polling_for_the_2022_Brazilian_presidential_election
2022,1,PoderData[166],25–27 Oct,2500,wikipedia_tabela_5,Tebet,1.0,7%,https://en.wikipedia.org/wiki/Opinion_polling_for_the_2022_Brazilian_presidential_election
2022,1,23 Oct,23 Oct,23 Oct,wikipedia_tabela_5,Lula,167.0,PSD confirms the candidacy of senator Rodrigo Pacheco.[167],https://en.wikipedia.org/wiki/Opinion_polling_for_the_2022_Brazilian_presidential_election
2022,1,23 Oct,23 Oct,23 Oct,wikipedia_tabela_5,Bolsonaro,167.0,PSD confirms the candidacy of senator Rodrigo Pacheco.[167],https://en.wikipedia.org/wiki/Opinion_polling_for_the_2022_Brazilian_presidential_election
2022,1,23 Oct,23 Oct,23 Oct,wikipedia_tabela_5,Gomes,167.0,PSD confirms the candidacy of senator Rodrigo Pacheco.[167],https://en.wikipedia.org/wiki/Opinion_polling_for_the_2022_Brazilian_presidential_election
2022,1,23 Oct,23 Oct,23 Oct,wikipedia_tabela_5,Tebet,167.0,PSD confirms the candidacy of senator Rodrigo Pacheco.[167],https://en.wikipedia.org/wiki/Opinion_polling_for_the_2022_Brazilian_presidential_election
2022,1,22 Oct,22 Oct,22 Oct,wikipedia_tabela_5,Lula,168.0,Former Judge and Justice Minister Moro confirms candidacy.[168],https://en.wikipedia.org/wiki/Opinion_polling_for_the_2022_Brazilian_presidential_election
2022,1,22 Oct,22 Oct,22 Oct,wikipedia_tabela_5,Bolsonaro,168.0,Former Judge and Justice Minister Moro confirms candidacy.[168],https://en.wikipedia.org/wiki/Opinion_polling_for_the_2022_Brazilian_presidential_election
2022,1,22 Oct,22 Oct,22 Oct,wikipedia_tabela_5,Gomes,168.0,Former Judge and Justice Minister Moro confirms candidacy.[168],https://en.wikipedia.org/wiki/Opinion_polling_for_the_2022_Brazilian_presidential_election
2022,1,22 Oct,22 Oct,22 Oct,wikipedia_tabela_5,Tebet,168.0,Former Judge and Justice Minister Moro confirms candidacy.[168],https://en.wikipedia.org/wiki/Opinion_polling_for_the_2022_Brazilian_presidential_election
2022,1,Quaest/Genial[169],30 Sep – 3 Oct,2048,wikipedia_tabela_5,Lula,43.0,12%,https://en.wikipedia.org/wiki/Opinion_polling_for_the_2022_Brazilian_presidential_election
2022,1,Quaest/Genial[169],30 Sep – 3 Oct,2048,wikipedia_tabela_5,Bolsonaro,24.0,12%,https://en.wikipedia.org/wiki/Opinion_polling_for_the_2022_Brazilian_presidential_election
2022,1,Quaest/Genial[169],30 Sep – 3 Oct,2048,wikipedia_tabela_5,Gomes,10.0,12%,https://en.wikipedia.org/wiki/Opinion_polling_for_the_2022_Brazilian_presidential_election
2022,1,Quaest/Genial[169],30 Sep – 3 Oct,2048,wikipedia_tabela_5,Lula,44.0,12%,https://en.wikipedia.org/wiki/Opinion_polling_for_the_2022_Brazilian_presidential_election
2022,1,Quaest/Genial[169],30 Sep – 3 Oct,2048,wikipedia_tabela_5,Bolsonaro,24.0,12%,https://en.wikipedia.org/wiki/Opinion_polling_for_the_2022_Brazilian_presidential_election
2022,1,Quaest/Genial[169],30 Sep – 3 Oct,2048,wikipedia_tabela_5,Gomes,9.0,12%,https://en.wikipedia.org/wiki/Opinion_polling_for_the_2022_Brazilian_presidential_election
2022,1,Quaest/Genial[169],30 Sep – 3 Oct,2048,wikipedia_tabela_5,Lula,45.0,13%,https://en.wikipedia.org/wiki/Opinion_polling_for_the_2022_Brazilian_presidential_election
2022,1,Quaest/Genial[169],30 Sep – 3 Oct,2048,wikipedia_tabela_5,Bolsonaro,26.0,13%,https://en.wikipedia.org/wiki/Opinion_polling_for_the_2022_Brazilian_presidential_election
2022,1,Quaest/Genial[169],30 Sep – 3 Oct,2048,wikipedia_tabela_5,Gomes,10.0,13%,https://en.wikipedia.org/wiki/Opinion_polling_for_the_2022_Brazilian_presidential_election
2022,1,PoderData[170],27–29 Sep,2500,wikipedia_tabela_5,Lula,40.0,11%,https://en.wikipedia.org/wiki/Opinion_polling_for_the_2022_Brazilian_presidential_election
2022,1,PoderData[170],27–29 Sep,2500,wikipedia_tabela_5,Bolsonaro,30.0,11%,https://en.wikipedia.org/wiki/Opinion_polling_for_the_2022_Brazilian_presidential_election
2022,1,PoderData[170],27–29 Sep,2500,wikipedia_tabela_5,Gomes,5.0,11%,https://en.wikipedia.org/wiki/Opinion_polling_for_the_2022_Brazilian_presidential_election
2022,1,PoderData[170],27–29 Sep,2500,wikipedia_tabela_5,Tebet,2.0,11%,https://en.wikipedia.org/wiki/Opinion_polling_for_the_2022_Brazilian_presidential_election
2022,1,PoderData[170],27–29 Sep,2500,wikipedia_tabela_5,Lula,43.0,11%,https://en.wikipedia.org/wiki/Opinion_polling_for_the_2022_Brazilian_presidential_election
2022,1,PoderData[170],27–29 Sep,2500,wikipedia_tabela_5,Bolsonaro,28.0,11%,https://en.wikipedia.org/wiki/Opinion_polling_for_the_2022_Brazilian_presidential_election
2022,1,PoderData[170],27–29 Sep,2500,wikipedia_tabela_5,Gomes,5.0,11%,https://en.wikipedia.org/wiki/Opinion_polling_for_the_2022_Brazilian_presidential_election
2022,1,PoderData[170],27–29 Sep,2500,wikipedia_tabela_5,Tebet,1.0,11%,https://en.wikipedia.org/wiki/Opinion_polling_for_the_2022_Brazilian_presidential_election
2022,1,Ipespe[171],22–24 Sep,1000,wikipedia_tabela_5,Lula,43.0,7%,https://en.wikipedia.org/wiki/Opinion_polling_for_the_2022_Brazilian_presidential_election
2022,1,Ipespe[171],22–24 Sep,1000,wikipedia_tabela_5,Bolsonaro,28.0,7%,https://en.wikipedia.org/wiki/Opinion_polling_for_the_2022_Brazilian_presidential_election
2022,1,Ipespe[171],22–24 Sep,1000,wikipedia_tabela_5,Gomes,11.0,7%,https://en.wikipedia.org/wiki/Opinion_polling_for_the_2022_Brazilian_presidential_election
2022,1,Ipespe[171],22–24 Sep,1000,wikipedia_tabela_5,Tebet,2.0,7%,https://en.wikipedia.org/wiki/Opinion_polling_for_the_2022_Brazilian_presidential_election
2022,1,Ipespe[171],22–24 Sep,1000,wikipedia_tabela_5,Lula,42.0,6%,https://en.wikipedia.org/wiki/Opinion_polling_for_the_2022_Brazilian_presidential_election
2022,1,Ipespe[171],22–24 Sep,1000,wikipedia_tabela_5,Bolsonaro,25.0,6%,https://en.wikipedia.org/wiki/Opinion_polling_for_the_2022_Brazilian_presidential_election
2022,1,Ipespe[171],22–24 Sep,1000,wikipedia_tabela_5,Gomes,9.0,6%,https://en.wikipedia.org/wiki/Opinion_polling_for_the_2022_Brazilian_presidential_election
2022,1,Ipespe[171],22–24 Sep,1000,wikipedia_tabela_5,Tebet,1.0,6%,https://en.wikipedia.org/wiki/Opinion_polling_for_the_2022_Brazilian_presidential_election
2022,1,Ipec[172],16–20 Sep,2002,wikipedia_tabela_5,Lula,48.0,14%,https://en.wikipedia.org/wiki/Opinion_polling_for_the_2022_Brazilian_presidential_election
2022,1,Ipec[172],16–20 Sep,2002,wikipedia_tabela_5,Bolsonaro,23.0,14%,https://en.wikipedia.org/wiki/Opinion_polling_for_the_2022_Brazilian_presidential_election
2022,1,Ipec[172],16–20 Sep,2002,wikipedia_tabela_5,Gomes,8.0,14%,https://en.wikipedia.org/wiki/Opinion_polling_for_the_2022_Brazilian_presidential_election
2022,1,Ipec[172],16–20 Sep,2002,wikipedia_tabela_5,Lula,45.0,14%,https://en.wikipedia.org/wiki/Opinion_polling_for_the_2022_Brazilian_presidential_election
2022,1,Ipec[172],16–20 Sep,2002,wikipedia_tabela_5,Bolsonaro,22.0,14%,https://en.wikipedia.org/wiki/Opinion_polling_for_the_2022_Brazilian_presidential_election
2022,1,Ipec[172],16–20 Sep,2002,wikipedia_tabela_5,Gomes,6.0,14%,https://en.wikipedia.org/wiki/Opinion_polling_for_the_2022_Brazilian_presidential_election
2022,1,Ipec[172],16–20 Sep,2002,wikipedia_tabela_5,Tebet,1.0,14%,https://en.wikipedia.org/wiki/Opinion_polling_for_the_2022_Brazilian_presidential_election
2022,1,Datatempo[173],9–15 Sep,2025,wikipedia_tabela_5,Lula,36.0,14.2%,https://en.wikipedia.org/wiki/Opinion_polling_for_the_2022_Brazilian_presidential_election
2022,1,Datatempo[173],9–15 Sep,2025,wikipedia_tabela_5,Bolsonaro,22.0,14.2%,https://en.wikipedia.org/wiki/Opinion_polling_for_the_2022_Brazilian_presidential_election
2022,1,Datatempo[173],9–15 Sep,2025,wikipedia_tabela_5,Gomes,7.8,14.2%,https://en.wikipedia.org/wiki/Opinion_polling_for_the_2022_Brazilian_presidential_election
2022,1,Datafolha[174],13–15 Sep,3667,wikipedia_tabela_5,Lula,44.0,12%,https://en.wikipedia.org/wiki/Opinion_polling_for_the_2022_Brazilian_presidential_election
2022,1,Datafolha[174],13–15 Sep,3667,wikipedia_tabela_5,Bolsonaro,26.0,12%,https://en.wikipedia.org/wiki/Opinion_polling_for_the_2022_Brazilian_presidential_election
2022,1,Datafolha[174],13–15 Sep,3667,wikipedia_tabela_5,Gomes,9.0,12%,https://en.wikipedia.org/wiki/Opinion_polling_for_the_2022_Brazilian_presidential_election
2022,1,Datafolha[174],13–15 Sep,3667,wikipedia_tabela_5,Lula,42.0,13%,https://en.wikipedia.org/wiki/Opinion_polling_for_the_2022_Brazilian_presidential_election
2022,1,Datafolha[174],13–15 Sep,3667,wikipedia_tabela_5,Bolsonaro,25.0,13%,https://en.wikipedia.org/wiki/Opinion_polling_for_the_2022_Brazilian_presidential_election
2022,1,Datafolha[174],13–15 Sep,3667,wikipedia_tabela_5,Gomes,12.0,13%,https://en.wikipedia.org/wiki/Opinion_polling_for_the_2022_Brazilian_presidential_election
2022,1,Datafolha[174],13–15 Sep,3667,wikipedia_tabela_5,Lula,44.0,12%,https://en.wikipedia.org/wiki/Opinion_polling_for_the_2022_Brazilian_presidential_election
2022,1,Datafolha[174],13–15 Sep,3667,wikipedia_tabela_5,Bolsonaro,25.0,12%,https://en.wikipedia.org/wiki/Opinion_polling_for_the_2022_Brazilian_presidential_election
2022,1,Datafolha[174],13–15 Sep,3667,wikipedia_tabela_5,Gomes,11.0,12%,https://en.wikipedia.org/wiki/Opinion_polling_for_the_2022_Brazilian_presidential_election
2022,1,Datafolha[174],13–15 Sep,3667,wikipedia_tabela_5,Lula,42.0,12%,https://en.wikipedia.org/wiki/Opinion_polling_for_the_2022_Brazilian_presidential_election
2022,1,Datafolha[174],13–15 Sep,3667,wikipedia_tabela_5,Bolsonaro,24.0,12%,https://en.wikipedia.org/wiki/Opinion_polling_for_the_2022_Brazilian_presidential_election
2022,1,Datafolha[174],13–15 Sep,3667,wikipedia_tabela_5,Gomes,10.0,12%,https://en.wikipedia.org/wiki/Opinion_polling_for_the_2022_Brazilian_presidential_election
2022,1,Datafolha[174],13–15 Sep,3667,wikipedia_tabela_5,Tebet,1.0,12%,https://en.wikipedia.org/wiki/Opinion_polling_for_the_2022_Brazilian_presidential_election
2022,1,Paraná Pesquisas[175],1–5 Sep,2012,wikipedia_tabela_5,Lula,35.5,16.5%,https://en.wikipedia.org/wiki/Opinion_polling_for_the_2022_Brazilian_presidential_election
2022,1,Paraná Pesquisas[175],1–5 Sep,2012,wikipedia_tabela_5,Bolsonaro,30.9,16.5%,https://en.wikipedia.org/wiki/Opinion_polling_for_the_2022_Brazilian_presidential_election
2022,1,Paraná Pesquisas[175],1–5 Sep,2012,wikipedia_tabela_5,Gomes,9.7,16.5%,https://en.wikipedia.org/wiki/Opinion_polling_for_the_2022_Brazilian_presidential_election
2022,1,PoderData[176],30 Aug – 1 Sep,2500,wikipedia_tabela_5,Lula,37.0,11%,https://en.wikipedia.org/wiki/Opinion_polling_for_the_2022_Brazilian_presidential_election
2022,1,PoderData[176],30 Aug – 1 Sep,2500,wikipedia_tabela_5,Bolsonaro,28.0,11%,https://en.wikipedia.org/wiki/Opinion_polling_for_the_2022_Brazilian_presidential_election
2022,1,PoderData[176],30 Aug – 1 Sep,2500,wikipedia_tabela_5,Gomes,8.0,11%,https://en.wikipedia.org/wiki/Opinion_polling_for_the_2022_Brazilian_presidential_election
2022,1,PoderData[176],30 Aug – 1 Sep,2500,wikipedia_tabela_5,Tebet,4.0,11%,https://en.wikipedia.org/wiki/Opinion_polling_for_the_2022_Brazilian_presidential_election
2022,1,Quaest/Genial[177],26–29 Aug,2000,wikipedia_tabela_5,Lula,47.0,13%,https://en.wikipedia.org/wiki/Opinion_polling_for_the_2022_Brazilian_presidential_election
2022,1,Quaest/Genial[177],26–29 Aug,2000,wikipedia_tabela_5,Bolsonaro,26.0,13%,https://en.wikipedia.org/wiki/Opinion_polling_for_the_2022_Brazilian_presidential_election
2022,1,Quaest/Genial[177],26–29 Aug,2000,wikipedia_tabela_5,Gomes,8.0,13%,https://en.wikipedia.org/wiki/Opinion_polling_for_the_2022_Brazilian_presidential_election
2022,1,XP/Ipespe[178],11–14 Aug,1000,wikipedia_tabela_5,Lula,40.0,9%,https://en.wikipedia.org/wiki/Opinion_polling_for_the_2022_Brazilian_presidential_election
2022,1,XP/Ipespe[178],11–14 Aug,1000,wikipedia_tabela_5,Bolsonaro,24.0,9%,https://en.wikipedia.org/wiki/Opinion_polling_for_the_2022_Brazilian_presidential_election
2022,1,XP/Ipespe[178],11–14 Aug,1000,wikipedia_tabela_5,Gomes,10.0,9%,https://en.wikipedia.org/wiki/Opinion_polling_for_the_2022_Brazilian_presidential_election
2022,1,XP/Ipespe[178],11–14 Aug,1000,wikipedia_tabela_5,Lula,37.0,13%,https://en.wikipedia.org/wiki/Opinion_polling_for_the_2022_Brazilian_presidential_election
2022,1,XP/Ipespe[178],11–14 Aug,1000,wikipedia_tabela_5,Bolsonaro,28.0,13%,https://en.wikipedia.org/wiki/Opinion_polling_for_the_2022_Brazilian_presidential_election
2022,1,XP/Ipespe[178],11–14 Aug,1000,wikipedia_tabela_5,Gomes,11.0,13%,https://en.wikipedia.org/wiki/Opinion_polling_for_the_2022_Brazilian_presidential_election
2022,1,XP/Ipespe[178],11–14 Aug,1000,wikipedia_tabela_5,Tebet,1.0,13%,https://en.wikipedia.org/wiki/Opinion_polling_for_the_2022_Brazilian_presidential_election
2022,1,PoderData[179],2–4 Aug,2500,wikipedia_tabela_5,Lula,39.0,11%,https://en.wikipedia.org/wiki/Opinion_polling_for_the_2022_Brazilian_presidential_election
2022,1,PoderData[179],2–4 Aug,2500,wikipedia_tabela_5,Bolsonaro,25.0,11%,https://en.wikipedia.org/wiki/Opinion_polling_for_the_2022_Brazilian_presidential_election
2022,1,PoderData[179],2–4 Aug,2500,wikipedia_tabela_5,Gomes,8.0,11%,https://en.wikipedia.org/wiki/Opinion_polling_for_the_2022_Brazilian_presidential_election
2022,1,Quaest/Genial[180],29 Jul – 1 Aug,1500,wikipedia_tabela_5,Lula,46.0,13%,https://en.wikipedia.org/wiki/Opinion_polling_for_the_2022_Brazilian_presidential_election
2022,1,Quaest/Genial[180],29 Jul – 1 Aug,1500,wikipedia_tabela_5,Bolsonaro,29.0,13%,https://en.wikipedia.org/wiki/Opinion_polling_for_the_2022_Brazilian_presidential_election
2022,1,Quaest/Genial[180],29 Jul – 1 Aug,1500,wikipedia_tabela_5,Gomes,12.0,13%,https://en.wikipedia.org/wiki/Opinion_polling_for_the_2022_Brazilian_presidential_election
2022,1,Quaest/Genial[180],29 Jul – 1 Aug,1500,wikipedia_tabela_5,Lula,44.0,10%,https://en.wikipedia.org/wiki/Opinion_polling_for_the_2022_Brazilian_presidential_election
2022,1,Quaest/Genial[180],29 Jul – 1 Aug,1500,wikipedia_tabela_5,Bolsonaro,27.0,10%,https://en.wikipedia.org/wiki/Opinion_polling_for_the_2022_Brazilian_presidential_election
2022,1,Quaest/Genial[180],29 Jul – 1 Aug,1500,wikipedia_tabela_5,Gomes,10.0,10%,https://en.wikipedia.org/wiki/Opinion_polling_for_the_2022_Brazilian_presidential_election
2022,1,Paraná Pesquisas[181],24–28 Jul,2010,wikipedia_tabela_5,Lula,33.7,12.7%,https://en.wikipedia.org/wiki/Opinion_polling_for_the_2022_Brazilian_presidential_election
2022,1,Paraná Pesquisas[181],24–28 Jul,2010,wikipedia_tabela_5,Bolsonaro,32.7,12.7%,https://en.wikipedia.org/wiki/Opinion_polling_for_the_2022_Brazilian_presidential_election
2022,1,Paraná Pesquisas[181],24–28 Jul,2010,wikipedia_tabela_5,Gomes,6.8,12.7%,https://en.wikipedia.org/wiki/Opinion_polling_for_the_2022_Brazilian_presidential_election
2022,1,Paraná Pesquisas[181],24–28 Jul,2010,wikipedia_tabela_5,Tebet,0.8,12.7%,https://en.wikipedia.org/wiki/Opinion_polling_for_the_2022_Brazilian_presidential_election
2022,1,Datafolha[182],7–8 Jul,2074,wikipedia_tabela_5,Lula,46.0,12%,https://en.wikipedia.org/wiki/Opinion_polling_for_the_2022_Brazilian_presidential_election
2022,1,Datafolha[182],7–8 Jul,2074,wikipedia_tabela_5,Bolsonaro,25.0,12%,https://en.wikipedia.org/wiki/Opinion_polling_for_the_2022_Brazilian_presidential_election
2022,1,Datafolha[182],7–8 Jul,2074,wikipedia_tabela_5,Gomes,8.0,12%,https://en.wikipedia.org/wiki/Opinion_polling_for_the_2022_Brazilian_presidential_election
2022,1,XP/Ipespe[183],5–7 Jul,1000,wikipedia_tabela_5,Lula,38.0,13%,https://en.wikipedia.org/wiki/Opinion_polling_for_the_2022_Brazilian_presidential_election
2022,1,XP/Ipespe[183],5–7 Jul,1000,wikipedia_tabela_5,Bolsonaro,26.0,13%,https://en.wikipedia.org/wiki/Opinion_polling_for_the_2022_Brazilian_presidential_election
2022,1,XP/Ipespe[183],5–7 Jul,1000,wikipedia_tabela_5,Gomes,10.0,13%,https://en.wikipedia.org/wiki/Opinion_polling_for_the_2022_Brazilian_presidential_election
2022,1,XP/Ipespe[183],5–7 Jul,1000,wikipedia_tabela_5,Lula,35.0,13%,https://en.wikipedia.org/wiki/Opinion_polling_for_the_2022_Brazilian_presidential_election
2022,1,XP/Ipespe[183],5–7 Jul,1000,wikipedia_tabela_5,Bolsonaro,27.0,13%,https://en.wikipedia.org/wiki/Opinion_polling_for_the_2022_Brazilian_presidential_election
2022,1,XP/Ipespe[183],5–7 Jul,1000,wikipedia_tabela_5,Gomes,11.0,13%,https://en.wikipedia.org/wiki/Opinion_polling_for_the_2022_Brazilian_presidential_election
2022,1,Exame/Ideia[184],22–24 Jun,1200,wikipedia_tabela_6,Lula,39.0,8%,https://en.wikipedia.org/wiki/Opinion_polling_for_the_2022_Brazilian_presidential_election
2022,1,Exame/Ideia[184],22–24 Jun,1200,wikipedia_tabela_6,Bolsonaro,31.0,8%,https://en.wikipedia.org/wiki/Opinion_polling_for_the_2022_Brazilian_presidential_election
2022,1,Exame/Ideia[184],22–24 Jun,1200,wikipedia_tabela_6,Gomes,14.0,8%,https://en.wikipedia.org/wiki/Opinion_polling_for_the_2022_Brazilian_presidential_election
2022,1,Instituto Ipec[185],17–21 Jun,2002,wikipedia_tabela_6,Lula,49.0,13%,https://en.wikipedia.org/wiki/Opinion_polling_for_the_2022_Brazilian_presidential_election
2022,1,Instituto Ipec[185],17–21 Jun,2002,wikipedia_tabela_6,Bolsonaro,23.0,13%,https://en.wikipedia.org/wiki/Opinion_polling_for_the_2022_Brazilian_presidential_election
2022,1,Instituto Ipec[185],17–21 Jun,2002,wikipedia_tabela_6,Gomes,7.0,13%,https://en.wikipedia.org/wiki/Opinion_polling_for_the_2022_Brazilian_presidential_election
2022,1,16 Jun,16 Jun,16 Jun,wikipedia_tabela_6,Lula,186.0,Huck withdraws candidacy.[186],https://en.wikipedia.org/wiki/Opinion_polling_for_the_2022_Brazilian_presidential_election
2022,1,16 Jun,16 Jun,16 Jun,wikipedia_tabela_6,Bolsonaro,186.0,Huck withdraws candidacy.[186],https://en.wikipedia.org/wiki/Opinion_polling_for_the_2022_Brazilian_presidential_election
2022,1,16 Jun,16 Jun,16 Jun,wikipedia_tabela_6,Gomes,186.0,Huck withdraws candidacy.[186],https://en.wikipedia.org/wiki/Opinion_polling_for_the_2022_Brazilian_presidential_election
2022,1,Instituto Mapa[187],18–20 May,2000,wikipedia_tabela_6,Lula,36.8,13.5%,https://en.wikipedia.org/wiki/Opinion_polling_for_the_2022_Brazilian_presidential_election
2022,1,Instituto Mapa[187],18–20 May,2000,wikipedia_tabela_6,Bolsonaro,26.8,13.5%,https://en.wikipedia.org/wiki/Opinion_polling_for_the_2022_Brazilian_presidential_election
2022,1,Instituto Mapa[187],18–20 May,2000,wikipedia_tabela_6,Gomes,5.0,13.5%,https://en.wikipedia.org/wiki/Opinion_polling_for_the_2022_Brazilian_presidential_election
2022,1,Vox Populi[188],12–16 May,2000,wikipedia_tabela_6,Lula,43.0,14%,https://en.wikipedia.org/wiki/Opinion_polling_for_the_2022_Brazilian_presidential_election
2022,1,Vox Populi[188],12–16 May,2000,wikipedia_tabela_6,Bolsonaro,24.0,14%,https://en.wikipedia.org/wiki/Opinion_polling_for_the_2022_Brazilian_presidential_election
2022,1,Vox Populi[188],12–16 May,2000,wikipedia_tabela_6,Gomes,5.0,14%,https://en.wikipedia.org/wiki/Opinion_polling_for_the_2022_Brazilian_presidential_election
2022,1,Datafolha[189],11–12 May,2071,wikipedia_tabela_6,Lula,41.0,13%,https://en.wikipedia.org/wiki/Opinion_polling_for_the_2022_Brazilian_presidential_election
2022,1,Datafolha[189],11–12 May,2071,wikipedia_tabela_6,Bolsonaro,23.0,13%,https://en.wikipedia.org/wiki/Opinion_polling_for_the_2022_Brazilian_presidential_election
2022,1,Datafolha[189],11–12 May,2071,wikipedia_tabela_6,Gomes,6.0,13%,https://en.wikipedia.org/wiki/Opinion_polling_for_the_2022_Brazilian_presidential_election
2022,1,Exame/Ideia[190],19–22 Apr,1200,wikipedia_tabela_6,Lula,33.0,9%,https://en.wikipedia.org/wiki/Opinion_polling_for_the_2022_Brazilian_presidential_election
2022,1,Exame/Ideia[190],19–22 Apr,1200,wikipedia_tabela_6,Bolsonaro,32.0,9%,https://en.wikipedia.org/wiki/Opinion_polling_for_the_2022_Brazilian_presidential_election
2022,1,Exame/Ideia[190],19–22 Apr,1200,wikipedia_tabela_6,Gomes,9.0,9%,https://en.wikipedia.org/wiki/Opinion_polling_for_the_2022_Brazilian_presidential_election
2022,1,PoderData[191],12–14 Apr,3500,wikipedia_tabela_6,Lula,34.0,9%,https://en.wikipedia.org/wiki/Opinion_polling_for_the_2022_Brazilian_presidential_election
2022,1,PoderData[191],12–14 Apr,3500,wikipedia_tabela_6,Bolsonaro,31.0,9%,https://en.wikipedia.org/wiki/Opinion_polling_for_the_2022_Brazilian_presidential_election
2022,1,PoderData[191],12–14 Apr,3500,wikipedia_tabela_6,Gomes,6.0,9%,https://en.wikipedia.org/wiki/Opinion_polling_for_the_2022_Brazilian_presidential_election
2022,1,XP/Ipespe[192],29–31 Mar,1000,wikipedia_tabela_6,Lula,29.0,12%,https://en.wikipedia.org/wiki/Opinion_polling_for_the_2022_Brazilian_presidential_election
2022,1,XP/Ipespe[192],29–31 Mar,1000,wikipedia_tabela_6,Bolsonaro,28.0,12%,https://en.wikipedia.org/wiki/Opinion_polling_for_the_2022_Brazilian_presidential_election
2022,1,XP/Ipespe[192],29–31 Mar,1000,wikipedia_tabela_6,Gomes,9.0,12%,https://en.wikipedia.org/wiki/Opinion_polling_for_the_2022_Brazilian_presidential_election
2022,1,PoderData[193],15–17 Mar,3500,wikipedia_tabela_6,Lula,34.0,13%,https://en.wikipedia.org/wiki/Opinion_polling_for_the_2022_Brazilian_presidential_election
2022,1,PoderData[193],15–17 Mar,3500,wikipedia_tabela_6,Bolsonaro,30.0,13%,https://en.wikipedia.org/wiki/Opinion_polling_for_the_2022_Brazilian_presidential_election
2022,1,PoderData[193],15–17 Mar,3500,wikipedia_tabela_6,Gomes,5.0,13%,https://en.wikipedia.org/wiki/Opinion_polling_for_the_2022_Brazilian_presidential_election
2022,1,Revista Fórum/Offerwise[194],11–15 Mar,1000,wikipedia_tabela_6,Lula,31.2,24.3%,https://en.wikipedia.org/wiki/Opinion_polling_for_the_2022_Brazilian_presidential_election
2022,1,Revista Fórum/Offerwise[194],11–15 Mar,1000,wikipedia_tabela_6,Bolsonaro,30.7,24.3%,https://en.wikipedia.org/wiki/Opinion_polling_for_the_2022_Brazilian_presidential_election
2022,1,Revista Fórum/Offerwise[194],11–15 Mar,1000,wikipedia_tabela_6,Gomes,7.4,24.3%,https://en.wikipedia.org/wiki/Opinion_polling_for_the_2022_Brazilian_presidential_election
2022,1,Revista Fórum/Offerwise[194],11–15 Mar,1000,wikipedia_tabela_6,Lula,27.1,14.6%,https://en.wikipedia.org/wiki/Opinion_polling_for_the_2022_Brazilian_presidential_election
2022,1,Revista Fórum/Offerwise[194],11–15 Mar,1000,wikipedia_tabela_6,Bolsonaro,29.2,14.6%,https://en.wikipedia.org/wiki/Opinion_polling_for_the_2022_Brazilian_presidential_election
2022,1,Revista Fórum/Offerwise[194],11–15 Mar,1000,wikipedia_tabela_6,Gomes,6.1,14.6%,https://en.wikipedia.org/wiki/Opinion_polling_for_the_2022_Brazilian_presidential_election
2022,1,Revista Fórum/Offerwise[194],11–15 Mar,1000,wikipedia_tabela_6,Bolsonaro,31.2,28.8%,https://en.wikipedia.org/wiki/Opinion_polling_for_the_2022_Brazilian_presidential_election
2022,1,Revista Fórum/Offerwise[194],11–15 Mar,1000,wikipedia_tabela_6,Gomes,7.7,28.8%,https://en.wikipedia.org/wiki/Opinion_polling_for_the_2022_Brazilian_presidential_election
2022,1,XP/Ipespe[195],9–11 Mar,1000,wikipedia_tabela_6,Lula,25.0,13%,https://en.wikipedia.org/wiki/Opinion_polling_for_the_2022_Brazilian_presidential_election
2022,1,XP/Ipespe[195],9–11 Mar,1000,wikipedia_tabela_6,Bolsonaro,27.0,13%,https://en.wikipedia.org/wiki/Opinion_polling_for_the_2022_Brazilian_presidential_election
2022,1,XP/Ipespe[195],9–11 Mar,1000,wikipedia_tabela_6,Gomes,9.0,13%,https://en.wikipedia.org/wiki/Opinion_polling_for_the_2022_Brazilian_presidential_election
2022,1,XP/Ipespe[195],9–11 Mar,1000,wikipedia_tabela_6,Bolsonaro,28.0,17%,https://en.wikipedia.org/wiki/Opinion_polling_for_the_2022_Brazilian_presidential_election
2022,1,XP/Ipespe[195],9–11 Mar,1000,wikipedia_tabela_6,Gomes,11.0,17%,https://en.wikipedia.org/wiki/Opinion_polling_for_the_2022_Brazilian_presidential_election
2022,1,Exame/Ideia[196],10–11 Mar,1000,wikipedia_tabela_6,Lula,18.0,7%,https://en.wikipedia.org/wiki/Opinion_polling_for_the_2022_Brazilian_presidential_election
2022,1,Exame/Ideia[196],10–11 Mar,1000,wikipedia_tabela_6,Bolsonaro,33.0,7%,https://en.wikipedia.org/wiki/Opinion_polling_for_the_2022_Brazilian_presidential_election
2022,1,Exame/Ideia[196],10–11 Mar,1000,wikipedia_tabela_6,Gomes,9.0,7%,https://en.wikipedia.org/wiki/Opinion_polling_for_the_2022_Brazilian_presidential_election
2022,1,Atlas[197],8–10 Mar,3721,wikipedia_tabela_6,Lula,27.4,6.1%,https://en.wikipedia.org/wiki/Opinion_polling_for_the_2022_Brazilian_presidential_election
2022,1,Atlas[197],8–10 Mar,3721,wikipedia_tabela_6,Bolsonaro,32.7,6.1%,https://en.wikipedia.org/wiki/Opinion_polling_for_the_2022_Brazilian_presidential_election
2022,1,Atlas[197],8–10 Mar,3721,wikipedia_tabela_6,Gomes,7.5,6.1%,https://en.wikipedia.org/wiki/Opinion_polling_for_the_2022_Brazilian_presidential_election
2022,1,Atlas[197],8–10 Mar,3721,wikipedia_tabela_6,Bolsonaro,32.3,7.1%,https://en.wikipedia.org/wiki/Opinion_polling_for_the_2022_Brazilian_presidential_election
2022,1,Atlas[197],8–10 Mar,3721,wikipedia_tabela_6,Gomes,11.6,7.1%,https://en.wikipedia.org/wiki/Opinion_polling_for_the_2022_Brazilian_presidential_election
2022,1,CNN Brasil/Real Time Big Data[198],8–9 Mar,1200,wikipedia_tabela_6,Lula,21.0,15%,https://en.wikipedia.org/wiki/Opinion_polling_for_the_2022_Brazilian_presidential_election
2022,1,CNN Brasil/Real Time Big Data[198],8–9 Mar,1200,wikipedia_tabela_6,Bolsonaro,31.0,15%,https://en.wikipedia.org/wiki/Opinion_polling_for_the_2022_Brazilian_presidential_election
2022,1,CNN Brasil/Real Time Big Data[198],8–9 Mar,1200,wikipedia_tabela_6,Gomes,9.0,15%,https://en.wikipedia.org/wiki/Opinion_polling_for_the_2022_Brazilian_presidential_election
2022,1,8 Mar,8 Mar,8 Mar,wikipedia_tabela_6,Lula,199.0,Lula's corruption charges annulled; political rights restored.[199],https://en.wikipedia.org/wiki/Opinion_polling_for_the_2022_Brazilian_presidential_election
2022,1,8 Mar,8 Mar,8 Mar,wikipedia_tabela_6,Bolsonaro,199.0,Lula's corruption charges annulled; political rights restored.[199],https://en.wikipedia.org/wiki/Opinion_polling_for_the_2022_Brazilian_presidential_election
2022,1,8 Mar,8 Mar,8 Mar,wikipedia_tabela_6,Gomes,199.0,Lula's corruption charges annulled; political rights restored.[199],https://en.wikipedia.org/wiki/Opinion_polling_for_the_2022_Brazilian_presidential_election
2022,1,Paraná Pesquisas[200],28 Feb − 1 Mar,2080,wikipedia_tabela_6,Bolsonaro,37.6,21.5%,https://en.wikipedia.org/wiki/Opinion_polling_for_the_2022_Brazilian_presidential_election
2022,1,Paraná Pesquisas[200],28 Feb − 1 Mar,2080,wikipedia_tabela_6,Gomes,13.0,21.5%,https://en.wikipedia.org/wiki/Opinion_polling_for_the_2022_Brazilian_presidential_election
2022,1,Paraná Pesquisas[200],28 Feb − 1 Mar,2080,wikipedia_tabela_6,Lula,18.0,16.3%,https://en.wikipedia.org/wiki/Opinion_polling_for_the_2022_Brazilian_presidential_election
2022,1,Paraná Pesquisas[200],28 Feb − 1 Mar,2080,wikipedia_tabela_6,Bolsonaro,32.2,16.3%,https://en.wikipedia.org/wiki/Opinion_polling_for_the_2022_Brazilian_presidential_election
2022,1,Paraná Pesquisas[200],28 Feb − 1 Mar,2080,wikipedia_tabela_6,Gomes,8.7,16.3%,https://en.wikipedia.org/wiki/Opinion_polling_for_the_2022_Brazilian_presidential_election
2022,1,Paraná Pesquisas[200],28 Feb − 1 Mar,2080,wikipedia_tabela_6,Bolsonaro,32.9,17.2%,https://en.wikipedia.org/wiki/Opinion_polling_for_the_2022_Brazilian_presidential_election
2022,1,Paraná Pesquisas[200],28 Feb − 1 Mar,2080,wikipedia_tabela_6,Gomes,10.3,17.2%,https://en.wikipedia.org/wiki/Opinion_polling_for_the_2022_Brazilian_presidential_election
2022,1,Paraná Pesquisas[200],28 Feb − 1 Mar,2080,wikipedia_tabela_6,Bolsonaro,33.9,18.6%,https://en.wikipedia.org/wiki/Opinion_polling_for_the_2022_Brazilian_presidential_election
2022,1,Paraná Pesquisas[200],28 Feb − 1 Mar,2080,wikipedia_tabela_6,Gomes,10.7,18.6%,https://en.wikipedia.org/wiki/Opinion_polling_for_the_2022_Brazilian_presidential_election
2022,1,Paraná Pesquisas[200],28 Feb − 1 Mar,2080,wikipedia_tabela_6,Bolsonaro,31.9,16.8%,https://en.wikipedia.org/wiki/Opinion_polling_for_the_2022_Brazilian_presidential_election
2022,1,Paraná Pesquisas[200],28 Feb − 1 Mar,2080,wikipedia_tabela_6,Gomes,10.0,16.8%,https://en.wikipedia.org/wiki/Opinion_polling_for_the_2022_Brazilian_presidential_election
2022,1,Exame/ideia[201],24−28 Jan,1200,wikipedia_tabela_6,Lula,17.0,22%,https://en.wikipedia.org/wiki/Opinion_polling_for_the_2022_Brazilian_presidential_election
2022,1,Exame/ideia[201],24−28 Jan,1200,wikipedia_tabela_6,Bolsonaro,36.0,22%,https://en.wikipedia.org/wiki/Opinion_polling_for_the_2022_Brazilian_presidential_election
2022,1,Exame/ideia[201],24−28 Jan,1200,wikipedia_tabela_6,Gomes,11.0,22%,https://en.wikipedia.org/wiki/Opinion_polling_for_the_2022_Brazilian_presidential_election
2022,1,Exame/ideia[201],24−28 Jan,1200,wikipedia_tabela_6,Lula,15.0,26%,https://en.wikipedia.org/wiki/Opinion_polling_for_the_2022_Brazilian_presidential_election
2022,1,Exame/ideia[201],24−28 Jan,1200,wikipedia_tabela_6,Bolsonaro,33.0,26%,https://en.wikipedia.org/wiki/Opinion_polling_for_the_2022_Brazilian_presidential_election
2022,1,Exame/ideia[201],24−28 Jan,1200,wikipedia_tabela_6,Gomes,10.0,26%,https://en.wikipedia.org/wiki/Opinion_polling_for_the_2022_Brazilian_presidential_election
2022,1,Exame/ideia[201],24−28 Jan,1200,wikipedia_tabela_6,Lula,17.0,15%,https://en.wikipedia.org/wiki/Opinion_polling_for_the_2022_Brazilian_presidential_election
2022,1,Exame/ideia[201],24−28 Jan,1200,wikipedia_tabela_6,Bolsonaro,32.0,15%,https://en.wikipedia.org/wiki/Opinion_polling_for_the_2022_Brazilian_presidential_election
2022,1,Exame/ideia[201],24−28 Jan,1200,wikipedia_tabela_6,Gomes,10.0,15%,https://en.wikipedia.org/wiki/Opinion_polling_for_the_2022_Brazilian_presidential_election
2022,1,Paraná Pesquisas[202],22−26 Jan,2002,wikipedia_tabela_6,Bolsonaro,30.5,17.4%,https://en.wikipedia.org/wiki/Opinion_polling_for_the_2022_Brazilian_presidential_election
2022,1,Paraná Pesquisas[202],22−26 Jan,2002,wikipedia_tabela_6,Gomes,10.6,17.4%,https://en.wikipedia.org/wiki/Opinion_polling_for_the_2022_Brazilian_presidential_election
2022,1,Paraná Pesquisas[202],22−26 Jan,2002,wikipedia_tabela_6,Lula,17.3,15.8%,https://en.wikipedia.org/wiki/Opinion_polling_for_the_2022_Brazilian_presidential_election
2022,1,Paraná Pesquisas[202],22−26 Jan,2002,wikipedia_tabela_6,Bolsonaro,31.0,15.8%,https://en.wikipedia.org/wiki/Opinion_polling_for_the_2022_Brazilian_presidential_election
2022,1,Paraná Pesquisas[202],22−26 Jan,2002,wikipedia_tabela_6,Gomes,9.2,15.8%,https://en.wikipedia.org/wiki/Opinion_polling_for_the_2022_Brazilian_presidential_election
2022,1,Paraná Pesquisas[202],22−26 Jan,2002,wikipedia_tabela_6,Bolsonaro,33.7,19.1%,https://en.wikipedia.org/wiki/Opinion_polling_for_the_2022_Brazilian_presidential_election
2022,1,Paraná Pesquisas[202],22−26 Jan,2002,wikipedia_tabela_6,Gomes,12.1,19.1%,https://en.wikipedia.org/wiki/Opinion_polling_for_the_2022_Brazilian_presidential_election
2022,1,Atlas[203],20−24 Jan,3073,wikipedia_tabela_6,Bolsonaro,34.4,19.9%,https://en.wikipedia.org/wiki/Opinion_polling_for_the_2022_Brazilian_presidential_election
2022,1,Atlas[203],20−24 Jan,3073,wikipedia_tabela_6,Gomes,11.6,19.9%,https://en.wikipedia.org/wiki/Opinion_polling_for_the_2022_Brazilian_presidential_election
2022,1,Atlas[203],20−24 Jan,3073,wikipedia_tabela_6,Lula,22.3,12.8%,https://en.wikipedia.org/wiki/Opinion_polling_for_the_2022_Brazilian_presidential_election
2022,1,Atlas[203],20−24 Jan,3073,wikipedia_tabela_6,Bolsonaro,34.5,12.8%,https://en.wikipedia.org/wiki/Opinion_polling_for_the_2022_Brazilian_presidential_election
2022,1,Atlas[203],20−24 Jan,3073,wikipedia_tabela_6,Gomes,8.8,12.8%,https://en.wikipedia.org/wiki/Opinion_polling_for_the_2022_Brazilian_presidential_election
2022,1,XP/Ipespe[204],11−14 Jan,1000,wikipedia_tabela_6,Bolsonaro,28.0,18%,https://en.wikipedia.org/wiki/Opinion_polling_for_the_2022_Brazilian_presidential_election
2022,1,XP/Ipespe[204],11−14 Jan,1000,wikipedia_tabela_6,Gomes,11.0,18%,https://en.wikipedia.org/wiki/Opinion_polling_for_the_2022_Brazilian_presidential_election
2022,1,PoderData[205],21−23 Dec,2500,wikipedia_tabela_7,Bolsonaro,36.0,12%,https://en.wikipedia.org/wiki/Opinion_polling_for_the_2022_Brazilian_presidential_election
2022,1,PoderData[205],21−23 Dec,2500,wikipedia_tabela_7,Gomes,10.0,12%,https://en.wikipedia.org/wiki/Opinion_polling_for_the_2022_Brazilian_presidential_election
2022,1,XP/Ipespe[206],7−9 Dec,1000,wikipedia_tabela_7,Bolsonaro,29.0,19%,https://en.wikipedia.org/wiki/Opinion_polling_for_the_2022_Brazilian_presidential_election
2022,1,XP/Ipespe[206],7−9 Dec,1000,wikipedia_tabela_7,Gomes,9.0,19%,https://en.wikipedia.org/wiki/Opinion_polling_for_the_2022_Brazilian_presidential_election
2022,1,Exame/Ideia[207],30 Nov − 3 Dec,1200,wikipedia_tabela_7,Lula,16.0,24%,https://en.wikipedia.org/wiki/Opinion_polling_for_the_2022_Brazilian_presidential_election
2022,1,Exame/Ideia[207],30 Nov − 3 Dec,1200,wikipedia_tabela_7,Bolsonaro,28.0,24%,https://en.wikipedia.org/wiki/Opinion_polling_for_the_2022_Brazilian_presidential_election
2022,1,Exame/Ideia[207],30 Nov − 3 Dec,1200,wikipedia_tabela_7,Gomes,7.0,24%,https://en.wikipedia.org/wiki/Opinion_polling_for_the_2022_Brazilian_presidential_election
2022,1,Paraná Pesquisas[208],28 Nov − 1 Dec,2036,wikipedia_tabela_7,Bolsonaro,33.3,16%,https://en.wikipedia.org/wiki/Opinion_polling_for_the_2022_Brazilian_presidential_election
2022,1,Paraná Pesquisas[208],28 Nov − 1 Dec,2036,wikipedia_tabela_7,Gomes,10.0,16%,https://en.wikipedia.org/wiki/Opinion_polling_for_the_2022_Brazilian_presidential_election
2022,1,Paraná Pesquisas[208],28 Nov − 1 Dec,2036,wikipedia_tabela_7,Lula,17.8,15.2%,https://en.wikipedia.org/wiki/Opinion_polling_for_the_2022_Brazilian_presidential_election
2022,1,Paraná Pesquisas[208],28 Nov − 1 Dec,2036,wikipedia_tabela_7,Bolsonaro,32.9,15.2%,https://en.wikipedia.org/wiki/Opinion_polling_for_the_2022_Brazilian_presidential_election
2022,1,Paraná Pesquisas[208],28 Nov − 1 Dec,2036,wikipedia_tabela_7,Gomes,7.7,15.2%,https://en.wikipedia.org/wiki/Opinion_polling_for_the_2022_Brazilian_presidential_election
2022,1,Paraná Pesquisas[208],28 Nov − 1 Dec,2036,wikipedia_tabela_7,Bolsonaro,35.8,19.1%,https://en.wikipedia.org/wiki/Opinion_polling_for_the_2022_Brazilian_presidential_election
2022,1,Paraná Pesquisas[208],28 Nov − 1 Dec,2036,wikipedia_tabela_7,Gomes,12.1,19.1%,https://en.wikipedia.org/wiki/Opinion_polling_for_the_2022_Brazilian_presidential_election
2022,1,XP/Ipespe[206],18−20 Nov,1.000,wikipedia_tabela_7,Bolsonaro,29.0,19%,https://en.wikipedia.org/wiki/Opinion_polling_for_the_2022_Brazilian_presidential_election
2022,1,XP/Ipespe[206],18−20 Nov,1.000,wikipedia_tabela_7,Gomes,8.0,19%,https://en.wikipedia.org/wiki/Opinion_polling_for_the_2022_Brazilian_presidential_election
2022,1,XP/Ipespe[209],8−11 Oct,1000,wikipedia_tabela_7,Bolsonaro,31.0,20%,https://en.wikipedia.org/wiki/Opinion_polling_for_the_2022_Brazilian_presidential_election
2022,1,XP/Ipespe[209],8−11 Oct,1000,wikipedia_tabela_7,Gomes,10.0,20%,https://en.wikipedia.org/wiki/Opinion_polling_for_the_2022_Brazilian_presidential_election
2022,1,Exame/Ideia[210],5−8 Oct,1200,wikipedia_tabela_7,Lula,18.0,19%,https://en.wikipedia.org/wiki/Opinion_polling_for_the_2022_Brazilian_presidential_election
2022,1,Exame/Ideia[210],5−8 Oct,1200,wikipedia_tabela_7,Bolsonaro,30.0,19%,https://en.wikipedia.org/wiki/Opinion_polling_for_the_2022_Brazilian_presidential_election
2022,1,Exame/Ideia[210],5−8 Oct,1200,wikipedia_tabela_7,Gomes,9.0,19%,https://en.wikipedia.org/wiki/Opinion_polling_for_the_2022_Brazilian_presidential_election
2022,1,PoderData[211],14−16 Sep,2500,wikipedia_tabela_7,Bolsonaro,35.0,19%,https://en.wikipedia.org/wiki/Opinion_polling_for_the_2022_Brazilian_presidential_election
2022,1,PoderData[211],14−16 Sep,2500,wikipedia_tabela_7,Gomes,7.0,19%,https://en.wikipedia.org/wiki/Opinion_polling_for_the_2022_Brazilian_presidential_election
2022,1,PoderData[211],14−16 Sep,2500,wikipedia_tabela_7,Lula,21.0,18%,https://en.wikipedia.org/wiki/Opinion_polling_for_the_2022_Brazilian_presidential_election
2022,1,PoderData[211],14−16 Sep,2500,wikipedia_tabela_7,Bolsonaro,35.0,18%,https://en.wikipedia.org/wiki/Opinion_polling_for_the_2022_Brazilian_presidential_election
2022,1,PoderData[211],14−16 Sep,2500,wikipedia_tabela_7,Gomes,3.0,18%,https://en.wikipedia.org/wiki/Opinion_polling_for_the_2022_Brazilian_presidential_election
2022,1,Exame/Ideia[212],24−31 Aug,1235,wikipedia_tabela_7,Lula,17.0,14%,https://en.wikipedia.org/wiki/Opinion_polling_for_the_2022_Brazilian_presidential_election
2022,1,Exame/Ideia[212],24−31 Aug,1235,wikipedia_tabela_7,Bolsonaro,31.0,14%,https://en.wikipedia.org/wiki/Opinion_polling_for_the_2022_Brazilian_presidential_election
2022,1,Exame/Ideia[212],24−31 Aug,1235,wikipedia_tabela_7,Gomes,6.0,14%,https://en.wikipedia.org/wiki/Opinion_polling_for_the_2022_Brazilian_presidential_election
2022,1,Revista Fórum/Offerwise[213],21−24 Aug,1000,wikipedia_tabela_7,Bolsonaro,41.7,—N/a,https://en.wikipedia.org/wiki/Opinion_polling_for_the_2022_Brazilian_presidential_election
2022,1,Revista Fórum/Offerwise[213],21−24 Aug,1000,wikipedia_tabela_7,Gomes,7.7,—N/a,https://en.wikipedia.org/wiki/Opinion_polling_for_the_2022_Brazilian_presidential_election
2022,1,PoderData[214],3−5 Aug,2500,wikipedia_tabela_7,Bolsonaro,38.0,20%,https://en.wikipedia.org/wiki/Opinion_polling_for_the_2022_Brazilian_presidential_election
2022,1,PoderData[214],3−5 Aug,2500,wikipedia_tabela_7,Gomes,6.0,20%,https://en.wikipedia.org/wiki/Opinion_polling_for_the_2022_Brazilian_presidential_election
2022,1,Paraná Pesquisas[215],18−21 Jul,2030,wikipedia_tabela_7,Bolsonaro,29.0,14.9%,https://en.wikipedia.org/wiki/Opinion_polling_for_the_2022_Brazilian_presidential_election
2022,1,Paraná Pesquisas[215],18−21 Jul,2030,wikipedia_tabela_7,Gomes,9.9,14.9%,https://en.wikipedia.org/wiki/Opinion_polling_for_the_2022_Brazilian_presidential_election
2022,1,Paraná Pesquisas[215],18−21 Jul,2030,wikipedia_tabela_7,Lula,21.9,14.1%,https://en.wikipedia.org/wiki/Opinion_polling_for_the_2022_Brazilian_presidential_election
2022,1,Paraná Pesquisas[215],18−21 Jul,2030,wikipedia_tabela_7,Bolsonaro,27.5,14.1%,https://en.wikipedia.org/wiki/Opinion_polling_for_the_2022_Brazilian_presidential_election
2022,1,Paraná Pesquisas[215],18−21 Jul,2030,wikipedia_tabela_7,Gomes,8.3,14.1%,https://en.wikipedia.org/wiki/Opinion_polling_for_the_2022_Brazilian_presidential_election
2022,1,Paraná Pesquisas[215],18−21 Jul,2030,wikipedia_tabela_7,Bolsonaro,30.7,18.9%,https://en.wikipedia.org/wiki/Opinion_polling_for_the_2022_Brazilian_presidential_election
2022,1,Paraná Pesquisas[215],18−21 Jul,2030,wikipedia_tabela_7,Gomes,10.7,18.9%,https://en.wikipedia.org/wiki/Opinion_polling_for_the_2022_Brazilian_presidential_election
2022,1,Quaest[216],14−17 Jun,1000,wikipedia_tabela_7,Bolsonaro,22.0,23%,https://en.wikipedia.org/wiki/Opinion_polling_for_the_2022_Brazilian_presidential_election
2022,1,Quaest[216],14−17 Jun,1000,wikipedia_tabela_7,Gomes,12.0,23%,https://en.wikipedia.org/wiki/Opinion_polling_for_the_2022_Brazilian_presidential_election
2022,1,Paraná Pesquisas[217],27–29 Apr,2006,wikipedia_tabela_7,Bolsonaro,27.0,14.6%,https://en.wikipedia.org/wiki/Opinion_polling_for_the_2022_Brazilian_presidential_election
2022,1,Paraná Pesquisas[217],27–29 Apr,2006,wikipedia_tabela_7,Gomes,10.3,14.6%,https://en.wikipedia.org/wiki/Opinion_polling_for_the_2022_Brazilian_presidential_election
2022,1,Paraná Pesquisas[217],27–29 Apr,2006,wikipedia_tabela_7,Lula,23.1,13%,https://en.wikipedia.org/wiki/Opinion_polling_for_the_2022_Brazilian_presidential_election
2022,1,Paraná Pesquisas[217],27–29 Apr,2006,wikipedia_tabela_7,Bolsonaro,26.3,13%,https://en.wikipedia.org/wiki/Opinion_polling_for_the_2022_Brazilian_presidential_election
2022,1,Paraná Pesquisas[217],27–29 Apr,2006,wikipedia_tabela_7,Gomes,8.1,13%,https://en.wikipedia.org/wiki/Opinion_polling_for_the_2022_Brazilian_presidential_election
2022,1,Paraná Pesquisas[217],27–29 Apr,2006,wikipedia_tabela_7,Bolsonaro,29.1,18.1%,https://en.wikipedia.org/wiki/Opinion_polling_for_the_2022_Brazilian_presidential_election
2022,1,Paraná Pesquisas[217],27–29 Apr,2006,wikipedia_tabela_7,Gomes,11.1,18.1%,https://en.wikipedia.org/wiki/Opinion_polling_for_the_2022_Brazilian_presidential_election
2022,1,Veja/FSB[218],7–10 Feb,2000,wikipedia_tabela_7,Bolsonaro,37.0,21%,https://en.wikipedia.org/wiki/Opinion_polling_for_the_2022_Brazilian_presidential_election
2022,1,Veja/FSB[218],7–10 Feb,2000,wikipedia_tabela_7,Gomes,11.0,21%,https://en.wikipedia.org/wiki/Opinion_polling_for_the_2022_Brazilian_presidential_election
2022,1,Veja/FSB[218],7–10 Feb,2000,wikipedia_tabela_7,Lula,28.0,12%,https://en.wikipedia.org/wiki/Opinion_polling_for_the_2022_Brazilian_presidential_election
2022,1,Veja/FSB[218],7–10 Feb,2000,wikipedia_tabela_7,Bolsonaro,31.0,12%,https://en.wikipedia.org/wiki/Opinion_polling_for_the_2022_Brazilian_presidential_election
2022,1,Veja/FSB[218],7–10 Feb,2000,wikipedia_tabela_7,Gomes,8.0,12%,https://en.wikipedia.org/wiki/Opinion_polling_for_the_2022_Brazilian_presidential_election
2022,1,Veja/FSB[218],7–10 Feb,2000,wikipedia_tabela_7,Bolsonaro,28.0,12%,https://en.wikipedia.org/wiki/Opinion_polling_for_the_2022_Brazilian_presidential_election
2022,1,Veja/FSB[218],7–10 Feb,2000,wikipedia_tabela_7,Gomes,9.0,12%,https://en.wikipedia.org/wiki/Opinion_polling_for_the_2022_Brazilian_presidential_election
2022,1,Veja/FSB[218],7–10 Feb,2000,wikipedia_tabela_7,Gomes,12.0,19%,https://en.wikipedia.org/wiki/Opinion_polling_for_the_2022_Brazilian_presidential_election
2022,1,Veja/FSB[218],7–10 Feb,2000,wikipedia_tabela_7,Lula,28.0,13%,https://en.wikipedia.org/wiki/Opinion_polling_for_the_2022_Brazilian_presidential_election
2022,1,Veja/FSB[218],7–10 Feb,2000,wikipedia_tabela_7,Gomes,9.0,13%,https://en.wikipedia.org/wiki/Opinion_polling_for_the_2022_Brazilian_presidential_election
2022,1,Atlas Político[219],7–9 Feb,2000,wikipedia_tabela_7,Bolsonaro,41.0,27%,https://en.wikipedia.org/wiki/Opinion_polling_for_the_2022_Brazilian_presidential_election
2022,1,Atlas Político[219],7–9 Feb,2000,wikipedia_tabela_7,Lula,28.0,9%,https://en.wikipedia.org/wiki/Opinion_polling_for_the_2022_Brazilian_presidential_election
2022,1,Atlas Político[219],7–9 Feb,2000,wikipedia_tabela_7,Bolsonaro,32.0,9%,https://en.wikipedia.org/wiki/Opinion_polling_for_the_2022_Brazilian_presidential_election
2022,1,CNT/MDA[220],15–18 Jan,2002,wikipedia_tabela_7,Lula,17.0,30.2%,https://en.wikipedia.org/wiki/Opinion_polling_for_the_2022_Brazilian_presidential_election
2022,1,CNT/MDA[220],15–18 Jan,2002,wikipedia_tabela_7,Bolsonaro,29.1,30.2%,https://en.wikipedia.org/wiki/Opinion_polling_for_the_2022_Brazilian_presidential_election
2022,1,CNT/MDA[220],15–18 Jan,2002,wikipedia_tabela_7,Gomes,3.5,30.2%,https://en.wikipedia.org/wiki/Opinion_polling_for_the_2022_Brazilian_presidential_election
2022,1,Veja/FSB[221],11 Nov – 2 Dec,2000,wikipedia_tabela_8,Bolsonaro,33.0,22%,https://en.wikipedia.org/wiki/Opinion_polling_for_the_2022_Brazilian_presidential_election
2022,1,Veja/FSB[221],11 Nov – 2 Dec,2000,wikipedia_tabela_8,Gomes,11.0,22%,https://en.wikipedia.org/wiki/Opinion_polling_for_the_2022_Brazilian_presidential_election
2022,1,Veja/FSB[221],11 Nov – 2 Dec,2000,wikipedia_tabela_8,Lula,29.0,12%,https://en.wikipedia.org/wiki/Opinion_polling_for_the_2022_Brazilian_presidential_election
2022,1,Veja/FSB[221],11 Nov – 2 Dec,2000,wikipedia_tabela_8,Bolsonaro,32.0,12%,https://en.wikipedia.org/wiki/Opinion_polling_for_the_2022_Brazilian_presidential_election
2022,1,Veja/FSB[221],11 Nov – 2 Dec,2000,wikipedia_tabela_8,Gomes,9.0,12%,https://en.wikipedia.org/wiki/Opinion_polling_for_the_2022_Brazilian_presidential_election
2022,1,Veja/FSB[221],11 Nov – 2 Dec,2000,wikipedia_tabela_8,Bolsonaro,28.0,12%,https://en.wikipedia.org/wiki/Opinion_polling_for_the_2022_Brazilian_presidential_election
2022,1,Veja/FSB[221],11 Nov – 2 Dec,2000,wikipedia_tabela_8,Gomes,11.0,12%,https://en.wikipedia.org/wiki/Opinion_polling_for_the_2022_Brazilian_presidential_election
2022,1,Veja/FSB[221],11 Nov – 2 Dec,2000,wikipedia_tabela_8,Gomes,12.0,17%,https://en.wikipedia.org/wiki/Opinion_polling_for_the_2022_Brazilian_presidential_election
2022,1,Veja/FSB[221],11 Nov – 2 Dec,2000,wikipedia_tabela_8,Lula,29.0,11%,https://en.wikipedia.org/wiki/Opinion_polling_for_the_2022_Brazilian_presidential_election
2022,1,Veja/FSB[221],11 Nov – 2 Dec,2000,wikipedia_tabela_8,Gomes,9.0,11%,https://en.wikipedia.org/wiki/Opinion_polling_for_the_2022_Brazilian_presidential_election
2022,1,Veja/FSB[222],11–14 Oct,2000,wikipedia_tabela_8,Bolsonaro,34.0,21%,https://en.wikipedia.org/wiki/Opinion_polling_for_the_2022_Brazilian_presidential_election
2022,1,Veja/FSB[222],11–14 Oct,2000,wikipedia_tabela_8,Gomes,9.0,21%,https://en.wikipedia.org/wiki/Opinion_polling_for_the_2022_Brazilian_presidential_election
2022,1,Veja/FSB[222],11–14 Oct,2000,wikipedia_tabela_8,Bolsonaro,24.0,13%,https://en.wikipedia.org/wiki/Opinion_polling_for_the_2022_Brazilian_presidential_election
2022,1,Veja/FSB[222],11–14 Oct,2000,wikipedia_tabela_8,Gomes,10.0,13%,https://en.wikipedia.org/wiki/Opinion_polling_for_the_2022_Brazilian_presidential_election
2022,1,Veja/FSB[222],11–14 Oct,2000,wikipedia_tabela_8,Gomes,11.0,17%,https://en.wikipedia.org/wiki/Opinion_polling_for_the_2022_Brazilian_presidential_election
2022,1,Veja/FSB[223],16–18 Aug,2000,wikipedia_tabela_8,Bolsonaro,35.0,18%,https://en.wikipedia.org/wiki/Opinion_polling_for_the_2022_Brazilian_presidential_election
2022,1,Veja/FSB[223],16–18 Aug,2000,wikipedia_tabela_8,Gomes,11.0,18%,https://en.wikipedia.org/wiki/Opinion_polling_for_the_2022_Brazilian_presidential_election
2022,1,Veja/FSB[223],16–18 Aug,2000,wikipedia_tabela_8,Gomes,13.0,19%,https://en.wikipedia.org/wiki/Opinion_polling_for_the_2022_Brazilian_presidential_election
2022,1,Datafolha[226],28–29 Oct 2022,8308,wikipedia_tabela_10,Lula,49.0,7%,https://en.wikipedia.org/wiki/Opinion_polling_for_the_2022_Brazilian_presidential_election
2022,1,Datafolha[226],28–29 Oct 2022,8308,wikipedia_tabela_10,Bolsonaro,45.0,7%,https://en.wikipedia.org/wiki/Opinion_polling_for_the_2022_Brazilian_presidential_election
2022,1,Genial/Quaest[227],27–29 Oct 2022,2000,wikipedia_tabela_10,Lula,45.0,13%,https://en.wikipedia.org/wiki/Opinion_polling_for_the_2022_Brazilian_presidential_election
2022,1,Genial/Quaest[227],27–29 Oct 2022,2000,wikipedia_tabela_10,Bolsonaro,42.0,13%,https://en.wikipedia.org/wiki/Opinion_polling_for_the_2022_Brazilian_presidential_election
2022,1,Ipec[228],27–29 Oct 2022,4272,wikipedia_tabela_10,Lula,50.0,7%,https://en.wikipedia.org/wiki/Opinion_polling_for_the_2022_Brazilian_presidential_election
2022,1,Ipec[228],27–29 Oct 2022,4272,wikipedia_tabela_10,Bolsonaro,43.0,7%,https://en.wikipedia.org/wiki/Opinion_polling_for_the_2022_Brazilian_presidential_election
2022,1,Atlas[229],26–29 Oct 2022,7500,wikipedia_tabela_10,Lula,52.4,1.9%,https://en.wikipedia.org/wiki/Opinion_polling_for_the_2022_Brazilian_presidential_election
2022,1,Atlas[229],26–29 Oct 2022,7500,wikipedia_tabela_10,Bolsonaro,45.7,1.9%,https://en.wikipedia.org/wiki/Opinion_polling_for_the_2022_Brazilian_presidential_election
2022,1,CNT/MDA[230],26–28 Oct 2022,2002,wikipedia_tabela_10,Lula,46.9,8.2%,https://en.wikipedia.org/wiki/Opinion_polling_for_the_2022_Brazilian_presidential_election
2022,1,CNT/MDA[230],26–28 Oct 2022,2002,wikipedia_tabela_10,Bolsonaro,44.9,8.2%,https://en.wikipedia.org/wiki/Opinion_polling_for_the_2022_Brazilian_presidential_election
2022,1,Paraná Pesquisas[231],26–28 Oct 2022,2400,wikipedia_tabela_10,Lula,47.1,6.6%,https://en.wikipedia.org/wiki/Opinion_polling_for_the_2022_Brazilian_presidential_election
2022,1,Paraná Pesquisas[231],26–28 Oct 2022,2400,wikipedia_tabela_10,Bolsonaro,46.3,6.6%,https://en.wikipedia.org/wiki/Opinion_polling_for_the_2022_Brazilian_presidential_election
2022,1,Datafolha[232],25–27 Oct 2022,4580,wikipedia_tabela_10,Lula,49.0,7%,https://en.wikipedia.org/wiki/Opinion_polling_for_the_2022_Brazilian_presidential_election
2022,1,Datafolha[232],25–27 Oct 2022,4580,wikipedia_tabela_10,Bolsonaro,44.0,7%,https://en.wikipedia.org/wiki/Opinion_polling_for_the_2022_Brazilian_presidential_election
2022,1,ModalMais/Futura[233],24–26 Oct 2022,2000,wikipedia_tabela_10,Lula,46.6,6.1%,https://en.wikipedia.org/wiki/Opinion_polling_for_the_2022_Brazilian_presidential_election
2022,1,ModalMais/Futura[233],24–26 Oct 2022,2000,wikipedia_tabela_10,Bolsonaro,47.2,6.1%,https://en.wikipedia.org/wiki/Opinion_polling_for_the_2022_Brazilian_presidential_election
2022,1,Gerp[234],21–26 Oct 2022,2095,wikipedia_tabela_10,Lula,43.0,9%,https://en.wikipedia.org/wiki/Opinion_polling_for_the_2022_Brazilian_presidential_election
2022,1,Gerp[234],21–26 Oct 2022,2095,wikipedia_tabela_10,Bolsonaro,47.0,9%,https://en.wikipedia.org/wiki/Opinion_polling_for_the_2022_Brazilian_presidential_election
2022,1,PoderData[235],23–25 Oct 2022,5000,wikipedia_tabela_10,Lula,49.0,7%,https://en.wikipedia.org/wiki/Opinion_polling_for_the_2022_Brazilian_presidential_election
2022,1,PoderData[235],23–25 Oct 2022,5000,wikipedia_tabela_10,Bolsonaro,44.0,7%,https://en.wikipedia.org/wiki/Opinion_polling_for_the_2022_Brazilian_presidential_election
2022,1,Genial/Quaest[236],23–25 Oct 2022,2000,wikipedia_tabela_10,Lula,48.0,10%,https://en.wikipedia.org/wiki/Opinion_polling_for_the_2022_Brazilian_presidential_election
2022,1,Genial/Quaest[236],23–25 Oct 2022,2000,wikipedia_tabela_10,Bolsonaro,42.0,10%,https://en.wikipedia.org/wiki/Opinion_polling_for_the_2022_Brazilian_presidential_election
2022,1,Abrapel/Ipespe[237],22–24 Oct 2022,1100,wikipedia_tabela_10,Lula,50.0,6%,https://en.wikipedia.org/wiki/Opinion_polling_for_the_2022_Brazilian_presidential_election
2022,1,Abrapel/Ipespe[237],22–24 Oct 2022,1100,wikipedia_tabela_10,Bolsonaro,44.0,6%,https://en.wikipedia.org/wiki/Opinion_polling_for_the_2022_Brazilian_presidential_election
2022,1,Ipec[238],22–24 Oct 2022,3008,wikipedia_tabela_10,Lula,50.0,7%,https://en.wikipedia.org/wiki/Opinion_polling_for_the_2022_Brazilian_presidential_election
2022,1,Ipec[238],22–24 Oct 2022,3008,wikipedia_tabela_10,Bolsonaro,43.0,7%,https://en.wikipedia.org/wiki/Opinion_polling_for_the_2022_Brazilian_presidential_election
2022,1,Paraná Pesquisas[239],20–24 Oct 2022,2020,wikipedia_tabela_10,Lula,46.3,7.8%,https://en.wikipedia.org/wiki/Opinion_polling_for_the_2022_Brazilian_presidential_election
2022,1,Paraná Pesquisas[239],20–24 Oct 2022,2020,wikipedia_tabela_10,Bolsonaro,45.9,7.8%,https://en.wikipedia.org/wiki/Opinion_polling_for_the_2022_Brazilian_presidential_election
2022,1,Atlas[240],18–22 Oct 2022,4500,wikipedia_tabela_10,Lula,52.0,1.8%,https://en.wikipedia.org/wiki/Opinion_polling_for_the_2022_Brazilian_presidential_election
2022,1,Atlas[240],18–22 Oct 2022,4500,wikipedia_tabela_10,Bolsonaro,46.2,1.8%,https://en.wikipedia.org/wiki/Opinion_polling_for_the_2022_Brazilian_presidential_election
2022,1,ModalMais/Futura[241],17–19 Oct 2022,2000,wikipedia_tabela_10,Lula,45.9,7.1%,https://en.wikipedia.org/wiki/Opinion_polling_for_the_2022_Brazilian_presidential_election
2022,1,ModalMais/Futura[241],17–19 Oct 2022,2000,wikipedia_tabela_10,Bolsonaro,46.9,7.1%,https://en.wikipedia.org/wiki/Opinion_polling_for_the_2022_Brazilian_presidential_election
2022,1,Datafolha[242],17–19 Oct 2022,2912,wikipedia_tabela_10,Lula,49.0,5%,https://en.wikipedia.org/wiki/Opinion_polling_for_the_2022_Brazilian_presidential_election
2022,1,Datafolha[242],17–19 Oct 2022,2912,wikipedia_tabela_10,Bolsonaro,45.0,5%,https://en.wikipedia.org/wiki/Opinion_polling_for_the_2022_Brazilian_presidential_election
2022,1,Paraná Pesquisas[243],15–19 Oct 2022,2020,wikipedia_tabela_10,Lula,46.9,8.6%,https://en.wikipedia.org/wiki/Opinion_polling_for_the_2022_Brazilian_presidential_election
2022,1,Paraná Pesquisas[243],15–19 Oct 2022,2020,wikipedia_tabela_10,Bolsonaro,44.5,8.6%,https://en.wikipedia.org/wiki/Opinion_polling_for_the_2022_Brazilian_presidential_election
2022,1,Ideia[244],14–19 Oct 2022,1500,wikipedia_tabela_10,Lula,50.0,4%,https://en.wikipedia.org/wiki/Opinion_polling_for_the_2022_Brazilian_presidential_election
2022,1,Ideia[244],14–19 Oct 2022,1500,wikipedia_tabela_10,Bolsonaro,46.0,4%,https://en.wikipedia.org/wiki/Opinion_polling_for_the_2022_Brazilian_presidential_election
2022,1,Abrapel/Ipespe[245],17–18 Oct 2022,1100,wikipedia_tabela_10,Lula,49.0,8%,https://en.wikipedia.org/wiki/Opinion_polling_for_the_2022_Brazilian_presidential_election
2022,1,Abrapel/Ipespe[245],17–18 Oct 2022,1100,wikipedia_tabela_10,Bolsonaro,43.0,8%,https://en.wikipedia.org/wiki/Opinion_polling_for_the_2022_Brazilian_presidential_election
2022,1,PoderData[246],16–18 Oct 2022,5000,wikipedia_tabela_10,Lula,48.0,8%,https://en.wikipedia.org/wiki/Opinion_polling_for_the_2022_Brazilian_presidential_election
2022,1,PoderData[246],16–18 Oct 2022,5000,wikipedia_tabela_10,Bolsonaro,44.0,8%,https://en.wikipedia.org/wiki/Opinion_polling_for_the_2022_Brazilian_presidential_election
2022,1,Genial/Quaest[247],16–18 Oct 2022,2000,wikipedia_tabela_10,Lula,47.0,11%,https://en.wikipedia.org/wiki/Opinion_polling_for_the_2022_Brazilian_presidential_election
2022,1,Genial/Quaest[247],16–18 Oct 2022,2000,wikipedia_tabela_10,Bolsonaro,42.0,11%,https://en.wikipedia.org/wiki/Opinion_polling_for_the_2022_Brazilian_presidential_election
2022,1,Ipec[248],11–17 Oct 2022,3008,wikipedia_tabela_10,Lula,50.0,7%,https://en.wikipedia.org/wiki/Opinion_polling_for_the_2022_Brazilian_presidential_election
2022,1,Ipec[248],11–17 Oct 2022,3008,wikipedia_tabela_10,Bolsonaro,43.0,7%,https://en.wikipedia.org/wiki/Opinion_polling_for_the_2022_Brazilian_presidential_election
2022,1,CNT/MDA[249],14–16 Oct 2022,2002,wikipedia_tabela_10,Lula,48.1,10.1%,https://en.wikipedia.org/wiki/Opinion_polling_for_the_2022_Brazilian_presidential_election
2022,1,CNT/MDA[249],14–16 Oct 2022,2002,wikipedia_tabela_10,Bolsonaro,41.8,10.1%,https://en.wikipedia.org/wiki/Opinion_polling_for_the_2022_Brazilian_presidential_election
2022,1,Datafolha[250],13–14 Oct 2022,2898,wikipedia_tabela_10,Lula,49.0,6%,https://en.wikipedia.org/wiki/Opinion_polling_for_the_2022_Brazilian_presidential_election
2022,1,Datafolha[250],13–14 Oct 2022,2898,wikipedia_tabela_10,Bolsonaro,45.0,6%,https://en.wikipedia.org/wiki/Opinion_polling_for_the_2022_Brazilian_presidential_election
2022,1,ModalMais/Futura[251],10–12 Oct 2022,2000,wikipedia_tabela_10,Lula,46.9,6.6%,https://en.wikipedia.org/wiki/Opinion_polling_for_the_2022_Brazilian_presidential_election
2022,1,ModalMais/Futura[251],10–12 Oct 2022,2000,wikipedia_tabela_10,Bolsonaro,46.5,6.6%,https://en.wikipedia.org/wiki/Opinion_polling_for_the_2022_Brazilian_presidential_election
2022,1,Abrapel/Ipespe[252],10–12 Oct 2022,2000,wikipedia_tabela_10,Lula,49.0,8%,https://en.wikipedia.org/wiki/Opinion_polling_for_the_2022_Brazilian_presidential_election
2022,1,Abrapel/Ipespe[252],10–12 Oct 2022,2000,wikipedia_tabela_10,Bolsonaro,43.0,8%,https://en.wikipedia.org/wiki/Opinion_polling_for_the_2022_Brazilian_presidential_election
2022,1,Atlas[253],8–12 Oct 2022,4500,wikipedia_tabela_10,Lula,51.1,3.3%,https://en.wikipedia.org/wiki/Opinion_polling_for_the_2022_Brazilian_presidential_election
2022,1,Atlas[253],8–12 Oct 2022,4500,wikipedia_tabela_10,Bolsonaro,46.5,3.3%,https://en.wikipedia.org/wiki/Opinion_polling_for_the_2022_Brazilian_presidential_election
2022,1,Paraná Pesquisas[254],8–12 Oct 2022,2020,wikipedia_tabela_10,Lula,47.6,8.4%,https://en.wikipedia.org/wiki/Opinion_polling_for_the_2022_Brazilian_presidential_election
2022,1,Paraná Pesquisas[254],8–12 Oct 2022,2020,wikipedia_tabela_10,Bolsonaro,44.1,8.4%,https://en.wikipedia.org/wiki/Opinion_polling_for_the_2022_Brazilian_presidential_election
2022,1,PoderData[255],9–11 Oct 2022,5000,wikipedia_tabela_10,Lula,48.0,8%,https://en.wikipedia.org/wiki/Opinion_polling_for_the_2022_Brazilian_presidential_election
2022,1,PoderData[255],9–11 Oct 2022,5000,wikipedia_tabela_10,Bolsonaro,44.0,8%,https://en.wikipedia.org/wiki/Opinion_polling_for_the_2022_Brazilian_presidential_election
2022,1,Gerp[256],6–11 Oct 2022,2095,wikipedia_tabela_10,Lula,48.0,6%,https://en.wikipedia.org/wiki/Opinion_polling_for_the_2022_Brazilian_presidential_election
2022,1,Gerp[256],6–11 Oct 2022,2095,wikipedia_tabela_10,Bolsonaro,46.0,6%,https://en.wikipedia.org/wiki/Opinion_polling_for_the_2022_Brazilian_presidential_election
2022,1,Abrapel/Ipespe[257],8–10 Oct 2022,1100,wikipedia_tabela_10,Lula,50.0,7%,https://en.wikipedia.org/wiki/Opinion_polling_for_the_2022_Brazilian_presidential_election
2022,1,Abrapel/Ipespe[257],8–10 Oct 2022,1100,wikipedia_tabela_10,Bolsonaro,43.0,7%,https://en.wikipedia.org/wiki/Opinion_polling_for_the_2022_Brazilian_presidential_election
2022,1,IPEC[258],8–10 Oct 2022,2000,wikipedia_tabela_10,Lula,51.0,7%,https://en.wikipedia.org/wiki/Opinion_polling_for_the_2022_Brazilian_presidential_election
2022,1,IPEC[258],8–10 Oct 2022,2000,wikipedia_tabela_10,Bolsonaro,42.0,7%,https://en.wikipedia.org/wiki/Opinion_polling_for_the_2022_Brazilian_presidential_election
2022,1,Datafolha[259],5–7 Oct 2022,2884,wikipedia_tabela_10,Lula,49.0,7%,https://en.wikipedia.org/wiki/Opinion_polling_for_the_2022_Brazilian_presidential_election
2022,1,Datafolha[259],5–7 Oct 2022,2884,wikipedia_tabela_10,Bolsonaro,44.0,7%,https://en.wikipedia.org/wiki/Opinion_polling_for_the_2022_Brazilian_presidential_election
2022,1,Genial/Quaest[260],3–5 Oct 2022,2000,wikipedia_tabela_10,Lula,48.0,11%,https://en.wikipedia.org/wiki/Opinion_polling_for_the_2022_Brazilian_presidential_election
2022,1,Genial/Quaest[260],3–5 Oct 2022,2000,wikipedia_tabela_10,Bolsonaro,41.0,11%,https://en.wikipedia.org/wiki/Opinion_polling_for_the_2022_Brazilian_presidential_election
2022,1,PoderData[261],3–5 Oct 2022,3500,wikipedia_tabela_10,Lula,48.0,8%,https://en.wikipedia.org/wiki/Opinion_polling_for_the_2022_Brazilian_presidential_election
2022,1,PoderData[261],3–5 Oct 2022,3500,wikipedia_tabela_10,Bolsonaro,44.0,8%,https://en.wikipedia.org/wiki/Opinion_polling_for_the_2022_Brazilian_presidential_election
2022,1,IPEC[262],3–5 Oct 2022,2000,wikipedia_tabela_10,Lula,51.0,6%,https://en.wikipedia.org/wiki/Opinion_polling_for_the_2022_Brazilian_presidential_election
2022,1,IPEC[262],3–5 Oct 2022,2000,wikipedia_tabela_10,Bolsonaro,43.0,6%,https://en.wikipedia.org/wiki/Opinion_polling_for_the_2022_Brazilian_presidential_election
2022,1,ModalMais/Futura[263],3–4 Oct 2022,2000,wikipedia_tabela_10,Lula,49.3,4.7%,https://en.wikipedia.org/wiki/Opinion_polling_for_the_2022_Brazilian_presidential_election
2022,1,ModalMais/Futura[263],3–4 Oct 2022,2000,wikipedia_tabela_10,Bolsonaro,46.0,4.7%,https://en.wikipedia.org/wiki/Opinion_polling_for_the_2022_Brazilian_presidential_election
2022,1,Datafolha[264],30 Sep – 1 Oct 2022,12800.0,wikipedia_tabela_11,Lula,54.0,8%,https://en.wikipedia.org/wiki/Opinion_polling_for_the_2022_Brazilian_presidential_election
2022,1,Datafolha[264],30 Sep – 1 Oct 2022,12800.0,wikipedia_tabela_11,Bolsonaro,38.0,8%,https://en.wikipedia.org/wiki/Opinion_polling_for_the_2022_Brazilian_presidential_election
2022,1,IPEC[12],29 Sep – 1 Oct 2022,3008.0,wikipedia_tabela_11,Lula,52.0,11%,https://en.wikipedia.org/wiki/Opinion_polling_for_the_2022_Brazilian_presidential_election
2022,1,IPEC[12],29 Sep – 1 Oct 2022,3008.0,wikipedia_tabela_11,Bolsonaro,37.0,11%,https://en.wikipedia.org/wiki/Opinion_polling_for_the_2022_Brazilian_presidential_election
2022,1,Abrapel/Ipespe[13],30 Sep 2022,1100.0,wikipedia_tabela_11,Lula,55.0,7%,https://en.wikipedia.org/wiki/Opinion_polling_for_the_2022_Brazilian_presidential_election
2022,1,Abrapel/Ipespe[13],30 Sep 2022,1100.0,wikipedia_tabela_11,Bolsonaro,38.0,7%,https://en.wikipedia.org/wiki/Opinion_polling_for_the_2022_Brazilian_presidential_election
2022,1,Atlas[14],28–30 Sep 2022,4500.0,wikipedia_tabela_11,Lula,53.1,4.1%,https://en.wikipedia.org/wiki/Opinion_polling_for_the_2022_Brazilian_presidential_election
2022,1,Atlas[14],28–30 Sep 2022,4500.0,wikipedia_tabela_11,Bolsonaro,42.8,4.1%,https://en.wikipedia.org/wiki/Opinion_polling_for_the_2022_Brazilian_presidential_election
2022,1,CNT/MDA[15],28–30 Sep 2022,2002.0,wikipedia_tabela_11,Lula,50.4,8.4%,https://en.wikipedia.org/wiki/Opinion_polling_for_the_2022_Brazilian_presidential_election
2022,1,CNT/MDA[15],28–30 Sep 2022,2002.0,wikipedia_tabela_11,Bolsonaro,41.2,8.4%,https://en.wikipedia.org/wiki/Opinion_polling_for_the_2022_Brazilian_presidential_election
2022,1,Atlas[17],24–28 Sep 2022,4500.0,wikipedia_tabela_11,Lula,51.8,5.8%,https://en.wikipedia.org/wiki/Opinion_polling_for_the_2022_Brazilian_presidential_election
2022,1,Atlas[17],24–28 Sep 2022,4500.0,wikipedia_tabela_11,Bolsonaro,42.4,5.8%,https://en.wikipedia.org/wiki/Opinion_polling_for_the_2022_Brazilian_presidential_election
2022,1,Exame/Ideia[18],23–28 Sep 2022,1500.0,wikipedia_tabela_11,Lula,52.0,7%,https://en.wikipedia.org/wiki/Opinion_polling_for_the_2022_Brazilian_presidential_election
2022,1,Exame/Ideia[18],23–28 Sep 2022,1500.0,wikipedia_tabela_11,Bolsonaro,41.0,7%,https://en.wikipedia.org/wiki/Opinion_polling_for_the_2022_Brazilian_presidential_election
2022,1,Genial/Quaest[19],24–27 Sep 2022,2000.0,wikipedia_tabela_11,Lula,52.0,10%,https://en.wikipedia.org/wiki/Opinion_polling_for_the_2022_Brazilian_presidential_election
2022,1,Genial/Quaest[19],24–27 Sep 2022,2000.0,wikipedia_tabela_11,Bolsonaro,38.0,10%,https://en.wikipedia.org/wiki/Opinion_polling_for_the_2022_Brazilian_presidential_election
2022,1,Atlas[20],22–26 Sep 2022,4500.0,wikipedia_tabela_11,Lula,51.3,5%,https://en.wikipedia.org/wiki/Opinion_polling_for_the_2022_Brazilian_presidential_election
2022,1,Atlas[20],22–26 Sep 2022,4500.0,wikipedia_tabela_11,Bolsonaro,43.7,5%,https://en.wikipedia.org/wiki/Opinion_polling_for_the_2022_Brazilian_presidential_election
2022,1,Ipec[21],25–26 Sep 2022,3008.0,wikipedia_tabela_11,Lula,54.0,14%,https://en.wikipedia.org/wiki/Opinion_polling_for_the_2022_Brazilian_presidential_election
2022,1,Ipec[21],25–26 Sep 2022,3008.0,wikipedia_tabela_11,Bolsonaro,35.0,14%,https://en.wikipedia.org/wiki/Opinion_polling_for_the_2022_Brazilian_presidential_election
2022,1,BTG Pactual/FSB[22],23–25 Sep 2022,2000.0,wikipedia_tabela_11,Lula,52.0,8%,https://en.wikipedia.org/wiki/Opinion_polling_for_the_2022_Brazilian_presidential_election
2022,1,BTG Pactual/FSB[22],23–25 Sep 2022,2000.0,wikipedia_tabela_11,Bolsonaro,40.0,8%,https://en.wikipedia.org/wiki/Opinion_polling_for_the_2022_Brazilian_presidential_election
2022,1,Abrapel/Ipespe[24],21–23 Sep 2022,1100.0,wikipedia_tabela_11,Lula,54.0,8%,https://en.wikipedia.org/wiki/Opinion_polling_for_the_2022_Brazilian_presidential_election
2022,1,Abrapel/Ipespe[24],21–23 Sep 2022,1100.0,wikipedia_tabela_11,Bolsonaro,38.0,8%,https://en.wikipedia.org/wiki/Opinion_polling_for_the_2022_Brazilian_presidential_election
2022,1,Datafolha[25],20–22 Sep 2022,6754.0,wikipedia_tabela_11,Lula,54.0,9%,https://en.wikipedia.org/wiki/Opinion_polling_for_the_2022_Brazilian_presidential_election
2022,1,Datafolha[25],20–22 Sep 2022,6754.0,wikipedia_tabela_11,Bolsonaro,38.0,9%,https://en.wikipedia.org/wiki/Opinion_polling_for_the_2022_Brazilian_presidential_election
2022,1,XP/Ipespe[26],19–21 Sep 2022,2000.0,wikipedia_tabela_11,Lula,54.0,9%,https://en.wikipedia.org/wiki/Opinion_polling_for_the_2022_Brazilian_presidential_election
2022,1,XP/Ipespe[26],19–21 Sep 2022,2000.0,wikipedia_tabela_11,Bolsonaro,37.0,9%,https://en.wikipedia.org/wiki/Opinion_polling_for_the_2022_Brazilian_presidential_election
2022,1,PoderData[265],18–20 Sep 2022,3500.0,wikipedia_tabela_11,Lula,50.0,8%,https://en.wikipedia.org/wiki/Opinion_polling_for_the_2022_Brazilian_presidential_election
2022,1,PoderData[265],18–20 Sep 2022,3500.0,wikipedia_tabela_11,Bolsonaro,42.0,8%,https://en.wikipedia.org/wiki/Opinion_polling_for_the_2022_Brazilian_presidential_election
2022,1,Genial/Quaest[28],17–20 Sep 2022,2000.0,wikipedia_tabela_11,Lula,50.0,10%,https://en.wikipedia.org/wiki/Opinion_polling_for_the_2022_Brazilian_presidential_election
2022,1,Genial/Quaest[28],17–20 Sep 2022,2000.0,wikipedia_tabela_11,Bolsonaro,40.0,10%,https://en.wikipedia.org/wiki/Opinion_polling_for_the_2022_Brazilian_presidential_election
2022,1,Arko/Atlas[29],16–20 Sep 2022,7514.0,wikipedia_tabela_11,Lula,53.1,5.5%,https://en.wikipedia.org/wiki/Opinion_polling_for_the_2022_Brazilian_presidential_election
2022,1,Arko/Atlas[29],16–20 Sep 2022,7514.0,wikipedia_tabela_11,Bolsonaro,41.4,5.5%,https://en.wikipedia.org/wiki/Opinion_polling_for_the_2022_Brazilian_presidential_election
2022,1,Ipec[266],17–18 Sep 2022,3008.0,wikipedia_tabela_11,Lula,54.0,11%,https://en.wikipedia.org/wiki/Opinion_polling_for_the_2022_Brazilian_presidential_election
2022,1,Ipec[266],17–18 Sep 2022,3008.0,wikipedia_tabela_11,Bolsonaro,35.0,11%,https://en.wikipedia.org/wiki/Opinion_polling_for_the_2022_Brazilian_presidential_election
2022,1,BTG/FSB[31],16–18 Sep 2022,2000.0,wikipedia_tabela_11,Lula,52.0,9%,https://en.wikipedia.org/wiki/Opinion_polling_for_the_2022_Brazilian_presidential_election
2022,1,BTG/FSB[31],16–18 Sep 2022,2000.0,wikipedia_tabela_11,Bolsonaro,39.0,9%,https://en.wikipedia.org/wiki/Opinion_polling_for_the_2022_Brazilian_presidential_election
2022,1,Aprapel/Ipespe[32],14–16 Sep 2022,1100.0,wikipedia_tabela_11,Lula,53.0,9%,https://en.wikipedia.org/wiki/Opinion_polling_for_the_2022_Brazilian_presidential_election
2022,1,Aprapel/Ipespe[32],14–16 Sep 2022,1100.0,wikipedia_tabela_11,Bolsonaro,38.0,9%,https://en.wikipedia.org/wiki/Opinion_polling_for_the_2022_Brazilian_presidential_election
2022,1,Datafolha[33],13–15 Sep 2022,5926.0,wikipedia_tabela_11,Lula,54.0,8%,https://en.wikipedia.org/wiki/Opinion_polling_for_the_2022_Brazilian_presidential_election
2022,1,Datafolha[33],13–15 Sep 2022,5926.0,wikipedia_tabela_11,Bolsonaro,38.0,8%,https://en.wikipedia.org/wiki/Opinion_polling_for_the_2022_Brazilian_presidential_election
2022,1,PoderData[267],11–13 Sep 2022,3500.0,wikipedia_tabela_11,Lula,51.0,6%,https://en.wikipedia.org/wiki/Opinion_polling_for_the_2022_Brazilian_presidential_election
2022,1,PoderData[267],11–13 Sep 2022,3500.0,wikipedia_tabela_11,Bolsonaro,42.0,6%,https://en.wikipedia.org/wiki/Opinion_polling_for_the_2022_Brazilian_presidential_election
2022,1,Genial/Quaest[35],10–13 Sep 2022,2000.0,wikipedia_tabela_11,Lula,48.0,12%,https://en.wikipedia.org/wiki/Opinion_polling_for_the_2022_Brazilian_presidential_election
2022,1,Genial/Quaest[35],10–13 Sep 2022,2000.0,wikipedia_tabela_11,Bolsonaro,40.0,12%,https://en.wikipedia.org/wiki/Opinion_polling_for_the_2022_Brazilian_presidential_election
2022,1,Globo/Ipec[36],9–11 Sep 2022,2512.0,wikipedia_tabela_11,Lula,53.0,12%,https://en.wikipedia.org/wiki/Opinion_polling_for_the_2022_Brazilian_presidential_election
2022,1,Globo/Ipec[36],9–11 Sep 2022,2512.0,wikipedia_tabela_11,Bolsonaro,36.0,12%,https://en.wikipedia.org/wiki/Opinion_polling_for_the_2022_Brazilian_presidential_election
2022,1,BTG/FSB[37],9–11 Sep 2022,2000.0,wikipedia_tabela_11,Lula,51.0,11%,https://en.wikipedia.org/wiki/Opinion_polling_for_the_2022_Brazilian_presidential_election
2022,1,BTG/FSB[37],9–11 Sep 2022,2000.0,wikipedia_tabela_11,Bolsonaro,38.0,11%,https://en.wikipedia.org/wiki/Opinion_polling_for_the_2022_Brazilian_presidential_election
2022,1,Datafolha[38],8–9 Sep 2022,2676.0,wikipedia_tabela_11,Lula,53.0,9%,https://en.wikipedia.org/wiki/Opinion_polling_for_the_2022_Brazilian_presidential_election
2022,1,Datafolha[38],8–9 Sep 2022,2676.0,wikipedia_tabela_11,Bolsonaro,39.0,9%,https://en.wikipedia.org/wiki/Opinion_polling_for_the_2022_Brazilian_presidential_election
2022,1,Abrapel/Ipespe[39],7–9 Sep 2022,1100.0,wikipedia_tabela_11,Lula,52.0,9%,https://en.wikipedia.org/wiki/Opinion_polling_for_the_2022_Brazilian_presidential_election
2022,1,Abrapel/Ipespe[39],7–9 Sep 2022,1100.0,wikipedia_tabela_11,Bolsonaro,39.0,9%,https://en.wikipedia.org/wiki/Opinion_polling_for_the_2022_Brazilian_presidential_election
2022,1,BTG/FSB[40],2–4 Sep 2022,2000.0,wikipedia_tabela_11,Lula,53.0,8%,https://en.wikipedia.org/wiki/Opinion_polling_for_the_2022_Brazilian_presidential_election
2022,1,BTG/FSB[40],2–4 Sep 2022,2000.0,wikipedia_tabela_11,Bolsonaro,40.0,8%,https://en.wikipedia.org/wiki/Opinion_polling_for_the_2022_Brazilian_presidential_election
2022,1,Globo/Ipec[41],2–4 Sep 2022,2512.0,wikipedia_tabela_11,Lula,52.0,12%,https://en.wikipedia.org/wiki/Opinion_polling_for_the_2022_Brazilian_presidential_election
2022,1,Globo/Ipec[41],2–4 Sep 2022,2512.0,wikipedia_tabela_11,Bolsonaro,36.0,12%,https://en.wikipedia.org/wiki/Opinion_polling_for_the_2022_Brazilian_presidential_election
2022,1,Genial/Quaest[42],1–4 Sep 2022,2000.0,wikipedia_tabela_11,Lula,51.0,10%,https://en.wikipedia.org/wiki/Opinion_polling_for_the_2022_Brazilian_presidential_election
2022,1,Genial/Quaest[42],1–4 Sep 2022,2000.0,wikipedia_tabela_11,Bolsonaro,39.0,10%,https://en.wikipedia.org/wiki/Opinion_polling_for_the_2022_Brazilian_presidential_election
2022,1,Abrapel/Ipespe[43],30 Aug – 1 Sep 2022,1100.0,wikipedia_tabela_11,Lula,53.0,9%,https://en.wikipedia.org/wiki/Opinion_polling_for_the_2022_Brazilian_presidential_election
2022,1,Abrapel/Ipespe[43],30 Aug – 1 Sep 2022,1100.0,wikipedia_tabela_11,Bolsonaro,38.0,9%,https://en.wikipedia.org/wiki/Opinion_polling_for_the_2022_Brazilian_presidential_election
2022,1,PoderData[45],28–30 Aug 2022,3500.0,wikipedia_tabela_11,Lula,50.0,9%,https://en.wikipedia.org/wiki/Opinion_polling_for_the_2022_Brazilian_presidential_election
2022,1,PoderData[45],28–30 Aug 2022,3500.0,wikipedia_tabela_11,Bolsonaro,41.0,9%,https://en.wikipedia.org/wiki/Opinion_polling_for_the_2022_Brazilian_presidential_election
2022,1,Paraná Pesquisas[46],26–30 Aug 2022,2020.0,wikipedia_tabela_11,Lula,47.8,11.4%,https://en.wikipedia.org/wiki/Opinion_polling_for_the_2022_Brazilian_presidential_election
2022,1,Paraná Pesquisas[46],26–30 Aug 2022,2020.0,wikipedia_tabela_11,Bolsonaro,40.8,11.4%,https://en.wikipedia.org/wiki/Opinion_polling_for_the_2022_Brazilian_presidential_election
2022,1,XP/Ipespe[47],26–29 Aug 2022,2000.0,wikipedia_tabela_11,Lula,53.0,9%,https://en.wikipedia.org/wiki/Opinion_polling_for_the_2022_Brazilian_presidential_election
2022,1,XP/Ipespe[47],26–29 Aug 2022,2000.0,wikipedia_tabela_11,Bolsonaro,38.0,9%,https://en.wikipedia.org/wiki/Opinion_polling_for_the_2022_Brazilian_presidential_election
2022,1,BTG/FSB[49],26–28 Aug 2022,2000.0,wikipedia_tabela_11,Lula,52.0,9%,https://en.wikipedia.org/wiki/Opinion_polling_for_the_2022_Brazilian_presidential_election
2022,1,BTG/FSB[49],26–28 Aug 2022,2000.0,wikipedia_tabela_11,Bolsonaro,39.0,9%,https://en.wikipedia.org/wiki/Opinion_polling_for_the_2022_Brazilian_presidential_election
2022,1,Ipec[50],26–28 Aug 2022,2000.0,wikipedia_tabela_11,Lula,50.0,13%,https://en.wikipedia.org/wiki/Opinion_polling_for_the_2022_Brazilian_presidential_election
2022,1,Ipec[50],26–28 Aug 2022,2000.0,wikipedia_tabela_11,Bolsonaro,37.0,13%,https://en.wikipedia.org/wiki/Opinion_polling_for_the_2022_Brazilian_presidential_election
2022,1,Quaest[51],25–28 Aug 2022,2000.0,wikipedia_tabela_11,Lula,51.0,13%,https://en.wikipedia.org/wiki/Opinion_polling_for_the_2022_Brazilian_presidential_election
2022,1,Quaest[51],25–28 Aug 2022,2000.0,wikipedia_tabela_11,Bolsonaro,37.0,13%,https://en.wikipedia.org/wiki/Opinion_polling_for_the_2022_Brazilian_presidential_election
2022,1,CNT/MDA[52],25–28 Aug 2022,2002.0,wikipedia_tabela_11,Lula,50.1,11.1%,https://en.wikipedia.org/wiki/Opinion_polling_for_the_2022_Brazilian_presidential_election
2022,1,CNT/MDA[52],25–28 Aug 2022,2002.0,wikipedia_tabela_11,Bolsonaro,38.8,11.1%,https://en.wikipedia.org/wiki/Opinion_polling_for_the_2022_Brazilian_presidential_election
2022,1,Modalmais/Futura[268],24−25 Aug 2022,2000.0,wikipedia_tabela_11,Lula,45.3,10.9%,https://en.wikipedia.org/wiki/Opinion_polling_for_the_2022_Brazilian_presidential_election
2022,1,Modalmais/Futura[268],24−25 Aug 2022,2000.0,wikipedia_tabela_11,Bolsonaro,43.8,10.9%,https://en.wikipedia.org/wiki/Opinion_polling_for_the_2022_Brazilian_presidential_election
2022,1,Atlas[53],20–25 Aug 2022,7475.0,wikipedia_tabela_11,Lula,51.8,7.4%,https://en.wikipedia.org/wiki/Opinion_polling_for_the_2022_Brazilian_presidential_election
2022,1,Atlas[53],20–25 Aug 2022,7475.0,wikipedia_tabela_11,Bolsonaro,40.8,7.4%,https://en.wikipedia.org/wiki/Opinion_polling_for_the_2022_Brazilian_presidential_election
2022,1,Exame/Ideia[54],19–24 Aug 2022,1500.0,wikipedia_tabela_11,Lula,49.0,11%,https://en.wikipedia.org/wiki/Opinion_polling_for_the_2022_Brazilian_presidential_election
2022,1,Exame/Ideia[54],19–24 Aug 2022,1500.0,wikipedia_tabela_11,Bolsonaro,40.0,11%,https://en.wikipedia.org/wiki/Opinion_polling_for_the_2022_Brazilian_presidential_election
2022,1,BTG/FSB[269],19–21 Aug 2022,2000.0,wikipedia_tabela_11,Lula,52.0,9%,https://en.wikipedia.org/wiki/Opinion_polling_for_the_2022_Brazilian_presidential_election
2022,1,BTG/FSB[269],19–21 Aug 2022,2000.0,wikipedia_tabela_11,Bolsonaro,39.0,9%,https://en.wikipedia.org/wiki/Opinion_polling_for_the_2022_Brazilian_presidential_election
2022,1,Datafolha[270],16–18 Aug 2022,5744.0,wikipedia_tabela_11,Lula,54.0,10%,https://en.wikipedia.org/wiki/Opinion_polling_for_the_2022_Brazilian_presidential_election
2022,1,Datafolha[270],16–18 Aug 2022,5744.0,wikipedia_tabela_11,Bolsonaro,37.0,10%,https://en.wikipedia.org/wiki/Opinion_polling_for_the_2022_Brazilian_presidential_election
2022,1,PoderData[58],14–16 Aug 2022,3500.0,wikipedia_tabela_11,Lula,52.0,10%,https://en.wikipedia.org/wiki/Opinion_polling_for_the_2022_Brazilian_presidential_election
2022,1,PoderData[58],14–16 Aug 2022,3500.0,wikipedia_tabela_11,Bolsonaro,38.0,10%,https://en.wikipedia.org/wiki/Opinion_polling_for_the_2022_Brazilian_presidential_election
2022,1,Ipec[59],12–14 Aug 2022,2000.0,wikipedia_tabela_11,Lula,51.0,14%,https://en.wikipedia.org/wiki/Opinion_polling_for_the_2022_Brazilian_presidential_election
2022,1,Ipec[59],12–14 Aug 2022,2000.0,wikipedia_tabela_11,Bolsonaro,35.0,14%,https://en.wikipedia.org/wiki/Opinion_polling_for_the_2022_Brazilian_presidential_election
2022,1,FSB Comunicação[60],12–14 Aug 2022,2000.0,wikipedia_tabela_11,Lula,53.0,10%,https://en.wikipedia.org/wiki/Opinion_polling_for_the_2022_Brazilian_presidential_election
2022,1,FSB Comunicação[60],12–14 Aug 2022,2000.0,wikipedia_tabela_11,Bolsonaro,38.0,10%,https://en.wikipedia.org/wiki/Opinion_polling_for_the_2022_Brazilian_presidential_election
2022,1,Quaest/Genial[61],11–14 Aug 2022,2000.0,wikipedia_tabela_11,Lula,51.0,11%,https://en.wikipedia.org/wiki/Opinion_polling_for_the_2022_Brazilian_presidential_election
2022,1,Quaest/Genial[61],11–14 Aug 2022,2000.0,wikipedia_tabela_11,Bolsonaro,38.0,11%,https://en.wikipedia.org/wiki/Opinion_polling_for_the_2022_Brazilian_presidential_election
2022,1,FSB Comunicação[62],5–7 Aug 2022,3500.0,wikipedia_tabela_11,Lula,51.0,10%,https://en.wikipedia.org/wiki/Opinion_polling_for_the_2022_Brazilian_presidential_election
2022,1,FSB Comunicação[62],5–7 Aug 2022,3500.0,wikipedia_tabela_11,Bolsonaro,39.0,10%,https://en.wikipedia.org/wiki/Opinion_polling_for_the_2022_Brazilian_presidential_election
2022,1,PoderData[271],31 Jul – 2 Aug 2022,3500.0,wikipedia_tabela_11,Lula,50.0,9%,https://en.wikipedia.org/wiki/Opinion_polling_for_the_2022_Brazilian_presidential_election
2022,1,PoderData[271],31 Jul – 2 Aug 2022,3500.0,wikipedia_tabela_11,Bolsonaro,40.0,9%,https://en.wikipedia.org/wiki/Opinion_polling_for_the_2022_Brazilian_presidential_election
2022,1,Datafolha[69],22–24 Jul 2022,2566.0,wikipedia_tabela_11,Lula,55.0,9%,https://en.wikipedia.org/wiki/Opinion_polling_for_the_2022_Brazilian_presidential_election
2022,1,Datafolha[69],22–24 Jul 2022,2566.0,wikipedia_tabela_11,Bolsonaro,35.0,9%,https://en.wikipedia.org/wiki/Opinion_polling_for_the_2022_Brazilian_presidential_election
2022,1,BTG/FSB[70],22–24 Jul 2022,2000.0,wikipedia_tabela_11,Lula,54.0,9%,https://en.wikipedia.org/wiki/Opinion_polling_for_the_2022_Brazilian_presidential_election
2022,1,BTG/FSB[70],22–24 Jul 2022,2000.0,wikipedia_tabela_11,Bolsonaro,36.0,9%,https://en.wikipedia.org/wiki/Opinion_polling_for_the_2022_Brazilian_presidential_election
2022,1,Exame/Ideia[73],15–20 Jul 2022,1500.0,wikipedia_tabela_11,Lula,47.0,11%,https://en.wikipedia.org/wiki/Opinion_polling_for_the_2022_Brazilian_presidential_election
2022,1,Exame/Ideia[73],15–20 Jul 2022,1500.0,wikipedia_tabela_11,Bolsonaro,37.0,11%,https://en.wikipedia.org/wiki/Opinion_polling_for_the_2022_Brazilian_presidential_election
2022,1,PoderData[272],17–19 Jul 2022,3000.0,wikipedia_tabela_11,Lula,51.0,12%,https://en.wikipedia.org/wiki/Opinion_polling_for_the_2022_Brazilian_presidential_election
2022,1,PoderData[272],17–19 Jul 2022,3000.0,wikipedia_tabela_11,Bolsonaro,38.0,12%,https://en.wikipedia.org/wiki/Opinion_polling_for_the_2022_Brazilian_presidential_election
2022,1,BTG/FSB[75],8–10 Jul 2022,2000.0,wikipedia_tabela_11,Lula,53.0,10%,https://en.wikipedia.org/wiki/Opinion_polling_for_the_2022_Brazilian_presidential_election
2022,1,BTG/FSB[75],8–10 Jul 2022,2000.0,wikipedia_tabela_11,Bolsonaro,37.0,10%,https://en.wikipedia.org/wiki/Opinion_polling_for_the_2022_Brazilian_presidential_election
2022,1,PoderData[273],3–5 Jul 2022,3000.0,wikipedia_tabela_11,Lula,50.0,12%,https://en.wikipedia.org/wiki/Opinion_polling_for_the_2022_Brazilian_presidential_election
2022,1,PoderData[273],3–5 Jul 2022,3000.0,wikipedia_tabela_11,Bolsonaro,38.0,12%,https://en.wikipedia.org/wiki/Opinion_polling_for_the_2022_Brazilian_presidential_election
2022,1,Quaest/Genial[77],29 Jun – 2 Jul 2022,2000.0,wikipedia_tabela_11,Lula,53.0,13%,https://en.wikipedia.org/wiki/Opinion_polling_for_the_2022_Brazilian_presidential_election
2022,1,Quaest/Genial[77],29 Jun – 2 Jul 2022,2000.0,wikipedia_tabela_11,Bolsonaro,34.0,13%,https://en.wikipedia.org/wiki/Opinion_polling_for_the_2022_Brazilian_presidential_election
2022,1,BTG/FSB[78],24–26 Jun 2022,2000.0,wikipedia_tabela_11,Lula,52.0,10%,https://en.wikipedia.org/wiki/Opinion_polling_for_the_2022_Brazilian_presidential_election
2022,1,BTG/FSB[78],24–26 Jun 2022,2000.0,wikipedia_tabela_11,Bolsonaro,37.0,10%,https://en.wikipedia.org/wiki/Opinion_polling_for_the_2022_Brazilian_presidential_election
2022,1,Datafolha[80],22–23 Jun 2022,2556.0,wikipedia_tabela_11,Lula,57.0,9%,https://en.wikipedia.org/wiki/Opinion_polling_for_the_2022_Brazilian_presidential_election
2022,1,Datafolha[80],22–23 Jun 2022,2556.0,wikipedia_tabela_11,Bolsonaro,34.0,9%,https://en.wikipedia.org/wiki/Opinion_polling_for_the_2022_Brazilian_presidential_election
2022,1,Exame/Ideia[81],17–22 Jun 2022,1500.0,wikipedia_tabela_11,Lula,48.0,10%,https://en.wikipedia.org/wiki/Opinion_polling_for_the_2022_Brazilian_presidential_election
2022,1,Exame/Ideia[81],17–22 Jun 2022,1500.0,wikipedia_tabela_11,Bolsonaro,41.0,10%,https://en.wikipedia.org/wiki/Opinion_polling_for_the_2022_Brazilian_presidential_election
2022,1,PoderData[82],19–21 Jun 2022,3000.0,wikipedia_tabela_11,Lula,52.0,13%,https://en.wikipedia.org/wiki/Opinion_polling_for_the_2022_Brazilian_presidential_election
2022,1,PoderData[82],19–21 Jun 2022,3000.0,wikipedia_tabela_11,Bolsonaro,35.0,13%,https://en.wikipedia.org/wiki/Opinion_polling_for_the_2022_Brazilian_presidential_election
2022,1,BTG/FSB[83],10–12 Jun 2022,2000.0,wikipedia_tabela_11,Lula,54.0,8%,https://en.wikipedia.org/wiki/Opinion_polling_for_the_2022_Brazilian_presidential_election
2022,1,BTG/FSB[83],10–12 Jun 2022,2000.0,wikipedia_tabela_11,Bolsonaro,36.0,8%,https://en.wikipedia.org/wiki/Opinion_polling_for_the_2022_Brazilian_presidential_election
2022,1,PoderData[274],05–07 Jun 2022,3000.0,wikipedia_tabela_11,Lula,50.0,10%,https://en.wikipedia.org/wiki/Opinion_polling_for_the_2022_Brazilian_presidential_election
2022,1,PoderData[274],05–07 Jun 2022,3000.0,wikipedia_tabela_11,Bolsonaro,40.0,10%,https://en.wikipedia.org/wiki/Opinion_polling_for_the_2022_Brazilian_presidential_election
2022,1,Quaest/Genial[85],02–05 Jun 2022,2000.0,wikipedia_tabela_11,Lula,54.0,12%,https://en.wikipedia.org/wiki/Opinion_polling_for_the_2022_Brazilian_presidential_election
2022,1,Quaest/Genial[85],02–05 Jun 2022,2000.0,wikipedia_tabela_11,Bolsonaro,32.0,12%,https://en.wikipedia.org/wiki/Opinion_polling_for_the_2022_Brazilian_presidential_election
2022,1,XP/Ipespe[87],30 May – 1 Jun 2022,1000.0,wikipedia_tabela_11,Lula,53.0,12%,https://en.wikipedia.org/wiki/Opinion_polling_for_the_2022_Brazilian_presidential_election
2022,1,XP/Ipespe[87],30 May – 1 Jun 2022,1000.0,wikipedia_tabela_11,Bolsonaro,35.0,12%,https://en.wikipedia.org/wiki/Opinion_polling_for_the_2022_Brazilian_presidential_election
2022,1,Paraná Pesquisas[88],26–30 May 2022,2020.0,wikipedia_tabela_11,Lula,47.3,13.5%,https://en.wikipedia.org/wiki/Opinion_polling_for_the_2022_Brazilian_presidential_election
2022,1,Paraná Pesquisas[88],26–30 May 2022,2020.0,wikipedia_tabela_11,Bolsonaro,39.2,13.5%,https://en.wikipedia.org/wiki/Opinion_polling_for_the_2022_Brazilian_presidential_election
2022,1,BTG/FSB[89],27–29 May 2022,2000.0,wikipedia_tabela_11,Lula,54.0,11%,https://en.wikipedia.org/wiki/Opinion_polling_for_the_2022_Brazilian_presidential_election
2022,1,BTG/FSB[89],27–29 May 2022,2000.0,wikipedia_tabela_11,Bolsonaro,35.0,11%,https://en.wikipedia.org/wiki/Opinion_polling_for_the_2022_Brazilian_presidential_election
2022,1,Datafolha[90],25–26 May 2022,2556.0,wikipedia_tabela_11,Lula,58.0,9%,https://en.wikipedia.org/wiki/Opinion_polling_for_the_2022_Brazilian_presidential_election
2022,1,Datafolha[90],25–26 May 2022,2556.0,wikipedia_tabela_11,Bolsonaro,33.0,9%,https://en.wikipedia.org/wiki/Opinion_polling_for_the_2022_Brazilian_presidential_election
2022,1,XP/Ipespe[91],23–25 May 2022,1000.0,wikipedia_tabela_11,Lula,53.0,12%,https://en.wikipedia.org/wiki/Opinion_polling_for_the_2022_Brazilian_presidential_election
2022,1,XP/Ipespe[91],23–25 May 2022,1000.0,wikipedia_tabela_11,Bolsonaro,35.0,12%,https://en.wikipedia.org/wiki/Opinion_polling_for_the_2022_Brazilian_presidential_election
2022,1,PoderData[93],22–24 May 2022,3000.0,wikipedia_tabela_11,Lula,50.0,11%,https://en.wikipedia.org/wiki/Opinion_polling_for_the_2022_Brazilian_presidential_election
2022,1,PoderData[93],22–24 May 2022,3000.0,wikipedia_tabela_11,Bolsonaro,39.0,11%,https://en.wikipedia.org/wiki/Opinion_polling_for_the_2022_Brazilian_presidential_election
2022,1,Modalmais/Futura[96],16–19 May 2022,2000.0,wikipedia_tabela_11,Lula,49.0,10.9%,https://en.wikipedia.org/wiki/Opinion_polling_for_the_2022_Brazilian_presidential_election
2022,1,Modalmais/Futura[96],16–19 May 2022,2000.0,wikipedia_tabela_11,Bolsonaro,40.1,10.9%,https://en.wikipedia.org/wiki/Opinion_polling_for_the_2022_Brazilian_presidential_election
2022,1,Exame/Ideia,14–19 May 2022,1500.0,wikipedia_tabela_11,Lula,46.0,15%,https://en.wikipedia.org/wiki/Opinion_polling_for_the_2022_Brazilian_presidential_election
2022,1,Exame/Ideia,14–19 May 2022,1500.0,wikipedia_tabela_11,Bolsonaro,39.0,15%,https://en.wikipedia.org/wiki/Opinion_polling_for_the_2022_Brazilian_presidential_election
2022,1,XP/Ipespe[98],17–18 May 2022,1000.0,wikipedia_tabela_11,Lula,53.0,13%,https://en.wikipedia.org/wiki/Opinion_polling_for_the_2022_Brazilian_presidential_election
2022,1,XP/Ipespe[98],17–18 May 2022,1000.0,wikipedia_tabela_11,Bolsonaro,34.0,13%,https://en.wikipedia.org/wiki/Opinion_polling_for_the_2022_Brazilian_presidential_election
2022,1,XP/Ipespe[99],9–11 May 2022,1000.0,wikipedia_tabela_11,Lula,54.0,10%,https://en.wikipedia.org/wiki/Opinion_polling_for_the_2022_Brazilian_presidential_election
2022,1,XP/Ipespe[99],9–11 May 2022,1000.0,wikipedia_tabela_11,Bolsonaro,35.0,10%,https://en.wikipedia.org/wiki/Opinion_polling_for_the_2022_Brazilian_presidential_election
2022,1,PoderData[100],8–10 May 2022,3000.0,wikipedia_tabela_11,Lula,49.0,13%,https://en.wikipedia.org/wiki/Opinion_polling_for_the_2022_Brazilian_presidential_election
2022,1,PoderData[100],8–10 May 2022,3000.0,wikipedia_tabela_11,Bolsonaro,38.0,13%,https://en.wikipedia.org/wiki/Opinion_polling_for_the_2022_Brazilian_presidential_election
2022,1,Quaest/Genial[101],5–8 May 2022,2000.0,wikipedia_tabela_11,Lula,54.0,11%,https://en.wikipedia.org/wiki/Opinion_polling_for_the_2022_Brazilian_presidential_election
2022,1,Quaest/Genial[101],5–8 May 2022,2000.0,wikipedia_tabela_11,Bolsonaro,34.0,11%,https://en.wikipedia.org/wiki/Opinion_polling_for_the_2022_Brazilian_presidential_election
2022,1,CNT/MDA[104],4–7 May 2022,2002.0,wikipedia_tabela_11,Lula,50.8,12.4%,https://en.wikipedia.org/wiki/Opinion_polling_for_the_2022_Brazilian_presidential_election
2022,1,CNT/MDA[104],4–7 May 2022,2002.0,wikipedia_tabela_11,Bolsonaro,36.8,12.4%,https://en.wikipedia.org/wiki/Opinion_polling_for_the_2022_Brazilian_presidential_election
2022,1,XP/Ipespe[105],2–4 May 2022,1000.0,wikipedia_tabela_11,Lula,54.0,12%,https://en.wikipedia.org/wiki/Opinion_polling_for_the_2022_Brazilian_presidential_election
2022,1,XP/Ipespe[105],2–4 May 2022,1000.0,wikipedia_tabela_11,Bolsonaro,34.0,12%,https://en.wikipedia.org/wiki/Opinion_polling_for_the_2022_Brazilian_presidential_election
2022,1,Paraná Pesquisas[106],28–3 May 2022,2020.0,wikipedia_tabela_11,Lula,46.4,15%,https://en.wikipedia.org/wiki/Opinion_polling_for_the_2022_Brazilian_presidential_election
2022,1,Paraná Pesquisas[106],28–3 May 2022,2020.0,wikipedia_tabela_11,Bolsonaro,38.7,15%,https://en.wikipedia.org/wiki/Opinion_polling_for_the_2022_Brazilian_presidential_election
2022,1,PoderData[275],24–26 Apr 2022,3000.0,wikipedia_tabela_11,Lula,48.0,13%,https://en.wikipedia.org/wiki/Opinion_polling_for_the_2022_Brazilian_presidential_election
2022,1,PoderData[275],24–26 Apr 2022,3000.0,wikipedia_tabela_11,Bolsonaro,39.0,13%,https://en.wikipedia.org/wiki/Opinion_polling_for_the_2022_Brazilian_presidential_election
2022,1,BTG/FSB[108],22–24 Apr 2022,2000.0,wikipedia_tabela_11,Lula,52.0,10%,https://en.wikipedia.org/wiki/Opinion_polling_for_the_2022_Brazilian_presidential_election
2022,1,BTG/FSB[108],22–24 Apr 2022,2000.0,wikipedia_tabela_11,Bolsonaro,37.0,10%,https://en.wikipedia.org/wiki/Opinion_polling_for_the_2022_Brazilian_presidential_election
2022,1,XP/Ipespe[109],18–20 Apr 2022,1000.0,wikipedia_tabela_11,Lula,54.0,12%,https://en.wikipedia.org/wiki/Opinion_polling_for_the_2022_Brazilian_presidential_election
2022,1,XP/Ipespe[109],18–20 Apr 2022,1000.0,wikipedia_tabela_11,Bolsonaro,34.0,12%,https://en.wikipedia.org/wiki/Opinion_polling_for_the_2022_Brazilian_presidential_election
2022,1,Exame/Ideia[110],15–20 Apr 2022,1500.0,wikipedia_tabela_11,Lula,48.0,13%,https://en.wikipedia.org/wiki/Opinion_polling_for_the_2022_Brazilian_presidential_election
2022,1,Exame/Ideia[110],15–20 Apr 2022,1500.0,wikipedia_tabela_11,Bolsonaro,39.0,13%,https://en.wikipedia.org/wiki/Opinion_polling_for_the_2022_Brazilian_presidential_election
2022,1,PoderData[276],10–12 Apr 2022,3000.0,wikipedia_tabela_11,Lula,47.0,15%,https://en.wikipedia.org/wiki/Opinion_polling_for_the_2022_Brazilian_presidential_election
2022,1,PoderData[276],10–12 Apr 2022,3000.0,wikipedia_tabela_11,Bolsonaro,38.0,15%,https://en.wikipedia.org/wiki/Opinion_polling_for_the_2022_Brazilian_presidential_election
2022,1,XP/Ipespe[114],2–5 Apr 2022,1000.0,wikipedia_tabela_11,Lula,53.0,14%,https://en.wikipedia.org/wiki/Opinion_polling_for_the_2022_Brazilian_presidential_election
2022,1,XP/Ipespe[114],2–5 Apr 2022,1000.0,wikipedia_tabela_11,Bolsonaro,33.0,14%,https://en.wikipedia.org/wiki/Opinion_polling_for_the_2022_Brazilian_presidential_election
2022,1,Paraná Pesquisas[115],31–5 Apr 2022,2020.0,wikipedia_tabela_11,Lula,47.1,14.4%,https://en.wikipedia.org/wiki/Opinion_polling_for_the_2022_Brazilian_presidential_election
2022,1,Paraná Pesquisas[115],31–5 Apr 2022,2020.0,wikipedia_tabela_11,Bolsonaro,38.5,14.4%,https://en.wikipedia.org/wiki/Opinion_polling_for_the_2022_Brazilian_presidential_election
2022,1,Quaest/Genial[116],1–3 Apr 2022,2000.0,wikipedia_tabela_11,Lula,55.0,11%,https://en.wikipedia.org/wiki/Opinion_polling_for_the_2022_Brazilian_presidential_election
2022,1,Quaest/Genial[116],1–3 Apr 2022,2000.0,wikipedia_tabela_11,Bolsonaro,34.0,11%,https://en.wikipedia.org/wiki/Opinion_polling_for_the_2022_Brazilian_presidential_election
2022,1,PoderData[119],27–29 Mar 2022,3000.0,wikipedia_tabela_11,Lula,50.0,12%,https://en.wikipedia.org/wiki/Opinion_polling_for_the_2022_Brazilian_presidential_election
2022,1,PoderData[119],27–29 Mar 2022,3000.0,wikipedia_tabela_11,Bolsonaro,38.0,12%,https://en.wikipedia.org/wiki/Opinion_polling_for_the_2022_Brazilian_presidential_election
2022,1,Futura/Modalmais[120],21–25 Mar 2022,2000.0,wikipedia_tabela_11,Lula,48.6,9.8%,https://en.wikipedia.org/wiki/Opinion_polling_for_the_2022_Brazilian_presidential_election
2022,1,Futura/Modalmais[120],21–25 Mar 2022,2000.0,wikipedia_tabela_11,Bolsonaro,41.6,9.8%,https://en.wikipedia.org/wiki/Opinion_polling_for_the_2022_Brazilian_presidential_election
2022,1,Datafolha[277],22–23 Mar 2022,2556.0,wikipedia_tabela_11,Lula,55.0,11%,https://en.wikipedia.org/wiki/Opinion_polling_for_the_2022_Brazilian_presidential_election
2022,1,Datafolha[277],22–23 Mar 2022,2556.0,wikipedia_tabela_11,Bolsonaro,34.0,11%,https://en.wikipedia.org/wiki/Opinion_polling_for_the_2022_Brazilian_presidential_election
2022,1,Exame/Ideia[123],18–23 Mar 2022,1500.0,wikipedia_tabela_11,Lula,50.0,13%,https://en.wikipedia.org/wiki/Opinion_polling_for_the_2022_Brazilian_presidential_election
2022,1,Exame/Ideia[123],18–23 Mar 2022,1500.0,wikipedia_tabela_11,Bolsonaro,37.0,13%,https://en.wikipedia.org/wiki/Opinion_polling_for_the_2022_Brazilian_presidential_election
2022,1,FSB[124],18–20 Mar 2022,2000.0,wikipedia_tabela_11,Lula,54.0,11%,https://en.wikipedia.org/wiki/Opinion_polling_for_the_2022_Brazilian_presidential_election
2022,1,FSB[124],18–20 Mar 2022,2000.0,wikipedia_tabela_11,Bolsonaro,35.0,11%,https://en.wikipedia.org/wiki/Opinion_polling_for_the_2022_Brazilian_presidential_election
2022,1,PoderData[125],13–15 Mar 2022,3000.0,wikipedia_tabela_11,Lula,50.0,14%,https://en.wikipedia.org/wiki/Opinion_polling_for_the_2022_Brazilian_presidential_election
2022,1,PoderData[125],13–15 Mar 2022,3000.0,wikipedia_tabela_11,Bolsonaro,36.0,14%,https://en.wikipedia.org/wiki/Opinion_polling_for_the_2022_Brazilian_presidential_election
2022,1,Quaest/Genial[126],10–13 Mar 2022,2000.0,wikipedia_tabela_11,Lula,54.0,13%,https://en.wikipedia.org/wiki/Opinion_polling_for_the_2022_Brazilian_presidential_election
2022,1,Quaest/Genial[126],10–13 Mar 2022,2000.0,wikipedia_tabela_11,Bolsonaro,32.0,13%,https://en.wikipedia.org/wiki/Opinion_polling_for_the_2022_Brazilian_presidential_election
2022,1,Ranking Brasil[127],7–12 Mar 2022,3000.0,wikipedia_tabela_11,Lula,45.0,16.7%,https://en.wikipedia.org/wiki/Opinion_polling_for_the_2022_Brazilian_presidential_election
2022,1,Ranking Brasil[127],7–12 Mar 2022,3000.0,wikipedia_tabela_11,Bolsonaro,38.3,16.7%,https://en.wikipedia.org/wiki/Opinion_polling_for_the_2022_Brazilian_presidential_election
2022,1,XP/Ipespe[136],7–9 Mar 2022,1000.0,wikipedia_tabela_11,Lula,53.0,14%,https://en.wikipedia.org/wiki/Opinion_polling_for_the_2022_Brazilian_presidential_election
2022,1,XP/Ipespe[136],7–9 Mar 2022,1000.0,wikipedia_tabela_11,Bolsonaro,33.0,14%,https://en.wikipedia.org/wiki/Opinion_polling_for_the_2022_Brazilian_presidential_election
2022,1,Paraná Pesquisas[130],3–8 Mar 2022,2020.0,wikipedia_tabela_11,Lula,46.0,16.7%,https://en.wikipedia.org/wiki/Opinion_polling_for_the_2022_Brazilian_presidential_election
2022,1,Paraná Pesquisas[130],3–8 Mar 2022,2020.0,wikipedia_tabela_11,Bolsonaro,37.3,16.7%,https://en.wikipedia.org/wiki/Opinion_polling_for_the_2022_Brazilian_presidential_election
2022,1,PoderData[278],27–1 Mar 2022,3000.0,wikipedia_tabela_11,Lula,51.0,11%,https://en.wikipedia.org/wiki/Opinion_polling_for_the_2022_Brazilian_presidential_election
2022,1,PoderData[278],27–1 Mar 2022,3000.0,wikipedia_tabela_11,Bolsonaro,37.0,11%,https://en.wikipedia.org/wiki/Opinion_polling_for_the_2022_Brazilian_presidential_election
2022,1,Ipespe[132],21–23 Feb 2022,1000.0,wikipedia_tabela_11,Lula,54.0,14%,https://en.wikipedia.org/wiki/Opinion_polling_for_the_2022_Brazilian_presidential_election
2022,1,Ipespe[132],21–23 Feb 2022,1000.0,wikipedia_tabela_11,Bolsonaro,32.0,14%,https://en.wikipedia.org/wiki/Opinion_polling_for_the_2022_Brazilian_presidential_election
2022,1,Exame/Ideia[133],18–22 Feb 2022,1500.0,wikipedia_tabela_11,Lula,49.0,16%,https://en.wikipedia.org/wiki/Opinion_polling_for_the_2022_Brazilian_presidential_election
2022,1,Exame/Ideia[133],18–22 Feb 2022,1500.0,wikipedia_tabela_11,Bolsonaro,35.0,16%,https://en.wikipedia.org/wiki/Opinion_polling_for_the_2022_Brazilian_presidential_election
2022,1,CNT/MDA[134],16–19 Feb 2022,2002.0,wikipedia_tabela_11,Lula,53.2,17.9%,https://en.wikipedia.org/wiki/Opinion_polling_for_the_2022_Brazilian_presidential_election
2022,1,CNT/MDA[134],16–19 Feb 2022,2002.0,wikipedia_tabela_11,Bolsonaro,35.3,17.9%,https://en.wikipedia.org/wiki/Opinion_polling_for_the_2022_Brazilian_presidential_election
2022,1,Futura/Modalmais[120],14–17 Feb 2022,2000.0,wikipedia_tabela_11,Lula,48.0,11.9%,https://en.wikipedia.org/wiki/Opinion_polling_for_the_2022_Brazilian_presidential_election
2022,1,Futura/Modalmais[120],14–17 Feb 2022,2000.0,wikipedia_tabela_11,Bolsonaro,40.1,11.9%,https://en.wikipedia.org/wiki/Opinion_polling_for_the_2022_Brazilian_presidential_election
2022,1,PoderData[135],13–15 Feb 2022,3000.0,wikipedia_tabela_11,Lula,50.0,15%,https://en.wikipedia.org/wiki/Opinion_polling_for_the_2022_Brazilian_presidential_election
2022,1,PoderData[135],13–15 Feb 2022,3000.0,wikipedia_tabela_11,Bolsonaro,35.0,15%,https://en.wikipedia.org/wiki/Opinion_polling_for_the_2022_Brazilian_presidential_election
2022,1,XP/Ipespe[136],7–9 Feb 2022,1000.0,wikipedia_tabela_11,Lula,54.0,15%,https://en.wikipedia.org/wiki/Opinion_polling_for_the_2022_Brazilian_presidential_election
2022,1,XP/Ipespe[136],7–9 Feb 2022,1000.0,wikipedia_tabela_11,Bolsonaro,31.0,15%,https://en.wikipedia.org/wiki/Opinion_polling_for_the_2022_Brazilian_presidential_election
2022,1,Quaest/Genial[137],3–6 Feb 2022,2000.0,wikipedia_tabela_11,Lula,54.0,16%,https://en.wikipedia.org/wiki/Opinion_polling_for_the_2022_Brazilian_presidential_election
2022,1,Quaest/Genial[137],3–6 Feb 2022,2000.0,wikipedia_tabela_11,Bolsonaro,30.0,16%,https://en.wikipedia.org/wiki/Opinion_polling_for_the_2022_Brazilian_presidential_election
2022,1,Paraná Pesquisas[138],27–1 Feb 2022,2020.0,wikipedia_tabela_11,Lula,48.8,16.8%,https://en.wikipedia.org/wiki/Opinion_polling_for_the_2022_Brazilian_presidential_election
2022,1,Paraná Pesquisas[138],27–1 Feb 2022,2020.0,wikipedia_tabela_11,Bolsonaro,34.4,16.8%,https://en.wikipedia.org/wiki/Opinion_polling_for_the_2022_Brazilian_presidential_election
2022,1,PoderData[139],31–1 Feb 2022,3000.0,wikipedia_tabela_11,Lula,54.0,9%,https://en.wikipedia.org/wiki/Opinion_polling_for_the_2022_Brazilian_presidential_election
2022,1,PoderData[139],31–1 Feb 2022,3000.0,wikipedia_tabela_11,Bolsonaro,37.0,9%,https://en.wikipedia.org/wiki/Opinion_polling_for_the_2022_Brazilian_presidential_election
2022,1,XP/Ipespe[140],24–25 Jan 2022,1000.0,wikipedia_tabela_11,Lula,54.0,16%,https://en.wikipedia.org/wiki/Opinion_polling_for_the_2022_Brazilian_presidential_election
2022,1,XP/Ipespe[140],24–25 Jan 2022,1000.0,wikipedia_tabela_11,Bolsonaro,30.0,16%,https://en.wikipedia.org/wiki/Opinion_polling_for_the_2022_Brazilian_presidential_election
2022,1,Futura/Modalmais[141],17–21 Jan 2022,2000.0,wikipedia_tabela_11,Lula,50.4,11.8%,https://en.wikipedia.org/wiki/Opinion_polling_for_the_2022_Brazilian_presidential_election
2022,1,Futura/Modalmais[141],17–21 Jan 2022,2000.0,wikipedia_tabela_11,Bolsonaro,37.8,11.8%,https://en.wikipedia.org/wiki/Opinion_polling_for_the_2022_Brazilian_presidential_election
2022,1,PoderData[142],16–18 Jan 2022,3000.0,wikipedia_tabela_11,Lula,54.0,14%,https://en.wikipedia.org/wiki/Opinion_polling_for_the_2022_Brazilian_presidential_election
2022,1,PoderData[142],16–18 Jan 2022,3000.0,wikipedia_tabela_11,Bolsonaro,32.0,14%,https://en.wikipedia.org/wiki/Opinion_polling_for_the_2022_Brazilian_presidential_election
2022,1,Exame/Ideia[143],9–13 Jan 2022,1500.0,wikipedia_tabela_11,Lula,49.0,18%,https://en.wikipedia.org/wiki/Opinion_polling_for_the_2022_Brazilian_presidential_election
2022,1,Exame/Ideia[143],9–13 Jan 2022,1500.0,wikipedia_tabela_11,Bolsonaro,33.0,18%,https://en.wikipedia.org/wiki/Opinion_polling_for_the_2022_Brazilian_presidential_election
2022,1,XP/Ipespe[144],10–12 Jan 2022,1000.0,wikipedia_tabela_11,Lula,56.0,13%,https://en.wikipedia.org/wiki/Opinion_polling_for_the_2022_Brazilian_presidential_election
2022,1,XP/Ipespe[144],10–12 Jan 2022,1000.0,wikipedia_tabela_11,Bolsonaro,31.0,13%,https://en.wikipedia.org/wiki/Opinion_polling_for_the_2022_Brazilian_presidential_election
2022,1,Quaest/Genial[145],6–9 Jan 2022,2000.0,wikipedia_tabela_11,Lula,54.0,16%,https://en.wikipedia.org/wiki/Opinion_polling_for_the_2022_Brazilian_presidential_election
2022,1,Quaest/Genial[145],6–9 Jan 2022,2000.0,wikipedia_tabela_11,Bolsonaro,30.0,16%,https://en.wikipedia.org/wiki/Opinion_polling_for_the_2022_Brazilian_presidential_election
2022,1,PoderData[146],19–21 Dec 2021,3000.0,wikipedia_tabela_11,Lula,54.0,12%,https://en.wikipedia.org/wiki/Opinion_polling_for_the_2022_Brazilian_presidential_election
2022,1,PoderData[146],19–21 Dec 2021,3000.0,wikipedia_tabela_11,Bolsonaro,34.0,12%,https://en.wikipedia.org/wiki/Opinion_polling_for_the_2022_Brazilian_presidential_election
2022,1,Ipespe[147],14–16 Dec 2021,1000.0,wikipedia_tabela_11,Lula,53.0,16%,https://en.wikipedia.org/wiki/Opinion_polling_for_the_2022_Brazilian_presidential_election
2022,1,Ipespe[147],14–16 Dec 2021,1000.0,wikipedia_tabela_11,Bolsonaro,31.0,16%,https://en.wikipedia.org/wiki/Opinion_polling_for_the_2022_Brazilian_presidential_election
2022,1,Ipespe[157],22–24 Nov 2021,1000.0,wikipedia_tabela_11,Lula,52.0,16%,https://en.wikipedia.org/wiki/Opinion_polling_for_the_2022_Brazilian_presidential_election
2022,1,Ipespe[157],22–24 Nov 2021,1000.0,wikipedia_tabela_11,Bolsonaro,32.0,16%,https://en.wikipedia.org/wiki/Opinion_polling_for_the_2022_Brazilian_presidential_election
2022,1,PoderData[158],22–24 Nov 2021,2500.0,wikipedia_tabela_11,Lula,54.0,15%,https://en.wikipedia.org/wiki/Opinion_polling_for_the_2022_Brazilian_presidential_election
2022,1,PoderData[158],22–24 Nov 2021,2500.0,wikipedia_tabela_11,Bolsonaro,31.0,15%,https://en.wikipedia.org/wiki/Opinion_polling_for_the_2022_Brazilian_presidential_election
2022,1,Paraná Pesquisas[160],16–19 Nov 2021,2020.0,wikipedia_tabela_11,Lula,42.5,21.9%,https://en.wikipedia.org/wiki/Opinion_polling_for_the_2022_Brazilian_presidential_election
2022,1,Paraná Pesquisas[160],16–19 Nov 2021,2020.0,wikipedia_tabela_11,Bolsonaro,35.6,21.9%,https://en.wikipedia.org/wiki/Opinion_polling_for_the_2022_Brazilian_presidential_election
2022,1,Ponteio Política[161],16–18 Nov 2021,1000.0,wikipedia_tabela_11,Lula,50.0,18%,https://en.wikipedia.org/wiki/Opinion_polling_for_the_2022_Brazilian_presidential_election
2022,1,Ponteio Política[161],16–18 Nov 2021,1000.0,wikipedia_tabela_11,Bolsonaro,32.0,18%,https://en.wikipedia.org/wiki/Opinion_polling_for_the_2022_Brazilian_presidential_election
2022,1,Exame/Ideia[162],9–11 Nov 2021,1200.0,wikipedia_tabela_11,Lula,48.0,21%,https://en.wikipedia.org/wiki/Opinion_polling_for_the_2022_Brazilian_presidential_election
2022,1,Exame/Ideia[162],9–11 Nov 2021,1200.0,wikipedia_tabela_11,Bolsonaro,31.0,21%,https://en.wikipedia.org/wiki/Opinion_polling_for_the_2022_Brazilian_presidential_election
2022,1,Quaest/Genial[163],3–6 Nov 2021,2063.0,wikipedia_tabela_11,Lula,57.0,13%,https://en.wikipedia.org/wiki/Opinion_polling_for_the_2022_Brazilian_presidential_election
2022,1,Quaest/Genial[163],3–6 Nov 2021,2063.0,wikipedia_tabela_11,Bolsonaro,27.0,13%,https://en.wikipedia.org/wiki/Opinion_polling_for_the_2022_Brazilian_presidential_election
2022,1,XP/Ipespe[279],25–28 Oct 2021,1000.0,wikipedia_tabela_11,Lula,50.0,18%,https://en.wikipedia.org/wiki/Opinion_polling_for_the_2022_Brazilian_presidential_election
2022,1,XP/Ipespe[279],25–28 Oct 2021,1000.0,wikipedia_tabela_11,Bolsonaro,32.0,18%,https://en.wikipedia.org/wiki/Opinion_polling_for_the_2022_Brazilian_presidential_election
2022,1,PoderData[166],25–27 Oct 2021,2500.0,wikipedia_tabela_11,Lula,52.0,11%,https://en.wikipedia.org/wiki/Opinion_polling_for_the_2022_Brazilian_presidential_election
2022,1,PoderData[166],25–27 Oct 2021,2500.0,wikipedia_tabela_11,Bolsonaro,37.0,11%,https://en.wikipedia.org/wiki/Opinion_polling_for_the_2022_Brazilian_presidential_election
2022,1,PoderData[170],27–29 Sep 2021,2500.0,wikipedia_tabela_11,Lula,56.0,11%,https://en.wikipedia.org/wiki/Opinion_polling_for_the_2022_Brazilian_presidential_election
2022,1,PoderData[170],27–29 Sep 2021,2500.0,wikipedia_tabela_11,Bolsonaro,33.0,11%,https://en.wikipedia.org/wiki/Opinion_polling_for_the_2022_Brazilian_presidential_election
2022,1,Datatempo[173],9–15 Sep 2021,2025.0,wikipedia_tabela_11,Lula,53.1,16.8%,https://en.wikipedia.org/wiki/Opinion_polling_for_the_2022_Brazilian_presidential_election
2022,1,Datatempo[173],9–15 Sep 2021,2025.0,wikipedia_tabela_11,Bolsonaro,30.1,16.8%,https://en.wikipedia.org/wiki/Opinion_polling_for_the_2022_Brazilian_presidential_election
2022,1,Datafolha[174],13–15 Sep 2021,3667.0,wikipedia_tabela_11,Lula,56.0,14%,https://en.wikipedia.org/wiki/Opinion_polling_for_the_2022_Brazilian_presidential_election
2022,1,Datafolha[174],13–15 Sep 2021,3667.0,wikipedia_tabela_11,Bolsonaro,31.0,14%,https://en.wikipedia.org/wiki/Opinion_polling_for_the_2022_Brazilian_presidential_election
2022,1,PoderData[176],30–1 Sep 2021,2500.0,wikipedia_tabela_11,Lula,55.0,15%,https://en.wikipedia.org/wiki/Opinion_polling_for_the_2022_Brazilian_presidential_election
2022,1,PoderData[176],30–1 Sep 2021,2500.0,wikipedia_tabela_11,Bolsonaro,30.0,15%,https://en.wikipedia.org/wiki/Opinion_polling_for_the_2022_Brazilian_presidential_election
2022,1,Quaest/Genial[177],26–29 Aug 2021,2000.0,wikipedia_tabela_11,Lula,55.0,15%,https://en.wikipedia.org/wiki/Opinion_polling_for_the_2022_Brazilian_presidential_election
2022,1,Quaest/Genial[177],26–29 Aug 2021,2000.0,wikipedia_tabela_11,Bolsonaro,30.0,15%,https://en.wikipedia.org/wiki/Opinion_polling_for_the_2022_Brazilian_presidential_election
2022,1,XP/Ipespe[178],11–14 Aug 2021,1000.0,wikipedia_tabela_11,Lula,51.0,17%,https://en.wikipedia.org/wiki/Opinion_polling_for_the_2022_Brazilian_presidential_election
2022,1,XP/Ipespe[178],11–14 Aug 2021,1000.0,wikipedia_tabela_11,Bolsonaro,32.0,17%,https://en.wikipedia.org/wiki/Opinion_polling_for_the_2022_Brazilian_presidential_election
2022,1,PoderData[179],2–4 Aug 2021,2500.0,wikipedia_tabela_11,Lula,52.0,16%,https://en.wikipedia.org/wiki/Opinion_polling_for_the_2022_Brazilian_presidential_election
2022,1,PoderData[179],2–4 Aug 2021,2500.0,wikipedia_tabela_11,Bolsonaro,32.0,16%,https://en.wikipedia.org/wiki/Opinion_polling_for_the_2022_Brazilian_presidential_election
2022,1,XP/Ipespe[183],5–7 Jul 2021,1000.0,wikipedia_tabela_11,Lula,49.0,17%,https://en.wikipedia.org/wiki/Opinion_polling_for_the_2022_Brazilian_presidential_election
2022,1,XP/Ipespe[183],5–7 Jul 2021,1000.0,wikipedia_tabela_11,Bolsonaro,35.0,17%,https://en.wikipedia.org/wiki/Opinion_polling_for_the_2022_Brazilian_presidential_election
2022,1,Datafolha[182],7–8 Jul,2074,wikipedia_tabela_12,Lula,58.0,11%,https://en.wikipedia.org/wiki/Opinion_polling_for_the_2022_Brazilian_presidential_election
2022,1,Datafolha[182],7–8 Jul,2074,wikipedia_tabela_12,Bolsonaro,31.0,11%,https://en.wikipedia.org/wiki/Opinion_polling_for_the_2022_Brazilian_presidential_election
2022,1,Datafolha[182],7–8 Jul,2074,wikipedia_tabela_12,Lula,56.0,21%,https://en.wikipedia.org/wiki/Opinion_polling_for_the_2022_Brazilian_presidential_election
2022,1,Vox Populi[188],12–16 May,2000,wikipedia_tabela_12,Lula,55.0,17%,https://en.wikipedia.org/wiki/Opinion_polling_for_the_2022_Brazilian_presidential_election
2022,1,Vox Populi[188],12–16 May,2000,wikipedia_tabela_12,Bolsonaro,28.0,17%,https://en.wikipedia.org/wiki/Opinion_polling_for_the_2022_Brazilian_presidential_election
2022,1,Vox Populi[188],12–16 May,2000,wikipedia_tabela_12,Lula,52.0,29%,https://en.wikipedia.org/wiki/Opinion_polling_for_the_2022_Brazilian_presidential_election
2022,1,Vox Populi[188],12–16 May,2000,wikipedia_tabela_12,Gomes,19.0,29%,https://en.wikipedia.org/wiki/Opinion_polling_for_the_2022_Brazilian_presidential_election
2022,1,Vox Populi[188],12–16 May,2000,wikipedia_tabela_12,Lula,56.0,30%,https://en.wikipedia.org/wiki/Opinion_polling_for_the_2022_Brazilian_presidential_election
2022,1,Datafolha[189],11–12 May,2071,wikipedia_tabela_12,Lula,55.0,13%,https://en.wikipedia.org/wiki/Opinion_polling_for_the_2022_Brazilian_presidential_election
2022,1,Datafolha[189],11–12 May,2071,wikipedia_tabela_12,Bolsonaro,32.0,13%,https://en.wikipedia.org/wiki/Opinion_polling_for_the_2022_Brazilian_presidential_election
2022,1,Datafolha[189],11–12 May,2071,wikipedia_tabela_12,Lula,53.0,14%,https://en.wikipedia.org/wiki/Opinion_polling_for_the_2022_Brazilian_presidential_election
2022,1,Datafolha[189],11–12 May,2071,wikipedia_tabela_12,Lula,57.0,22%,https://en.wikipedia.org/wiki/Opinion_polling_for_the_2022_Brazilian_presidential_election
2022,1,Datafolha[189],11–12 May,2071,wikipedia_tabela_12,Bolsonaro,36.0,17%,https://en.wikipedia.org/wiki/Opinion_polling_for_the_2022_Brazilian_presidential_election
2022,1,Datafolha[189],11–12 May,2071,wikipedia_tabela_12,Gomes,48.0,17%,https://en.wikipedia.org/wiki/Opinion_polling_for_the_2022_Brazilian_presidential_election
2022,1,Datafolha[189],11–12 May,2071,wikipedia_tabela_12,Bolsonaro,39.0,22%,https://en.wikipedia.org/wiki/Opinion_polling_for_the_2022_Brazilian_presidential_election
2022,1,Exame/Ideia[190],19–22 Apr,1200,wikipedia_tabela_12,Lula,40.0,23%,https://en.wikipedia.org/wiki/Opinion_polling_for_the_2022_Brazilian_presidential_election
2022,1,Exame/Ideia[190],19–22 Apr,1200,wikipedia_tabela_12,Bolsonaro,38.0,23%,https://en.wikipedia.org/wiki/Opinion_polling_for_the_2022_Brazilian_presidential_election
2022,1,PoderData[191],12–14 Apr,3500,wikipedia_tabela_12,Lula,52.0,14%,https://en.wikipedia.org/wiki/Opinion_polling_for_the_2022_Brazilian_presidential_election
2022,1,PoderData[191],12–14 Apr,3500,wikipedia_tabela_12,Bolsonaro,34.0,14%,https://en.wikipedia.org/wiki/Opinion_polling_for_the_2022_Brazilian_presidential_election
2022,1,PoderData[191],12–14 Apr,3500,wikipedia_tabela_12,Bolsonaro,35.0,17%,https://en.wikipedia.org/wiki/Opinion_polling_for_the_2022_Brazilian_presidential_election
2022,1,PoderData[191],12–14 Apr,3500,wikipedia_tabela_12,Bolsonaro,38.0,25%,https://en.wikipedia.org/wiki/Opinion_polling_for_the_2022_Brazilian_presidential_election
2022,1,PoderData[191],12–14 Apr,3500,wikipedia_tabela_12,Bolsonaro,38.0,25%,https://en.wikipedia.org/wiki/Opinion_polling_for_the_2022_Brazilian_presidential_election
2022,1,PoderData[191],12–14 Apr,3500,wikipedia_tabela_12,Bolsonaro,38.0,24%,https://en.wikipedia.org/wiki/Opinion_polling_for_the_2022_Brazilian_presidential_election
2022,1,PoderData[191],12–14 Apr,3500,wikipedia_tabela_12,Gomes,38.0,24%,https://en.wikipedia.org/wiki/Opinion_polling_for_the_2022_Brazilian_presidential_election
2022,1,XP/Ipespe[192],29–31 Mar,1000,wikipedia_tabela_12,Lula,41.0,20%,https://en.wikipedia.org/wiki/Opinion_polling_for_the_2022_Brazilian_presidential_election
2022,1,XP/Ipespe[192],29–31 Mar,1000,wikipedia_tabela_12,Bolsonaro,38.0,20%,https://en.wikipedia.org/wiki/Opinion_polling_for_the_2022_Brazilian_presidential_election
2022,1,XP/Ipespe[192],29–31 Mar,1000,wikipedia_tabela_12,Bolsonaro,30.0,40%,https://en.wikipedia.org/wiki/Opinion_polling_for_the_2022_Brazilian_presidential_election
2022,1,XP/Ipespe[192],29–31 Mar,1000,wikipedia_tabela_12,Bolsonaro,38.0,33%,https://en.wikipedia.org/wiki/Opinion_polling_for_the_2022_Brazilian_presidential_election
2022,1,XP/Ipespe[192],29–31 Mar,1000,wikipedia_tabela_12,Gomes,38.0,33%,https://en.wikipedia.org/wiki/Opinion_polling_for_the_2022_Brazilian_presidential_election
2022,1,XP/Ipespe[192],29–31 Mar,1000,wikipedia_tabela_12,Bolsonaro,35.0,33%,https://en.wikipedia.org/wiki/Opinion_polling_for_the_2022_Brazilian_presidential_election
2022,1,XP/Ipespe[192],29–31 Mar,1000,wikipedia_tabela_12,Bolsonaro,38.0,32%,https://en.wikipedia.org/wiki/Opinion_polling_for_the_2022_Brazilian_presidential_election
2022,1,XP/Ipespe[192],29–31 Mar,1000,wikipedia_tabela_12,Bolsonaro,37.0,33%,https://en.wikipedia.org/wiki/Opinion_polling_for_the_2022_Brazilian_presidential_election
2022,1,XP/Ipespe[192],29–31 Mar,1000,wikipedia_tabela_12,Lula,41.0,23%,https://en.wikipedia.org/wiki/Opinion_polling_for_the_2022_Brazilian_presidential_election
2022,1,PoderData[193],15–17 Mar,3500,wikipedia_tabela_12,Lula,41.0,23%,https://en.wikipedia.org/wiki/Opinion_polling_for_the_2022_Brazilian_presidential_election
2022,1,PoderData[193],15–17 Mar,3500,wikipedia_tabela_12,Bolsonaro,36.0,23%,https://en.wikipedia.org/wiki/Opinion_polling_for_the_2022_Brazilian_presidential_election
2022,1,PoderData[193],15–17 Mar,3500,wikipedia_tabela_12,Bolsonaro,34.0,27%,https://en.wikipedia.org/wiki/Opinion_polling_for_the_2022_Brazilian_presidential_election
2022,1,PoderData[193],15–17 Mar,3500,wikipedia_tabela_12,Gomes,39.0,27%,https://en.wikipedia.org/wiki/Opinion_polling_for_the_2022_Brazilian_presidential_election
2022,1,PoderData[193],15–17 Mar,3500,wikipedia_tabela_12,Bolsonaro,37.0,23%,https://en.wikipedia.org/wiki/Opinion_polling_for_the_2022_Brazilian_presidential_election
2022,1,PoderData[193],15–17 Mar,3500,wikipedia_tabela_12,Bolsonaro,41.0,28%,https://en.wikipedia.org/wiki/Opinion_polling_for_the_2022_Brazilian_presidential_election
2022,1,PoderData[193],15–17 Mar,3500,wikipedia_tabela_12,Bolsonaro,38.0,31%,https://en.wikipedia.org/wiki/Opinion_polling_for_the_2022_Brazilian_presidential_election
2022,1,Revista Fórum/Offerwise[194],11–15 Mar,1000,wikipedia_tabela_12,Lula,38.0,28.3%,https://en.wikipedia.org/wiki/Opinion_polling_for_the_2022_Brazilian_presidential_election
2022,1,Revista Fórum/Offerwise[194],11–15 Mar,1000,wikipedia_tabela_12,Bolsonaro,33.8,28.3%,https://en.wikipedia.org/wiki/Opinion_polling_for_the_2022_Brazilian_presidential_election
2022,1,Revista Fórum/Offerwise[194],11–15 Mar,1000,wikipedia_tabela_12,Lula,33.6,49.6%,https://en.wikipedia.org/wiki/Opinion_polling_for_the_2022_Brazilian_presidential_election
2022,1,Revista Fórum/Offerwise[194],11–15 Mar,1000,wikipedia_tabela_12,Gomes,16.7,49.6%,https://en.wikipedia.org/wiki/Opinion_polling_for_the_2022_Brazilian_presidential_election
2022,1,Revista Fórum/Offerwise[194],11–15 Mar,1000,wikipedia_tabela_12,Lula,36.9,49.8%,https://en.wikipedia.org/wiki/Opinion_polling_for_the_2022_Brazilian_presidential_election
2022,1,Revista Fórum/Offerwise[194],11–15 Mar,1000,wikipedia_tabela_12,Lula,35.4,47.2%,https://en.wikipedia.org/wiki/Opinion_polling_for_the_2022_Brazilian_presidential_election
2022,1,Revista Fórum/Offerwise[194],11–15 Mar,1000,wikipedia_tabela_12,Lula,35.7,39.8%,https://en.wikipedia.org/wiki/Opinion_polling_for_the_2022_Brazilian_presidential_election
2022,1,XP/Ipespe[195],9–11 Mar,1000,wikipedia_tabela_12,Lula,40.0,19%,https://en.wikipedia.org/wiki/Opinion_polling_for_the_2022_Brazilian_presidential_election
2022,1,XP/Ipespe[195],9–11 Mar,1000,wikipedia_tabela_12,Bolsonaro,41.0,19%,https://en.wikipedia.org/wiki/Opinion_polling_for_the_2022_Brazilian_presidential_election
2022,1,XP/Ipespe[195],9–11 Mar,1000,wikipedia_tabela_12,Bolsonaro,40.0,24%,https://en.wikipedia.org/wiki/Opinion_polling_for_the_2022_Brazilian_presidential_election
2022,1,XP/Ipespe[195],9–11 Mar,1000,wikipedia_tabela_12,Bolsonaro,31.0,35%,https://en.wikipedia.org/wiki/Opinion_polling_for_the_2022_Brazilian_presidential_election
2022,1,XP/Ipespe[195],9–11 Mar,1000,wikipedia_tabela_12,Bolsonaro,37.0,30%,https://en.wikipedia.org/wiki/Opinion_polling_for_the_2022_Brazilian_presidential_election
2022,1,XP/Ipespe[195],9–11 Mar,1000,wikipedia_tabela_12,Bolsonaro,39.0,25%,https://en.wikipedia.org/wiki/Opinion_polling_for_the_2022_Brazilian_presidential_election
2022,1,XP/Ipespe[195],9–11 Mar,1000,wikipedia_tabela_12,Gomes,37.0,25%,https://en.wikipedia.org/wiki/Opinion_polling_for_the_2022_Brazilian_presidential_election
2022,1,XP/Ipespe[195],9–11 Mar,1000,wikipedia_tabela_12,Bolsonaro,40.0,30%,https://en.wikipedia.org/wiki/Opinion_polling_for_the_2022_Brazilian_presidential_election
2022,1,XP/Ipespe[195],9–11 Mar,1000,wikipedia_tabela_12,Bolsonaro,39.0,32%,https://en.wikipedia.org/wiki/Opinion_polling_for_the_2022_Brazilian_presidential_election
2022,1,Exame/Ideia[196],10–11 Mar,1000,wikipedia_tabela_12,Lula,37.0,19%,https://en.wikipedia.org/wiki/Opinion_polling_for_the_2022_Brazilian_presidential_election
2022,1,Exame/Ideia[196],10–11 Mar,1000,wikipedia_tabela_12,Bolsonaro,44.0,19%,https://en.wikipedia.org/wiki/Opinion_polling_for_the_2022_Brazilian_presidential_election
2022,1,Exame/Ideia[196],10–11 Mar,1000,wikipedia_tabela_12,Bolsonaro,45.0,21%,https://en.wikipedia.org/wiki/Opinion_polling_for_the_2022_Brazilian_presidential_election
2022,1,Exame/Ideia[196],10–11 Mar,1000,wikipedia_tabela_12,Gomes,34.0,21%,https://en.wikipedia.org/wiki/Opinion_polling_for_the_2022_Brazilian_presidential_election
2022,1,Exame/Ideia[196],10–11 Mar,1000,wikipedia_tabela_12,Bolsonaro,47.0,26%,https://en.wikipedia.org/wiki/Opinion_polling_for_the_2022_Brazilian_presidential_election
2022,1,Exame/Ideia[196],10–11 Mar,1000,wikipedia_tabela_12,Bolsonaro,46.0,17%,https://en.wikipedia.org/wiki/Opinion_polling_for_the_2022_Brazilian_presidential_election
2022,1,Atlas[197],—N/a,3721,wikipedia_tabela_12,Bolsonaro,36.9,16.5%,https://en.wikipedia.org/wiki/Opinion_polling_for_the_2022_Brazilian_presidential_election
2022,1,Atlas[197],—N/a,3721,wikipedia_tabela_12,Bolsonaro,37.5,17.8%,https://en.wikipedia.org/wiki/Opinion_polling_for_the_2022_Brazilian_presidential_election
2022,1,Atlas[197],—N/a,3721,wikipedia_tabela_12,Gomes,44.7,17.8%,https://en.wikipedia.org/wiki/Opinion_polling_for_the_2022_Brazilian_presidential_election
2022,1,Atlas[197],—N/a,3721,wikipedia_tabela_12,Lula,44.9,16.3%,https://en.wikipedia.org/wiki/Opinion_polling_for_the_2022_Brazilian_presidential_election
2022,1,Atlas[197],—N/a,3721,wikipedia_tabela_12,Bolsonaro,38.8,16.3%,https://en.wikipedia.org/wiki/Opinion_polling_for_the_2022_Brazilian_presidential_election
2022,1,Atlas[197],—N/a,3721,wikipedia_tabela_12,Bolsonaro,39.4,17.6%,https://en.wikipedia.org/wiki/Opinion_polling_for_the_2022_Brazilian_presidential_election
2022,1,Atlas[197],—N/a,3721,wikipedia_tabela_12,Bolsonaro,39.8,20.9%,https://en.wikipedia.org/wiki/Opinion_polling_for_the_2022_Brazilian_presidential_election
2022,1,Atlas[197],—N/a,3721,wikipedia_tabela_12,Bolsonaro,37.1,26.8%,https://en.wikipedia.org/wiki/Opinion_polling_for_the_2022_Brazilian_presidential_election
2022,1,Atlas[197],—N/a,3721,wikipedia_tabela_12,Bolsonaro,34.3,32.6%,https://en.wikipedia.org/wiki/Opinion_polling_for_the_2022_Brazilian_presidential_election
2022,1,Atlas[197],—N/a,3721,wikipedia_tabela_12,Bolsonaro,37.3,30.2%,https://en.wikipedia.org/wiki/Opinion_polling_for_the_2022_Brazilian_presidential_election
2022,1,CNN Brasil/Real Time Big Data[198],8–9 Mar,1200,wikipedia_tabela_12,Lula,39.0,18%,https://en.wikipedia.org/wiki/Opinion_polling_for_the_2022_Brazilian_presidential_election
2022,1,CNN Brasil/Real Time Big Data[198],8–9 Mar,1200,wikipedia_tabela_12,Bolsonaro,43.0,18%,https://en.wikipedia.org/wiki/Opinion_polling_for_the_2022_Brazilian_presidential_election
2022,1,CNN Brasil/Real Time Big Data[198],8–9 Mar,1200,wikipedia_tabela_12,Bolsonaro,43.0,21%,https://en.wikipedia.org/wiki/Opinion_polling_for_the_2022_Brazilian_presidential_election
2022,1,CNN Brasil/Real Time Big Data[198],8–9 Mar,1200,wikipedia_tabela_12,Gomes,36.0,21%,https://en.wikipedia.org/wiki/Opinion_polling_for_the_2022_Brazilian_presidential_election
2022,1,CNN Brasil/Real Time Big Data[198],8–9 Mar,1200,wikipedia_tabela_12,Bolsonaro,41.0,21%,https://en.wikipedia.org/wiki/Opinion_polling_for_the_2022_Brazilian_presidential_election
2022,1,CNN Brasil/Real Time Big Data[198],8–9 Mar,1200,wikipedia_tabela_12,Bolsonaro,46.0,23%,https://en.wikipedia.org/wiki/Opinion_polling_for_the_2022_Brazilian_presidential_election
2022,1,Exame/Ideia[201],24−28 Jan,1200,wikipedia_tabela_12,Lula,28.0,26%,https://en.wikipedia.org/wiki/Opinion_polling_for_the_2022_Brazilian_presidential_election
2022,1,Exame/Ideia[201],24−28 Jan,1200,wikipedia_tabela_12,Bolsonaro,45.0,26%,https://en.wikipedia.org/wiki/Opinion_polling_for_the_2022_Brazilian_presidential_election
2022,1,Exame/Ideia[201],24−28 Jan,1200,wikipedia_tabela_12,Bolsonaro,41.0,26%,https://en.wikipedia.org/wiki/Opinion_polling_for_the_2022_Brazilian_presidential_election
2022,1,Exame/Ideia[201],24−28 Jan,1200,wikipedia_tabela_12,Gomes,34.0,26%,https://en.wikipedia.org/wiki/Opinion_polling_for_the_2022_Brazilian_presidential_election
2022,1,Exame/Ideia[201],24−28 Jan,1200,wikipedia_tabela_12,Bolsonaro,45.0,24%,https://en.wikipedia.org/wiki/Opinion_polling_for_the_2022_Brazilian_presidential_election
2022,1,Exame/Ideia[201],24−28 Jan,1200,wikipedia_tabela_12,Bolsonaro,41.0,21%,https://en.wikipedia.org/wiki/Opinion_polling_for_the_2022_Brazilian_presidential_election
2022,1,Paraná Pesquisas[202],22−26 Jan,2002,wikipedia_tabela_12,Lula,35.7,21.9%,https://en.wikipedia.org/wiki/Opinion_polling_for_the_2022_Brazilian_presidential_election
2022,1,Paraná Pesquisas[202],22−26 Jan,2002,wikipedia_tabela_12,Bolsonaro,42.4,21.9%,https://en.wikipedia.org/wiki/Opinion_polling_for_the_2022_Brazilian_presidential_election
2022,1,Paraná Pesquisas[202],22−26 Jan,2002,wikipedia_tabela_12,Bolsonaro,39.1,23.3%,https://en.wikipedia.org/wiki/Opinion_polling_for_the_2022_Brazilian_presidential_election
2022,1,Paraná Pesquisas[202],22−26 Jan,2002,wikipedia_tabela_12,Bolsonaro,43.7,22.1%,https://en.wikipedia.org/wiki/Opinion_polling_for_the_2022_Brazilian_presidential_election
2022,1,Paraná Pesquisas[202],22−26 Jan,2002,wikipedia_tabela_12,Gomes,34.3,22.1%,https://en.wikipedia.org/wiki/Opinion_polling_for_the_2022_Brazilian_presidential_election
2022,1,Paraná Pesquisas[202],22−26 Jan,2002,wikipedia_tabela_12,Bolsonaro,44.9,25.8%,https://en.wikipedia.org/wiki/Opinion_polling_for_the_2022_Brazilian_presidential_election
2022,1,Paraná Pesquisas[202],22−26 Jan,2002,wikipedia_tabela_12,Bolsonaro,42.7,24.1%,https://en.wikipedia.org/wiki/Opinion_polling_for_the_2022_Brazilian_presidential_election
2022,1,XP/Ipespe[204],11−14 Jan,1000,wikipedia_tabela_12,Bolsonaro,38.0,28%,https://en.wikipedia.org/wiki/Opinion_polling_for_the_2022_Brazilian_presidential_election
2022,1,XP/Ipespe[204],11−14 Jan,1000,wikipedia_tabela_12,Bolsonaro,33.0,31%,https://en.wikipedia.org/wiki/Opinion_polling_for_the_2022_Brazilian_presidential_election
2022,1,XP/Ipespe[204],11−14 Jan,1000,wikipedia_tabela_12,Bolsonaro,40.0,23%,https://en.wikipedia.org/wiki/Opinion_polling_for_the_2022_Brazilian_presidential_election
2022,1,XP/Ipespe[204],11−14 Jan,1000,wikipedia_tabela_12,Gomes,37.0,23%,https://en.wikipedia.org/wiki/Opinion_polling_for_the_2022_Brazilian_presidential_election
2022,1,XP/Ipespe[204],11−14 Jan,1000,wikipedia_tabela_12,Bolsonaro,44.0,25%,https://en.wikipedia.org/wiki/Opinion_polling_for_the_2022_Brazilian_presidential_election
2022,1,XP/Ipespe[204],11−14 Jan,1000,wikipedia_tabela_12,Bolsonaro,42.0,22%,https://en.wikipedia.org/wiki/Opinion_polling_for_the_2022_Brazilian_presidential_election
2022,1,PoderData[205],21−23 Dec,2500,wikipedia_tabela_13,Bolsonaro,44.0,18%,https://en.wikipedia.org/wiki/Opinion_polling_for_the_2022_Brazilian_presidential_election
2022,1,PoderData[205],21−23 Dec,2500,wikipedia_tabela_13,Bolsonaro,43.0,21%,https://en.wikipedia.org/wiki/Opinion_polling_for_the_2022_Brazilian_presidential_election
2022,1,PoderData[205],21−23 Dec,2500,wikipedia_tabela_13,Bolsonaro,44.0,21%,https://en.wikipedia.org/wiki/Opinion_polling_for_the_2022_Brazilian_presidential_election
2022,1,PoderData[205],21−23 Dec,2500,wikipedia_tabela_13,Gomes,35.0,21%,https://en.wikipedia.org/wiki/Opinion_polling_for_the_2022_Brazilian_presidential_election
2022,1,PoderData[205],21−23 Dec,2500,wikipedia_tabela_13,Bolsonaro,46.0,20%,https://en.wikipedia.org/wiki/Opinion_polling_for_the_2022_Brazilian_presidential_election
2022,1,PoderData[205],21−23 Dec,2500,wikipedia_tabela_13,Bolsonaro,48.0,17%,https://en.wikipedia.org/wiki/Opinion_polling_for_the_2022_Brazilian_presidential_election
2022,1,PoderData[205],21−23 Dec,2500,wikipedia_tabela_13,Bolsonaro,46.0,23%,https://en.wikipedia.org/wiki/Opinion_polling_for_the_2022_Brazilian_presidential_election
2022,1,XP/Ipespe[206],7−9 Dec,1000,wikipedia_tabela_13,Bolsonaro,36.0,30%,https://en.wikipedia.org/wiki/Opinion_polling_for_the_2022_Brazilian_presidential_election
2022,1,XP/Ipespe[206],7−9 Dec,1000,wikipedia_tabela_13,Bolsonaro,45.0,21%,https://en.wikipedia.org/wiki/Opinion_polling_for_the_2022_Brazilian_presidential_election
2022,1,XP/Ipespe[206],7−9 Dec,1000,wikipedia_tabela_13,Bolsonaro,40.0,27%,https://en.wikipedia.org/wiki/Opinion_polling_for_the_2022_Brazilian_presidential_election
2022,1,XP/Ipespe[206],7−9 Dec,1000,wikipedia_tabela_13,Bolsonaro,43.0,22%,https://en.wikipedia.org/wiki/Opinion_polling_for_the_2022_Brazilian_presidential_election
2022,1,XP/Ipespe[206],7−9 Dec,1000,wikipedia_tabela_13,Gomes,36.0,22%,https://en.wikipedia.org/wiki/Opinion_polling_for_the_2022_Brazilian_presidential_election
2022,1,XP/Ipespe[206],7−9 Dec,1000,wikipedia_tabela_13,Bolsonaro,47.0,22%,https://en.wikipedia.org/wiki/Opinion_polling_for_the_2022_Brazilian_presidential_election
2022,1,Exame/Ideia[207],30 Nov − 3 Dec,1200,wikipedia_tabela_13,Lula,32.0,31%,https://en.wikipedia.org/wiki/Opinion_polling_for_the_2022_Brazilian_presidential_election
2022,1,Exame/Ideia[207],30 Nov − 3 Dec,1200,wikipedia_tabela_13,Bolsonaro,37.0,31%,https://en.wikipedia.org/wiki/Opinion_polling_for_the_2022_Brazilian_presidential_election
2022,1,Exame/Ideia[207],30 Nov − 3 Dec,1200,wikipedia_tabela_13,Bolsonaro,44.0,27%,https://en.wikipedia.org/wiki/Opinion_polling_for_the_2022_Brazilian_presidential_election
2022,1,Exame/Ideia[207],30 Nov − 3 Dec,1200,wikipedia_tabela_13,Bolsonaro,38.0,40%,https://en.wikipedia.org/wiki/Opinion_polling_for_the_2022_Brazilian_presidential_election
2022,1,Exame/Ideia[207],30 Nov − 3 Dec,1200,wikipedia_tabela_13,Bolsonaro,37.0,27%,https://en.wikipedia.org/wiki/Opinion_polling_for_the_2022_Brazilian_presidential_election
2022,1,Exame/Ideia[207],30 Nov − 3 Dec,1200,wikipedia_tabela_13,Gomes,36.0,27%,https://en.wikipedia.org/wiki/Opinion_polling_for_the_2022_Brazilian_presidential_election
2022,1,Exame/Ideia[207],30 Nov − 3 Dec,1200,wikipedia_tabela_13,Bolsonaro,36.0,32%,https://en.wikipedia.org/wiki/Opinion_polling_for_the_2022_Brazilian_presidential_election
2022,1,Paraná Pesquisas[208],28 Nov − 1 Dec,2036,wikipedia_tabela_13,Lula,33.4,19.7%,https://en.wikipedia.org/wiki/Opinion_polling_for_the_2022_Brazilian_presidential_election
2022,1,Paraná Pesquisas[208],28 Nov − 1 Dec,2036,wikipedia_tabela_13,Bolsonaro,47.0,19.7%,https://en.wikipedia.org/wiki/Opinion_polling_for_the_2022_Brazilian_presidential_election
2022,1,Paraná Pesquisas[208],28 Nov − 1 Dec,2036,wikipedia_tabela_13,Bolsonaro,44.9,20.5%,https://en.wikipedia.org/wiki/Opinion_polling_for_the_2022_Brazilian_presidential_election
2022,1,Paraná Pesquisas[208],28 Nov − 1 Dec,2036,wikipedia_tabela_13,Bolsonaro,48.5,20.6%,https://en.wikipedia.org/wiki/Opinion_polling_for_the_2022_Brazilian_presidential_election
2022,1,Paraná Pesquisas[208],28 Nov − 1 Dec,2036,wikipedia_tabela_13,Gomes,31.0,20.6%,https://en.wikipedia.org/wiki/Opinion_polling_for_the_2022_Brazilian_presidential_election
2022,1,Paraná Pesquisas[208],28 Nov − 1 Dec,2036,wikipedia_tabela_13,Bolsonaro,51.1,25.1%,https://en.wikipedia.org/wiki/Opinion_polling_for_the_2022_Brazilian_presidential_election
2022,1,Paraná Pesquisas[208],28 Nov − 1 Dec,2036,wikipedia_tabela_13,Bolsonaro,48.6,21.7%,https://en.wikipedia.org/wiki/Opinion_polling_for_the_2022_Brazilian_presidential_election
2022,1,XP/Ipespe[206],18−20 Nov,1.000,wikipedia_tabela_13,Bolsonaro,33.0,28%,https://en.wikipedia.org/wiki/Opinion_polling_for_the_2022_Brazilian_presidential_election
2022,1,XP/Ipespe[206],18−20 Nov,1.000,wikipedia_tabela_13,Bolsonaro,43.0,20%,https://en.wikipedia.org/wiki/Opinion_polling_for_the_2022_Brazilian_presidential_election
2022,1,XP/Ipespe[206],18−20 Nov,1.000,wikipedia_tabela_13,Bolsonaro,40.0,27%,https://en.wikipedia.org/wiki/Opinion_polling_for_the_2022_Brazilian_presidential_election
2022,1,XP/Ipespe[206],18−20 Nov,1.000,wikipedia_tabela_13,Bolsonaro,42.0,19%,https://en.wikipedia.org/wiki/Opinion_polling_for_the_2022_Brazilian_presidential_election
2022,1,XP/Ipespe[206],18−20 Nov,1.000,wikipedia_tabela_13,Gomes,39.0,19%,https://en.wikipedia.org/wiki/Opinion_polling_for_the_2022_Brazilian_presidential_election
2022,1,XP/Ipespe[206],18−20 Nov,1.000,wikipedia_tabela_13,Bolsonaro,45.0,24%,https://en.wikipedia.org/wiki/Opinion_polling_for_the_2022_Brazilian_presidential_election
2022,1,XP/Ipespe[209],8−11 Oct,1000,wikipedia_tabela_13,Bolsonaro,42.0,28%,https://en.wikipedia.org/wiki/Opinion_polling_for_the_2022_Brazilian_presidential_election
2022,1,XP/Ipespe[209],8−11 Oct,1000,wikipedia_tabela_13,Bolsonaro,43.0,22%,https://en.wikipedia.org/wiki/Opinion_polling_for_the_2022_Brazilian_presidential_election
2022,1,XP/Ipespe[209],8−11 Oct,1000,wikipedia_tabela_13,Gomes,35.0,22%,https://en.wikipedia.org/wiki/Opinion_polling_for_the_2022_Brazilian_presidential_election
2022,1,XP/Ipespe[209],8−11 Oct,1000,wikipedia_tabela_13,Bolsonaro,42.0,30%,https://en.wikipedia.org/wiki/Opinion_polling_for_the_2022_Brazilian_presidential_election
2022,1,XP/Ipespe[209],8−11 Oct,1000,wikipedia_tabela_13,Bolsonaro,43.0,22%,https://en.wikipedia.org/wiki/Opinion_polling_for_the_2022_Brazilian_presidential_election
2022,1,XP/Ipespe[209],8−11 Oct,1000,wikipedia_tabela_13,Bolsonaro,35.0,29%,https://en.wikipedia.org/wiki/Opinion_polling_for_the_2022_Brazilian_presidential_election
2022,1,Exame/Ideia[210],5−8 Oct,1200,wikipedia_tabela_13,Lula,33.0,25%,https://en.wikipedia.org/wiki/Opinion_polling_for_the_2022_Brazilian_presidential_election
2022,1,Exame/Ideia[210],5−8 Oct,1200,wikipedia_tabela_13,Bolsonaro,43.0,25%,https://en.wikipedia.org/wiki/Opinion_polling_for_the_2022_Brazilian_presidential_election
2022,1,Exame/Ideia[210],5−8 Oct,1200,wikipedia_tabela_13,Bolsonaro,42.0,38%,https://en.wikipedia.org/wiki/Opinion_polling_for_the_2022_Brazilian_presidential_election
2022,1,Exame/Ideia[210],5−8 Oct,1200,wikipedia_tabela_13,Bolsonaro,41.0,25%,https://en.wikipedia.org/wiki/Opinion_polling_for_the_2022_Brazilian_presidential_election
2022,1,PoderData[211],14−16 Sep,2500,wikipedia_tabela_13,Bolsonaro,45.0,23%,https://en.wikipedia.org/wiki/Opinion_polling_for_the_2022_Brazilian_presidential_election
2022,1,PoderData[211],14−16 Sep,2500,wikipedia_tabela_13,Bolsonaro,48.0,19%,https://en.wikipedia.org/wiki/Opinion_polling_for_the_2022_Brazilian_presidential_election
2022,1,PoderData[211],14−16 Sep,2500,wikipedia_tabela_13,Gomes,33.0,19%,https://en.wikipedia.org/wiki/Opinion_polling_for_the_2022_Brazilian_presidential_election
2022,1,PoderData[211],14−16 Sep,2500,wikipedia_tabela_13,Bolsonaro,40.0,23%,https://en.wikipedia.org/wiki/Opinion_polling_for_the_2022_Brazilian_presidential_election
2022,1,PoderData[211],14−16 Sep,2500,wikipedia_tabela_13,Bolsonaro,45.0,17%,https://en.wikipedia.org/wiki/Opinion_polling_for_the_2022_Brazilian_presidential_election
2022,1,PoderData[211],14−16 Sep,2500,wikipedia_tabela_13,Lula,41.0,18%,https://en.wikipedia.org/wiki/Opinion_polling_for_the_2022_Brazilian_presidential_election
2022,1,PoderData[211],14−16 Sep,2500,wikipedia_tabela_13,Bolsonaro,41.0,18%,https://en.wikipedia.org/wiki/Opinion_polling_for_the_2022_Brazilian_presidential_election
2022,1,Exame/Ideia[212],24−31 Aug,1235,wikipedia_tabela_13,Lula,31.0,27%,https://en.wikipedia.org/wiki/Opinion_polling_for_the_2022_Brazilian_presidential_election
2022,1,Exame/Ideia[212],24−31 Aug,1235,wikipedia_tabela_13,Bolsonaro,42.0,27%,https://en.wikipedia.org/wiki/Opinion_polling_for_the_2022_Brazilian_presidential_election
2022,1,Exame/Ideia[212],24−31 Aug,1235,wikipedia_tabela_13,Bolsonaro,41.0,42%,https://en.wikipedia.org/wiki/Opinion_polling_for_the_2022_Brazilian_presidential_election
2022,1,Exame/Ideia[212],24−31 Aug,1235,wikipedia_tabela_13,Bolsonaro,38.0,31%,https://en.wikipedia.org/wiki/Opinion_polling_for_the_2022_Brazilian_presidential_election
2022,1,PoderData[280],3–5 Aug,2500,wikipedia_tabela_13,Bolsonaro,44.0,26%,https://en.wikipedia.org/wiki/Opinion_polling_for_the_2022_Brazilian_presidential_election
2022,1,PoderData[280],3–5 Aug,2500,wikipedia_tabela_13,Bolsonaro,42.0,24%,https://en.wikipedia.org/wiki/Opinion_polling_for_the_2022_Brazilian_presidential_election
2022,1,PoderData[280],3–5 Aug,2500,wikipedia_tabela_13,Bolsonaro,41.0,18%,https://en.wikipedia.org/wiki/Opinion_polling_for_the_2022_Brazilian_presidential_election
2022,1,Paraná Pesquisas[215],18–21 Jul,2030,wikipedia_tabela_13,Bolsonaro,46.6,21.4%,https://en.wikipedia.org/wiki/Opinion_polling_for_the_2022_Brazilian_presidential_election
2022,1,Paraná Pesquisas[215],18–21 Jul,2030,wikipedia_tabela_13,Bolsonaro,44.7,20.2%,https://en.wikipedia.org/wiki/Opinion_polling_for_the_2022_Brazilian_presidential_election
2022,1,Paraná Pesquisas[215],18–21 Jul,2030,wikipedia_tabela_13,Lula,36.4,18%,https://en.wikipedia.org/wiki/Opinion_polling_for_the_2022_Brazilian_presidential_election
2022,1,Paraná Pesquisas[215],18–21 Jul,2030,wikipedia_tabela_13,Bolsonaro,45.6,18%,https://en.wikipedia.org/wiki/Opinion_polling_for_the_2022_Brazilian_presidential_election
2022,1,Paraná Pesquisas[215],18–21 Jul,2030,wikipedia_tabela_13,Bolsonaro,48.1,20.9%,https://en.wikipedia.org/wiki/Opinion_polling_for_the_2022_Brazilian_presidential_election
2022,1,Paraná Pesquisas[215],18–21 Jul,2030,wikipedia_tabela_13,Gomes,31.1,20.9%,https://en.wikipedia.org/wiki/Opinion_polling_for_the_2022_Brazilian_presidential_election
2022,1,Paraná Pesquisas[215],18–21 Jul,2030,wikipedia_tabela_13,Bolsonaro,51.7,25.4%,https://en.wikipedia.org/wiki/Opinion_polling_for_the_2022_Brazilian_presidential_election
2022,1,Paraná Pesquisas[215],18–21 Jul,2030,wikipedia_tabela_13,Bolsonaro,50.8,21.6%,https://en.wikipedia.org/wiki/Opinion_polling_for_the_2022_Brazilian_presidential_election
2022,1,Veja/FSB[218],7–10 Feb,2000,wikipedia_tabela_13,Bolsonaro,51.0,16%,https://en.wikipedia.org/wiki/Opinion_polling_for_the_2022_Brazilian_presidential_election
2022,1,Veja/FSB[218],7–10 Feb,2000,wikipedia_tabela_13,Bolsonaro,50.0,26%,https://en.wikipedia.org/wiki/Opinion_polling_for_the_2022_Brazilian_presidential_election
2022,1,Veja/FSB[218],7–10 Feb,2000,wikipedia_tabela_13,Bolsonaro,45.0,17%,https://en.wikipedia.org/wiki/Opinion_polling_for_the_2022_Brazilian_presidential_election
2022,1,Veja/FSB[218],7–10 Feb,2000,wikipedia_tabela_13,Lula,40.0,11%,https://en.wikipedia.org/wiki/Opinion_polling_for_the_2022_Brazilian_presidential_election
2022,1,Veja/FSB[218],7–10 Feb,2000,wikipedia_tabela_13,Bolsonaro,48.0,11%,https://en.wikipedia.org/wiki/Opinion_polling_for_the_2022_Brazilian_presidential_election
2022,1,Veja/FSB[218],7–10 Feb,2000,wikipedia_tabela_13,Bolsonaro,37.0,25%,https://en.wikipedia.org/wiki/Opinion_polling_for_the_2022_Brazilian_presidential_election
2022,1,Veja/FSB[218],7–10 Feb,2000,wikipedia_tabela_13,Lula,40.0,12%,https://en.wikipedia.org/wiki/Opinion_polling_for_the_2022_Brazilian_presidential_election
2022,1,Quaest[281],26–27 Dec,1000,wikipedia_tabela_14,Lula,32.0,22%,https://en.wikipedia.org/wiki/Opinion_polling_for_the_2022_Brazilian_presidential_election
2022,1,Quaest[281],26–27 Dec,1000,wikipedia_tabela_14,Bolsonaro,46.0,22%,https://en.wikipedia.org/wiki/Opinion_polling_for_the_2022_Brazilian_presidential_election
2022,1,Veja/FSB[221],11 Nov – 2 Dec,2000,wikipedia_tabela_14,Lula,40.0,16%,https://en.wikipedia.org/wiki/Opinion_polling_for_the_2022_Brazilian_presidential_election
2022,1,Veja/FSB[221],11 Nov – 2 Dec,2000,wikipedia_tabela_14,Bolsonaro,45.0,16%,https://en.wikipedia.org/wiki/Opinion_polling_for_the_2022_Brazilian_presidential_election
2022,1,Veja/FSB[221],11 Nov – 2 Dec,2000,wikipedia_tabela_14,Bolsonaro,47.0,21%,https://en.wikipedia.org/wiki/Opinion_polling_for_the_2022_Brazilian_presidential_election
2022,1,Veja/FSB[221],11 Nov – 2 Dec,2000,wikipedia_tabela_14,Bolsonaro,45.0,28%,https://en.wikipedia.org/wiki/Opinion_polling_for_the_2022_Brazilian_presidential_election
2022,1,Veja/FSB[221],11 Nov – 2 Dec,2000,wikipedia_tabela_14,Bolsonaro,44.0,19%,https://en.wikipedia.org/wiki/Opinion_polling_for_the_2022_Brazilian_presidential_election
2022,1,Veja/FSB[221],11 Nov – 2 Dec,2000,wikipedia_tabela_14,Bolsonaro,36.0,28%,https://en.wikipedia.org/wiki/Opinion_polling_for_the_2022_Brazilian_presidential_election
2022,1,Veja/FSB[221],11 Nov – 2 Dec,2000,wikipedia_tabela_14,Lula,39.0,12%,https://en.wikipedia.org/wiki/Opinion_polling_for_the_2022_Brazilian_presidential_election
2022,1,Veja/FSB[222],11–14 Oct,2000,wikipedia_tabela_14,Bolsonaro,47.0,20%,https://en.wikipedia.org/wiki/Opinion_polling_for_the_2022_Brazilian_presidential_election
2022,1,Veja/FSB[222],11–14 Oct,2000,wikipedia_tabela_14,Bolsonaro,46.0,29%,https://en.wikipedia.org/wiki/Opinion_polling_for_the_2022_Brazilian_presidential_election
2022,1,Veja/FSB[222],11–14 Oct,2000,wikipedia_tabela_14,Lula,38.0,17%,https://en.wikipedia.org/wiki/Opinion_polling_for_the_2022_Brazilian_presidential_election
2022,1,Veja/FSB[222],11–14 Oct,2000,wikipedia_tabela_14,Bolsonaro,46.0,17%,https://en.wikipedia.org/wiki/Opinion_polling_for_the_2022_Brazilian_presidential_election
2022,1,Veja/FSB[222],11–14 Oct,2000,wikipedia_tabela_14,Bolsonaro,43.0,19%,https://en.wikipedia.org/wiki/Opinion_polling_for_the_2022_Brazilian_presidential_election
2022,1,Veja/FSB[223],16–18 Aug,2000,wikipedia_tabela_14,Bolsonaro,48.0,18%,https://en.wikipedia.org/wiki/Opinion_polling_for_the_2022_Brazilian_presidential_election
2022,1,Veja/FSB[223],16–18 Aug,2000,wikipedia_tabela_14,Bolsonaro,45.0,23%,https://en.wikipedia.org/wiki/Opinion_polling_for_the_2022_Brazilian_presidential_election
2018,1,Instituto Veritá Archived 2018-10-07 at the Wayback Machine,2–5 October 2018,5208,wikipedia_tabela_1,Bolsonaro,41.5,19.0%,https://en.wikipedia.org/wiki/Opinion_polling_for_the_2018_Brazilian_presidential_election
2018,1,Instituto Veritá Archived 2018-10-07 at the Wayback Machine,2–5 October 2018,5208,wikipedia_tabela_1,Haddad,18.8,19.0%,https://en.wikipedia.org/wiki/Opinion_polling_for_the_2018_Brazilian_presidential_election
2018,1,Instituto Veritá Archived 2018-10-07 at the Wayback Machine,2–5 October 2018,5208,wikipedia_tabela_1,Ciro,8.4,19.0%,https://en.wikipedia.org/wiki/Opinion_polling_for_the_2018_Brazilian_presidential_election
2018,1,Instituto Veritá Archived 2018-10-07 at the Wayback Machine,2–5 October 2018,5208,wikipedia_tabela_1,Alckmin,4.2,19.0%,https://en.wikipedia.org/wiki/Opinion_polling_for_the_2018_Brazilian_presidential_election
2018,1,Instituto Veritá Archived 2018-10-07 at the Wayback Machine,2–5 October 2018,5208,wikipedia_tabela_1,Amoêdo,2.9,19.0%,https://en.wikipedia.org/wiki/Opinion_polling_for_the_2018_Brazilian_presidential_election
2018,1,CNT/MDA,4–5 October 2018,2002,wikipedia_tabela_1,Bolsonaro,36.7,13.8%,https://en.wikipedia.org/wiki/Opinion_polling_for_the_2018_Brazilian_presidential_election
2018,1,CNT/MDA,4–5 October 2018,2002,wikipedia_tabela_1,Haddad,24.0,13.8%,https://en.wikipedia.org/wiki/Opinion_polling_for_the_2018_Brazilian_presidential_election
2018,1,CNT/MDA,4–5 October 2018,2002,wikipedia_tabela_1,Ciro,9.9,13.8%,https://en.wikipedia.org/wiki/Opinion_polling_for_the_2018_Brazilian_presidential_election
2018,1,CNT/MDA,4–5 October 2018,2002,wikipedia_tabela_1,Alckmin,5.8,13.8%,https://en.wikipedia.org/wiki/Opinion_polling_for_the_2018_Brazilian_presidential_election
2018,1,CNT/MDA,4–5 October 2018,2002,wikipedia_tabela_1,Amoêdo,2.3,13.8%,https://en.wikipedia.org/wiki/Opinion_polling_for_the_2018_Brazilian_presidential_election
2018,1,DataPoder360,3–4 October 2018,4000,wikipedia_tabela_1,Bolsonaro,30.0,,https://en.wikipedia.org/wiki/Opinion_polling_for_the_2018_Brazilian_presidential_election
2018,1,DataPoder360,3–4 October 2018,4000,wikipedia_tabela_1,Haddad,25.0,,https://en.wikipedia.org/wiki/Opinion_polling_for_the_2018_Brazilian_presidential_election
2018,1,DataPoder360,3–4 October 2018,4000,wikipedia_tabela_1,Ciro,15.0,,https://en.wikipedia.org/wiki/Opinion_polling_for_the_2018_Brazilian_presidential_election
2018,1,DataPoder360,3–4 October 2018,4000,wikipedia_tabela_1,Alckmin,7.0,,https://en.wikipedia.org/wiki/Opinion_polling_for_the_2018_Brazilian_presidential_election
2018,1,DataPoder360,3–4 October 2018,4000,wikipedia_tabela_1,Amoêdo,2.0,,https://en.wikipedia.org/wiki/Opinion_polling_for_the_2018_Brazilian_presidential_election
2018,1,Datafolha,3–4 October 2018,19552,wikipedia_tabela_1,Bolsonaro,36.0,10%,https://en.wikipedia.org/wiki/Opinion_polling_for_the_2018_Brazilian_presidential_election
2018,1,Datafolha,3–4 October 2018,19552,wikipedia_tabela_1,Haddad,22.0,10%,https://en.wikipedia.org/wiki/Opinion_polling_for_the_2018_Brazilian_presidential_election
2018,1,Datafolha,3–4 October 2018,19552,wikipedia_tabela_1,Ciro,13.0,10%,https://en.wikipedia.org/wiki/Opinion_polling_for_the_2018_Brazilian_presidential_election
2018,1,Datafolha,3–4 October 2018,19552,wikipedia_tabela_1,Alckmin,7.0,10%,https://en.wikipedia.org/wiki/Opinion_polling_for_the_2018_Brazilian_presidential_election
2018,1,Datafolha,3–4 October 2018,19552,wikipedia_tabela_1,Amoêdo,3.0,10%,https://en.wikipedia.org/wiki/Opinion_polling_for_the_2018_Brazilian_presidential_election
2018,1,XP/Ipespe,3–4 October 2018,2000,wikipedia_tabela_1,Bolsonaro,36.0,12%,https://en.wikipedia.org/wiki/Opinion_polling_for_the_2018_Brazilian_presidential_election
2018,1,XP/Ipespe,3–4 October 2018,2000,wikipedia_tabela_1,Haddad,22.0,12%,https://en.wikipedia.org/wiki/Opinion_polling_for_the_2018_Brazilian_presidential_election
2018,1,XP/Ipespe,3–4 October 2018,2000,wikipedia_tabela_1,Ciro,11.0,12%,https://en.wikipedia.org/wiki/Opinion_polling_for_the_2018_Brazilian_presidential_election
2018,1,XP/Ipespe,3–4 October 2018,2000,wikipedia_tabela_1,Alckmin,7.0,12%,https://en.wikipedia.org/wiki/Opinion_polling_for_the_2018_Brazilian_presidential_election
2018,1,XP/Ipespe,3–4 October 2018,2000,wikipedia_tabela_1,Amoêdo,3.0,12%,https://en.wikipedia.org/wiki/Opinion_polling_for_the_2018_Brazilian_presidential_election
2018,1,Datafolha,3–4 October 2018,10930,wikipedia_tabela_1,Bolsonaro,35.0,11%,https://en.wikipedia.org/wiki/Opinion_polling_for_the_2018_Brazilian_presidential_election
2018,1,Datafolha,3–4 October 2018,10930,wikipedia_tabela_1,Haddad,22.0,11%,https://en.wikipedia.org/wiki/Opinion_polling_for_the_2018_Brazilian_presidential_election
2018,1,Datafolha,3–4 October 2018,10930,wikipedia_tabela_1,Ciro,11.0,11%,https://en.wikipedia.org/wiki/Opinion_polling_for_the_2018_Brazilian_presidential_election
2018,1,Datafolha,3–4 October 2018,10930,wikipedia_tabela_1,Alckmin,8.0,11%,https://en.wikipedia.org/wiki/Opinion_polling_for_the_2018_Brazilian_presidential_election
2018,1,Datafolha,3–4 October 2018,10930,wikipedia_tabela_1,Amoêdo,3.0,11%,https://en.wikipedia.org/wiki/Opinion_polling_for_the_2018_Brazilian_presidential_election
2018,1,RealTime Big Data,3–4 October 2018,10000,wikipedia_tabela_1,Bolsonaro,34.0,15%,https://en.wikipedia.org/wiki/Opinion_polling_for_the_2018_Brazilian_presidential_election
2018,1,RealTime Big Data,3–4 October 2018,10000,wikipedia_tabela_1,Haddad,24.0,15%,https://en.wikipedia.org/wiki/Opinion_polling_for_the_2018_Brazilian_presidential_election
2018,1,RealTime Big Data,3–4 October 2018,10000,wikipedia_tabela_1,Ciro,12.0,15%,https://en.wikipedia.org/wiki/Opinion_polling_for_the_2018_Brazilian_presidential_election
2018,1,RealTime Big Data,3–4 October 2018,10000,wikipedia_tabela_1,Alckmin,6.0,15%,https://en.wikipedia.org/wiki/Opinion_polling_for_the_2018_Brazilian_presidential_election
2018,1,RealTime Big Data,3–4 October 2018,10000,wikipedia_tabela_1,Amoêdo,2.0,15%,https://en.wikipedia.org/wiki/Opinion_polling_for_the_2018_Brazilian_presidential_election
2018,1,Paraná Pesquisas/Crusoé Archived 2018-10-06 at the Wayback Machine,2–4 October 2018,2080,wikipedia_tabela_1,Bolsonaro,34.9,14.7%,https://en.wikipedia.org/wiki/Opinion_polling_for_the_2018_Brazilian_presidential_election
2018,1,Paraná Pesquisas/Crusoé Archived 2018-10-06 at the Wayback Machine,2–4 October 2018,2080,wikipedia_tabela_1,Haddad,21.8,14.7%,https://en.wikipedia.org/wiki/Opinion_polling_for_the_2018_Brazilian_presidential_election
2018,1,Paraná Pesquisas/Crusoé Archived 2018-10-06 at the Wayback Machine,2–4 October 2018,2080,wikipedia_tabela_1,Ciro,9.4,14.7%,https://en.wikipedia.org/wiki/Opinion_polling_for_the_2018_Brazilian_presidential_election
2018,1,Paraná Pesquisas/Crusoé Archived 2018-10-06 at the Wayback Machine,2–4 October 2018,2080,wikipedia_tabela_1,Alckmin,7.4,14.7%,https://en.wikipedia.org/wiki/Opinion_polling_for_the_2018_Brazilian_presidential_election
2018,1,Paraná Pesquisas/Crusoé Archived 2018-10-06 at the Wayback Machine,2–4 October 2018,2080,wikipedia_tabela_1,Amoêdo,3.1,14.7%,https://en.wikipedia.org/wiki/Opinion_polling_for_the_2018_Brazilian_presidential_election
2018,1,Ibope,1–2 October 2018,3010,wikipedia_tabela_1,Bolsonaro,36.0,12%,https://en.wikipedia.org/wiki/Opinion_polling_for_the_2018_Brazilian_presidential_election
2018,1,Ibope,1–2 October 2018,3010,wikipedia_tabela_1,Haddad,22.0,12%,https://en.wikipedia.org/wiki/Opinion_polling_for_the_2018_Brazilian_presidential_election
2018,1,Ibope,1–2 October 2018,3010,wikipedia_tabela_1,Ciro,11.0,12%,https://en.wikipedia.org/wiki/Opinion_polling_for_the_2018_Brazilian_presidential_election
2018,1,Ibope,1–2 October 2018,3010,wikipedia_tabela_1,Alckmin,7.0,12%,https://en.wikipedia.org/wiki/Opinion_polling_for_the_2018_Brazilian_presidential_election
2018,1,Ibope,1–2 October 2018,3010,wikipedia_tabela_1,Amoêdo,2.0,12%,https://en.wikipedia.org/wiki/Opinion_polling_for_the_2018_Brazilian_presidential_election
2018,1,Ibope,1–2 October 2018,3010,wikipedia_tabela_1,Bolsonaro,32.0,17%,https://en.wikipedia.org/wiki/Opinion_polling_for_the_2018_Brazilian_presidential_election
2018,1,Ibope,1–2 October 2018,3010,wikipedia_tabela_1,Haddad,23.0,17%,https://en.wikipedia.org/wiki/Opinion_polling_for_the_2018_Brazilian_presidential_election
2018,1,Ibope,1–2 October 2018,3010,wikipedia_tabela_1,Ciro,10.0,17%,https://en.wikipedia.org/wiki/Opinion_polling_for_the_2018_Brazilian_presidential_election
2018,1,Ibope,1–2 October 2018,3010,wikipedia_tabela_1,Alckmin,7.0,17%,https://en.wikipedia.org/wiki/Opinion_polling_for_the_2018_Brazilian_presidential_election
2018,1,Ibope,1–2 October 2018,3010,wikipedia_tabela_1,Amoêdo,2.0,17%,https://en.wikipedia.org/wiki/Opinion_polling_for_the_2018_Brazilian_presidential_election
2018,1,Datafolha,29–30 September 2018,3240,wikipedia_tabela_1,Bolsonaro,32.0,13%,https://en.wikipedia.org/wiki/Opinion_polling_for_the_2018_Brazilian_presidential_election
2018,1,Datafolha,29–30 September 2018,3240,wikipedia_tabela_1,Haddad,21.0,13%,https://en.wikipedia.org/wiki/Opinion_polling_for_the_2018_Brazilian_presidential_election
2018,1,Datafolha,29–30 September 2018,3240,wikipedia_tabela_1,Ciro,11.0,13%,https://en.wikipedia.org/wiki/Opinion_polling_for_the_2018_Brazilian_presidential_election
2018,1,Datafolha,29–30 September 2018,3240,wikipedia_tabela_1,Alckmin,9.0,13%,https://en.wikipedia.org/wiki/Opinion_polling_for_the_2018_Brazilian_presidential_election
2018,1,Datafolha,29–30 September 2018,3240,wikipedia_tabela_1,Amoêdo,3.0,13%,https://en.wikipedia.org/wiki/Opinion_polling_for_the_2018_Brazilian_presidential_election
2018,1,Ibope,29–30 September 2018,3010,wikipedia_tabela_1,Bolsonaro,31.0,17%,https://en.wikipedia.org/wiki/Opinion_polling_for_the_2018_Brazilian_presidential_election
2018,1,Ibope,29–30 September 2018,3010,wikipedia_tabela_1,Haddad,21.0,17%,https://en.wikipedia.org/wiki/Opinion_polling_for_the_2018_Brazilian_presidential_election
2018,1,Ibope,29–30 September 2018,3010,wikipedia_tabela_1,Ciro,11.0,17%,https://en.wikipedia.org/wiki/Opinion_polling_for_the_2018_Brazilian_presidential_election
2018,1,Ibope,29–30 September 2018,3010,wikipedia_tabela_1,Alckmin,8.0,17%,https://en.wikipedia.org/wiki/Opinion_polling_for_the_2018_Brazilian_presidential_election
2018,1,Ibope,29–30 September 2018,3010,wikipedia_tabela_1,Amoêdo,3.0,17%,https://en.wikipedia.org/wiki/Opinion_polling_for_the_2018_Brazilian_presidential_election
2018,1,FSB Pesquisa,29–30 September 2018,2000,wikipedia_tabela_1,Bolsonaro,31.0,12%,https://en.wikipedia.org/wiki/Opinion_polling_for_the_2018_Brazilian_presidential_election
2018,1,FSB Pesquisa,29–30 September 2018,2000,wikipedia_tabela_1,Haddad,24.0,12%,https://en.wikipedia.org/wiki/Opinion_polling_for_the_2018_Brazilian_presidential_election
2018,1,FSB Pesquisa,29–30 September 2018,2000,wikipedia_tabela_1,Ciro,9.0,12%,https://en.wikipedia.org/wiki/Opinion_polling_for_the_2018_Brazilian_presidential_election
2018,1,FSB Pesquisa,29–30 September 2018,2000,wikipedia_tabela_1,Alckmin,11.0,12%,https://en.wikipedia.org/wiki/Opinion_polling_for_the_2018_Brazilian_presidential_election
2018,1,FSB Pesquisa,29–30 September 2018,2000,wikipedia_tabela_1,Amoêdo,5.0,12%,https://en.wikipedia.org/wiki/Opinion_polling_for_the_2018_Brazilian_presidential_election
2018,1,CNT/MDA Archived 2018-09-30 at the Wayback Machine,27–28 September 2018,2000,wikipedia_tabela_1,Bolsonaro,28.2,20.0%,https://en.wikipedia.org/wiki/Opinion_polling_for_the_2018_Brazilian_presidential_election
2018,1,CNT/MDA Archived 2018-09-30 at the Wayback Machine,27–28 September 2018,2000,wikipedia_tabela_1,Haddad,25.2,20.0%,https://en.wikipedia.org/wiki/Opinion_polling_for_the_2018_Brazilian_presidential_election
2018,1,CNT/MDA Archived 2018-09-30 at the Wayback Machine,27–28 September 2018,2000,wikipedia_tabela_1,Ciro,9.4,20.0%,https://en.wikipedia.org/wiki/Opinion_polling_for_the_2018_Brazilian_presidential_election
2018,1,CNT/MDA Archived 2018-09-30 at the Wayback Machine,27–28 September 2018,2000,wikipedia_tabela_1,Alckmin,7.3,20.0%,https://en.wikipedia.org/wiki/Opinion_polling_for_the_2018_Brazilian_presidential_election
2018,1,CNT/MDA Archived 2018-09-30 at the Wayback Machine,27–28 September 2018,2000,wikipedia_tabela_1,Amoêdo,2.0,20.0%,https://en.wikipedia.org/wiki/Opinion_polling_for_the_2018_Brazilian_presidential_election
2018,1,Datafolha,26–28 September 2018,9000,wikipedia_tabela_1,Bolsonaro,28.0,15%,https://en.wikipedia.org/wiki/Opinion_polling_for_the_2018_Brazilian_presidential_election
2018,1,Datafolha,26–28 September 2018,9000,wikipedia_tabela_1,Haddad,22.0,15%,https://en.wikipedia.org/wiki/Opinion_polling_for_the_2018_Brazilian_presidential_election
2018,1,Datafolha,26–28 September 2018,9000,wikipedia_tabela_1,Ciro,11.0,15%,https://en.wikipedia.org/wiki/Opinion_polling_for_the_2018_Brazilian_presidential_election
2018,1,Datafolha,26–28 September 2018,9000,wikipedia_tabela_1,Alckmin,10.0,15%,https://en.wikipedia.org/wiki/Opinion_polling_for_the_2018_Brazilian_presidential_election
2018,1,Datafolha,26–28 September 2018,9000,wikipedia_tabela_1,Amoêdo,3.0,15%,https://en.wikipedia.org/wiki/Opinion_polling_for_the_2018_Brazilian_presidential_election
2018,1,XP/Ipespe,24–26 September 2018,2000,wikipedia_tabela_1,Bolsonaro,28.0,17%,https://en.wikipedia.org/wiki/Opinion_polling_for_the_2018_Brazilian_presidential_election
2018,1,XP/Ipespe,24–26 September 2018,2000,wikipedia_tabela_1,Haddad,21.0,17%,https://en.wikipedia.org/wiki/Opinion_polling_for_the_2018_Brazilian_presidential_election
2018,1,XP/Ipespe,24–26 September 2018,2000,wikipedia_tabela_1,Ciro,11.0,17%,https://en.wikipedia.org/wiki/Opinion_polling_for_the_2018_Brazilian_presidential_election
2018,1,XP/Ipespe,24–26 September 2018,2000,wikipedia_tabela_1,Alckmin,8.0,17%,https://en.wikipedia.org/wiki/Opinion_polling_for_the_2018_Brazilian_presidential_election
2018,1,XP/Ipespe,24–26 September 2018,2000,wikipedia_tabela_1,Amoêdo,3.0,17%,https://en.wikipedia.org/wiki/Opinion_polling_for_the_2018_Brazilian_presidential_election
2018,1,Paraná Pesquisas/Crusoé,23–25 September 2018,2020,wikipedia_tabela_1,Bolsonaro,31.2,18.2%,https://en.wikipedia.org/wiki/Opinion_polling_for_the_2018_Brazilian_presidential_election
2018,1,Paraná Pesquisas/Crusoé,23–25 September 2018,2020,wikipedia_tabela_1,Haddad,20.2,18.2%,https://en.wikipedia.org/wiki/Opinion_polling_for_the_2018_Brazilian_presidential_election
2018,1,Paraná Pesquisas/Crusoé,23–25 September 2018,2020,wikipedia_tabela_1,Ciro,10.1,18.2%,https://en.wikipedia.org/wiki/Opinion_polling_for_the_2018_Brazilian_presidential_election
2018,1,Paraná Pesquisas/Crusoé,23–25 September 2018,2020,wikipedia_tabela_1,Alckmin,7.6,18.2%,https://en.wikipedia.org/wiki/Opinion_polling_for_the_2018_Brazilian_presidential_election
2018,1,Paraná Pesquisas/Crusoé,23–25 September 2018,2020,wikipedia_tabela_1,Amoêdo,3.8,18.2%,https://en.wikipedia.org/wiki/Opinion_polling_for_the_2018_Brazilian_presidential_election
2018,1,Ibope,22–24 September 2018,2000,wikipedia_tabela_1,Bolsonaro,27.0,18%,https://en.wikipedia.org/wiki/Opinion_polling_for_the_2018_Brazilian_presidential_election
2018,1,Ibope,22–24 September 2018,2000,wikipedia_tabela_1,Haddad,21.0,18%,https://en.wikipedia.org/wiki/Opinion_polling_for_the_2018_Brazilian_presidential_election
2018,1,Ibope,22–24 September 2018,2000,wikipedia_tabela_1,Ciro,12.0,18%,https://en.wikipedia.org/wiki/Opinion_polling_for_the_2018_Brazilian_presidential_election
2018,1,Ibope,22–24 September 2018,2000,wikipedia_tabela_1,Alckmin,8.0,18%,https://en.wikipedia.org/wiki/Opinion_polling_for_the_2018_Brazilian_presidential_election
2018,1,Ibope,22–24 September 2018,2000,wikipedia_tabela_1,Amoêdo,3.0,18%,https://en.wikipedia.org/wiki/Opinion_polling_for_the_2018_Brazilian_presidential_election
2018,1,IstoÉ/Sensus,21–24 September 2018,2000,wikipedia_tabela_1,Bolsonaro,30.6,22.4%,https://en.wikipedia.org/wiki/Opinion_polling_for_the_2018_Brazilian_presidential_election
2018,1,IstoÉ/Sensus,21–24 September 2018,2000,wikipedia_tabela_1,Haddad,24.5,22.4%,https://en.wikipedia.org/wiki/Opinion_polling_for_the_2018_Brazilian_presidential_election
2018,1,IstoÉ/Sensus,21–24 September 2018,2000,wikipedia_tabela_1,Ciro,7.7,22.4%,https://en.wikipedia.org/wiki/Opinion_polling_for_the_2018_Brazilian_presidential_election
2018,1,IstoÉ/Sensus,21–24 September 2018,2000,wikipedia_tabela_1,Alckmin,5.6,22.4%,https://en.wikipedia.org/wiki/Opinion_polling_for_the_2018_Brazilian_presidential_election
2018,1,IstoÉ/Sensus,21–24 September 2018,2000,wikipedia_tabela_1,Amoêdo,1.9,22.4%,https://en.wikipedia.org/wiki/Opinion_polling_for_the_2018_Brazilian_presidential_election
2018,1,FSB Pesquisa,22–23 September 2018,2000,wikipedia_tabela_1,Bolsonaro,33.0,13%,https://en.wikipedia.org/wiki/Opinion_polling_for_the_2018_Brazilian_presidential_election
2018,1,FSB Pesquisa,22–23 September 2018,2000,wikipedia_tabela_1,Haddad,23.0,13%,https://en.wikipedia.org/wiki/Opinion_polling_for_the_2018_Brazilian_presidential_election
2018,1,FSB Pesquisa,22–23 September 2018,2000,wikipedia_tabela_1,Ciro,10.0,13%,https://en.wikipedia.org/wiki/Opinion_polling_for_the_2018_Brazilian_presidential_election
2018,1,FSB Pesquisa,22–23 September 2018,2000,wikipedia_tabela_1,Alckmin,8.0,13%,https://en.wikipedia.org/wiki/Opinion_polling_for_the_2018_Brazilian_presidential_election
2018,1,FSB Pesquisa,22–23 September 2018,2000,wikipedia_tabela_1,Amoêdo,3.0,13%,https://en.wikipedia.org/wiki/Opinion_polling_for_the_2018_Brazilian_presidential_election
2018,1,Ibope,22–23 September 2018,2506,wikipedia_tabela_1,Bolsonaro,28.0,18%,https://en.wikipedia.org/wiki/Opinion_polling_for_the_2018_Brazilian_presidential_election
2018,1,Ibope,22–23 September 2018,2506,wikipedia_tabela_1,Haddad,22.0,18%,https://en.wikipedia.org/wiki/Opinion_polling_for_the_2018_Brazilian_presidential_election
2018,1,Ibope,22–23 September 2018,2506,wikipedia_tabela_1,Ciro,11.0,18%,https://en.wikipedia.org/wiki/Opinion_polling_for_the_2018_Brazilian_presidential_election
2018,1,Ibope,22–23 September 2018,2506,wikipedia_tabela_1,Alckmin,8.0,18%,https://en.wikipedia.org/wiki/Opinion_polling_for_the_2018_Brazilian_presidential_election
2018,1,Ibope,22–23 September 2018,2506,wikipedia_tabela_1,Amoêdo,3.0,18%,https://en.wikipedia.org/wiki/Opinion_polling_for_the_2018_Brazilian_presidential_election
2018,1,DataPoder360,19–20 September 2018,4000,wikipedia_tabela_1,Bolsonaro,26.0,15%,https://en.wikipedia.org/wiki/Opinion_polling_for_the_2018_Brazilian_presidential_election
2018,1,DataPoder360,19–20 September 2018,4000,wikipedia_tabela_1,Haddad,22.0,15%,https://en.wikipedia.org/wiki/Opinion_polling_for_the_2018_Brazilian_presidential_election
2018,1,DataPoder360,19–20 September 2018,4000,wikipedia_tabela_1,Ciro,14.0,15%,https://en.wikipedia.org/wiki/Opinion_polling_for_the_2018_Brazilian_presidential_election
2018,1,DataPoder360,19–20 September 2018,4000,wikipedia_tabela_1,Alckmin,6.0,15%,https://en.wikipedia.org/wiki/Opinion_polling_for_the_2018_Brazilian_presidential_election
2018,1,DataPoder360,19–20 September 2018,4000,wikipedia_tabela_1,Amoêdo,1.0,15%,https://en.wikipedia.org/wiki/Opinion_polling_for_the_2018_Brazilian_presidential_election
2018,1,Datafolha,18–19 September 2018,8601,wikipedia_tabela_1,Bolsonaro,28.0,17%,https://en.wikipedia.org/wiki/Opinion_polling_for_the_2018_Brazilian_presidential_election
2018,1,Datafolha,18–19 September 2018,8601,wikipedia_tabela_1,Haddad,16.0,17%,https://en.wikipedia.org/wiki/Opinion_polling_for_the_2018_Brazilian_presidential_election
2018,1,Datafolha,18–19 September 2018,8601,wikipedia_tabela_1,Ciro,13.0,17%,https://en.wikipedia.org/wiki/Opinion_polling_for_the_2018_Brazilian_presidential_election
2018,1,Datafolha,18–19 September 2018,8601,wikipedia_tabela_1,Alckmin,9.0,17%,https://en.wikipedia.org/wiki/Opinion_polling_for_the_2018_Brazilian_presidential_election
2018,1,Datafolha,18–19 September 2018,8601,wikipedia_tabela_1,Amoêdo,3.0,17%,https://en.wikipedia.org/wiki/Opinion_polling_for_the_2018_Brazilian_presidential_election
2018,1,Genial Investimentos/Brasilis Archived 2018-09-21 at the Wayback Machine,17–19 September 2018,1000,wikipedia_tabela_1,Bolsonaro,30.0,18%,https://en.wikipedia.org/wiki/Opinion_polling_for_the_2018_Brazilian_presidential_election
2018,1,Genial Investimentos/Brasilis Archived 2018-09-21 at the Wayback Machine,17–19 September 2018,1000,wikipedia_tabela_1,Haddad,17.0,18%,https://en.wikipedia.org/wiki/Opinion_polling_for_the_2018_Brazilian_presidential_election
2018,1,Genial Investimentos/Brasilis Archived 2018-09-21 at the Wayback Machine,17–19 September 2018,1000,wikipedia_tabela_1,Ciro,7.0,18%,https://en.wikipedia.org/wiki/Opinion_polling_for_the_2018_Brazilian_presidential_election
2018,1,Genial Investimentos/Brasilis Archived 2018-09-21 at the Wayback Machine,17–19 September 2018,1000,wikipedia_tabela_1,Alckmin,7.0,18%,https://en.wikipedia.org/wiki/Opinion_polling_for_the_2018_Brazilian_presidential_election
2018,1,Genial Investimentos/Brasilis Archived 2018-09-21 at the Wayback Machine,17–19 September 2018,1000,wikipedia_tabela_1,Amoêdo,5.0,18%,https://en.wikipedia.org/wiki/Opinion_polling_for_the_2018_Brazilian_presidential_election
2018,1,XP/Ipespe,17–19 September 2018,2000,wikipedia_tabela_1,Bolsonaro,28.0,23%,https://en.wikipedia.org/wiki/Opinion_polling_for_the_2018_Brazilian_presidential_election
2018,1,XP/Ipespe,17–19 September 2018,2000,wikipedia_tabela_1,Haddad,16.0,23%,https://en.wikipedia.org/wiki/Opinion_polling_for_the_2018_Brazilian_presidential_election
2018,1,XP/Ipespe,17–19 September 2018,2000,wikipedia_tabela_1,Ciro,11.0,23%,https://en.wikipedia.org/wiki/Opinion_polling_for_the_2018_Brazilian_presidential_election
2018,1,XP/Ipespe,17–19 September 2018,2000,wikipedia_tabela_1,Alckmin,7.0,23%,https://en.wikipedia.org/wiki/Opinion_polling_for_the_2018_Brazilian_presidential_election
2018,1,XP/Ipespe,17–19 September 2018,2000,wikipedia_tabela_1,Amoêdo,3.0,23%,https://en.wikipedia.org/wiki/Opinion_polling_for_the_2018_Brazilian_presidential_election
2018,1,Ibope,16–18 September 2018,2506,wikipedia_tabela_1,Bolsonaro,28.0,21%,https://en.wikipedia.org/wiki/Opinion_polling_for_the_2018_Brazilian_presidential_election
2018,1,Ibope,16–18 September 2018,2506,wikipedia_tabela_1,Haddad,19.0,21%,https://en.wikipedia.org/wiki/Opinion_polling_for_the_2018_Brazilian_presidential_election
2018,1,Ibope,16–18 September 2018,2506,wikipedia_tabela_1,Ciro,11.0,21%,https://en.wikipedia.org/wiki/Opinion_polling_for_the_2018_Brazilian_presidential_election
2018,1,Ibope,16–18 September 2018,2506,wikipedia_tabela_1,Alckmin,7.0,21%,https://en.wikipedia.org/wiki/Opinion_polling_for_the_2018_Brazilian_presidential_election
2018,1,Ibope,16–18 September 2018,2506,wikipedia_tabela_1,Amoêdo,2.0,21%,https://en.wikipedia.org/wiki/Opinion_polling_for_the_2018_Brazilian_presidential_election
2018,1,FSB Pesquisa,15–16 September 2018,2000,wikipedia_tabela_1,Bolsonaro,33.0,16%,https://en.wikipedia.org/wiki/Opinion_polling_for_the_2018_Brazilian_presidential_election
2018,1,FSB Pesquisa,15–16 September 2018,2000,wikipedia_tabela_1,Haddad,16.0,16%,https://en.wikipedia.org/wiki/Opinion_polling_for_the_2018_Brazilian_presidential_election
2018,1,FSB Pesquisa,15–16 September 2018,2000,wikipedia_tabela_1,Ciro,14.0,16%,https://en.wikipedia.org/wiki/Opinion_polling_for_the_2018_Brazilian_presidential_election
2018,1,FSB Pesquisa,15–16 September 2018,2000,wikipedia_tabela_1,Alckmin,6.0,16%,https://en.wikipedia.org/wiki/Opinion_polling_for_the_2018_Brazilian_presidential_election
2018,1,FSB Pesquisa,15–16 September 2018,2000,wikipedia_tabela_1,Amoêdo,4.0,16%,https://en.wikipedia.org/wiki/Opinion_polling_for_the_2018_Brazilian_presidential_election
2018,1,CNT/MDA,12–15 September 2018,2002,wikipedia_tabela_1,Bolsonaro,28.2,25.7%,https://en.wikipedia.org/wiki/Opinion_polling_for_the_2018_Brazilian_presidential_election
2018,1,CNT/MDA,12–15 September 2018,2002,wikipedia_tabela_1,Haddad,17.6,25.7%,https://en.wikipedia.org/wiki/Opinion_polling_for_the_2018_Brazilian_presidential_election
2018,1,CNT/MDA,12–15 September 2018,2002,wikipedia_tabela_1,Ciro,10.8,25.7%,https://en.wikipedia.org/wiki/Opinion_polling_for_the_2018_Brazilian_presidential_election
2018,1,CNT/MDA,12–15 September 2018,2002,wikipedia_tabela_1,Alckmin,6.1,25.7%,https://en.wikipedia.org/wiki/Opinion_polling_for_the_2018_Brazilian_presidential_election
2018,1,CNT/MDA,12–15 September 2018,2002,wikipedia_tabela_1,Amoêdo,2.8,25.7%,https://en.wikipedia.org/wiki/Opinion_polling_for_the_2018_Brazilian_presidential_election
2018,1,Datafolha,13–14 September 2018,2820,wikipedia_tabela_1,Bolsonaro,26.0,19%,https://en.wikipedia.org/wiki/Opinion_polling_for_the_2018_Brazilian_presidential_election
2018,1,Datafolha,13–14 September 2018,2820,wikipedia_tabela_1,Haddad,13.0,19%,https://en.wikipedia.org/wiki/Opinion_polling_for_the_2018_Brazilian_presidential_election
2018,1,Datafolha,13–14 September 2018,2820,wikipedia_tabela_1,Ciro,13.0,19%,https://en.wikipedia.org/wiki/Opinion_polling_for_the_2018_Brazilian_presidential_election
2018,1,Datafolha,13–14 September 2018,2820,wikipedia_tabela_1,Alckmin,9.0,19%,https://en.wikipedia.org/wiki/Opinion_polling_for_the_2018_Brazilian_presidential_election
2018,1,Datafolha,13–14 September 2018,2820,wikipedia_tabela_1,Amoêdo,3.0,19%,https://en.wikipedia.org/wiki/Opinion_polling_for_the_2018_Brazilian_presidential_election
2018,1,XP/Ipespe,10–12 September 2018,2000,wikipedia_tabela_1,Bolsonaro,26.0,23%,https://en.wikipedia.org/wiki/Opinion_polling_for_the_2018_Brazilian_presidential_election
2018,1,XP/Ipespe,10–12 September 2018,2000,wikipedia_tabela_1,Haddad,10.0,23%,https://en.wikipedia.org/wiki/Opinion_polling_for_the_2018_Brazilian_presidential_election
2018,1,XP/Ipespe,10–12 September 2018,2000,wikipedia_tabela_1,Ciro,12.0,23%,https://en.wikipedia.org/wiki/Opinion_polling_for_the_2018_Brazilian_presidential_election
2018,1,XP/Ipespe,10–12 September 2018,2000,wikipedia_tabela_1,Alckmin,9.0,23%,https://en.wikipedia.org/wiki/Opinion_polling_for_the_2018_Brazilian_presidential_election
2018,1,XP/Ipespe,10–12 September 2018,2000,wikipedia_tabela_1,Amoêdo,4.0,23%,https://en.wikipedia.org/wiki/Opinion_polling_for_the_2018_Brazilian_presidential_election
2018,1,Paraná Pesquisas/Crusoé,7–11 September 2018,2010,wikipedia_tabela_1,Bolsonaro,26.6,21.8%,https://en.wikipedia.org/wiki/Opinion_polling_for_the_2018_Brazilian_presidential_election
2018,1,Paraná Pesquisas/Crusoé,7–11 September 2018,2010,wikipedia_tabela_1,Haddad,8.3,21.8%,https://en.wikipedia.org/wiki/Opinion_polling_for_the_2018_Brazilian_presidential_election
2018,1,Paraná Pesquisas/Crusoé,7–11 September 2018,2010,wikipedia_tabela_1,Ciro,11.9,21.8%,https://en.wikipedia.org/wiki/Opinion_polling_for_the_2018_Brazilian_presidential_election
2018,1,Paraná Pesquisas/Crusoé,7–11 September 2018,2010,wikipedia_tabela_1,Alckmin,8.7,21.8%,https://en.wikipedia.org/wiki/Opinion_polling_for_the_2018_Brazilian_presidential_election
2018,1,Paraná Pesquisas/Crusoé,7–11 September 2018,2010,wikipedia_tabela_1,Amoêdo,3.3,21.8%,https://en.wikipedia.org/wiki/Opinion_polling_for_the_2018_Brazilian_presidential_election
2018,1,Datafolha,10 September 2018,2804,wikipedia_tabela_1,Bolsonaro,24.0,22%,https://en.wikipedia.org/wiki/Opinion_polling_for_the_2018_Brazilian_presidential_election
2018,1,Datafolha,10 September 2018,2804,wikipedia_tabela_1,Haddad,9.0,22%,https://en.wikipedia.org/wiki/Opinion_polling_for_the_2018_Brazilian_presidential_election
2018,1,Datafolha,10 September 2018,2804,wikipedia_tabela_1,Ciro,13.0,22%,https://en.wikipedia.org/wiki/Opinion_polling_for_the_2018_Brazilian_presidential_election
2018,1,Datafolha,10 September 2018,2804,wikipedia_tabela_1,Alckmin,10.0,22%,https://en.wikipedia.org/wiki/Opinion_polling_for_the_2018_Brazilian_presidential_election
2018,1,Datafolha,10 September 2018,2804,wikipedia_tabela_1,Amoêdo,3.0,22%,https://en.wikipedia.org/wiki/Opinion_polling_for_the_2018_Brazilian_presidential_election
2018,1,Ibope,8–10 September 2018,2002,wikipedia_tabela_1,Bolsonaro,26.0,26%,https://en.wikipedia.org/wiki/Opinion_polling_for_the_2018_Brazilian_presidential_election
2018,1,Ibope,8–10 September 2018,2002,wikipedia_tabela_1,Haddad,8.0,26%,https://en.wikipedia.org/wiki/Opinion_polling_for_the_2018_Brazilian_presidential_election
2018,1,Ibope,8–10 September 2018,2002,wikipedia_tabela_1,Ciro,11.0,26%,https://en.wikipedia.org/wiki/Opinion_polling_for_the_2018_Brazilian_presidential_election
2018,1,Ibope,8–10 September 2018,2002,wikipedia_tabela_1,Alckmin,9.0,26%,https://en.wikipedia.org/wiki/Opinion_polling_for_the_2018_Brazilian_presidential_election
2018,1,Ibope,8–10 September 2018,2002,wikipedia_tabela_1,Amoêdo,3.0,26%,https://en.wikipedia.org/wiki/Opinion_polling_for_the_2018_Brazilian_presidential_election
2018,1,FSB Pesquisa,8–9 September 2018,2000,wikipedia_tabela_1,Bolsonaro,30.0,24%,https://en.wikipedia.org/wiki/Opinion_polling_for_the_2018_Brazilian_presidential_election
2018,1,FSB Pesquisa,8–9 September 2018,2000,wikipedia_tabela_1,Haddad,8.0,24%,https://en.wikipedia.org/wiki/Opinion_polling_for_the_2018_Brazilian_presidential_election
2018,1,FSB Pesquisa,8–9 September 2018,2000,wikipedia_tabela_1,Ciro,12.0,24%,https://en.wikipedia.org/wiki/Opinion_polling_for_the_2018_Brazilian_presidential_election
2018,1,FSB Pesquisa,8–9 September 2018,2000,wikipedia_tabela_1,Alckmin,8.0,24%,https://en.wikipedia.org/wiki/Opinion_polling_for_the_2018_Brazilian_presidential_election
2018,1,FSB Pesquisa,8–9 September 2018,2000,wikipedia_tabela_1,Amoêdo,3.0,24%,https://en.wikipedia.org/wiki/Opinion_polling_for_the_2018_Brazilian_presidential_election
2018,1,RealTime Big Data,7–9 September 2018,3200,wikipedia_tabela_1,Bolsonaro,25.0,26%,https://en.wikipedia.org/wiki/Opinion_polling_for_the_2018_Brazilian_presidential_election
2018,1,RealTime Big Data,7–9 September 2018,3200,wikipedia_tabela_1,Haddad,7.0,26%,https://en.wikipedia.org/wiki/Opinion_polling_for_the_2018_Brazilian_presidential_election
2018,1,RealTime Big Data,7–9 September 2018,3200,wikipedia_tabela_1,Ciro,11.0,26%,https://en.wikipedia.org/wiki/Opinion_polling_for_the_2018_Brazilian_presidential_election
2018,1,RealTime Big Data,7–9 September 2018,3200,wikipedia_tabela_1,Alckmin,9.0,26%,https://en.wikipedia.org/wiki/Opinion_polling_for_the_2018_Brazilian_presidential_election
2018,1,RealTime Big Data,7–9 September 2018,3200,wikipedia_tabela_1,Amoêdo,3.0,26%,https://en.wikipedia.org/wiki/Opinion_polling_for_the_2018_Brazilian_presidential_election
2018,1,"On 6 September 2018, Jair Bolsonaro was stabbed while he was campaigning in Juiz de Fora, Minas Gerais.","On 6 September 2018, Jair Bolsonaro was stabbed while he was campaigning in Juiz de Fora, Minas Gerais.","On 6 September 2018, Jair Bolsonaro was stabbed while he was campaigning in Juiz de Fora, Minas Gerais.",wikipedia_tabela_1,Bolsonaro,6.0,"On 6 September 2018, Jair Bolsonaro was stabbed while he was campaigning in Juiz de Fora, Minas Gerais.",https://en.wikipedia.org/wiki/Opinion_polling_for_the_2018_Brazilian_presidential_election
2018,1,"On 6 September 2018, Jair Bolsonaro was stabbed while he was campaigning in Juiz de Fora, Minas Gerais.","On 6 September 2018, Jair Bolsonaro was stabbed while he was campaigning in Juiz de Fora, Minas Gerais.","On 6 September 2018, Jair Bolsonaro was stabbed while he was campaigning in Juiz de Fora, Minas Gerais.",wikipedia_tabela_1,Haddad,6.0,"On 6 September 2018, Jair Bolsonaro was stabbed while he was campaigning in Juiz de Fora, Minas Gerais.",https://en.wikipedia.org/wiki/Opinion_polling_for_the_2018_Brazilian_presidential_election
2018,1,"On 6 September 2018, Jair Bolsonaro was stabbed while he was campaigning in Juiz de Fora, Minas Gerais.","On 6 September 2018, Jair Bolsonaro was stabbed while he was campaigning in Juiz de Fora, Minas Gerais.","On 6 September 2018, Jair Bolsonaro was stabbed while he was campaigning in Juiz de Fora, Minas Gerais.",wikipedia_tabela_1,Ciro,6.0,"On 6 September 2018, Jair Bolsonaro was stabbed while he was campaigning in Juiz de Fora, Minas Gerais.",https://en.wikipedia.org/wiki/Opinion_polling_for_the_2018_Brazilian_presidential_election
2018,1,"On 6 September 2018, Jair Bolsonaro was stabbed while he was campaigning in Juiz de Fora, Minas Gerais.","On 6 September 2018, Jair Bolsonaro was stabbed while he was campaigning in Juiz de Fora, Minas Gerais.","On 6 September 2018, Jair Bolsonaro was stabbed while he was campaigning in Juiz de Fora, Minas Gerais.",wikipedia_tabela_1,Alckmin,6.0,"On 6 September 2018, Jair Bolsonaro was stabbed while he was campaigning in Juiz de Fora, Minas Gerais.",https://en.wikipedia.org/wiki/Opinion_polling_for_the_2018_Brazilian_presidential_election
2018,1,"On 6 September 2018, Jair Bolsonaro was stabbed while he was campaigning in Juiz de Fora, Minas Gerais.","On 6 September 2018, Jair Bolsonaro was stabbed while he was campaigning in Juiz de Fora, Minas Gerais.","On 6 September 2018, Jair Bolsonaro was stabbed while he was campaigning in Juiz de Fora, Minas Gerais.",wikipedia_tabela_1,Amoêdo,6.0,"On 6 September 2018, Jair Bolsonaro was stabbed while he was campaigning in Juiz de Fora, Minas Gerais.",https://en.wikipedia.org/wiki/Opinion_polling_for_the_2018_Brazilian_presidential_election
2018,1,XP/Ipespe,3–5 September 2018,2000,wikipedia_tabela_1,Bolsonaro,23.0,27%,https://en.wikipedia.org/wiki/Opinion_polling_for_the_2018_Brazilian_presidential_election
2018,1,XP/Ipespe,3–5 September 2018,2000,wikipedia_tabela_1,Haddad,8.0,27%,https://en.wikipedia.org/wiki/Opinion_polling_for_the_2018_Brazilian_presidential_election
2018,1,XP/Ipespe,3–5 September 2018,2000,wikipedia_tabela_1,Ciro,11.0,27%,https://en.wikipedia.org/wiki/Opinion_polling_for_the_2018_Brazilian_presidential_election
2018,1,XP/Ipespe,3–5 September 2018,2000,wikipedia_tabela_1,Alckmin,9.0,27%,https://en.wikipedia.org/wiki/Opinion_polling_for_the_2018_Brazilian_presidential_election
2018,1,XP/Ipespe,3–5 September 2018,2000,wikipedia_tabela_1,Amoêdo,4.0,27%,https://en.wikipedia.org/wiki/Opinion_polling_for_the_2018_Brazilian_presidential_election
2018,1,Ibope,1–3 September 2018,2002,wikipedia_tabela_1,Bolsonaro,22.0,28%,https://en.wikipedia.org/wiki/Opinion_polling_for_the_2018_Brazilian_presidential_election
2018,1,Ibope,1–3 September 2018,2002,wikipedia_tabela_1,Haddad,6.0,28%,https://en.wikipedia.org/wiki/Opinion_polling_for_the_2018_Brazilian_presidential_election
2018,1,Ibope,1–3 September 2018,2002,wikipedia_tabela_1,Ciro,12.0,28%,https://en.wikipedia.org/wiki/Opinion_polling_for_the_2018_Brazilian_presidential_election
2018,1,Ibope,1–3 September 2018,2002,wikipedia_tabela_1,Alckmin,9.0,28%,https://en.wikipedia.org/wiki/Opinion_polling_for_the_2018_Brazilian_presidential_election
2018,1,Ibope,1–3 September 2018,2002,wikipedia_tabela_1,Amoêdo,3.0,28%,https://en.wikipedia.org/wiki/Opinion_polling_for_the_2018_Brazilian_presidential_election
2018,1,FSB Pesquisa,1–2 September 2018,2000,wikipedia_tabela_1,Bolsonaro,26.0,28%,https://en.wikipedia.org/wiki/Opinion_polling_for_the_2018_Brazilian_presidential_election
2018,1,FSB Pesquisa,1–2 September 2018,2000,wikipedia_tabela_1,Haddad,6.0,28%,https://en.wikipedia.org/wiki/Opinion_polling_for_the_2018_Brazilian_presidential_election
2018,1,FSB Pesquisa,1–2 September 2018,2000,wikipedia_tabela_1,Ciro,12.0,28%,https://en.wikipedia.org/wiki/Opinion_polling_for_the_2018_Brazilian_presidential_election
2018,1,FSB Pesquisa,1–2 September 2018,2000,wikipedia_tabela_1,Alckmin,8.0,28%,https://en.wikipedia.org/wiki/Opinion_polling_for_the_2018_Brazilian_presidential_election
2018,1,FSB Pesquisa,1–2 September 2018,2000,wikipedia_tabela_1,Amoêdo,4.0,28%,https://en.wikipedia.org/wiki/Opinion_polling_for_the_2018_Brazilian_presidential_election
2018,1,Datafolha,26–27 October 2018,18731,wikipedia_tabela_7,Bolsonaro,47.0,13%,https://en.wikipedia.org/wiki/Opinion_polling_for_the_2018_Brazilian_presidential_election
2018,1,Datafolha,26–27 October 2018,18731,wikipedia_tabela_7,Haddad,39.0,13%,https://en.wikipedia.org/wiki/Opinion_polling_for_the_2018_Brazilian_presidential_election
2018,1,Ibope,26–27 October 2018,3010,wikipedia_tabela_7,Bolsonaro,47.0,12%,https://en.wikipedia.org/wiki/Opinion_polling_for_the_2018_Brazilian_presidential_election
2018,1,Ibope,26–27 October 2018,3010,wikipedia_tabela_7,Haddad,41.0,12%,https://en.wikipedia.org/wiki/Opinion_polling_for_the_2018_Brazilian_presidential_election
2018,1,CNT/MDA,26–27 October 2018,2002,wikipedia_tabela_7,Bolsonaro,49.0,14%,https://en.wikipedia.org/wiki/Opinion_polling_for_the_2018_Brazilian_presidential_election
2018,1,CNT/MDA,26–27 October 2018,2002,wikipedia_tabela_7,Haddad,37.0,14%,https://en.wikipedia.org/wiki/Opinion_polling_for_the_2018_Brazilian_presidential_election
2018,1,Datafolha,24–25 October 2018,9173,wikipedia_tabela_7,Bolsonaro,48.0,14%,https://en.wikipedia.org/wiki/Opinion_polling_for_the_2018_Brazilian_presidential_election
2018,1,Datafolha,24–25 October 2018,9173,wikipedia_tabela_7,Haddad,38.0,14%,https://en.wikipedia.org/wiki/Opinion_polling_for_the_2018_Brazilian_presidential_election
2018,1,Paraná Pesquisas,23–25 October 2018,2120,wikipedia_tabela_7,Bolsonaro,53.0,12%,https://en.wikipedia.org/wiki/Opinion_polling_for_the_2018_Brazilian_presidential_election
2018,1,Paraná Pesquisas,23–25 October 2018,2120,wikipedia_tabela_7,Haddad,35.0,12%,https://en.wikipedia.org/wiki/Opinion_polling_for_the_2018_Brazilian_presidential_election
2018,1,RealTime Big Data,24 October 2018,5000,wikipedia_tabela_7,Bolsonaro,49.0,13%,https://en.wikipedia.org/wiki/Opinion_polling_for_the_2018_Brazilian_presidential_election
2018,1,RealTime Big Data,24 October 2018,5000,wikipedia_tabela_7,Haddad,38.0,13%,https://en.wikipedia.org/wiki/Opinion_polling_for_the_2018_Brazilian_presidential_election
2018,1,Ipespe,23–24 October 2018,2000,wikipedia_tabela_7,Bolsonaro,51.0,12%,https://en.wikipedia.org/wiki/Opinion_polling_for_the_2018_Brazilian_presidential_election
2018,1,Ipespe,23–24 October 2018,2000,wikipedia_tabela_7,Haddad,37.0,12%,https://en.wikipedia.org/wiki/Opinion_polling_for_the_2018_Brazilian_presidential_election
2018,1,Ibope,21–23 October 2018,3010,wikipedia_tabela_7,Bolsonaro,50.0,13%,https://en.wikipedia.org/wiki/Opinion_polling_for_the_2018_Brazilian_presidential_election
2018,1,Ibope,21–23 October 2018,3010,wikipedia_tabela_7,Haddad,37.0,13%,https://en.wikipedia.org/wiki/Opinion_polling_for_the_2018_Brazilian_presidential_election
2018,1,FSB Pesquisa,20–21 October 2018,2000,wikipedia_tabela_7,Bolsonaro,52.0,13%,https://en.wikipedia.org/wiki/Opinion_polling_for_the_2018_Brazilian_presidential_election
2018,1,FSB Pesquisa,20–21 October 2018,2000,wikipedia_tabela_7,Haddad,35.0,13%,https://en.wikipedia.org/wiki/Opinion_polling_for_the_2018_Brazilian_presidential_election
2018,1,CNT/MDA,20–21 October 2018,2002,wikipedia_tabela_7,Bolsonaro,49.0,14%,https://en.wikipedia.org/wiki/Opinion_polling_for_the_2018_Brazilian_presidential_election
2018,1,CNT/MDA,20–21 October 2018,2002,wikipedia_tabela_7,Haddad,37.0,14%,https://en.wikipedia.org/wiki/Opinion_polling_for_the_2018_Brazilian_presidential_election
2018,1,RealTime Big Data,19–20 October 2018,5000,wikipedia_tabela_7,Bolsonaro,52.0,11%,https://en.wikipedia.org/wiki/Opinion_polling_for_the_2018_Brazilian_presidential_election
2018,1,RealTime Big Data,19–20 October 2018,5000,wikipedia_tabela_7,Haddad,37.0,11%,https://en.wikipedia.org/wiki/Opinion_polling_for_the_2018_Brazilian_presidential_election
2018,1,DataPoder360,17–18 October 2018,4000,wikipedia_tabela_7,Bolsonaro,57.0,12%,https://en.wikipedia.org/wiki/Opinion_polling_for_the_2018_Brazilian_presidential_election
2018,1,DataPoder360,17–18 October 2018,4000,wikipedia_tabela_7,Haddad,31.0,12%,https://en.wikipedia.org/wiki/Opinion_polling_for_the_2018_Brazilian_presidential_election
2018,1,Datafolha,17–18 October 2018,9137,wikipedia_tabela_7,Bolsonaro,50.0,15%,https://en.wikipedia.org/wiki/Opinion_polling_for_the_2018_Brazilian_presidential_election
2018,1,Datafolha,17–18 October 2018,9137,wikipedia_tabela_7,Haddad,35.0,15%,https://en.wikipedia.org/wiki/Opinion_polling_for_the_2018_Brazilian_presidential_election
2018,1,RealTime Big Data,16–17 October 2018,5000,wikipedia_tabela_7,Bolsonaro,52.0,13%,https://en.wikipedia.org/wiki/Opinion_polling_for_the_2018_Brazilian_presidential_election
2018,1,RealTime Big Data,16–17 October 2018,5000,wikipedia_tabela_7,Haddad,35.0,13%,https://en.wikipedia.org/wiki/Opinion_polling_for_the_2018_Brazilian_presidential_election
2018,1,Ipespe,15–17 October 2018,2000,wikipedia_tabela_7,Bolsonaro,51.0,13%,https://en.wikipedia.org/wiki/Opinion_polling_for_the_2018_Brazilian_presidential_election
2018,1,Ipespe,15–17 October 2018,2000,wikipedia_tabela_7,Haddad,37.0,13%,https://en.wikipedia.org/wiki/Opinion_polling_for_the_2018_Brazilian_presidential_election
2018,1,Paraná Pesquisas,14–17 October 2018,2080,wikipedia_tabela_7,Bolsonaro,53.0,13%,https://en.wikipedia.org/wiki/Opinion_polling_for_the_2018_Brazilian_presidential_election
2018,1,Paraná Pesquisas,14–17 October 2018,2080,wikipedia_tabela_7,Haddad,34.0,13%,https://en.wikipedia.org/wiki/Opinion_polling_for_the_2018_Brazilian_presidential_election
2018,1,Ibope,13–14 October 2018,2506,wikipedia_tabela_7,Bolsonaro,52.0,12%,https://en.wikipedia.org/wiki/Opinion_polling_for_the_2018_Brazilian_presidential_election
2018,1,Ibope,13–14 October 2018,2506,wikipedia_tabela_7,Haddad,37.0,12%,https://en.wikipedia.org/wiki/Opinion_polling_for_the_2018_Brazilian_presidential_election
2018,1,FSB Pesquisa,13–14 October 2018,2000,wikipedia_tabela_7,Bolsonaro,51.0,14%,https://en.wikipedia.org/wiki/Opinion_polling_for_the_2018_Brazilian_presidential_election
2018,1,FSB Pesquisa,13–14 October 2018,2000,wikipedia_tabela_7,Haddad,35.0,14%,https://en.wikipedia.org/wiki/Opinion_polling_for_the_2018_Brazilian_presidential_election
2018,1,RealTime Big Data,12–13 October 2018,5000,wikipedia_tabela_7,Bolsonaro,48.0,19%,https://en.wikipedia.org/wiki/Opinion_polling_for_the_2018_Brazilian_presidential_election
2018,1,RealTime Big Data,12–13 October 2018,5000,wikipedia_tabela_7,Haddad,33.0,19%,https://en.wikipedia.org/wiki/Opinion_polling_for_the_2018_Brazilian_presidential_election
2018,1,Datafolha,10 October 2018,3235,wikipedia_tabela_7,Bolsonaro,49.0,15%,https://en.wikipedia.org/wiki/Opinion_polling_for_the_2018_Brazilian_presidential_election
2018,1,Datafolha,10 October 2018,3235,wikipedia_tabela_7,Haddad,36.0,15%,https://en.wikipedia.org/wiki/Opinion_polling_for_the_2018_Brazilian_presidential_election
2018,1,Idea Big Data,8–10 October 2018,2036,wikipedia_tabela_7,Bolsonaro,48.0,11%,https://en.wikipedia.org/wiki/Opinion_polling_for_the_2018_Brazilian_presidential_election
2018,1,Idea Big Data,8–10 October 2018,2036,wikipedia_tabela_7,Haddad,41.0,11%,https://en.wikipedia.org/wiki/Opinion_polling_for_the_2018_Brazilian_presidential_election
2018,1,Ipespe,8–9 October 2018,2000,wikipedia_tabela_7,Bolsonaro,51.0,13%,https://en.wikipedia.org/wiki/Opinion_polling_for_the_2018_Brazilian_presidential_election
2018,1,Ipespe,8–9 October 2018,2000,wikipedia_tabela_7,Haddad,36.0,13%,https://en.wikipedia.org/wiki/Opinion_polling_for_the_2018_Brazilian_presidential_election
2014,1,Ibope (exit poll),5 Oct,64200,wikipedia_tabela_9,Dilma,44.0,–,https://en.wikipedia.org/wiki/2014_Brazilian_general_election
2014,1,Ibope (exit poll),5 Oct,64200,wikipedia_tabela_9,Aécio,30.0,–,https://en.wikipedia.org/wiki/2014_Brazilian_general_election
2014,1,Datafolha,3–4 Oct,18116,wikipedia_tabela_9,Dilma,40.0,10%,https://en.wikipedia.org/wiki/2014_Brazilian_general_election
2014,1,Datafolha,3–4 Oct,18116,wikipedia_tabela_9,Aécio,24.0,10%,https://en.wikipedia.org/wiki/2014_Brazilian_general_election
2014,1,Datafolha,29–30 Sep,7520,wikipedia_tabela_9,Dilma,40.0,10%,https://en.wikipedia.org/wiki/2014_Brazilian_general_election
2014,1,Datafolha,29–30 Sep,7520,wikipedia_tabela_9,Aécio,20.0,10%,https://en.wikipedia.org/wiki/2014_Brazilian_general_election
2014,1,Ibope,27–29 Sep,3010,wikipedia_tabela_9,Dilma,39.0,14%,https://en.wikipedia.org/wiki/2014_Brazilian_general_election
2014,1,Ibope,27–29 Sep,3010,wikipedia_tabela_9,Aécio,19.0,14%,https://en.wikipedia.org/wiki/2014_Brazilian_general_election
2014,1,Ibope,20–22 Sep,3010,wikipedia_tabela_9,Dilma,38.0,12%,https://en.wikipedia.org/wiki/2014_Brazilian_general_election
2014,1,Ibope,20–22 Sep,3010,wikipedia_tabela_9,Aécio,19.0,12%,https://en.wikipedia.org/wiki/2014_Brazilian_general_election
2014,1,Vox Populi,20–21 Sep,2000,wikipedia_tabela_9,Dilma,40.0,18%,https://en.wikipedia.org/wiki/2014_Brazilian_general_election
2014,1,Vox Populi,20–21 Sep,2000,wikipedia_tabela_9,Aécio,17.0,18%,https://en.wikipedia.org/wiki/2014_Brazilian_general_election
2014,1,Datafolha,17–18 Sep,5340,wikipedia_tabela_9,Dilma,37.0,13%,https://en.wikipedia.org/wiki/2014_Brazilian_general_election
2014,1,Datafolha,17–18 Sep,5340,wikipedia_tabela_9,Aécio,17.0,13%,https://en.wikipedia.org/wiki/2014_Brazilian_general_election
2014,1,Ibope,13–15 Sep,3010,wikipedia_tabela_9,Dilma,36.0,13%,https://en.wikipedia.org/wiki/2014_Brazilian_general_election
2014,1,Ibope,13–15 Sep,3010,wikipedia_tabela_9,Aécio,19.0,13%,https://en.wikipedia.org/wiki/2014_Brazilian_general_election
2014,1,Vox Populi,13–14 Sep,2000,wikipedia_tabela_9,Dilma,36.0,20%,https://en.wikipedia.org/wiki/2014_Brazilian_general_election
2014,1,Vox Populi,13–14 Sep,2000,wikipedia_tabela_9,Aécio,15.0,20%,https://en.wikipedia.org/wiki/2014_Brazilian_general_election
2014,1,Datafolha,8–9 Sep,10568,wikipedia_tabela_9,Dilma,36.0,13%,https://en.wikipedia.org/wiki/2014_Brazilian_general_election
2014,1,Datafolha,8–9 Sep,10568,wikipedia_tabela_9,Aécio,15.0,13%,https://en.wikipedia.org/wiki/2014_Brazilian_general_election
2014,1,CNI/Ibope,5–8 Sep,2002,wikipedia_tabela_9,Dilma,39.0,13%,https://en.wikipedia.org/wiki/2014_Brazilian_general_election
2014,1,CNI/Ibope,5–8 Sep,2002,wikipedia_tabela_9,Aécio,15.0,13%,https://en.wikipedia.org/wiki/2014_Brazilian_general_election
2014,1,Datafolha,1–3 Sep,10054,wikipedia_tabela_9,Dilma,35.0,13%,https://en.wikipedia.org/wiki/2014_Brazilian_general_election
2014,1,Datafolha,1–3 Sep,10054,wikipedia_tabela_9,Aécio,14.0,13%,https://en.wikipedia.org/wiki/2014_Brazilian_general_election
2014,1,Ibope,31 Aug–2 Sep,2506,wikipedia_tabela_9,Dilma,37.0,12%,https://en.wikipedia.org/wiki/2014_Brazilian_general_election
2014,1,Ibope,31 Aug–2 Sep,2506,wikipedia_tabela_9,Aécio,15.0,12%,https://en.wikipedia.org/wiki/2014_Brazilian_general_election
2014,1,Datafolha,28–29 Aug,2874,wikipedia_tabela_9,Dilma,34.0,14%,https://en.wikipedia.org/wiki/2014_Brazilian_general_election
2014,1,Datafolha,28–29 Aug,2874,wikipedia_tabela_9,Aécio,15.0,14%,https://en.wikipedia.org/wiki/2014_Brazilian_general_election
2014,1,CNT/MDA,21–24 Aug,2202,wikipedia_tabela_9,Dilma,36.2,19.1%,https://en.wikipedia.org/wiki/2014_Brazilian_general_election
2014,1,CNT/MDA,21–24 Aug,2202,wikipedia_tabela_9,Aécio,16.0,19.1%,https://en.wikipedia.org/wiki/2014_Brazilian_general_election
2014,1,Ibope,23–25 Aug,2506,wikipedia_tabela_9,Dilma,34.0,15%,https://en.wikipedia.org/wiki/2014_Brazilian_general_election
2014,1,Ibope,23–25 Aug,2506,wikipedia_tabela_9,Aécio,19.0,15%,https://en.wikipedia.org/wiki/2014_Brazilian_general_election
2014,1,Datafolha,14–15 Aug,2843,wikipedia_tabela_9,Dilma,36.0,17%,https://en.wikipedia.org/wiki/2014_Brazilian_general_election
2014,1,Datafolha,14–15 Aug,2843,wikipedia_tabela_9,Aécio,20.0,17%,https://en.wikipedia.org/wiki/2014_Brazilian_general_election
2014,1,Datafolha,14–15 Aug,2843,wikipedia_tabela_9,Dilma,41.0,25%,https://en.wikipedia.org/wiki/2014_Brazilian_general_election
2014,1,Datafolha,14–15 Aug,2843,wikipedia_tabela_9,Aécio,25.0,25%,https://en.wikipedia.org/wiki/2014_Brazilian_general_election
2014,1,Ibope,3–6 Aug,2506,wikipedia_tabela_9,Dilma,38.0,24%,https://en.wikipedia.org/wiki/2014_Brazilian_general_election
2014,1,Ibope,3–6 Aug,2506,wikipedia_tabela_9,Aécio,23.0,24%,https://en.wikipedia.org/wiki/2014_Brazilian_general_election
2014,1,Ibope,18–21 Jul,2002,wikipedia_tabela_9,Dilma,38.0,25%,https://en.wikipedia.org/wiki/2014_Brazilian_general_election
2014,1,Ibope,18–21 Jul,2002,wikipedia_tabela_9,Aécio,22.0,25%,https://en.wikipedia.org/wiki/2014_Brazilian_general_election
2014,1,Datafolha,15–16 Jul,5377,wikipedia_tabela_9,Dilma,36.0,27%,https://en.wikipedia.org/wiki/2014_Brazilian_general_election
2014,1,Datafolha,15–16 Jul,5377,wikipedia_tabela_9,Aécio,20.0,27%,https://en.wikipedia.org/wiki/2014_Brazilian_general_election
2014,1,Datafolha,1–2 Jul,2857,wikipedia_tabela_9,Dilma,38.0,24%,https://en.wikipedia.org/wiki/2014_Brazilian_general_election
2014,1,Datafolha,1–2 Jul,2857,wikipedia_tabela_9,Aécio,20.0,24%,https://en.wikipedia.org/wiki/2014_Brazilian_general_election
2014,1,Ibope,13–15 Jun,2002,wikipedia_tabela_9,Dilma,39.0,21%,https://en.wikipedia.org/wiki/2014_Brazilian_general_election
2014,1,Ibope,13–15 Jun,2002,wikipedia_tabela_9,Aécio,21.0,21%,https://en.wikipedia.org/wiki/2014_Brazilian_general_election
2014,1,Ibope,4–7 Jun,2002,wikipedia_tabela_9,Dilma,38.0,20%,https://en.wikipedia.org/wiki/2014_Brazilian_general_election
2014,1,Ibope,4–7 Jun,2002,wikipedia_tabela_9,Aécio,22.0,20%,https://en.wikipedia.org/wiki/2014_Brazilian_general_election
2014,1,Datafolha,3–5 Jun,4337,wikipedia_tabela_9,Dilma,34.0,30%,https://en.wikipedia.org/wiki/2014_Brazilian_general_election
2014,1,Datafolha,3–5 Jun,4337,wikipedia_tabela_9,Aécio,19.0,30%,https://en.wikipedia.org/wiki/2014_Brazilian_general_election
2014,1,Vox Populi,31 May–1 Jun,2200,wikipedia_tabela_9,Dilma,40.0,28%,https://en.wikipedia.org/wiki/2014_Brazilian_general_election
2014,1,Vox Populi,31 May–1 Jun,2200,wikipedia_tabela_9,Aécio,21.0,28%,https://en.wikipedia.org/wiki/2014_Brazilian_general_election
2014,1,Ibope,15–19 May,2002,wikipedia_tabela_9,Dilma,40.0,24%,https://en.wikipedia.org/wiki/2014_Brazilian_general_election
2014,1,Ibope,15–19 May,2002,wikipedia_tabela_9,Aécio,20.0,24%,https://en.wikipedia.org/wiki/2014_Brazilian_general_election
2014,1,Datafolha,7–8 May,2844,wikipedia_tabela_9,Dilma,37.0,24%,https://en.wikipedia.org/wiki/2014_Brazilian_general_election
2014,1,Datafolha,7–8 May,2844,wikipedia_tabela_9,Aécio,20.0,24%,https://en.wikipedia.org/wiki/2014_Brazilian_general_election
2014,1,Datafolha,7–8 May,2844,wikipedia_tabela_9,Dilma,41.0,23%,https://en.wikipedia.org/wiki/2014_Brazilian_general_election
2014,1,Datafolha,7–8 May,2844,wikipedia_tabela_9,Aécio,22.0,23%,https://en.wikipedia.org/wiki/2014_Brazilian_general_election
2014,1,Datafolha,7–8 May,2844,wikipedia_tabela_9,Aécio,19.0,18%,https://en.wikipedia.org/wiki/2014_Brazilian_general_election
2014,1,Datafolha,7–8 May,2844,wikipedia_tabela_9,Aécio,17.0,19%,https://en.wikipedia.org/wiki/2014_Brazilian_general_election
2014,1,Ibope,10–14 Apr,2002,wikipedia_tabela_9,Dilma,37.0,37%,https://en.wikipedia.org/wiki/2014_Brazilian_general_election
2014,1,Ibope,10–14 Apr,2002,wikipedia_tabela_9,Aécio,14.0,37%,https://en.wikipedia.org/wiki/2014_Brazilian_general_election
2014,1,Ibope,10–14 Apr,2002,wikipedia_tabela_9,Dilma,37.0,33%,https://en.wikipedia.org/wiki/2014_Brazilian_general_election
2014,1,Ibope,10–14 Apr,2002,wikipedia_tabela_9,Aécio,14.0,33%,https://en.wikipedia.org/wiki/2014_Brazilian_general_election
2014,1,Vox Populi,6–8 Apr,2200,wikipedia_tabela_9,Dilma,40.0,29%,https://en.wikipedia.org/wiki/2014_Brazilian_general_election
2014,1,Vox Populi,6–8 Apr,2200,wikipedia_tabela_9,Aécio,16.0,29%,https://en.wikipedia.org/wiki/2014_Brazilian_general_election
2014,1,Datafolha,2–3 Apr,2637,wikipedia_tabela_9,Dilma,38.0,29%,https://en.wikipedia.org/wiki/2014_Brazilian_general_election
2014,1,Datafolha,2–3 Apr,2637,wikipedia_tabela_9,Aécio,16.0,29%,https://en.wikipedia.org/wiki/2014_Brazilian_general_election
2014,1,Datafolha,2–3 Apr,2637,wikipedia_tabela_9,Dilma,43.0,25%,https://en.wikipedia.org/wiki/2014_Brazilian_general_election
2014,1,Datafolha,2–3 Apr,2637,wikipedia_tabela_9,Aécio,18.0,25%,https://en.wikipedia.org/wiki/2014_Brazilian_general_election
2014,1,Datafolha,2–3 Apr,2637,wikipedia_tabela_9,Dilma,39.0,19%,https://en.wikipedia.org/wiki/2014_Brazilian_general_election
2014,1,Datafolha,2–3 Apr,2637,wikipedia_tabela_9,Aécio,16.0,19%,https://en.wikipedia.org/wiki/2014_Brazilian_general_election
2014,1,Datafolha,2–3 Apr,2637,wikipedia_tabela_9,Aécio,16.0,21%,https://en.wikipedia.org/wiki/2014_Brazilian_general_election
2014,1,Datafolha,2–3 Apr,2637,wikipedia_tabela_9,Aécio,14.0,15%,https://en.wikipedia.org/wiki/2014_Brazilian_general_election
2014,1,Ibope,13–17 Mar,2002,wikipedia_tabela_9,Dilma,40.0,36%,https://en.wikipedia.org/wiki/2014_Brazilian_general_election
2014,1,Ibope,13–17 Mar,2002,wikipedia_tabela_9,Aécio,13.0,36%,https://en.wikipedia.org/wiki/2014_Brazilian_general_election
2014,1,Ibope,13–17 Mar,2002,wikipedia_tabela_9,Dilma,40.0,34%,https://en.wikipedia.org/wiki/2014_Brazilian_general_election
2014,1,Ibope,13–17 Mar,2002,wikipedia_tabela_9,Aécio,13.0,34%,https://en.wikipedia.org/wiki/2014_Brazilian_general_election
2014,1,Datafolha,19–20 Feb,2614,wikipedia_tabela_9,Dilma,47.0,24%,https://en.wikipedia.org/wiki/2014_Brazilian_general_election
2014,1,Datafolha,19–20 Feb,2614,wikipedia_tabela_9,Aécio,17.0,24%,https://en.wikipedia.org/wiki/2014_Brazilian_general_election
2014,1,Datafolha,19–20 Feb,2614,wikipedia_tabela_9,Dilma,43.0,24%,https://en.wikipedia.org/wiki/2014_Brazilian_general_election
2014,1,Datafolha,19–20 Feb,2614,wikipedia_tabela_9,Aécio,15.0,24%,https://en.wikipedia.org/wiki/2014_Brazilian_general_election
2014,1,Datafolha,19–20 Feb,2614,wikipedia_tabela_9,Dilma,42.0,20%,https://en.wikipedia.org/wiki/2014_Brazilian_general_election
2014,1,Datafolha,19–20 Feb,2614,wikipedia_tabela_9,Aécio,15.0,20%,https://en.wikipedia.org/wiki/2014_Brazilian_general_election
2014,1,Datafolha,19–20 Feb,2614,wikipedia_tabela_9,Dilma,41.0,16%,https://en.wikipedia.org/wiki/2014_Brazilian_general_election
2014,1,Datafolha,19–20 Feb,2614,wikipedia_tabela_9,Aécio,12.0,16%,https://en.wikipedia.org/wiki/2014_Brazilian_general_election
2014,1,Datafolha,19–20 Feb,2614,wikipedia_tabela_9,Dilma,44.0,26%,https://en.wikipedia.org/wiki/2014_Brazilian_general_election
2014,1,Datafolha,19–20 Feb,2614,wikipedia_tabela_9,Aécio,16.0,26%,https://en.wikipedia.org/wiki/2014_Brazilian_general_election
2014,1,Datafolha,19–20 Feb,2614,wikipedia_tabela_9,Aécio,15.0,21%,https://en.wikipedia.org/wiki/2014_Brazilian_general_election
2014,1,Datafolha,19–20 Feb,2614,wikipedia_tabela_9,Aécio,14.0,16%,https://en.wikipedia.org/wiki/2014_Brazilian_general_election
2014,1,Vox Populi Archived 2014-10-11 at the Wayback Machine,13–15 Feb,2201,wikipedia_tabela_9,Dilma,41.0,35%,https://en.wikipedia.org/wiki/2014_Brazilian_general_election
2014,1,Vox Populi Archived 2014-10-11 at the Wayback Machine,13–15 Feb,2201,wikipedia_tabela_9,Aécio,17.0,35%,https://en.wikipedia.org/wiki/2014_Brazilian_general_election
2014,1,Vox Populi,25 Oct,2000,wikipedia_tabela_11,Dilma,54.0,–,https://en.wikipedia.org/wiki/2014_Brazilian_general_election
2014,1,Vox Populi,25 Oct,2000,wikipedia_tabela_11,Aécio,46.0,–,https://en.wikipedia.org/wiki/2014_Brazilian_general_election
2014,1,Datafolha,24–25 Oct,19318,wikipedia_tabela_11,Dilma,52.0,–,https://en.wikipedia.org/wiki/2014_Brazilian_general_election
2014,1,Datafolha,24–25 Oct,19318,wikipedia_tabela_11,Aécio,48.0,–,https://en.wikipedia.org/wiki/2014_Brazilian_general_election
2014,1,Ibope,24–25 Oct,3010,wikipedia_tabela_11,Dilma,53.0,–,https://en.wikipedia.org/wiki/2014_Brazilian_general_election
2014,1,Ibope,24–25 Oct,3010,wikipedia_tabela_11,Aécio,47.0,–,https://en.wikipedia.org/wiki/2014_Brazilian_general_election
2014,1,CNT/MDA,23–24 Oct,2002,wikipedia_tabela_11,Dilma,49.7,–,https://en.wikipedia.org/wiki/2014_Brazilian_general_election
2014,1,CNT/MDA,23–24 Oct,2002,wikipedia_tabela_11,Aécio,50.3,–,https://en.wikipedia.org/wiki/2014_Brazilian_general_election
2014,1,Datafolha,22–23 Oct,9910,wikipedia_tabela_11,Dilma,53.0,–,https://en.wikipedia.org/wiki/2014_Brazilian_general_election
2014,1,Datafolha,22–23 Oct,9910,wikipedia_tabela_11,Aécio,47.0,–,https://en.wikipedia.org/wiki/2014_Brazilian_general_election
2014,1,Datafolha,21 Oct,4355,wikipedia_tabela_11,Dilma,52.0,–,https://en.wikipedia.org/wiki/2014_Brazilian_general_election
2014,1,Datafolha,21 Oct,4355,wikipedia_tabela_11,Aécio,48.0,–,https://en.wikipedia.org/wiki/2014_Brazilian_general_election
2014,1,Ibope,20–22 Oct,3010,wikipedia_tabela_11,Dilma,54.0,–,https://en.wikipedia.org/wiki/2014_Brazilian_general_election
2014,1,Ibope,20–22 Oct,3010,wikipedia_tabela_11,Aécio,46.0,–,https://en.wikipedia.org/wiki/2014_Brazilian_general_election
2014,1,Datafolha,20 Oct,4389,wikipedia_tabela_11,Dilma,52.0,–,https://en.wikipedia.org/wiki/2014_Brazilian_general_election
2014,1,Datafolha,20 Oct,4389,wikipedia_tabela_11,Aécio,48.0,–,https://en.wikipedia.org/wiki/2014_Brazilian_general_election
2014,1,Vox Populi,18–19 Oct,2000,wikipedia_tabela_11,Dilma,52.0,–,https://en.wikipedia.org/wiki/2014_Brazilian_general_election
2014,1,Vox Populi,18–19 Oct,2000,wikipedia_tabela_11,Aécio,48.0,–,https://en.wikipedia.org/wiki/2014_Brazilian_general_election
2014,1,CNT/MDA,18–19 Oct,2002,wikipedia_tabela_11,Dilma,50.5,–,https://en.wikipedia.org/wiki/2014_Brazilian_general_election
2014,1,CNT/MDA,18–19 Oct,2002,wikipedia_tabela_11,Aécio,49.5,–,https://en.wikipedia.org/wiki/2014_Brazilian_general_election
2014,1,Datafolha,14–15 Oct,9081,wikipedia_tabela_11,Dilma,49.0,–,https://en.wikipedia.org/wiki/2014_Brazilian_general_election
2014,1,Datafolha,14–15 Oct,9081,wikipedia_tabela_11,Aécio,51.0,–,https://en.wikipedia.org/wiki/2014_Brazilian_general_election
2014,1,Ibope,12–14 Oct,3010,wikipedia_tabela_11,Dilma,49.0,–,https://en.wikipedia.org/wiki/2014_Brazilian_general_election
2014,1,Ibope,12–14 Oct,3010,wikipedia_tabela_11,Aécio,51.0,–,https://en.wikipedia.org/wiki/2014_Brazilian_general_election
2014,1,Vox Populi Archived 2018-01-24 at the Wayback Machine,11–12 Oct,2000,wikipedia_tabela_11,Dilma,51.0,–,https://en.wikipedia.org/wiki/2014_Brazilian_general_election
2014,1,Vox Populi Archived 2018-01-24 at the Wayback Machine,11–12 Oct,2000,wikipedia_tabela_11,Aécio,49.0,–,https://en.wikipedia.org/wiki/2014_Brazilian_general_election
2014,1,Datafolha,8–9 Oct,2879,wikipedia_tabela_11,Dilma,49.0,–,https://en.wikipedia.org/wiki/2014_Brazilian_general_election
2014,1,Datafolha,8–9 Oct,2879,wikipedia_tabela_11,Aécio,51.0,–,https://en.wikipedia.org/wiki/2014_Brazilian_general_election
2014,1,Ibope,7–8 Oct,3010,wikipedia_tabela_11,Dilma,49.0,–,https://en.wikipedia.org/wiki/2014_Brazilian_general_election
2014,1,Ibope,7–8 Oct,3010,wikipedia_tabela_11,Aécio,51.0,–,https://en.wikipedia.org/wiki/2014_Brazilian_general_election
2014,1,Vox Populi,25 Oct,2000,wikipedia_tabela_11,Dilma,48.0,10%,https://en.wikipedia.org/wiki/2014_Brazilian_general_election
2014,1,Vox Populi,25 Oct,2000,wikipedia_tabela_11,Aécio,41.0,10%,https://en.wikipedia.org/wiki/2014_Brazilian_general_election
2014,1,Datafolha,24–25 Oct,19318,wikipedia_tabela_11,Dilma,47.0,10%,https://en.wikipedia.org/wiki/2014_Brazilian_general_election
2014,1,Datafolha,24–25 Oct,19318,wikipedia_tabela_11,Aécio,43.0,10%,https://en.wikipedia.org/wiki/2014_Brazilian_general_election
2014,1,Ibope,24–25 Oct,3010,wikipedia_tabela_11,Dilma,49.0,8%,https://en.wikipedia.org/wiki/2014_Brazilian_general_election
2014,1,Ibope,24–25 Oct,3010,wikipedia_tabela_11,Aécio,43.0,8%,https://en.wikipedia.org/wiki/2014_Brazilian_general_election
2014,1,CNT/MDA,23–24 Oct,2002,wikipedia_tabela_11,Dilma,44.7,10.1%,https://en.wikipedia.org/wiki/2014_Brazilian_general_election
2014,1,CNT/MDA,23–24 Oct,2002,wikipedia_tabela_11,Aécio,45.3,10.1%,https://en.wikipedia.org/wiki/2014_Brazilian_general_election
2014,1,Datafolha,22–23 Oct,9910,wikipedia_tabela_11,Dilma,48.0,10%,https://en.wikipedia.org/wiki/2014_Brazilian_general_election
2014,1,Datafolha,22–23 Oct,9910,wikipedia_tabela_11,Aécio,42.0,10%,https://en.wikipedia.org/wiki/2014_Brazilian_general_election
2014,1,Datafolha,21 Oct,4355,wikipedia_tabela_11,Dilma,47.0,10%,https://en.wikipedia.org/wiki/2014_Brazilian_general_election
2014,1,Datafolha,21 Oct,4355,wikipedia_tabela_11,Aécio,43.0,10%,https://en.wikipedia.org/wiki/2014_Brazilian_general_election
2014,1,Ibope,20–22 Oct,3010,wikipedia_tabela_11,Dilma,49.0,10%,https://en.wikipedia.org/wiki/2014_Brazilian_general_election
2014,1,Ibope,20–22 Oct,3010,wikipedia_tabela_11,Aécio,41.0,10%,https://en.wikipedia.org/wiki/2014_Brazilian_general_election
2014,1,Datafolha,20 Oct,4389,wikipedia_tabela_11,Dilma,46.0,11%,https://en.wikipedia.org/wiki/2014_Brazilian_general_election
2014,1,Datafolha,20 Oct,4389,wikipedia_tabela_11,Aécio,43.0,11%,https://en.wikipedia.org/wiki/2014_Brazilian_general_election
2014,1,Vox Populi,18–19 Oct,2000,wikipedia_tabela_11,Dilma,46.0,11%,https://en.wikipedia.org/wiki/2014_Brazilian_general_election
2014,1,Vox Populi,18–19 Oct,2000,wikipedia_tabela_11,Aécio,43.0,11%,https://en.wikipedia.org/wiki/2014_Brazilian_general_election
2014,1,CNT/MDA,18–19 Oct,2002,wikipedia_tabela_11,Dilma,45.5,10.0%,https://en.wikipedia.org/wiki/2014_Brazilian_general_election
2014,1,CNT/MDA,18–19 Oct,2002,wikipedia_tabela_11,Aécio,44.5,10.0%,https://en.wikipedia.org/wiki/2014_Brazilian_general_election
2014,1,Datafolha,14–15 Oct,9081,wikipedia_tabela_11,Dilma,43.0,12%,https://en.wikipedia.org/wiki/2014_Brazilian_general_election
2014,1,Datafolha,14–15 Oct,9081,wikipedia_tabela_11,Aécio,45.0,12%,https://en.wikipedia.org/wiki/2014_Brazilian_general_election
2014,1,Ibope,12–14 Oct,3010,wikipedia_tabela_11,Dilma,43.0,12%,https://en.wikipedia.org/wiki/2014_Brazilian_general_election
2014,1,Ibope,12–14 Oct,3010,wikipedia_tabela_11,Aécio,45.0,12%,https://en.wikipedia.org/wiki/2014_Brazilian_general_election
2014,1,Vox Populi Archived 2018-01-24 at the Wayback Machine,11–12 Oct,2000,wikipedia_tabela_11,Dilma,45.0,11%,https://en.wikipedia.org/wiki/2014_Brazilian_general_election
2014,1,Vox Populi Archived 2018-01-24 at the Wayback Machine,11–12 Oct,2000,wikipedia_tabela_11,Aécio,44.0,11%,https://en.wikipedia.org/wiki/2014_Brazilian_general_election
2014,1,Datafolha,8–9 Oct,2879,wikipedia_tabela_11,Dilma,44.0,10%,https://en.wikipedia.org/wiki/2014_Brazilian_general_election
2014,1,Datafolha,8–9 Oct,2879,wikipedia_tabela_11,Aécio,46.0,10%,https://en.wikipedia.org/wiki/2014_Brazilian_general_election
2014,1,Ibope,7–8 Oct,3010,wikipedia_tabela_11,Dilma,44.0,10%,https://en.wikipedia.org/wiki/2014_Brazilian_general_election
2014,1,Ibope,7–8 Oct,3010,wikipedia_tabela_11,Aécio,46.0,10%,https://en.wikipedia.org/wiki/2014_Brazilian_general_election
2010,1,Vox Populi,2 Oct,,wikipedia_tabela_1,Dilma,47.0,13%,https://en.wikipedia.org/wiki/Opinion_polling_for_the_2010_Brazilian_presidential_election
2010,1,Vox Populi,2 Oct,,wikipedia_tabela_1,Serra,26.0,13%,https://en.wikipedia.org/wiki/Opinion_polling_for_the_2010_Brazilian_presidential_election
2010,1,Ibope,1–2 Oct,,wikipedia_tabela_1,Dilma,47.0,8%,https://en.wikipedia.org/wiki/Opinion_polling_for_the_2010_Brazilian_presidential_election
2010,1,Ibope,1–2 Oct,,wikipedia_tabela_1,Serra,29.0,8%,https://en.wikipedia.org/wiki/Opinion_polling_for_the_2010_Brazilian_presidential_election
2010,1,Datafolha,1–2 Oct,,wikipedia_tabela_1,Dilma,47.0,8%,https://en.wikipedia.org/wiki/Opinion_polling_for_the_2010_Brazilian_presidential_election
2010,1,Datafolha,1–2 Oct,,wikipedia_tabela_1,Serra,29.0,8%,https://en.wikipedia.org/wiki/Opinion_polling_for_the_2010_Brazilian_presidential_election
2010,1,Vox Populi,1 Oct,,wikipedia_tabela_1,Dilma,48.0,13%,https://en.wikipedia.org/wiki/Opinion_polling_for_the_2010_Brazilian_presidential_election
2010,1,Vox Populi,1 Oct,,wikipedia_tabela_1,Serra,27.0,13%,https://en.wikipedia.org/wiki/Opinion_polling_for_the_2010_Brazilian_presidential_election
2010,1,Vox Populi,30 Sep,,wikipedia_tabela_1,Dilma,49.0,13%,https://en.wikipedia.org/wiki/Opinion_polling_for_the_2010_Brazilian_presidential_election
2010,1,Vox Populi,30 Sep,,wikipedia_tabela_1,Serra,26.0,13%,https://en.wikipedia.org/wiki/Opinion_polling_for_the_2010_Brazilian_presidential_election
2010,1,Vox Populi,29 Sep,,wikipedia_tabela_1,Dilma,49.0,13%,https://en.wikipedia.org/wiki/Opinion_polling_for_the_2010_Brazilian_presidential_election
2010,1,Vox Populi,29 Sep,,wikipedia_tabela_1,Serra,26.0,13%,https://en.wikipedia.org/wiki/Opinion_polling_for_the_2010_Brazilian_presidential_election
2010,1,Datafolha,28–29 Sep,,wikipedia_tabela_1,Dilma,47.0,11%,https://en.wikipedia.org/wiki/Opinion_polling_for_the_2010_Brazilian_presidential_election
2010,1,Datafolha,28–29 Sep,,wikipedia_tabela_1,Serra,28.0,11%,https://en.wikipedia.org/wiki/Opinion_polling_for_the_2010_Brazilian_presidential_election
2010,1,Vox Populi,28 Sep,,wikipedia_tabela_1,Dilma,49.0,14%,https://en.wikipedia.org/wiki/Opinion_polling_for_the_2010_Brazilian_presidential_election
2010,1,Vox Populi,28 Sep,,wikipedia_tabela_1,Serra,25.0,14%,https://en.wikipedia.org/wiki/Opinion_polling_for_the_2010_Brazilian_presidential_election
2010,1,Datafolha,27 Sep,,wikipedia_tabela_1,Dilma,46.0,12%,https://en.wikipedia.org/wiki/Opinion_polling_for_the_2010_Brazilian_presidential_election
2010,1,Datafolha,27 Sep,,wikipedia_tabela_1,Serra,28.0,12%,https://en.wikipedia.org/wiki/Opinion_polling_for_the_2010_Brazilian_presidential_election
2010,1,Vox Populi,27 Sep,,wikipedia_tabela_1,Dilma,49.0,14%,https://en.wikipedia.org/wiki/Opinion_polling_for_the_2010_Brazilian_presidential_election
2010,1,Vox Populi,27 Sep,,wikipedia_tabela_1,Serra,24.0,14%,https://en.wikipedia.org/wiki/Opinion_polling_for_the_2010_Brazilian_presidential_election
2010,1,CNT/Sensus,26–28 Sep,,wikipedia_tabela_1,Dilma,47.5,15.3%,https://en.wikipedia.org/wiki/Opinion_polling_for_the_2010_Brazilian_presidential_election
2010,1,CNT/Sensus,26–28 Sep,,wikipedia_tabela_1,Serra,25.6,15.3%,https://en.wikipedia.org/wiki/Opinion_polling_for_the_2010_Brazilian_presidential_election
2010,1,Vox Populi,26 Sep,,wikipedia_tabela_1,Dilma,49.0,15%,https://en.wikipedia.org/wiki/Opinion_polling_for_the_2010_Brazilian_presidential_election
2010,1,Vox Populi,26 Sep,,wikipedia_tabela_1,Serra,24.0,15%,https://en.wikipedia.org/wiki/Opinion_polling_for_the_2010_Brazilian_presidential_election
2010,1,Ibope[link removed],25–26 Sep,,wikipedia_tabela_1,Dilma,50.0,10%,https://en.wikipedia.org/wiki/Opinion_polling_for_the_2010_Brazilian_presidential_election
2010,1,Ibope[link removed],25–26 Sep,,wikipedia_tabela_1,Serra,27.0,10%,https://en.wikipedia.org/wiki/Opinion_polling_for_the_2010_Brazilian_presidential_election
2010,1,Vox Populi,25 Sep,,wikipedia_tabela_1,Dilma,50.0,16%,https://en.wikipedia.org/wiki/Opinion_polling_for_the_2010_Brazilian_presidential_election
2010,1,Vox Populi,25 Sep,,wikipedia_tabela_1,Serra,23.0,16%,https://en.wikipedia.org/wiki/Opinion_polling_for_the_2010_Brazilian_presidential_election
2010,1,Vox Populi,24 Sep,,wikipedia_tabela_1,Dilma,50.0,16%,https://en.wikipedia.org/wiki/Opinion_polling_for_the_2010_Brazilian_presidential_election
2010,1,Vox Populi,24 Sep,,wikipedia_tabela_1,Serra,24.0,16%,https://en.wikipedia.org/wiki/Opinion_polling_for_the_2010_Brazilian_presidential_election
2010,1,Vox Populi,23 Sep,,wikipedia_tabela_1,Dilma,51.0,15%,https://en.wikipedia.org/wiki/Opinion_polling_for_the_2010_Brazilian_presidential_election
2010,1,Vox Populi,23 Sep,,wikipedia_tabela_1,Serra,24.0,15%,https://en.wikipedia.org/wiki/Opinion_polling_for_the_2010_Brazilian_presidential_election
2010,1,Vox Populi,22 Sep,,wikipedia_tabela_1,Dilma,51.0,15%,https://en.wikipedia.org/wiki/Opinion_polling_for_the_2010_Brazilian_presidential_election
2010,1,Vox Populi,22 Sep,,wikipedia_tabela_1,Serra,24.0,15%,https://en.wikipedia.org/wiki/Opinion_polling_for_the_2010_Brazilian_presidential_election
2010,1,Ibope,21–23 Sep,,wikipedia_tabela_1,Dilma,50.0,10%,https://en.wikipedia.org/wiki/Opinion_polling_for_the_2010_Brazilian_presidential_election
2010,1,Ibope,21–23 Sep,,wikipedia_tabela_1,Serra,28.0,10%,https://en.wikipedia.org/wiki/Opinion_polling_for_the_2010_Brazilian_presidential_election
2010,1,Datafolha,21–22 Sep,,wikipedia_tabela_1,Dilma,49.0,10%,https://en.wikipedia.org/wiki/Opinion_polling_for_the_2010_Brazilian_presidential_election
2010,1,Datafolha,21–22 Sep,,wikipedia_tabela_1,Serra,28.0,10%,https://en.wikipedia.org/wiki/Opinion_polling_for_the_2010_Brazilian_presidential_election
2010,1,Vox Populi,21 Sep,,wikipedia_tabela_1,Dilma,52.0,14%,https://en.wikipedia.org/wiki/Opinion_polling_for_the_2010_Brazilian_presidential_election
2010,1,Vox Populi,21 Sep,,wikipedia_tabela_1,Serra,25.0,14%,https://en.wikipedia.org/wiki/Opinion_polling_for_the_2010_Brazilian_presidential_election
2010,1,Vox Populi,20 Sep,,wikipedia_tabela_1,Dilma,53.0,15%,https://en.wikipedia.org/wiki/Opinion_polling_for_the_2010_Brazilian_presidential_election
2010,1,Vox Populi,20 Sep,,wikipedia_tabela_1,Serra,23.0,15%,https://en.wikipedia.org/wiki/Opinion_polling_for_the_2010_Brazilian_presidential_election
2010,1,Vox Populi,19 Sep,,wikipedia_tabela_1,Dilma,53.0,14%,https://en.wikipedia.org/wiki/Opinion_polling_for_the_2010_Brazilian_presidential_election
2010,1,Vox Populi,19 Sep,,wikipedia_tabela_1,Serra,24.0,14%,https://en.wikipedia.org/wiki/Opinion_polling_for_the_2010_Brazilian_presidential_election
2010,1,Vox Populi,18 Sep,,wikipedia_tabela_1,Dilma,51.0,16%,https://en.wikipedia.org/wiki/Opinion_polling_for_the_2010_Brazilian_presidential_election
2010,1,Vox Populi,18 Sep,,wikipedia_tabela_1,Serra,24.0,16%,https://en.wikipedia.org/wiki/Opinion_polling_for_the_2010_Brazilian_presidential_election
2010,1,Vox Populi,17 Sep,,wikipedia_tabela_1,Dilma,51.0,17%,https://en.wikipedia.org/wiki/Opinion_polling_for_the_2010_Brazilian_presidential_election
2010,1,Vox Populi,17 Sep,,wikipedia_tabela_1,Serra,23.0,17%,https://en.wikipedia.org/wiki/Opinion_polling_for_the_2010_Brazilian_presidential_election
2010,1,Vox Populi,16 Sep,,wikipedia_tabela_1,Dilma,51.0,17%,https://en.wikipedia.org/wiki/Opinion_polling_for_the_2010_Brazilian_presidential_election
2010,1,Vox Populi,16 Sep,,wikipedia_tabela_1,Serra,23.0,17%,https://en.wikipedia.org/wiki/Opinion_polling_for_the_2010_Brazilian_presidential_election
2010,1,Vox Populi,15 Sep,,wikipedia_tabela_1,Dilma,52.0,17%,https://en.wikipedia.org/wiki/Opinion_polling_for_the_2010_Brazilian_presidential_election
2010,1,Vox Populi,15 Sep,,wikipedia_tabela_1,Serra,22.0,17%,https://en.wikipedia.org/wiki/Opinion_polling_for_the_2010_Brazilian_presidential_election
2010,1,Ibope,14–17 Sep,,wikipedia_tabela_1,Dilma,51.0,13%,https://en.wikipedia.org/wiki/Opinion_polling_for_the_2010_Brazilian_presidential_election
2010,1,Ibope,14–17 Sep,,wikipedia_tabela_1,Serra,25.0,13%,https://en.wikipedia.org/wiki/Opinion_polling_for_the_2010_Brazilian_presidential_election
2010,1,Vox Populi,14 Sep,,wikipedia_tabela_1,Dilma,53.0,17%,https://en.wikipedia.org/wiki/Opinion_polling_for_the_2010_Brazilian_presidential_election
2010,1,Vox Populi,14 Sep,,wikipedia_tabela_1,Serra,22.0,17%,https://en.wikipedia.org/wiki/Opinion_polling_for_the_2010_Brazilian_presidential_election
2010,1,Datafolha,13–15 Sep,,wikipedia_tabela_1,Dilma,51.0,11%,https://en.wikipedia.org/wiki/Opinion_polling_for_the_2010_Brazilian_presidential_election
2010,1,Datafolha,13–15 Sep,,wikipedia_tabela_1,Serra,27.0,11%,https://en.wikipedia.org/wiki/Opinion_polling_for_the_2010_Brazilian_presidential_election
2010,1,Vox Populi,13 Sep,,wikipedia_tabela_1,Dilma,54.0,16%,https://en.wikipedia.org/wiki/Opinion_polling_for_the_2010_Brazilian_presidential_election
2010,1,Vox Populi,13 Sep,,wikipedia_tabela_1,Serra,22.0,16%,https://en.wikipedia.org/wiki/Opinion_polling_for_the_2010_Brazilian_presidential_election
2010,1,Vox Populi,12 Sep,,wikipedia_tabela_1,Dilma,53.0,15%,https://en.wikipedia.org/wiki/Opinion_polling_for_the_2010_Brazilian_presidential_election
2010,1,Vox Populi,12 Sep,,wikipedia_tabela_1,Serra,23.0,15%,https://en.wikipedia.org/wiki/Opinion_polling_for_the_2010_Brazilian_presidential_election
2010,1,Vox Populi,12 Sep,,wikipedia_tabela_1,Dilma,52.0,16%,https://en.wikipedia.org/wiki/Opinion_polling_for_the_2010_Brazilian_presidential_election
2010,1,Vox Populi,12 Sep,,wikipedia_tabela_1,Serra,23.0,16%,https://en.wikipedia.org/wiki/Opinion_polling_for_the_2010_Brazilian_presidential_election
2010,1,CNT/Sensus,10–12 Sep,,wikipedia_tabela_1,Dilma,50.5,14.2%,https://en.wikipedia.org/wiki/Opinion_polling_for_the_2010_Brazilian_presidential_election
2010,1,CNT/Sensus,10–12 Sep,,wikipedia_tabela_1,Serra,26.4,14.2%,https://en.wikipedia.org/wiki/Opinion_polling_for_the_2010_Brazilian_presidential_election
2010,1,Vox Populi,10 Sep,,wikipedia_tabela_1,Dilma,53.0,16%,https://en.wikipedia.org/wiki/Opinion_polling_for_the_2010_Brazilian_presidential_election
2010,1,Vox Populi,10 Sep,,wikipedia_tabela_1,Serra,22.0,16%,https://en.wikipedia.org/wiki/Opinion_polling_for_the_2010_Brazilian_presidential_election
2010,1,Vox Populi,9 Sep,,wikipedia_tabela_1,Dilma,53.0,17%,https://en.wikipedia.org/wiki/Opinion_polling_for_the_2010_Brazilian_presidential_election
2010,1,Vox Populi,9 Sep,,wikipedia_tabela_1,Serra,21.0,17%,https://en.wikipedia.org/wiki/Opinion_polling_for_the_2010_Brazilian_presidential_election
2010,1,Datafolha,8–9 Sep,,wikipedia_tabela_1,Dilma,50.0,12%,https://en.wikipedia.org/wiki/Opinion_polling_for_the_2010_Brazilian_presidential_election
2010,1,Datafolha,8–9 Sep,,wikipedia_tabela_1,Serra,27.0,12%,https://en.wikipedia.org/wiki/Opinion_polling_for_the_2010_Brazilian_presidential_election
2010,1,Vox Populi,8 Sep,,wikipedia_tabela_1,Dilma,54.0,15%,https://en.wikipedia.org/wiki/Opinion_polling_for_the_2010_Brazilian_presidential_election
2010,1,Vox Populi,8 Sep,,wikipedia_tabela_1,Serra,21.0,15%,https://en.wikipedia.org/wiki/Opinion_polling_for_the_2010_Brazilian_presidential_election
2010,1,Vox Populi,7 Sep,,wikipedia_tabela_1,Dilma,56.0,15%,https://en.wikipedia.org/wiki/Opinion_polling_for_the_2010_Brazilian_presidential_election
2010,1,Vox Populi,7 Sep,,wikipedia_tabela_1,Serra,21.0,15%,https://en.wikipedia.org/wiki/Opinion_polling_for_the_2010_Brazilian_presidential_election
2010,1,Vox Populi,6 Sep,,wikipedia_tabela_1,Dilma,55.0,15%,https://en.wikipedia.org/wiki/Opinion_polling_for_the_2010_Brazilian_presidential_election
2010,1,Vox Populi,6 Sep,,wikipedia_tabela_1,Serra,22.0,15%,https://en.wikipedia.org/wiki/Opinion_polling_for_the_2010_Brazilian_presidential_election
2010,1,Vox Populi,5 Sep,,wikipedia_tabela_1,Dilma,53.0,15%,https://en.wikipedia.org/wiki/Opinion_polling_for_the_2010_Brazilian_presidential_election
2010,1,Vox Populi,5 Sep,,wikipedia_tabela_1,Serra,24.0,15%,https://en.wikipedia.org/wiki/Opinion_polling_for_the_2010_Brazilian_presidential_election
2010,1,Vox Populi,4 Sep,,wikipedia_tabela_1,Dilma,53.0,15%,https://en.wikipedia.org/wiki/Opinion_polling_for_the_2010_Brazilian_presidential_election
2010,1,Vox Populi,4 Sep,,wikipedia_tabela_1,Serra,24.0,15%,https://en.wikipedia.org/wiki/Opinion_polling_for_the_2010_Brazilian_presidential_election
2010,1,Vox Populi,3 Sep,,wikipedia_tabela_1,Dilma,52.0,16%,https://en.wikipedia.org/wiki/Opinion_polling_for_the_2010_Brazilian_presidential_election
2010,1,Vox Populi,3 Sep,,wikipedia_tabela_1,Serra,24.0,16%,https://en.wikipedia.org/wiki/Opinion_polling_for_the_2010_Brazilian_presidential_election
2010,1,Datafolha,2–3 Sep,,wikipedia_tabela_1,Dilma,50.0,12%,https://en.wikipedia.org/wiki/Opinion_polling_for_the_2010_Brazilian_presidential_election
2010,1,Datafolha,2–3 Sep,,wikipedia_tabela_1,Serra,28.0,12%,https://en.wikipedia.org/wiki/Opinion_polling_for_the_2010_Brazilian_presidential_election
2010,1,Vox Populi,2 Sep,,wikipedia_tabela_1,Dilma,51.0,15%,https://en.wikipedia.org/wiki/Opinion_polling_for_the_2010_Brazilian_presidential_election
2010,1,Vox Populi,2 Sep,,wikipedia_tabela_1,Serra,25.0,15%,https://en.wikipedia.org/wiki/Opinion_polling_for_the_2010_Brazilian_presidential_election
2010,1,Vox Populi,1 Sep,,wikipedia_tabela_1,Dilma,51.0,15%,https://en.wikipedia.org/wiki/Opinion_polling_for_the_2010_Brazilian_presidential_election
2010,1,Vox Populi,1 Sep,,wikipedia_tabela_1,Serra,25.0,15%,https://en.wikipedia.org/wiki/Opinion_polling_for_the_2010_Brazilian_presidential_election
2010,1,Ibope,31 Aug–2 Sep,,wikipedia_tabela_1,Dilma,51.0,14%,https://en.wikipedia.org/wiki/Opinion_polling_for_the_2010_Brazilian_presidential_election
2010,1,Ibope,31 Aug–2 Sep,,wikipedia_tabela_1,Serra,27.0,14%,https://en.wikipedia.org/wiki/Opinion_polling_for_the_2010_Brazilian_presidential_election
2010,1,Ibope,24–26 Aug,,wikipedia_tabela_1,Dilma,51.0,15%,https://en.wikipedia.org/wiki/Opinion_polling_for_the_2010_Brazilian_presidential_election
2010,1,Ibope,24–26 Aug,,wikipedia_tabela_1,Serra,27.0,15%,https://en.wikipedia.org/wiki/Opinion_polling_for_the_2010_Brazilian_presidential_election
2010,1,Datafolha,23–24 Aug,,wikipedia_tabela_1,Dilma,49.0,13%,https://en.wikipedia.org/wiki/Opinion_polling_for_the_2010_Brazilian_presidential_election
2010,1,Datafolha,23–24 Aug,,wikipedia_tabela_1,Serra,29.0,13%,https://en.wikipedia.org/wiki/Opinion_polling_for_the_2010_Brazilian_presidential_election
2010,1,CNT/Sensus,20–22 Aug,,wikipedia_tabela_1,Dilma,46.0,17.8%,https://en.wikipedia.org/wiki/Opinion_polling_for_the_2010_Brazilian_presidential_election
2010,1,CNT/Sensus,20–22 Aug,,wikipedia_tabela_1,Serra,28.1,17.8%,https://en.wikipedia.org/wiki/Opinion_polling_for_the_2010_Brazilian_presidential_election
2010,1,Datafolha,20 Aug,,wikipedia_tabela_1,Dilma,47.0,14%,https://en.wikipedia.org/wiki/Opinion_polling_for_the_2010_Brazilian_presidential_election
2010,1,Datafolha,20 Aug,,wikipedia_tabela_1,Serra,30.0,14%,https://en.wikipedia.org/wiki/Opinion_polling_for_the_2010_Brazilian_presidential_election
2010,1,Ibope,12–15 Aug,,wikipedia_tabela_1,Dilma,43.0,17%,https://en.wikipedia.org/wiki/Opinion_polling_for_the_2010_Brazilian_presidential_election
2010,1,Ibope,12–15 Aug,,wikipedia_tabela_1,Serra,32.0,17%,https://en.wikipedia.org/wiki/Opinion_polling_for_the_2010_Brazilian_presidential_election
2010,1,Datafolha Archived 2010-08-20 at the Wayback Machine,9–12 Aug,,wikipedia_tabela_1,Dilma,41.0,16%,https://en.wikipedia.org/wiki/Opinion_polling_for_the_2010_Brazilian_presidential_election
2010,1,Datafolha Archived 2010-08-20 at the Wayback Machine,9–12 Aug,,wikipedia_tabela_1,Serra,33.0,16%,https://en.wikipedia.org/wiki/Opinion_polling_for_the_2010_Brazilian_presidential_election
2010,1,Vox Populi,7–10 Aug,,wikipedia_tabela_1,Dilma,45.0,18%,https://en.wikipedia.org/wiki/Opinion_polling_for_the_2010_Brazilian_presidential_election
2010,1,Vox Populi,7–10 Aug,,wikipedia_tabela_1,Serra,29.0,18%,https://en.wikipedia.org/wiki/Opinion_polling_for_the_2010_Brazilian_presidential_election
2010,1,Ibope[link removed],2–5 Aug,,wikipedia_tabela_1,Dilma,39.0,19%,https://en.wikipedia.org/wiki/Opinion_polling_for_the_2010_Brazilian_presidential_election
2010,1,Ibope[link removed],2–5 Aug,,wikipedia_tabela_1,Serra,34.0,19%,https://en.wikipedia.org/wiki/Opinion_polling_for_the_2010_Brazilian_presidential_election
2010,1,CNT/Sensus,31 Jul–2 Aug,,wikipedia_tabela_1,Dilma,41.6,18.3%,https://en.wikipedia.org/wiki/Opinion_polling_for_the_2010_Brazilian_presidential_election
2010,1,CNT/Sensus,31 Jul–2 Aug,,wikipedia_tabela_1,Serra,31.6,18.3%,https://en.wikipedia.org/wiki/Opinion_polling_for_the_2010_Brazilian_presidential_election
2010,1,Ibope,26–29 Jul,,wikipedia_tabela_1,Dilma,39.0,19%,https://en.wikipedia.org/wiki/Opinion_polling_for_the_2010_Brazilian_presidential_election
2010,1,Ibope,26–29 Jul,,wikipedia_tabela_1,Serra,34.0,19%,https://en.wikipedia.org/wiki/Opinion_polling_for_the_2010_Brazilian_presidential_election
2010,1,Datafolha,20–23 Jul,,wikipedia_tabela_1,Dilma,36.0,17%,https://en.wikipedia.org/wiki/Opinion_polling_for_the_2010_Brazilian_presidential_election
2010,1,Datafolha,20–23 Jul,,wikipedia_tabela_1,Serra,37.0,17%,https://en.wikipedia.org/wiki/Opinion_polling_for_the_2010_Brazilian_presidential_election
2010,1,Vox Populi,17–20 Aug,,wikipedia_tabela_1,Dilma,41.0,17%,https://en.wikipedia.org/wiki/Opinion_polling_for_the_2010_Brazilian_presidential_election
2010,1,Vox Populi,17–20 Aug,,wikipedia_tabela_1,Serra,33.0,17%,https://en.wikipedia.org/wiki/Opinion_polling_for_the_2010_Brazilian_presidential_election
2010,1,Datafolha,30 Jun–1 Jul,,wikipedia_tabela_1,Dilma,38.0,12%,https://en.wikipedia.org/wiki/Opinion_polling_for_the_2010_Brazilian_presidential_election
2010,1,Datafolha,30 Jun–1 Jul,,wikipedia_tabela_1,Serra,39.0,12%,https://en.wikipedia.org/wiki/Opinion_polling_for_the_2010_Brazilian_presidential_election
2010,1,Ibope,27–30 Jun,,wikipedia_tabela_1,Dilma,39.0,13%,https://en.wikipedia.org/wiki/Opinion_polling_for_the_2010_Brazilian_presidential_election
2010,1,Ibope,27–30 Jun,,wikipedia_tabela_1,Serra,39.0,13%,https://en.wikipedia.org/wiki/Opinion_polling_for_the_2010_Brazilian_presidential_election
2010,1,Vox Populi,24–26 Jun,,wikipedia_tabela_1,Dilma,40.0,17%,https://en.wikipedia.org/wiki/Opinion_polling_for_the_2010_Brazilian_presidential_election
2010,1,Vox Populi,24–26 Jun,,wikipedia_tabela_1,Serra,35.0,17%,https://en.wikipedia.org/wiki/Opinion_polling_for_the_2010_Brazilian_presidential_election
2010,1,CNI/Ibope Archived 2012-02-24 at the Wayback Machine,19–21 Jun,,wikipedia_tabela_1,Dilma,40.0,16%,https://en.wikipedia.org/wiki/Opinion_polling_for_the_2010_Brazilian_presidential_election
2010,1,CNI/Ibope Archived 2012-02-24 at the Wayback Machine,19–21 Jun,,wikipedia_tabela_1,Serra,35.0,16%,https://en.wikipedia.org/wiki/Opinion_polling_for_the_2010_Brazilian_presidential_election
2010,1,Ibope,31 May–3 Jun,,wikipedia_tabela_1,Dilma,37.0,17%,https://en.wikipedia.org/wiki/Opinion_polling_for_the_2010_Brazilian_presidential_election
2010,1,Ibope,31 May–3 Jun,,wikipedia_tabela_1,Serra,37.0,17%,https://en.wikipedia.org/wiki/Opinion_polling_for_the_2010_Brazilian_presidential_election
2010,1,Datafolha,20–21 May,,wikipedia_tabela_1,Dilma,37.0,14%,https://en.wikipedia.org/wiki/Opinion_polling_for_the_2010_Brazilian_presidential_election
2010,1,Datafolha,20–21 May,,wikipedia_tabela_1,Serra,37.0,14%,https://en.wikipedia.org/wiki/Opinion_polling_for_the_2010_Brazilian_presidential_election
2010,1,CNT/Sensus,10–14 May,,wikipedia_tabela_1,Dilma,35.7,17.3%,https://en.wikipedia.org/wiki/Opinion_polling_for_the_2010_Brazilian_presidential_election
2010,1,CNT/Sensus,10–14 May,,wikipedia_tabela_1,Serra,33.2,17.3%,https://en.wikipedia.org/wiki/Opinion_polling_for_the_2010_Brazilian_presidential_election
2010,1,Vox Populi,8–13 May,,wikipedia_tabela_1,Dilma,38.0,22%,https://en.wikipedia.org/wiki/Opinion_polling_for_the_2010_Brazilian_presidential_election
2010,1,Vox Populi,8–13 May,,wikipedia_tabela_1,Serra,35.0,22%,https://en.wikipedia.org/wiki/Opinion_polling_for_the_2010_Brazilian_presidential_election
2010,1,Datafolha,15–16 Apr,,wikipedia_tabela_1,Dilma,28.0,15%,https://en.wikipedia.org/wiki/Opinion_polling_for_the_2010_Brazilian_presidential_election
2010,1,Datafolha,15–16 Apr,,wikipedia_tabela_1,Serra,38.0,15%,https://en.wikipedia.org/wiki/Opinion_polling_for_the_2010_Brazilian_presidential_election
2010,1,Ibope,13–16 Apr,,wikipedia_tabela_1,Dilma,29.0,19%,https://en.wikipedia.org/wiki/Opinion_polling_for_the_2010_Brazilian_presidential_election
2010,1,Ibope,13–16 Apr,,wikipedia_tabela_1,Serra,36.0,19%,https://en.wikipedia.org/wiki/Opinion_polling_for_the_2010_Brazilian_presidential_election
2010,1,CNT/Sensus,5–9 Apr,,wikipedia_tabela_1,Dilma,32.4,16.7%,https://en.wikipedia.org/wiki/Opinion_polling_for_the_2010_Brazilian_presidential_election
2010,1,CNT/Sensus,5–9 Apr,,wikipedia_tabela_1,Serra,32.7,16.7%,https://en.wikipedia.org/wiki/Opinion_polling_for_the_2010_Brazilian_presidential_election
2010,1,Vox Populi Archived 2010-09-29 at the Wayback Machine,30–31 Mar,,wikipedia_tabela_1,Dilma,31.0,20%,https://en.wikipedia.org/wiki/Opinion_polling_for_the_2010_Brazilian_presidential_election
2010,1,Vox Populi Archived 2010-09-29 at the Wayback Machine,30–31 Mar,,wikipedia_tabela_1,Serra,34.0,20%,https://en.wikipedia.org/wiki/Opinion_polling_for_the_2010_Brazilian_presidential_election
2010,1,Datafolha,25–26 Mar,,wikipedia_tabela_1,Dilma,27.0,18%,https://en.wikipedia.org/wiki/Opinion_polling_for_the_2010_Brazilian_presidential_election
2010,1,Datafolha,25–26 Mar,,wikipedia_tabela_1,Serra,36.0,18%,https://en.wikipedia.org/wiki/Opinion_polling_for_the_2010_Brazilian_presidential_election
2010,1,Ibope,6–10 Mar,,wikipedia_tabela_1,Dilma,30.0,18%,https://en.wikipedia.org/wiki/Opinion_polling_for_the_2010_Brazilian_presidential_election
2010,1,Ibope,6–10 Mar,,wikipedia_tabela_1,Serra,35.0,18%,https://en.wikipedia.org/wiki/Opinion_polling_for_the_2010_Brazilian_presidential_election
2010,1,Datafolha,24–25 Feb,,wikipedia_tabela_1,Dilma,28.0,19%,https://en.wikipedia.org/wiki/Opinion_polling_for_the_2010_Brazilian_presidential_election
2010,1,Datafolha,24–25 Feb,,wikipedia_tabela_1,Serra,32.0,19%,https://en.wikipedia.org/wiki/Opinion_polling_for_the_2010_Brazilian_presidential_election
2010,1,Ibope[link removed],6–9 Feb,,wikipedia_tabela_1,Dilma,25.0,20%,https://en.wikipedia.org/wiki/Opinion_polling_for_the_2010_Brazilian_presidential_election
2010,1,Ibope[link removed],6–9 Feb,,wikipedia_tabela_1,Serra,36.0,20%,https://en.wikipedia.org/wiki/Opinion_polling_for_the_2010_Brazilian_presidential_election
2010,1,CNT/Sensus,25–29 Jan,,wikipedia_tabela_1,Dilma,27.8,20.3%,https://en.wikipedia.org/wiki/Opinion_polling_for_the_2010_Brazilian_presidential_election
2010,1,CNT/Sensus,25–29 Jan,,wikipedia_tabela_1,Serra,33.2,20.3%,https://en.wikipedia.org/wiki/Opinion_polling_for_the_2010_Brazilian_presidential_election
2010,1,Vox Populi,14–17 Jan,,wikipedia_tabela_1,Dilma,27.0,19%,https://en.wikipedia.org/wiki/Opinion_polling_for_the_2010_Brazilian_presidential_election
2010,1,Vox Populi,14–17 Jan,,wikipedia_tabela_1,Serra,34.0,19%,https://en.wikipedia.org/wiki/Opinion_polling_for_the_2010_Brazilian_presidential_election
2010,1,Datafolha[link removed],14–18 Dec 2009,,wikipedia_tabela_1,Dilma,23.0,19%,https://en.wikipedia.org/wiki/Opinion_polling_for_the_2010_Brazilian_presidential_election
2010,1,Datafolha[link removed],14–18 Dec 2009,,wikipedia_tabela_1,Serra,37.0,19%,https://en.wikipedia.org/wiki/Opinion_polling_for_the_2010_Brazilian_presidential_election
2010,1,Ibope[link removed],26–30 Nov 2009,,wikipedia_tabela_1,Dilma,17.0,25%,https://en.wikipedia.org/wiki/Opinion_polling_for_the_2010_Brazilian_presidential_election
2010,1,Ibope[link removed],26–30 Nov 2009,,wikipedia_tabela_1,Serra,38.0,25%,https://en.wikipedia.org/wiki/Opinion_polling_for_the_2010_Brazilian_presidential_election
2010,1,CNT/Sensus,23 Nov 2009,,wikipedia_tabela_1,Dilma,21.7,23.1%,https://en.wikipedia.org/wiki/Opinion_polling_for_the_2010_Brazilian_presidential_election
2010,1,CNT/Sensus,23 Nov 2009,,wikipedia_tabela_1,Serra,31.8,23.1%,https://en.wikipedia.org/wiki/Opinion_polling_for_the_2010_Brazilian_presidential_election
2010,1,Vox Populi,11 Nov 2009,,wikipedia_tabela_1,Dilma,19.0,23%,https://en.wikipedia.org/wiki/Opinion_polling_for_the_2010_Brazilian_presidential_election
2010,1,Vox Populi,11 Nov 2009,,wikipedia_tabela_1,Serra,36.0,23%,https://en.wikipedia.org/wiki/Opinion_polling_for_the_2010_Brazilian_presidential_election
2010,1,CNT/Sensus,8 Sep 2009,,wikipedia_tabela_1,Dilma,19.0,27%,https://en.wikipedia.org/wiki/Opinion_polling_for_the_2010_Brazilian_presidential_election
2010,1,CNT/Sensus,8 Sep 2009,,wikipedia_tabela_1,Serra,39.5,27%,https://en.wikipedia.org/wiki/Opinion_polling_for_the_2010_Brazilian_presidential_election
2010,1,Vox Populi,18 Aug 2009,,wikipedia_tabela_1,Dilma,21.0,20%,https://en.wikipedia.org/wiki/Opinion_polling_for_the_2010_Brazilian_presidential_election
2010,1,Vox Populi,18 Aug 2009,,wikipedia_tabela_1,Serra,30.0,20%,https://en.wikipedia.org/wiki/Opinion_polling_for_the_2010_Brazilian_presidential_election
2010,1,Datafolha,16 Aug 2009,,wikipedia_tabela_1,Dilma,17.0,18%,https://en.wikipedia.org/wiki/Opinion_polling_for_the_2010_Brazilian_presidential_election
2010,1,Datafolha,16 Aug 2009,,wikipedia_tabela_1,Serra,38.0,18%,https://en.wikipedia.org/wiki/Opinion_polling_for_the_2010_Brazilian_presidential_election
2010,1,Ibope[permanent dead link],9 Jun 2009,,wikipedia_tabela_1,Dilma,18.0,25%,https://en.wikipedia.org/wiki/Opinion_polling_for_the_2010_Brazilian_presidential_election
2010,1,Ibope[permanent dead link],9 Jun 2009,,wikipedia_tabela_1,Serra,38.0,25%,https://en.wikipedia.org/wiki/Opinion_polling_for_the_2010_Brazilian_presidential_election
2010,1,Datafolha Archived 2009-12-23 at the Wayback Machine,28 May 2009,,wikipedia_tabela_1,Dilma,16.0,21%,https://en.wikipedia.org/wiki/Opinion_polling_for_the_2010_Brazilian_presidential_election
2010,1,Datafolha Archived 2009-12-23 at the Wayback Machine,28 May 2009,,wikipedia_tabela_1,Serra,38.0,21%,https://en.wikipedia.org/wiki/Opinion_polling_for_the_2010_Brazilian_presidential_election
2010,1,Datafolha Archived 2009-12-23 at the Wayback Machine,19 Mar 2009,,wikipedia_tabela_1,Dilma,11.0,21%,https://en.wikipedia.org/wiki/Opinion_polling_for_the_2010_Brazilian_presidential_election
2010,1,Datafolha Archived 2009-12-23 at the Wayback Machine,19 Mar 2009,,wikipedia_tabela_1,Serra,41.0,21%,https://en.wikipedia.org/wiki/Opinion_polling_for_the_2010_Brazilian_presidential_election
2010,1,Datafolha Archived 2009-12-23 at the Wayback Machine,28 Nov 2008,,wikipedia_tabela_1,Dilma,8.0,21%,https://en.wikipedia.org/wiki/Opinion_polling_for_the_2010_Brazilian_presidential_election
2010,1,Datafolha Archived 2009-12-23 at the Wayback Machine,28 Nov 2008,,wikipedia_tabela_1,Serra,41.0,21%,https://en.wikipedia.org/wiki/Opinion_polling_for_the_2010_Brazilian_presidential_election
2010,1,Datafolha Archived 2009-12-23 at the Wayback Machine,27 Mar 2008,,wikipedia_tabela_1,Dilma,3.0,25%,https://en.wikipedia.org/wiki/Opinion_polling_for_the_2010_Brazilian_presidential_election
2010,1,Datafolha Archived 2009-12-23 at the Wayback Machine,27 Mar 2008,,wikipedia_tabela_1,Serra,38.0,25%,https://en.wikipedia.org/wiki/Opinion_polling_for_the_2010_Brazilian_presidential_election
2010,1,Vox Populi,30 Oct,,wikipedia_tabela_2,Dilma,51.0,10%,https://en.wikipedia.org/wiki/Opinion_polling_for_the_2010_Brazilian_presidential_election
2010,1,Vox Populi,30 Oct,,wikipedia_tabela_2,Serra,39.0,10%,https://en.wikipedia.org/wiki/Opinion_polling_for_the_2010_Brazilian_presidential_election
2010,1,Datafolha,29–30 Oct,,wikipedia_tabela_2,Dilma,51.0,8%,https://en.wikipedia.org/wiki/Opinion_polling_for_the_2010_Brazilian_presidential_election
2010,1,Datafolha,29–30 Oct,,wikipedia_tabela_2,Serra,41.0,8%,https://en.wikipedia.org/wiki/Opinion_polling_for_the_2010_Brazilian_presidential_election
2010,1,CNT/Sensus,28–29 Oct,,wikipedia_tabela_2,Dilma,50.3,12.1%,https://en.wikipedia.org/wiki/Opinion_polling_for_the_2010_Brazilian_presidential_election
2010,1,CNT/Sensus,28–29 Oct,,wikipedia_tabela_2,Serra,37.6,12.1%,https://en.wikipedia.org/wiki/Opinion_polling_for_the_2010_Brazilian_presidential_election
2010,1,Datafolha,28 Oct,,wikipedia_tabela_2,Dilma,50.0,10%,https://en.wikipedia.org/wiki/Opinion_polling_for_the_2010_Brazilian_presidential_election
2010,1,Datafolha,28 Oct,,wikipedia_tabela_2,Serra,40.0,10%,https://en.wikipedia.org/wiki/Opinion_polling_for_the_2010_Brazilian_presidential_election
2010,1,Ibope,27–30 Oct,,wikipedia_tabela_2,Dilma,52.0,8%,https://en.wikipedia.org/wiki/Opinion_polling_for_the_2010_Brazilian_presidential_election
2010,1,Ibope,27–30 Oct,,wikipedia_tabela_2,Serra,40.0,8%,https://en.wikipedia.org/wiki/Opinion_polling_for_the_2010_Brazilian_presidential_election
2010,1,Datafolha,27 Oct,,wikipedia_tabela_2,Dilma,49.0,13%,https://en.wikipedia.org/wiki/Opinion_polling_for_the_2010_Brazilian_presidential_election
2010,1,Datafolha,27 Oct,,wikipedia_tabela_2,Serra,38.0,13%,https://en.wikipedia.org/wiki/Opinion_polling_for_the_2010_Brazilian_presidential_election
2010,1,Ibope,26–28 Oct,,wikipedia_tabela_2,Dilma,52.0,9%,https://en.wikipedia.org/wiki/Opinion_polling_for_the_2010_Brazilian_presidential_election
2010,1,Ibope,26–28 Oct,,wikipedia_tabela_2,Serra,39.0,9%,https://en.wikipedia.org/wiki/Opinion_polling_for_the_2010_Brazilian_presidential_election
2010,1,CNT/Sensus,23–25 Oct,,wikipedia_tabela_2,Dilma,51.9,11.4%,https://en.wikipedia.org/wiki/Opinion_polling_for_the_2010_Brazilian_presidential_election
2010,1,CNT/Sensus,23–25 Oct,,wikipedia_tabela_2,Serra,36.7,11.4%,https://en.wikipedia.org/wiki/Opinion_polling_for_the_2010_Brazilian_presidential_election
2010,1,Vox Populi,23–24 Oct,,wikipedia_tabela_2,Dilma,49.0,13%,https://en.wikipedia.org/wiki/Opinion_polling_for_the_2010_Brazilian_presidential_election
2010,1,Vox Populi,23–24 Oct,,wikipedia_tabela_2,Serra,38.0,13%,https://en.wikipedia.org/wiki/Opinion_polling_for_the_2010_Brazilian_presidential_election
2010,1,Datafolha Archived 2011-07-11 at the Wayback Machine,21 Oct,,wikipedia_tabela_2,Dilma,50.0,10%,https://en.wikipedia.org/wiki/Opinion_polling_for_the_2010_Brazilian_presidential_election
2010,1,Datafolha Archived 2011-07-11 at the Wayback Machine,21 Oct,,wikipedia_tabela_2,Serra,40.0,10%,https://en.wikipedia.org/wiki/Opinion_polling_for_the_2010_Brazilian_presidential_election
2010,1,CNT/Sensus,18–19 Oct,,wikipedia_tabela_2,Dilma,46.8,11.4%,https://en.wikipedia.org/wiki/Opinion_polling_for_the_2010_Brazilian_presidential_election
2010,1,CNT/Sensus,18–19 Oct,,wikipedia_tabela_2,Serra,41.8,11.4%,https://en.wikipedia.org/wiki/Opinion_polling_for_the_2010_Brazilian_presidential_election
2010,1,Ibope,17–20 Oct,,wikipedia_tabela_2,Dilma,51.0,9%,https://en.wikipedia.org/wiki/Opinion_polling_for_the_2010_Brazilian_presidential_election
2010,1,Ibope,17–20 Oct,,wikipedia_tabela_2,Serra,40.0,9%,https://en.wikipedia.org/wiki/Opinion_polling_for_the_2010_Brazilian_presidential_election
2010,1,Vox Populi,15–17 Oct,,wikipedia_tabela_2,Dilma,51.0,10%,https://en.wikipedia.org/wiki/Opinion_polling_for_the_2010_Brazilian_presidential_election
2010,1,Vox Populi,15–17 Oct,,wikipedia_tabela_2,Serra,39.0,10%,https://en.wikipedia.org/wiki/Opinion_polling_for_the_2010_Brazilian_presidential_election
2010,1,Datafolha,14–15 Oct,,wikipedia_tabela_2,Dilma,47.0,12%,https://en.wikipedia.org/wiki/Opinion_polling_for_the_2010_Brazilian_presidential_election
2010,1,Datafolha,14–15 Oct,,wikipedia_tabela_2,Serra,41.0,12%,https://en.wikipedia.org/wiki/Opinion_polling_for_the_2010_Brazilian_presidential_election
2010,1,CNT/Sensus,11–13 Oct,,wikipedia_tabela_2,Dilma,46.8,10.5,https://en.wikipedia.org/wiki/Opinion_polling_for_the_2010_Brazilian_presidential_election
2010,1,CNT/Sensus,11–13 Oct,,wikipedia_tabela_2,Serra,42.7,10.5,https://en.wikipedia.org/wiki/Opinion_polling_for_the_2010_Brazilian_presidential_election
2010,1,Ibope Archived 2010-10-16 at the Wayback Machine,11–13 Oct,,wikipedia_tabela_2,Dilma,49.0,8%,https://en.wikipedia.org/wiki/Opinion_polling_for_the_2010_Brazilian_presidential_election
2010,1,Ibope Archived 2010-10-16 at the Wayback Machine,11–13 Oct,,wikipedia_tabela_2,Serra,43.0,8%,https://en.wikipedia.org/wiki/Opinion_polling_for_the_2010_Brazilian_presidential_election
2010,1,Vox Populi,10–11 Oct,,wikipedia_tabela_2,Dilma,48.0,12%,https://en.wikipedia.org/wiki/Opinion_polling_for_the_2010_Brazilian_presidential_election
2010,1,Vox Populi,10–11 Oct,,wikipedia_tabela_2,Serra,40.0,12%,https://en.wikipedia.org/wiki/Opinion_polling_for_the_2010_Brazilian_presidential_election
2010,1,Datafolha,8 Oct,,wikipedia_tabela_2,Dilma,48.0,11%,https://en.wikipedia.org/wiki/Opinion_polling_for_the_2010_Brazilian_presidential_election
2010,1,Datafolha,8 Oct,,wikipedia_tabela_2,Serra,41.0,11%,https://en.wikipedia.org/wiki/Opinion_polling_for_the_2010_Brazilian_presidential_election
