ano_eleicao,turno,instituto,data_inicio_campo,data_fim_campo,data_publicacao,amostra,cenario,candidato,percentual_total,brancos_nulos,indecisos,fonte
2026,1,Datafolha,2026-09-08,2026-09-10,2026-09-10,2002,wikipedia_tabela_2,Lula,39.0,0,10.0,https://en.wikipedia.org/wiki/Opinion_polling_for_the_2026_Brazilian_presidential_election
2026,1,Datafolha,2026-09-08,2026-09-10,2026-09-10,2002,wikipedia_tabela_2,Flávio Bolsonaro,35.0,0,10.0,https://en.wikipedia.org/wiki/Opinion_polling_for_the_2026_Brazilian_presidential_election
2026,1,Datafolha,2026-09-08,2026-09-10,2026-09-10,2002,wikipedia_tabela_2,Augusto Cury,6.0,0,10.0,https://en.wikipedia.org/wiki/Opinion_polling_for_the_2026_Brazilian_presidential_election
2026,1,Datafolha,2026-09-08,2026-09-10,2026-09-10,2002,wikipedia_tabela_2,Ronaldo Caiado,4.0,0,10.0,https://en.wikipedia.org/wiki/Opinion_polling_for_the_2026_Brazilian_presidential_election
2026,1,Datafolha,2026-09-08,2026-09-10,2026-09-10,2002,wikipedia_tabela_2,Romeu Zema,2.0,0,10.0,https://en.wikipedia.org/wiki/Opinion_polling_for_the_2026_Brazilian_presidential_election
2026,1,Futura,2026-09-04,2026-09-10,2026-09-10,2000,wikipedia_tabela_2,Lula,39.2,0,8.3,https://en.wikipedia.org/wiki/Opinion_polling_for_the_2026_Brazilian_presidential_election
2026,1,Futura,2026-09-04,2026-09-10,2026-09-10,2000,wikipedia_tabela_2,Flávio Bolsonaro,33.6,0,8.3,https://en.wikipedia.org/wiki/Opinion_polling_for_the_2026_Brazilian_presidential_election
2026,1,Futura,2026-09-04,2026-09-10,2026-09-10,2000,wikipedia_tabela_2,Augusto Cury,6.4,0,8.3,https://en.wikipedia.org/wiki/Opinion_polling_for_the_2026_Brazilian_presidential_election
2026,1,Futura,2026-09-04,2026-09-10,2026-09-10,2000,wikipedia_tabela_2,Ronaldo Caiado,4.4,0,8.3,https://en.wikipedia.org/wiki/Opinion_polling_for_the_2026_Brazilian_presidential_election
2026,1,Futura,2026-09-04,2026-09-10,2026-09-10,2000,wikipedia_tabela_2,Romeu Zema,0.7,0,8.3,https://en.wikipedia.org/wiki/Opinion_polling_for_the_2026_Brazilian_presidential_election
2026,1,PoderData,2026-09-06,2026-09-09,2026-09-09,3000,wikipedia_tabela_2,Lula,38.0,0,4.0,https://en.wikipedia.org/wiki/Opinion_polling_for_the_2026_Brazilian_presidential_election
2026,1,PoderData,2026-09-06,2026-09-09,2026-09-09,3000,wikipedia_tabela_2,Flávio Bolsonaro,36.0,0,4.0,https://en.wikipedia.org/wiki/Opinion_polling_for_the_2026_Brazilian_presidential_election
2026,1,PoderData,2026-09-06,2026-09-09,2026-09-09,3000,wikipedia_tabela_2,Augusto Cury,10.0,0,4.0,https://en.wikipedia.org/wiki/Opinion_polling_for_the_2026_Brazilian_presidential_election
2026,1,PoderData,2026-09-06,2026-09-09,2026-09-09,3000,wikipedia_tabela_2,Ronaldo Caiado,2.0,0,4.0,https://en.wikipedia.org/wiki/Opinion_polling_for_the_2026_Brazilian_presidential_election
2026,1,PoderData,2026-09-06,2026-09-09,2026-09-09,3000,wikipedia_tabela_2,Romeu Zema,1.0,0,4.0,https://en.wikipedia.org/wiki/Opinion_polling_for_the_2026_Brazilian_presidential_election
2026,1,AtlasIntel,2026-09-04,2026-09-09,2026-09-09,5000,wikipedia_tabela_2,Lula,43.0,0,1.0,https://en.wikipedia.org/wiki/Opinion_polling_for_the_2026_Brazilian_presidential_election
2026,1,AtlasIntel,2026-09-04,2026-09-09,2026-09-09,5000,wikipedia_tabela_2,Flávio Bolsonaro,37.4,0,1.0,https://en.wikipedia.org/wiki/Opinion_polling_for_the_2026_Brazilian_presidential_election
2026,1,AtlasIntel,2026-09-04,2026-09-09,2026-09-09,5000,wikipedia_tabela_2,Augusto Cury,6.6,0,1.0,https://en.wikipedia.org/wiki/Opinion_polling_for_the_2026_Brazilian_presidential_election
2026,1,AtlasIntel,2026-09-04,2026-09-09,2026-09-09,5000,wikipedia_tabela_2,Ronaldo Caiado,1.1,0,1.0,https://en.wikipedia.org/wiki/Opinion_polling_for_the_2026_Brazilian_presidential_election
2026,1,AtlasIntel,2026-09-04,2026-09-09,2026-09-09,5000,wikipedia_tabela_2,Romeu Zema,2.1,0,1.0,https://en.wikipedia.org/wiki/Opinion_polling_for_the_2026_Brazilian_presidential_election
2026,1,Palver,2026-09-04,2026-09-07,2026-09-07,5000,wikipedia_tabela_2,Lula,40.0,0,2.0,https://en.wikipedia.org/wiki/Opinion_polling_for_the_2026_Brazilian_presidential_election
2026,1,Palver,2026-09-04,2026-09-07,2026-09-07,5000,wikipedia_tabela_2,Flávio Bolsonaro,39.0,0,2.0,https://en.wikipedia.org/wiki/Opinion_polling_for_the_2026_Brazilian_presidential_election
2026,1,Palver,2026-09-04,2026-09-07,2026-09-07,5000,wikipedia_tabela_2,Augusto Cury,4.0,0,2.0,https://en.wikipedia.org/wiki/Opinion_polling_for_the_2026_Brazilian_presidential_election
2026,1,Palver,2026-09-04,2026-09-07,2026-09-07,5000,wikipedia_tabela_2,Ronaldo Caiado,1.0,0,2.0,https://en.wikipedia.org/wiki/Opinion_polling_for_the_2026_Brazilian_presidential_election
2026,1,Palver,2026-09-04,2026-09-07,2026-09-07,5000,wikipedia_tabela_2,Romeu Zema,1.0,0,2.0,https://en.wikipedia.org/wiki/Opinion_polling_for_the_2026_Brazilian_presidential_election
2026,1,Ideia,2026-09-04,2026-09-07,2026-09-07,1500,wikipedia_tabela_2,Lula,38.4,0,5.3,https://en.wikipedia.org/wiki/Opinion_polling_for_the_2026_Brazilian_presidential_election
2026,1,Ideia,2026-09-04,2026-09-07,2026-09-07,1500,wikipedia_tabela_2,Flávio Bolsonaro,37.3,0,5.3,https://en.wikipedia.org/wiki/Opinion_polling_for_the_2026_Brazilian_presidential_election
2026,1,Ideia,2026-09-04,2026-09-07,2026-09-07,1500,wikipedia_tabela_2,Augusto Cury,6.6,0,5.3,https://en.wikipedia.org/wiki/Opinion_polling_for_the_2026_Brazilian_presidential_election
2026,1,Ideia,2026-09-04,2026-09-07,2026-09-07,1500,wikipedia_tabela_2,Ronaldo Caiado,4.0,0,5.3,https://en.wikipedia.org/wiki/Opinion_polling_for_the_2026_Brazilian_presidential_election
2026,1,Ideia,2026-09-04,2026-09-07,2026-09-07,1500,wikipedia_tabela_2,Romeu Zema,1.5,0,5.3,https://en.wikipedia.org/wiki/Opinion_polling_for_the_2026_Brazilian_presidential_election
2026,1,Nexus,2026-09-04,2026-09-07,2026-09-07,2002,wikipedia_tabela_2,Lula,39.0,0,5.0,https://en.wikipedia.org/wiki/Opinion_polling_for_the_2026_Brazilian_presidential_election
2026,1,Nexus,2026-09-04,2026-09-07,2026-09-07,2002,wikipedia_tabela_2,Flávio Bolsonaro,35.0,0,5.0,https://en.wikipedia.org/wiki/Opinion_polling_for_the_2026_Brazilian_presidential_election
2026,1,Nexus,2026-09-04,2026-09-07,2026-09-07,2002,wikipedia_tabela_2,Augusto Cury,9.0,0,5.0,https://en.wikipedia.org/wiki/Opinion_polling_for_the_2026_Brazilian_presidential_election
2026,1,Nexus,2026-09-04,2026-09-07,2026-09-07,2002,wikipedia_tabela_2,Ronaldo Caiado,4.0,0,5.0,https://en.wikipedia.org/wiki/Opinion_polling_for_the_2026_Brazilian_presidential_election
2026,1,Nexus,2026-09-04,2026-09-07,2026-09-07,2002,wikipedia_tabela_2,Romeu Zema,1.0,0,5.0,https://en.wikipedia.org/wiki/Opinion_polling_for_the_2026_Brazilian_presidential_election
2026,1,Quaest,2026-09-03,2026-09-06,2026-09-06,2004,wikipedia_tabela_2,Lula,36.0,0,18.0,https://en.wikipedia.org/wiki/Opinion_polling_for_the_2026_Brazilian_presidential_election
2026,1,Quaest,2026-09-03,2026-09-06,2026-09-06,2004,wikipedia_tabela_2,Flávio Bolsonaro,29.0,0,18.0,https://en.wikipedia.org/wiki/Opinion_polling_for_the_2026_Brazilian_presidential_election
2026,1,Quaest,2026-09-03,2026-09-06,2026-09-06,2004,wikipedia_tabela_2,Augusto Cury,8.0,0,18.0,https://en.wikipedia.org/wiki/Opinion_polling_for_the_2026_Brazilian_presidential_election
2026,1,Quaest,2026-09-03,2026-09-06,2026-09-06,2004,wikipedia_tabela_2,Ronaldo Caiado,3.0,0,18.0,https://en.wikipedia.org/wiki/Opinion_polling_for_the_2026_Brazilian_presidential_election
2026,1,Quaest,2026-09-03,2026-09-06,2026-09-06,2004,wikipedia_tabela_2,Romeu Zema,2.0,0,18.0,https://en.wikipedia.org/wiki/Opinion_polling_for_the_2026_Brazilian_presidential_election
2026,1,Datafolha,2026-09-01,2026-09-02,2026-09-02,2002,wikipedia_tabela_2,Lula,38.0,0,9.0,https://en.wikipedia.org/wiki/Opinion_polling_for_the_2026_Brazilian_presidential_election
2026,1,Datafolha,2026-09-01,2026-09-02,2026-09-02,2002,wikipedia_tabela_2,Flávio Bolsonaro,33.0,0,9.0,https://en.wikipedia.org/wiki/Opinion_polling_for_the_2026_Brazilian_presidential_election
2026,1,Datafolha,2026-09-01,2026-09-02,2026-09-02,2002,wikipedia_tabela_2,Augusto Cury,8.0,0,9.0,https://en.wikipedia.org/wiki/Opinion_polling_for_the_2026_Brazilian_presidential_election
2026,1,Datafolha,2026-09-01,2026-09-02,2026-09-02,2002,wikipedia_tabela_2,Ronaldo Caiado,4.0,0,9.0,https://en.wikipedia.org/wiki/Opinion_polling_for_the_2026_Brazilian_presidential_election
2026,1,Datafolha,2026-09-01,2026-09-02,2026-09-02,2002,wikipedia_tabela_2,Romeu Zema,2.0,0,9.0,https://en.wikipedia.org/wiki/Opinion_polling_for_the_2026_Brazilian_presidential_election
2026,1,PoderData,2026-08-30,2026-09-02,2026-09-02,3000,wikipedia_tabela_2,Lula,37.0,0,7.0,https://en.wikipedia.org/wiki/Opinion_polling_for_the_2026_Brazilian_presidential_election
2026,1,PoderData,2026-08-30,2026-09-02,2026-09-02,3000,wikipedia_tabela_2,Flávio Bolsonaro,34.0,0,7.0,https://en.wikipedia.org/wiki/Opinion_polling_for_the_2026_Brazilian_presidential_election
2026,1,PoderData,2026-08-30,2026-09-02,2026-09-02,3000,wikipedia_tabela_2,Augusto Cury,10.0,0,7.0,https://en.wikipedia.org/wiki/Opinion_polling_for_the_2026_Brazilian_presidential_election
2026,1,PoderData,2026-08-30,2026-09-02,2026-09-02,3000,wikipedia_tabela_2,Ronaldo Caiado,2.0,0,7.0,https://en.wikipedia.org/wiki/Opinion_polling_for_the_2026_Brazilian_presidential_election
2026,1,PoderData,2026-08-30,2026-09-02,2026-09-02,3000,wikipedia_tabela_2,Romeu Zema,1.0,0,7.0,https://en.wikipedia.org/wiki/Opinion_polling_for_the_2026_Brazilian_presidential_election
2026,1,nan,2026-09-01,2026-09-01,2026-09-01,17,wikipedia_tabela_2,Lula,17.0,0,17.0,https://en.wikipedia.org/wiki/Opinion_polling_for_the_2026_Brazilian_presidential_election
2026,1,nan,2026-09-01,2026-09-01,2026-09-01,17,wikipedia_tabela_2,Flávio Bolsonaro,17.0,0,17.0,https://en.wikipedia.org/wiki/Opinion_polling_for_the_2026_Brazilian_presidential_election
2026,1,nan,2026-09-01,2026-09-01,2026-09-01,17,wikipedia_tabela_2,Augusto Cury,17.0,0,17.0,https://en.wikipedia.org/wiki/Opinion_polling_for_the_2026_Brazilian_presidential_election
2026,1,nan,2026-09-01,2026-09-01,2026-09-01,17,wikipedia_tabela_2,Ronaldo Caiado,17.0,0,17.0,https://en.wikipedia.org/wiki/Opinion_polling_for_the_2026_Brazilian_presidential_election
2026,1,nan,2026-09-01,2026-09-01,2026-09-01,17,wikipedia_tabela_2,Romeu Zema,17.0,0,17.0,https://en.wikipedia.org/wiki/Opinion_polling_for_the_2026_Brazilian_presidential_election
2026,1,Quaest,2026-08-30,2026-09-01,2026-09-01,2004,wikipedia_tabela_2,Lula,37.0,0,18.0,https://en.wikipedia.org/wiki/Opinion_polling_for_the_2026_Brazilian_presidential_election
2026,1,Quaest,2026-08-30,2026-09-01,2026-09-01,2004,wikipedia_tabela_2,Flávio Bolsonaro,29.0,0,18.0,https://en.wikipedia.org/wiki/Opinion_polling_for_the_2026_Brazilian_presidential_election
2026,1,Quaest,2026-08-30,2026-09-01,2026-09-01,2004,wikipedia_tabela_2,Augusto Cury,10.0,0,18.0,https://en.wikipedia.org/wiki/Opinion_polling_for_the_2026_Brazilian_presidential_election
2026,1,Quaest,2026-08-30,2026-09-01,2026-09-01,2004,wikipedia_tabela_2,Ronaldo Caiado,1.0,0,18.0,https://en.wikipedia.org/wiki/Opinion_polling_for_the_2026_Brazilian_presidential_election
2026,1,Quaest,2026-08-30,2026-09-01,2026-09-01,2004,wikipedia_tabela_2,Romeu Zema,1.0,0,18.0,https://en.wikipedia.org/wiki/Opinion_polling_for_the_2026_Brazilian_presidential_election
2026,1,Futura,2026-08-27,2026-09-01,2026-09-01,2000,wikipedia_tabela_2,Lula,38.7,0,6.1,https://en.wikipedia.org/wiki/Opinion_polling_for_the_2026_Brazilian_presidential_election
2026,1,Futura,2026-08-27,2026-09-01,2026-09-01,2000,wikipedia_tabela_2,Flávio Bolsonaro,33.6,0,6.1,https://en.wikipedia.org/wiki/Opinion_polling_for_the_2026_Brazilian_presidential_election
2026,1,Futura,2026-08-27,2026-09-01,2026-09-01,2000,wikipedia_tabela_2,Augusto Cury,9.9,0,6.1,https://en.wikipedia.org/wiki/Opinion_polling_for_the_2026_Brazilian_presidential_election
2026,1,Futura,2026-08-27,2026-09-01,2026-09-01,2000,wikipedia_tabela_2,Ronaldo Caiado,3.5,0,6.1,https://en.wikipedia.org/wiki/Opinion_polling_for_the_2026_Brazilian_presidential_election
2026,1,Futura,2026-08-27,2026-09-01,2026-09-01,2000,wikipedia_tabela_2,Romeu Zema,1.6,0,6.1,https://en.wikipedia.org/wiki/Opinion_polling_for_the_2026_Brazilian_presidential_election
2026,1,Real Time,2026-08-27,2026-08-31,2026-08-31,2000,wikipedia_tabela_2,Lula,38.0,0,6.0,https://en.wikipedia.org/wiki/Opinion_polling_for_the_2026_Brazilian_presidential_election
2026,1,Real Time,2026-08-27,2026-08-31,2026-08-31,2000,wikipedia_tabela_2,Flávio Bolsonaro,30.0,0,6.0,https://en.wikipedia.org/wiki/Opinion_polling_for_the_2026_Brazilian_presidential_election
2026,1,Real Time,2026-08-27,2026-08-31,2026-08-31,2000,wikipedia_tabela_2,Augusto Cury,11.0,0,6.0,https://en.wikipedia.org/wiki/Opinion_polling_for_the_2026_Brazilian_presidential_election
2026,1,Real Time,2026-08-27,2026-08-31,2026-08-31,2000,wikipedia_tabela_2,Ronaldo Caiado,4.0,0,6.0,https://en.wikipedia.org/wiki/Opinion_polling_for_the_2026_Brazilian_presidential_election
2026,1,Real Time,2026-08-27,2026-08-31,2026-08-31,2000,wikipedia_tabela_2,Romeu Zema,2.0,0,6.0,https://en.wikipedia.org/wiki/Opinion_polling_for_the_2026_Brazilian_presidential_election
2026,1,Nexus,2026-08-28,2026-08-30,2026-08-30,2005,wikipedia_tabela_2,Lula,39.0,0,6.0,https://en.wikipedia.org/wiki/Opinion_polling_for_the_2026_Brazilian_presidential_election
2026,1,Nexus,2026-08-28,2026-08-30,2026-08-30,2005,wikipedia_tabela_2,Flávio Bolsonaro,33.0,0,6.0,https://en.wikipedia.org/wiki/Opinion_polling_for_the_2026_Brazilian_presidential_election
2026,1,Nexus,2026-08-28,2026-08-30,2026-08-30,2005,wikipedia_tabela_2,Augusto Cury,11.0,0,6.0,https://en.wikipedia.org/wiki/Opinion_polling_for_the_2026_Brazilian_presidential_election
2026,1,Nexus,2026-08-28,2026-08-30,2026-08-30,2005,wikipedia_tabela_2,Ronaldo Caiado,5.0,0,6.0,https://en.wikipedia.org/wiki/Opinion_polling_for_the_2026_Brazilian_presidential_election
2026,1,Nexus,2026-08-28,2026-08-30,2026-08-30,2005,wikipedia_tabela_2,Romeu Zema,1.0,0,6.0,https://en.wikipedia.org/wiki/Opinion_polling_for_the_2026_Brazilian_presidential_election
2026,1,AtlasIntel,2026-08-25,2026-08-30,2026-08-30,5014,wikipedia_tabela_2,Lula,43.4,0,0.3,https://en.wikipedia.org/wiki/Opinion_polling_for_the_2026_Brazilian_presidential_election
2026,1,AtlasIntel,2026-08-25,2026-08-30,2026-08-30,5014,wikipedia_tabela_2,Flávio Bolsonaro,33.7,0,0.3,https://en.wikipedia.org/wiki/Opinion_polling_for_the_2026_Brazilian_presidential_election
2026,1,AtlasIntel,2026-08-25,2026-08-30,2026-08-30,5014,wikipedia_tabela_2,Augusto Cury,7.8,0,0.3,https://en.wikipedia.org/wiki/Opinion_polling_for_the_2026_Brazilian_presidential_election
2026,1,AtlasIntel,2026-08-25,2026-08-30,2026-08-30,5014,wikipedia_tabela_2,Ronaldo Caiado,3.3,0,0.3,https://en.wikipedia.org/wiki/Opinion_polling_for_the_2026_Brazilian_presidential_election
2026,1,AtlasIntel,2026-08-25,2026-08-30,2026-08-30,5014,wikipedia_tabela_2,Romeu Zema,1.0,0,0.3,https://en.wikipedia.org/wiki/Opinion_polling_for_the_2026_Brazilian_presidential_election
2026,1,Vox Brasil,2026-08-25,2026-08-27,2026-08-27,2100,wikipedia_tabela_2,Lula,37.1,0,10.3,https://en.wikipedia.org/wiki/Opinion_polling_for_the_2026_Brazilian_presidential_election
2026,1,Vox Brasil,2026-08-25,2026-08-27,2026-08-27,2100,wikipedia_tabela_2,Flávio Bolsonaro,34.8,0,10.3,https://en.wikipedia.org/wiki/Opinion_polling_for_the_2026_Brazilian_presidential_election
2026,1,Vox Brasil,2026-08-25,2026-08-27,2026-08-27,2100,wikipedia_tabela_2,Augusto Cury,2.6,0,10.3,https://en.wikipedia.org/wiki/Opinion_polling_for_the_2026_Brazilian_presidential_election
2026,1,Vox Brasil,2026-08-25,2026-08-27,2026-08-27,2100,wikipedia_tabela_2,Ronaldo Caiado,5.0,0,10.3,https://en.wikipedia.org/wiki/Opinion_polling_for_the_2026_Brazilian_presidential_election
2026,1,Vox Brasil,2026-08-25,2026-08-27,2026-08-27,2100,wikipedia_tabela_2,Romeu Zema,2.8,0,10.3,https://en.wikipedia.org/wiki/Opinion_polling_for_the_2026_Brazilian_presidential_election
2026,1,PoderData,2026-08-23,2026-08-26,2026-08-26,2400,wikipedia_tabela_2,Lula,38.0,0,7.0,https://en.wikipedia.org/wiki/Opinion_polling_for_the_2026_Brazilian_presidential_election
2026,1,PoderData,2026-08-23,2026-08-26,2026-08-26,2400,wikipedia_tabela_2,Flávio Bolsonaro,35.0,0,7.0,https://en.wikipedia.org/wiki/Opinion_polling_for_the_2026_Brazilian_presidential_election
2026,1,PoderData,2026-08-23,2026-08-26,2026-08-26,2400,wikipedia_tabela_2,Augusto Cury,4.0,0,7.0,https://en.wikipedia.org/wiki/Opinion_polling_for_the_2026_Brazilian_presidential_election
2026,1,PoderData,2026-08-23,2026-08-26,2026-08-26,2400,wikipedia_tabela_2,Ronaldo Caiado,4.0,0,7.0,https://en.wikipedia.org/wiki/Opinion_polling_for_the_2026_Brazilian_presidential_election
2026,1,PoderData,2026-08-23,2026-08-26,2026-08-26,2400,wikipedia_tabela_2,Romeu Zema,2.0,0,7.0,https://en.wikipedia.org/wiki/Opinion_polling_for_the_2026_Brazilian_presidential_election
2026,1,nan,2026-08-23,2026-08-23,2026-08-23,28,wikipedia_tabela_2,Lula,28.0,0,28.0,https://en.wikipedia.org/wiki/Opinion_polling_for_the_2026_Brazilian_presidential_election
2026,1,nan,2026-08-23,2026-08-23,2026-08-23,28,wikipedia_tabela_2,Flávio Bolsonaro,28.0,0,28.0,https://en.wikipedia.org/wiki/Opinion_polling_for_the_2026_Brazilian_presidential_election
2026,1,nan,2026-08-23,2026-08-23,2026-08-23,28,wikipedia_tabela_2,Augusto Cury,28.0,0,28.0,https://en.wikipedia.org/wiki/Opinion_polling_for_the_2026_Brazilian_presidential_election
2026,1,nan,2026-08-23,2026-08-23,2026-08-23,28,wikipedia_tabela_2,Ronaldo Caiado,28.0,0,28.0,https://en.wikipedia.org/wiki/Opinion_polling_for_the_2026_Brazilian_presidential_election
2026,1,nan,2026-08-23,2026-08-23,2026-08-23,28,wikipedia_tabela_2,Romeu Zema,28.0,0,28.0,https://en.wikipedia.org/wiki/Opinion_polling_for_the_2026_Brazilian_presidential_election
2026,1,Nexus,2026-08-21,2026-08-23,2026-08-23,2006,wikipedia_tabela_2,Lula,41.0,0,8.0,https://en.wikipedia.org/wiki/Opinion_polling_for_the_2026_Brazilian_presidential_election
2026,1,Nexus,2026-08-21,2026-08-23,2026-08-23,2006,wikipedia_tabela_2,Flávio Bolsonaro,37.0,0,8.0,https://en.wikipedia.org/wiki/Opinion_polling_for_the_2026_Brazilian_presidential_election
2026,1,Nexus,2026-08-21,2026-08-23,2026-08-23,2006,wikipedia_tabela_2,Augusto Cury,2.0,0,8.0,https://en.wikipedia.org/wiki/Opinion_polling_for_the_2026_Brazilian_presidential_election
2026,1,Nexus,2026-08-21,2026-08-23,2026-08-23,2006,wikipedia_tabela_2,Ronaldo Caiado,5.0,0,8.0,https://en.wikipedia.org/wiki/Opinion_polling_for_the_2026_Brazilian_presidential_election
2026,1,Nexus,2026-08-21,2026-08-23,2026-08-23,2006,wikipedia_tabela_2,Romeu Zema,3.0,0,8.0,https://en.wikipedia.org/wiki/Opinion_polling_for_the_2026_Brazilian_presidential_election
2026,1,Indexa,2026-08-20,2026-08-23,2026-08-23,2000,wikipedia_tabela_2,Lula,39.0,0,16.0,https://en.wikipedia.org/wiki/Opinion_polling_for_the_2026_Brazilian_presidential_election
2026,1,Indexa,2026-08-20,2026-08-23,2026-08-23,2000,wikipedia_tabela_2,Flávio Bolsonaro,34.0,0,16.0,https://en.wikipedia.org/wiki/Opinion_polling_for_the_2026_Brazilian_presidential_election
2026,1,Indexa,2026-08-20,2026-08-23,2026-08-23,2000,wikipedia_tabela_2,Augusto Cury,1.0,0,16.0,https://en.wikipedia.org/wiki/Opinion_polling_for_the_2026_Brazilian_presidential_election
2026,1,Indexa,2026-08-20,2026-08-23,2026-08-23,2000,wikipedia_tabela_2,Ronaldo Caiado,5.0,0,16.0,https://en.wikipedia.org/wiki/Opinion_polling_for_the_2026_Brazilian_presidential_election
2026,1,Indexa,2026-08-20,2026-08-23,2026-08-23,2000,wikipedia_tabela_2,Romeu Zema,1.0,0,16.0,https://en.wikipedia.org/wiki/Opinion_polling_for_the_2026_Brazilian_presidential_election
2026,1,Datafolha,2026-08-18,2026-08-20,2026-08-20,2058,wikipedia_tabela_2,Lula,39.0,0,10.0,https://en.wikipedia.org/wiki/Opinion_polling_for_the_2026_Brazilian_presidential_election
2026,1,Datafolha,2026-08-18,2026-08-20,2026-08-20,2058,wikipedia_tabela_2,Flávio Bolsonaro,33.0,0,10.0,https://en.wikipedia.org/wiki/Opinion_polling_for_the_2026_Brazilian_presidential_election
2026,1,Datafolha,2026-08-18,2026-08-20,2026-08-20,2058,wikipedia_tabela_2,Augusto Cury,2.0,0,10.0,https://en.wikipedia.org/wiki/Opinion_polling_for_the_2026_Brazilian_presidential_election
2026,1,Datafolha,2026-08-18,2026-08-20,2026-08-20,2058,wikipedia_tabela_2,Ronaldo Caiado,5.0,0,10.0,https://en.wikipedia.org/wiki/Opinion_polling_for_the_2026_Brazilian_presidential_election
2026,1,Datafolha,2026-08-18,2026-08-20,2026-08-20,2058,wikipedia_tabela_2,Romeu Zema,3.0,0,10.0,https://en.wikipedia.org/wiki/Opinion_polling_for_the_2026_Brazilian_presidential_election
2026,1,Nexus,2026-08-14,2026-08-16,2026-08-16,2003,wikipedia_tabela_2,Lula,41.0,0,7.0,https://en.wikipedia.org/wiki/Opinion_polling_for_the_2026_Brazilian_presidential_election
2026,1,Nexus,2026-08-14,2026-08-16,2026-08-16,2003,wikipedia_tabela_2,Flávio Bolsonaro,36.0,0,7.0,https://en.wikipedia.org/wiki/Opinion_polling_for_the_2026_Brazilian_presidential_election
2026,1,Nexus,2026-08-14,2026-08-16,2026-08-16,2003,wikipedia_tabela_2,Augusto Cury,1.0,0,7.0,https://en.wikipedia.org/wiki/Opinion_polling_for_the_2026_Brazilian_presidential_election
2026,1,Nexus,2026-08-14,2026-08-16,2026-08-16,2003,wikipedia_tabela_2,Ronaldo Caiado,5.0,0,7.0,https://en.wikipedia.org/wiki/Opinion_polling_for_the_2026_Brazilian_presidential_election
2026,1,Nexus,2026-08-14,2026-08-16,2026-08-16,2003,wikipedia_tabela_2,Romeu Zema,4.0,0,7.0,https://en.wikipedia.org/wiki/Opinion_polling_for_the_2026_Brazilian_presidential_election
2026,1,Quaest,2026-08-10,2026-08-13,2026-08-13,2004,wikipedia_tabela_3,Lula,38.0,0,18.0,https://en.wikipedia.org/wiki/Opinion_polling_for_the_2026_Brazilian_presidential_election
2026,1,Quaest,2026-08-10,2026-08-13,2026-08-13,2004,wikipedia_tabela_3,Flávio Bolsonaro,31.0,0,18.0,https://en.wikipedia.org/wiki/Opinion_polling_for_the_2026_Brazilian_presidential_election
2026,1,Quaest,2026-08-10,2026-08-13,2026-08-13,2004,wikipedia_tabela_3,Augusto Cury,2.0,0,18.0,https://en.wikipedia.org/wiki/Opinion_polling_for_the_2026_Brazilian_presidential_election
2026,1,Quaest,2026-08-10,2026-08-13,2026-08-13,2004,wikipedia_tabela_3,Ronaldo Caiado,4.0,0,18.0,https://en.wikipedia.org/wiki/Opinion_polling_for_the_2026_Brazilian_presidential_election
2026,1,Quaest,2026-08-10,2026-08-13,2026-08-13,2004,wikipedia_tabela_3,Romeu Zema,2.0,0,18.0,https://en.wikipedia.org/wiki/Opinion_polling_for_the_2026_Brazilian_presidential_election
2026,1,PoderData,2026-08-09,2026-08-12,2026-08-12,2400,wikipedia_tabela_3,Lula,41.0,0,6.0,https://en.wikipedia.org/wiki/Opinion_polling_for_the_2026_Brazilian_presidential_election
2026,1,PoderData,2026-08-09,2026-08-12,2026-08-12,2400,wikipedia_tabela_3,Flávio Bolsonaro,35.0,0,6.0,https://en.wikipedia.org/wiki/Opinion_polling_for_the_2026_Brazilian_presidential_election
2026,1,PoderData,2026-08-09,2026-08-12,2026-08-12,2400,wikipedia_tabela_3,Augusto Cury,3.0,0,6.0,https://en.wikipedia.org/wiki/Opinion_polling_for_the_2026_Brazilian_presidential_election
2026,1,PoderData,2026-08-09,2026-08-12,2026-08-12,2400,wikipedia_tabela_3,Ronaldo Caiado,4.0,0,6.0,https://en.wikipedia.org/wiki/Opinion_polling_for_the_2026_Brazilian_presidential_election
2026,1,PoderData,2026-08-09,2026-08-12,2026-08-12,2400,wikipedia_tabela_3,Romeu Zema,3.0,0,6.0,https://en.wikipedia.org/wiki/Opinion_polling_for_the_2026_Brazilian_presidential_election
2026,1,Nexus,2026-08-07,2026-08-09,2026-08-09,2001,wikipedia_tabela_3,Lula,40.0,0,8.0,https://en.wikipedia.org/wiki/Opinion_polling_for_the_2026_Brazilian_presidential_election
2026,1,Nexus,2026-08-07,2026-08-09,2026-08-09,2001,wikipedia_tabela_3,Flávio Bolsonaro,35.0,0,8.0,https://en.wikipedia.org/wiki/Opinion_polling_for_the_2026_Brazilian_presidential_election
2026,1,Nexus,2026-08-07,2026-08-09,2026-08-09,2001,wikipedia_tabela_3,Augusto Cury,1.0,0,8.0,https://en.wikipedia.org/wiki/Opinion_polling_for_the_2026_Brazilian_presidential_election
2026,1,Nexus,2026-08-07,2026-08-09,2026-08-09,2001,wikipedia_tabela_3,Ronaldo Caiado,5.0,0,8.0,https://en.wikipedia.org/wiki/Opinion_polling_for_the_2026_Brazilian_presidential_election
2026,1,Nexus,2026-08-07,2026-08-09,2026-08-09,2001,wikipedia_tabela_3,Romeu Zema,3.0,0,8.0,https://en.wikipedia.org/wiki/Opinion_polling_for_the_2026_Brazilian_presidential_election
2026,1,MDA,2026-08-05,2026-08-09,2026-08-09,2002,wikipedia_tabela_3,Lula,42.4,0,14.0,https://en.wikipedia.org/wiki/Opinion_polling_for_the_2026_Brazilian_presidential_election
2026,1,MDA,2026-08-05,2026-08-09,2026-08-09,2002,wikipedia_tabela_3,Flávio Bolsonaro,28.7,0,14.0,https://en.wikipedia.org/wiki/Opinion_polling_for_the_2026_Brazilian_presidential_election
2026,1,MDA,2026-08-05,2026-08-09,2026-08-09,2002,wikipedia_tabela_3,Augusto Cury,1.2,0,14.0,https://en.wikipedia.org/wiki/Opinion_polling_for_the_2026_Brazilian_presidential_election
2026,1,MDA,2026-08-05,2026-08-09,2026-08-09,2002,wikipedia_tabela_3,Ronaldo Caiado,4.0,0,14.0,https://en.wikipedia.org/wiki/Opinion_polling_for_the_2026_Brazilian_presidential_election
2026,1,MDA,2026-08-05,2026-08-09,2026-08-09,2002,wikipedia_tabela_3,Romeu Zema,3.3,0,14.0,https://en.wikipedia.org/wiki/Opinion_polling_for_the_2026_Brazilian_presidential_election
2026,1,Futura,2026-08-03,2026-08-07,2026-08-07,2000,wikipedia_tabela_3,Lula,38.8,0,11.0,https://en.wikipedia.org/wiki/Opinion_polling_for_the_2026_Brazilian_presidential_election
2026,1,Futura,2026-08-03,2026-08-07,2026-08-07,2000,wikipedia_tabela_3,Flávio Bolsonaro,34.1,0,11.0,https://en.wikipedia.org/wiki/Opinion_polling_for_the_2026_Brazilian_presidential_election
2026,1,Futura,2026-08-03,2026-08-07,2026-08-07,2000,wikipedia_tabela_3,Augusto Cury,1.2,0,11.0,https://en.wikipedia.org/wiki/Opinion_polling_for_the_2026_Brazilian_presidential_election
2026,1,Futura,2026-08-03,2026-08-07,2026-08-07,2000,wikipedia_tabela_3,Ronaldo Caiado,5.9,0,11.0,https://en.wikipedia.org/wiki/Opinion_polling_for_the_2026_Brazilian_presidential_election
2026,1,Futura,2026-08-03,2026-08-07,2026-08-07,2000,wikipedia_tabela_3,Romeu Zema,3.6,0,11.0,https://en.wikipedia.org/wiki/Opinion_polling_for_the_2026_Brazilian_presidential_election
2026,1,Futura,2026-08-03,2026-08-07,2026-08-07,2000,wikipedia_tabela_3,Lula,36.3,0,12.2,https://en.wikipedia.org/wiki/Opinion_polling_for_the_2026_Brazilian_presidential_election
2026,1,Futura,2026-08-03,2026-08-07,2026-08-07,2000,wikipedia_tabela_3,Flávio Bolsonaro,32.7,0,12.2,https://en.wikipedia.org/wiki/Opinion_polling_for_the_2026_Brazilian_presidential_election
2026,1,Futura,2026-08-03,2026-08-07,2026-08-07,2000,wikipedia_tabela_3,Augusto Cury,1.6,0,12.2,https://en.wikipedia.org/wiki/Opinion_polling_for_the_2026_Brazilian_presidential_election
2026,1,Futura,2026-08-03,2026-08-07,2026-08-07,2000,wikipedia_tabela_3,Ronaldo Caiado,7.7,0,12.2,https://en.wikipedia.org/wiki/Opinion_polling_for_the_2026_Brazilian_presidential_election
2026,1,Futura,2026-08-03,2026-08-07,2026-08-07,2000,wikipedia_tabela_3,Romeu Zema,4.4,0,12.2,https://en.wikipedia.org/wiki/Opinion_polling_for_the_2026_Brazilian_presidential_election
2026,1,Palver,2026-08-03,2026-08-07,2026-08-07,5000,wikipedia_tabela_3,Lula,44.0,0,1.0,https://en.wikipedia.org/wiki/Opinion_polling_for_the_2026_Brazilian_presidential_election
2026,1,Palver,2026-08-03,2026-08-07,2026-08-07,5000,wikipedia_tabela_3,Flávio Bolsonaro,40.0,0,1.0,https://en.wikipedia.org/wiki/Opinion_polling_for_the_2026_Brazilian_presidential_election
2026,1,Palver,2026-08-03,2026-08-07,2026-08-07,5000,wikipedia_tabela_3,Augusto Cury,0.0,0,1.0,https://en.wikipedia.org/wiki/Opinion_polling_for_the_2026_Brazilian_presidential_election
2026,1,Palver,2026-08-03,2026-08-07,2026-08-07,5000,wikipedia_tabela_3,Ronaldo Caiado,2.0,0,1.0,https://en.wikipedia.org/wiki/Opinion_polling_for_the_2026_Brazilian_presidential_election
2026,1,Palver,2026-08-03,2026-08-07,2026-08-07,5000,wikipedia_tabela_3,Romeu Zema,1.0,0,1.0,https://en.wikipedia.org/wiki/Opinion_polling_for_the_2026_Brazilian_presidential_election
2026,1,Palver,2026-08-03,2026-08-07,2026-08-07,5000,wikipedia_tabela_3,Lula,45.0,0,1.0,https://en.wikipedia.org/wiki/Opinion_polling_for_the_2026_Brazilian_presidential_election
2026,1,Palver,2026-08-03,2026-08-07,2026-08-07,5000,wikipedia_tabela_3,Flávio Bolsonaro,40.0,0,1.0,https://en.wikipedia.org/wiki/Opinion_polling_for_the_2026_Brazilian_presidential_election
2026,1,Palver,2026-08-03,2026-08-07,2026-08-07,5000,wikipedia_tabela_3,Ronaldo Caiado,2.0,0,1.0,https://en.wikipedia.org/wiki/Opinion_polling_for_the_2026_Brazilian_presidential_election
2026,1,Palver,2026-08-03,2026-08-07,2026-08-07,5000,wikipedia_tabela_3,Romeu Zema,1.0,0,1.0,https://en.wikipedia.org/wiki/Opinion_polling_for_the_2026_Brazilian_presidential_election
2026,1,nan,2026-08-03,2026-08-03,2026-08-03,39,wikipedia_tabela_3,Lula,39.0,0,39.0,https://en.wikipedia.org/wiki/Opinion_polling_for_the_2026_Brazilian_presidential_election
2026,1,nan,2026-08-03,2026-08-03,2026-08-03,39,wikipedia_tabela_3,Flávio Bolsonaro,39.0,0,39.0,https://en.wikipedia.org/wiki/Opinion_polling_for_the_2026_Brazilian_presidential_election
2026,1,nan,2026-08-03,2026-08-03,2026-08-03,39,wikipedia_tabela_3,Augusto Cury,39.0,0,39.0,https://en.wikipedia.org/wiki/Opinion_polling_for_the_2026_Brazilian_presidential_election
2026,1,nan,2026-08-03,2026-08-03,2026-08-03,39,wikipedia_tabela_3,Ronaldo Caiado,39.0,0,39.0,https://en.wikipedia.org/wiki/Opinion_polling_for_the_2026_Brazilian_presidential_election
2026,1,nan,2026-08-03,2026-08-03,2026-08-03,39,wikipedia_tabela_3,Romeu Zema,39.0,0,39.0,https://en.wikipedia.org/wiki/Opinion_polling_for_the_2026_Brazilian_presidential_election
2026,1,Quaest,2026-07-31,2026-08-03,2026-08-03,2004,wikipedia_tabela_3,Lula,39.0,0,18.0,https://en.wikipedia.org/wiki/Opinion_polling_for_the_2026_Brazilian_presidential_election
2026,1,Quaest,2026-07-31,2026-08-03,2026-08-03,2004,wikipedia_tabela_3,Flávio Bolsonaro,30.0,0,18.0,https://en.wikipedia.org/wiki/Opinion_polling_for_the_2026_Brazilian_presidential_election
2026,1,Quaest,2026-07-31,2026-08-03,2026-08-03,2004,wikipedia_tabela_3,Augusto Cury,1.0,0,18.0,https://en.wikipedia.org/wiki/Opinion_polling_for_the_2026_Brazilian_presidential_election
2026,1,Quaest,2026-07-31,2026-08-03,2026-08-03,2004,wikipedia_tabela_3,Ronaldo Caiado,4.0,0,18.0,https://en.wikipedia.org/wiki/Opinion_polling_for_the_2026_Brazilian_presidential_election
2026,1,Quaest,2026-07-31,2026-08-03,2026-08-03,2004,wikipedia_tabela_3,Romeu Zema,2.0,0,18.0,https://en.wikipedia.org/wiki/Opinion_polling_for_the_2026_Brazilian_presidential_election
2026,1,Ideia,2026-07-31,2026-08-03,2026-08-03,1500,wikipedia_tabela_3,Lula,43.0,0,6.0,https://en.wikipedia.org/wiki/Opinion_polling_for_the_2026_Brazilian_presidential_election
2026,1,Ideia,2026-07-31,2026-08-03,2026-08-03,1500,wikipedia_tabela_3,Flávio Bolsonaro,35.0,0,6.0,https://en.wikipedia.org/wiki/Opinion_polling_for_the_2026_Brazilian_presidential_election
2026,1,Ideia,2026-07-31,2026-08-03,2026-08-03,1500,wikipedia_tabela_3,Augusto Cury,1.7,0,6.0,https://en.wikipedia.org/wiki/Opinion_polling_for_the_2026_Brazilian_presidential_election
2026,1,Ideia,2026-07-31,2026-08-03,2026-08-03,1500,wikipedia_tabela_3,Ronaldo Caiado,5.7,0,6.0,https://en.wikipedia.org/wiki/Opinion_polling_for_the_2026_Brazilian_presidential_election
2026,1,Ideia,2026-07-31,2026-08-03,2026-08-03,1500,wikipedia_tabela_3,Romeu Zema,2.6,0,6.0,https://en.wikipedia.org/wiki/Opinion_polling_for_the_2026_Brazilian_presidential_election
2026,1,nan,2026-08-02,2026-08-02,2026-08-02,41,wikipedia_tabela_3,Lula,41.0,0,41.0,https://en.wikipedia.org/wiki/Opinion_polling_for_the_2026_Brazilian_presidential_election
2026,1,nan,2026-08-02,2026-08-02,2026-08-02,41,wikipedia_tabela_3,Flávio Bolsonaro,41.0,0,41.0,https://en.wikipedia.org/wiki/Opinion_polling_for_the_2026_Brazilian_presidential_election
2026,1,nan,2026-08-02,2026-08-02,2026-08-02,41,wikipedia_tabela_3,Augusto Cury,41.0,0,41.0,https://en.wikipedia.org/wiki/Opinion_polling_for_the_2026_Brazilian_presidential_election
2026,1,nan,2026-08-02,2026-08-02,2026-08-02,41,wikipedia_tabela_3,Ronaldo Caiado,41.0,0,41.0,https://en.wikipedia.org/wiki/Opinion_polling_for_the_2026_Brazilian_presidential_election
2026,1,nan,2026-08-02,2026-08-02,2026-08-02,41,wikipedia_tabela_3,Romeu Zema,41.0,0,41.0,https://en.wikipedia.org/wiki/Opinion_polling_for_the_2026_Brazilian_presidential_election
2026,1,Nexus,2026-07-31,2026-08-02,2026-08-02,2002,wikipedia_tabela_3,Lula,41.0,0,7.0,https://en.wikipedia.org/wiki/Opinion_polling_for_the_2026_Brazilian_presidential_election
2026,1,Nexus,2026-07-31,2026-08-02,2026-08-02,2002,wikipedia_tabela_3,Flávio Bolsonaro,37.0,0,7.0,https://en.wikipedia.org/wiki/Opinion_polling_for_the_2026_Brazilian_presidential_election
2026,1,Nexus,2026-07-31,2026-08-02,2026-08-02,2002,wikipedia_tabela_3,Augusto Cury,1.0,0,7.0,https://en.wikipedia.org/wiki/Opinion_polling_for_the_2026_Brazilian_presidential_election
2026,1,Nexus,2026-07-31,2026-08-02,2026-08-02,2002,wikipedia_tabela_3,Ronaldo Caiado,5.0,0,7.0,https://en.wikipedia.org/wiki/Opinion_polling_for_the_2026_Brazilian_presidential_election
2026,1,Nexus,2026-07-31,2026-08-02,2026-08-02,2002,wikipedia_tabela_3,Romeu Zema,3.0,0,7.0,https://en.wikipedia.org/wiki/Opinion_polling_for_the_2026_Brazilian_presidential_election
2026,1,PoderData,2026-07-26,2026-07-29,2026-07-29,2400,wikipedia_tabela_3,Lula,41.0,0,9.0,https://en.wikipedia.org/wiki/Opinion_polling_for_the_2026_Brazilian_presidential_election
2026,1,PoderData,2026-07-26,2026-07-29,2026-07-29,2400,wikipedia_tabela_3,Flávio Bolsonaro,35.0,0,9.0,https://en.wikipedia.org/wiki/Opinion_polling_for_the_2026_Brazilian_presidential_election
2026,1,PoderData,2026-07-26,2026-07-29,2026-07-29,2400,wikipedia_tabela_3,Augusto Cury,3.0,0,9.0,https://en.wikipedia.org/wiki/Opinion_polling_for_the_2026_Brazilian_presidential_election
2026,1,PoderData,2026-07-26,2026-07-29,2026-07-29,2400,wikipedia_tabela_3,Ronaldo Caiado,5.0,0,9.0,https://en.wikipedia.org/wiki/Opinion_polling_for_the_2026_Brazilian_presidential_election
2026,1,PoderData,2026-07-26,2026-07-29,2026-07-29,2400,wikipedia_tabela_3,Romeu Zema,3.0,0,9.0,https://en.wikipedia.org/wiki/Opinion_polling_for_the_2026_Brazilian_presidential_election
2026,1,Vox Brasil,2026-07-26,2026-07-28,2026-07-28,2100,wikipedia_tabela_3,Lula,40.5,0,11.9,https://en.wikipedia.org/wiki/Opinion_polling_for_the_2026_Brazilian_presidential_election
2026,1,Vox Brasil,2026-07-26,2026-07-28,2026-07-28,2100,wikipedia_tabela_3,Flávio Bolsonaro,31.2,0,11.9,https://en.wikipedia.org/wiki/Opinion_polling_for_the_2026_Brazilian_presidential_election
2026,1,Vox Brasil,2026-07-26,2026-07-28,2026-07-28,2100,wikipedia_tabela_3,Augusto Cury,1.1,0,11.9,https://en.wikipedia.org/wiki/Opinion_polling_for_the_2026_Brazilian_presidential_election
2026,1,Vox Brasil,2026-07-26,2026-07-28,2026-07-28,2100,wikipedia_tabela_3,Ronaldo Caiado,5.5,0,11.9,https://en.wikipedia.org/wiki/Opinion_polling_for_the_2026_Brazilian_presidential_election
2026,1,Vox Brasil,2026-07-26,2026-07-28,2026-07-28,2100,wikipedia_tabela_3,Romeu Zema,3.2,0,11.9,https://en.wikipedia.org/wiki/Opinion_polling_for_the_2026_Brazilian_presidential_election
2026,1,nan,2026-07-27,2026-07-27,2026-07-27,45,wikipedia_tabela_3,Lula,45.0,0,45.0,https://en.wikipedia.org/wiki/Opinion_polling_for_the_2026_Brazilian_presidential_election
2026,1,nan,2026-07-27,2026-07-27,2026-07-27,45,wikipedia_tabela_3,Flávio Bolsonaro,45.0,0,45.0,https://en.wikipedia.org/wiki/Opinion_polling_for_the_2026_Brazilian_presidential_election
2026,1,nan,2026-07-27,2026-07-27,2026-07-27,45,wikipedia_tabela_3,Augusto Cury,45.0,0,45.0,https://en.wikipedia.org/wiki/Opinion_polling_for_the_2026_Brazilian_presidential_election
2026,1,nan,2026-07-27,2026-07-27,2026-07-27,45,wikipedia_tabela_3,Ronaldo Caiado,45.0,0,45.0,https://en.wikipedia.org/wiki/Opinion_polling_for_the_2026_Brazilian_presidential_election
2026,1,nan,2026-07-27,2026-07-27,2026-07-27,45,wikipedia_tabela_3,Romeu Zema,45.0,0,45.0,https://en.wikipedia.org/wiki/Opinion_polling_for_the_2026_Brazilian_presidential_election
2026,1,AtlasIntel,2026-07-22,2026-07-27,2026-07-27,5021,wikipedia_tabela_3,Lula,44.9,0,1.6,https://en.wikipedia.org/wiki/Opinion_polling_for_the_2026_Brazilian_presidential_election
2026,1,AtlasIntel,2026-07-22,2026-07-27,2026-07-27,5021,wikipedia_tabela_3,Flávio Bolsonaro,35.8,0,1.6,https://en.wikipedia.org/wiki/Opinion_polling_for_the_2026_Brazilian_presidential_election
2026,1,AtlasIntel,2026-07-22,2026-07-27,2026-07-27,5021,wikipedia_tabela_3,Augusto Cury,1.6,0,1.6,https://en.wikipedia.org/wiki/Opinion_polling_for_the_2026_Brazilian_presidential_election
2026,1,AtlasIntel,2026-07-22,2026-07-27,2026-07-27,5021,wikipedia_tabela_3,Ronaldo Caiado,3.1,0,1.6,https://en.wikipedia.org/wiki/Opinion_polling_for_the_2026_Brazilian_presidential_election
2026,1,AtlasIntel,2026-07-22,2026-07-27,2026-07-27,5021,wikipedia_tabela_3,Romeu Zema,2.8,0,1.6,https://en.wikipedia.org/wiki/Opinion_polling_for_the_2026_Brazilian_presidential_election
2026,1,AtlasIntel,2026-07-22,2026-07-27,2026-07-27,5021,wikipedia_tabela_3,Lula,47.4,0,1.6,https://en.wikipedia.org/wiki/Opinion_polling_for_the_2026_Brazilian_presidential_election
2026,1,AtlasIntel,2026-07-22,2026-07-27,2026-07-27,5021,wikipedia_tabela_3,Flávio Bolsonaro,37.0,0,1.6,https://en.wikipedia.org/wiki/Opinion_polling_for_the_2026_Brazilian_presidential_election
2026,1,AtlasIntel,2026-07-22,2026-07-27,2026-07-27,5021,wikipedia_tabela_3,Ronaldo Caiado,3.3,0,1.6,https://en.wikipedia.org/wiki/Opinion_polling_for_the_2026_Brazilian_presidential_election
2026,1,AtlasIntel,2026-07-22,2026-07-27,2026-07-27,5021,wikipedia_tabela_3,Romeu Zema,2.9,0,1.6,https://en.wikipedia.org/wiki/Opinion_polling_for_the_2026_Brazilian_presidential_election
2026,1,nan,2026-07-26,2026-07-26,2026-07-26,47,wikipedia_tabela_3,Lula,47.0,0,47.0,https://en.wikipedia.org/wiki/Opinion_polling_for_the_2026_Brazilian_presidential_election
2026,1,nan,2026-07-26,2026-07-26,2026-07-26,47,wikipedia_tabela_3,Flávio Bolsonaro,47.0,0,47.0,https://en.wikipedia.org/wiki/Opinion_polling_for_the_2026_Brazilian_presidential_election
2026,1,nan,2026-07-26,2026-07-26,2026-07-26,47,wikipedia_tabela_3,Augusto Cury,47.0,0,47.0,https://en.wikipedia.org/wiki/Opinion_polling_for_the_2026_Brazilian_presidential_election
2026,1,nan,2026-07-26,2026-07-26,2026-07-26,47,wikipedia_tabela_3,Ronaldo Caiado,47.0,0,47.0,https://en.wikipedia.org/wiki/Opinion_polling_for_the_2026_Brazilian_presidential_election
2026,1,nan,2026-07-26,2026-07-26,2026-07-26,47,wikipedia_tabela_3,Romeu Zema,47.0,0,47.0,https://en.wikipedia.org/wiki/Opinion_polling_for_the_2026_Brazilian_presidential_election
2026,1,Nexus,2026-07-24,2026-07-26,2026-07-26,2004,wikipedia_tabela_3,Lula,42.0,0,8.0,https://en.wikipedia.org/wiki/Opinion_polling_for_the_2026_Brazilian_presidential_election
2026,1,Nexus,2026-07-24,2026-07-26,2026-07-26,2004,wikipedia_tabela_3,Flávio Bolsonaro,33.0,0,8.0,https://en.wikipedia.org/wiki/Opinion_polling_for_the_2026_Brazilian_presidential_election
2026,1,Nexus,2026-07-24,2026-07-26,2026-07-26,2004,wikipedia_tabela_3,Augusto Cury,2.0,0,8.0,https://en.wikipedia.org/wiki/Opinion_polling_for_the_2026_Brazilian_presidential_election
2026,1,Nexus,2026-07-24,2026-07-26,2026-07-26,2004,wikipedia_tabela_3,Ronaldo Caiado,6.0,0,8.0,https://en.wikipedia.org/wiki/Opinion_polling_for_the_2026_Brazilian_presidential_election
2026,1,Nexus,2026-07-24,2026-07-26,2026-07-26,2004,wikipedia_tabela_3,Romeu Zema,3.0,0,8.0,https://en.wikipedia.org/wiki/Opinion_polling_for_the_2026_Brazilian_presidential_election
2026,1,nan,2026-07-25,2026-07-25,2026-07-25,49,wikipedia_tabela_3,Lula,49.0,0,49.0,https://en.wikipedia.org/wiki/Opinion_polling_for_the_2026_Brazilian_presidential_election
2026,1,nan,2026-07-25,2026-07-25,2026-07-25,49,wikipedia_tabela_3,Flávio Bolsonaro,49.0,0,49.0,https://en.wikipedia.org/wiki/Opinion_polling_for_the_2026_Brazilian_presidential_election
2026,1,nan,2026-07-25,2026-07-25,2026-07-25,49,wikipedia_tabela_3,Augusto Cury,49.0,0,49.0,https://en.wikipedia.org/wiki/Opinion_polling_for_the_2026_Brazilian_presidential_election
2026,1,nan,2026-07-25,2026-07-25,2026-07-25,49,wikipedia_tabela_3,Ronaldo Caiado,49.0,0,49.0,https://en.wikipedia.org/wiki/Opinion_polling_for_the_2026_Brazilian_presidential_election
2026,1,nan,2026-07-25,2026-07-25,2026-07-25,49,wikipedia_tabela_3,Romeu Zema,49.0,0,49.0,https://en.wikipedia.org/wiki/Opinion_polling_for_the_2026_Brazilian_presidential_election
2026,1,Datafolha,2026-07-22,2026-07-23,2026-07-23,2004,wikipedia_tabela_3,Lula,40.0,0,11.0,https://en.wikipedia.org/wiki/Opinion_polling_for_the_2026_Brazilian_presidential_election
2026,1,Datafolha,2026-07-22,2026-07-23,2026-07-23,2004,wikipedia_tabela_3,Flávio Bolsonaro,32.0,0,11.0,https://en.wikipedia.org/wiki/Opinion_polling_for_the_2026_Brazilian_presidential_election
2026,1,Datafolha,2026-07-22,2026-07-23,2026-07-23,2004,wikipedia_tabela_3,Augusto Cury,2.0,0,11.0,https://en.wikipedia.org/wiki/Opinion_polling_for_the_2026_Brazilian_presidential_election
2026,1,Datafolha,2026-07-22,2026-07-23,2026-07-23,2004,wikipedia_tabela_3,Ronaldo Caiado,4.0,0,11.0,https://en.wikipedia.org/wiki/Opinion_polling_for_the_2026_Brazilian_presidential_election
2026,1,Datafolha,2026-07-22,2026-07-23,2026-07-23,2004,wikipedia_tabela_3,Romeu Zema,3.0,0,11.0,https://en.wikipedia.org/wiki/Opinion_polling_for_the_2026_Brazilian_presidential_election
2026,1,nan,2026-07-20,2026-07-20,2026-07-20,51,wikipedia_tabela_3,Lula,51.0,0,51.0,https://en.wikipedia.org/wiki/Opinion_polling_for_the_2026_Brazilian_presidential_election
2026,1,nan,2026-07-20,2026-07-20,2026-07-20,51,wikipedia_tabela_3,Flávio Bolsonaro,51.0,0,51.0,https://en.wikipedia.org/wiki/Opinion_polling_for_the_2026_Brazilian_presidential_election
2026,1,nan,2026-07-20,2026-07-20,2026-07-20,51,wikipedia_tabela_3,Augusto Cury,51.0,0,51.0,https://en.wikipedia.org/wiki/Opinion_polling_for_the_2026_Brazilian_presidential_election
2026,1,nan,2026-07-20,2026-07-20,2026-07-20,51,wikipedia_tabela_3,Ronaldo Caiado,51.0,0,51.0,https://en.wikipedia.org/wiki/Opinion_polling_for_the_2026_Brazilian_presidential_election
2026,1,nan,2026-07-20,2026-07-20,2026-07-20,51,wikipedia_tabela_3,Romeu Zema,51.0,0,51.0,https://en.wikipedia.org/wiki/Opinion_polling_for_the_2026_Brazilian_presidential_election
2026,1,Real Time,2026-07-18,2026-07-20,2026-07-20,2000,wikipedia_tabela_3,Lula,40.0,0,6.0,https://en.wikipedia.org/wiki/Opinion_polling_for_the_2026_Brazilian_presidential_election
2026,1,Real Time,2026-07-18,2026-07-20,2026-07-20,2000,wikipedia_tabela_3,Flávio Bolsonaro,33.0,0,6.0,https://en.wikipedia.org/wiki/Opinion_polling_for_the_2026_Brazilian_presidential_election
2026,1,Real Time,2026-07-18,2026-07-20,2026-07-20,2000,wikipedia_tabela_3,Augusto Cury,1.0,0,6.0,https://en.wikipedia.org/wiki/Opinion_polling_for_the_2026_Brazilian_presidential_election
2026,1,Real Time,2026-07-18,2026-07-20,2026-07-20,2000,wikipedia_tabela_3,Ronaldo Caiado,7.0,0,6.0,https://en.wikipedia.org/wiki/Opinion_polling_for_the_2026_Brazilian_presidential_election
2026,1,Real Time,2026-07-18,2026-07-20,2026-07-20,2000,wikipedia_tabela_3,Romeu Zema,2.0,0,6.0,https://en.wikipedia.org/wiki/Opinion_polling_for_the_2026_Brazilian_presidential_election
2026,1,Indexa,2026-07-16,2026-07-19,2026-07-19,2000,wikipedia_tabela_3,Lula,41.0,0,15.0,https://en.wikipedia.org/wiki/Opinion_polling_for_the_2026_Brazilian_presidential_election
2026,1,Indexa,2026-07-16,2026-07-19,2026-07-19,2000,wikipedia_tabela_3,Flávio Bolsonaro,30.0,0,15.0,https://en.wikipedia.org/wiki/Opinion_polling_for_the_2026_Brazilian_presidential_election
2026,1,Indexa,2026-07-16,2026-07-19,2026-07-19,2000,wikipedia_tabela_3,Augusto Cury,1.0,0,15.0,https://en.wikipedia.org/wiki/Opinion_polling_for_the_2026_Brazilian_presidential_election
2026,1,Indexa,2026-07-16,2026-07-19,2026-07-19,2000,wikipedia_tabela_3,Ronaldo Caiado,6.0,0,15.0,https://en.wikipedia.org/wiki/Opinion_polling_for_the_2026_Brazilian_presidential_election
2026,1,Indexa,2026-07-16,2026-07-19,2026-07-19,2000,wikipedia_tabela_3,Romeu Zema,3.0,0,15.0,https://en.wikipedia.org/wiki/Opinion_polling_for_the_2026_Brazilian_presidential_election
2026,1,PoderData,2026-07-12,2026-07-15,2026-07-15,2400,wikipedia_tabela_3,Lula,40.0,0,10.0,https://en.wikipedia.org/wiki/Opinion_polling_for_the_2026_Brazilian_presidential_election
2026,1,PoderData,2026-07-12,2026-07-15,2026-07-15,2400,wikipedia_tabela_3,Flávio Bolsonaro,34.0,0,10.0,https://en.wikipedia.org/wiki/Opinion_polling_for_the_2026_Brazilian_presidential_election
2026,1,PoderData,2026-07-12,2026-07-15,2026-07-15,2400,wikipedia_tabela_3,Augusto Cury,3.0,0,10.0,https://en.wikipedia.org/wiki/Opinion_polling_for_the_2026_Brazilian_presidential_election
2026,1,PoderData,2026-07-12,2026-07-15,2026-07-15,2400,wikipedia_tabela_3,Ronaldo Caiado,4.0,0,10.0,https://en.wikipedia.org/wiki/Opinion_polling_for_the_2026_Brazilian_presidential_election
2026,1,PoderData,2026-07-12,2026-07-15,2026-07-15,2400,wikipedia_tabela_3,Romeu Zema,4.0,0,10.0,https://en.wikipedia.org/wiki/Opinion_polling_for_the_2026_Brazilian_presidential_election
2026,1,Quaest,2026-07-10,2026-07-13,2026-07-13,2004,wikipedia_tabela_3,Lula,40.0,0,19.0,https://en.wikipedia.org/wiki/Opinion_polling_for_the_2026_Brazilian_presidential_election
2026,1,Quaest,2026-07-10,2026-07-13,2026-07-13,2004,wikipedia_tabela_3,Flávio Bolsonaro,28.0,0,19.0,https://en.wikipedia.org/wiki/Opinion_polling_for_the_2026_Brazilian_presidential_election
2026,1,Quaest,2026-07-10,2026-07-13,2026-07-13,2004,wikipedia_tabela_3,Augusto Cury,1.0,0,19.0,https://en.wikipedia.org/wiki/Opinion_polling_for_the_2026_Brazilian_presidential_election
2026,1,Quaest,2026-07-10,2026-07-13,2026-07-13,2004,wikipedia_tabela_3,Ronaldo Caiado,4.0,0,19.0,https://en.wikipedia.org/wiki/Opinion_polling_for_the_2026_Brazilian_presidential_election
2026,1,Quaest,2026-07-10,2026-07-13,2026-07-13,2004,wikipedia_tabela_3,Romeu Zema,2.0,0,19.0,https://en.wikipedia.org/wiki/Opinion_polling_for_the_2026_Brazilian_presidential_election
2026,1,Nexus,2026-07-10,2026-07-12,2026-07-12,2003,wikipedia_tabela_3,Lula,40.0,0,9.0,https://en.wikipedia.org/wiki/Opinion_polling_for_the_2026_Brazilian_presidential_election
2026,1,Nexus,2026-07-10,2026-07-12,2026-07-12,2003,wikipedia_tabela_3,Flávio Bolsonaro,34.0,0,9.0,https://en.wikipedia.org/wiki/Opinion_polling_for_the_2026_Brazilian_presidential_election
2026,1,Nexus,2026-07-10,2026-07-12,2026-07-12,2003,wikipedia_tabela_3,Augusto Cury,2.0,0,9.0,https://en.wikipedia.org/wiki/Opinion_polling_for_the_2026_Brazilian_presidential_election
2026,1,Nexus,2026-07-10,2026-07-12,2026-07-12,2003,wikipedia_tabela_3,Ronaldo Caiado,5.0,0,9.0,https://en.wikipedia.org/wiki/Opinion_polling_for_the_2026_Brazilian_presidential_election
2026,1,Nexus,2026-07-10,2026-07-12,2026-07-12,2003,wikipedia_tabela_3,Romeu Zema,4.0,0,9.0,https://en.wikipedia.org/wiki/Opinion_polling_for_the_2026_Brazilian_presidential_election
2026,1,Futura,2026-07-07,2026-07-11,2026-07-11,2000,wikipedia_tabela_3,Lula,40.1,0,8.7,https://en.wikipedia.org/wiki/Opinion_polling_for_the_2026_Brazilian_presidential_election
2026,1,Futura,2026-07-07,2026-07-11,2026-07-11,2000,wikipedia_tabela_3,Flávio Bolsonaro,36.8,0,8.7,https://en.wikipedia.org/wiki/Opinion_polling_for_the_2026_Brazilian_presidential_election
2026,1,Futura,2026-07-07,2026-07-11,2026-07-11,2000,wikipedia_tabela_3,Augusto Cury,1.1,0,8.7,https://en.wikipedia.org/wiki/Opinion_polling_for_the_2026_Brazilian_presidential_election
2026,1,Futura,2026-07-07,2026-07-11,2026-07-11,2000,wikipedia_tabela_3,Ronaldo Caiado,5.0,0,8.7,https://en.wikipedia.org/wiki/Opinion_polling_for_the_2026_Brazilian_presidential_election
2026,1,Futura,2026-07-07,2026-07-11,2026-07-11,2000,wikipedia_tabela_3,Romeu Zema,3.7,0,8.7,https://en.wikipedia.org/wiki/Opinion_polling_for_the_2026_Brazilian_presidential_election
2026,1,Futura,2026-07-07,2026-07-11,2026-07-11,2000,wikipedia_tabela_3,Lula,37.8,0,10.2,https://en.wikipedia.org/wiki/Opinion_polling_for_the_2026_Brazilian_presidential_election
2026,1,Futura,2026-07-07,2026-07-11,2026-07-11,2000,wikipedia_tabela_3,Flávio Bolsonaro,35.7,0,10.2,https://en.wikipedia.org/wiki/Opinion_polling_for_the_2026_Brazilian_presidential_election
2026,1,Futura,2026-07-07,2026-07-11,2026-07-11,2000,wikipedia_tabela_3,Ronaldo Caiado,7.9,0,10.2,https://en.wikipedia.org/wiki/Opinion_polling_for_the_2026_Brazilian_presidential_election
2026,1,Futura,2026-07-07,2026-07-11,2026-07-11,2000,wikipedia_tabela_3,Romeu Zema,5.0,0,10.2,https://en.wikipedia.org/wiki/Opinion_polling_for_the_2026_Brazilian_presidential_election
2026,1,Futura,2026-07-07,2026-07-11,2026-07-11,2000,wikipedia_tabela_3,Lula,42.1,0,21.4,https://en.wikipedia.org/wiki/Opinion_polling_for_the_2026_Brazilian_presidential_election
2026,1,Futura,2026-07-07,2026-07-11,2026-07-11,2000,wikipedia_tabela_3,Ronaldo Caiado,16.5,0,21.4,https://en.wikipedia.org/wiki/Opinion_polling_for_the_2026_Brazilian_presidential_election
2026,1,Futura,2026-07-07,2026-07-11,2026-07-11,2000,wikipedia_tabela_3,Romeu Zema,14.0,0,21.4,https://en.wikipedia.org/wiki/Opinion_polling_for_the_2026_Brazilian_presidential_election
2026,1,Futura,2026-07-07,2026-07-11,2026-07-11,2000,wikipedia_tabela_3,Lula,42.6,0,8.7,https://en.wikipedia.org/wiki/Opinion_polling_for_the_2026_Brazilian_presidential_election
2026,1,Futura,2026-07-07,2026-07-11,2026-07-11,2000,wikipedia_tabela_3,Flávio Bolsonaro,38.6,0,8.7,https://en.wikipedia.org/wiki/Opinion_polling_for_the_2026_Brazilian_presidential_election
2026,1,Futura,2026-07-07,2026-07-11,2026-07-11,2000,wikipedia_tabela_3,Romeu Zema,6.2,0,8.7,https://en.wikipedia.org/wiki/Opinion_polling_for_the_2026_Brazilian_presidential_election
2026,1,nan,2026-07-08,2026-07-08,2026-07-08,58,wikipedia_tabela_3,Lula,58.0,0,58.0,https://en.wikipedia.org/wiki/Opinion_polling_for_the_2026_Brazilian_presidential_election
2026,1,nan,2026-07-08,2026-07-08,2026-07-08,58,wikipedia_tabela_3,Flávio Bolsonaro,58.0,0,58.0,https://en.wikipedia.org/wiki/Opinion_polling_for_the_2026_Brazilian_presidential_election
2026,1,nan,2026-07-08,2026-07-08,2026-07-08,58,wikipedia_tabela_3,Augusto Cury,58.0,0,58.0,https://en.wikipedia.org/wiki/Opinion_polling_for_the_2026_Brazilian_presidential_election
2026,1,nan,2026-07-08,2026-07-08,2026-07-08,58,wikipedia_tabela_3,Ronaldo Caiado,58.0,0,58.0,https://en.wikipedia.org/wiki/Opinion_polling_for_the_2026_Brazilian_presidential_election
2026,1,nan,2026-07-08,2026-07-08,2026-07-08,58,wikipedia_tabela_3,Romeu Zema,58.0,0,58.0,https://en.wikipedia.org/wiki/Opinion_polling_for_the_2026_Brazilian_presidential_election
2026,1,Ideia,2026-07-03,2026-07-06,2026-07-06,1500,wikipedia_tabela_3,Lula,40.4,0,13.6,https://en.wikipedia.org/wiki/Opinion_polling_for_the_2026_Brazilian_presidential_election
2026,1,Ideia,2026-07-03,2026-07-06,2026-07-06,1500,wikipedia_tabela_3,Flávio Bolsonaro,32.0,0,13.6,https://en.wikipedia.org/wiki/Opinion_polling_for_the_2026_Brazilian_presidential_election
2026,1,Ideia,2026-07-03,2026-07-06,2026-07-06,1500,wikipedia_tabela_3,Augusto Cury,1.5,0,13.6,https://en.wikipedia.org/wiki/Opinion_polling_for_the_2026_Brazilian_presidential_election
2026,1,Ideia,2026-07-03,2026-07-06,2026-07-06,1500,wikipedia_tabela_3,Ronaldo Caiado,4.0,0,13.6,https://en.wikipedia.org/wiki/Opinion_polling_for_the_2026_Brazilian_presidential_election
2026,1,Ideia,2026-07-03,2026-07-06,2026-07-06,1500,wikipedia_tabela_3,Romeu Zema,2.5,0,13.6,https://en.wikipedia.org/wiki/Opinion_polling_for_the_2026_Brazilian_presidential_election
2026,1,AtlasIntel,2026-06-26,2026-06-30,2026-06-30,4999,wikipedia_tabela_3,Lula,46.3,0,1.2,https://en.wikipedia.org/wiki/Opinion_polling_for_the_2026_Brazilian_presidential_election
2026,1,AtlasIntel,2026-06-26,2026-06-30,2026-06-30,4999,wikipedia_tabela_3,Flávio Bolsonaro,36.6,0,1.2,https://en.wikipedia.org/wiki/Opinion_polling_for_the_2026_Brazilian_presidential_election
2026,1,AtlasIntel,2026-06-26,2026-06-30,2026-06-30,4999,wikipedia_tabela_3,Augusto Cury,0.5,0,1.2,https://en.wikipedia.org/wiki/Opinion_polling_for_the_2026_Brazilian_presidential_election
2026,1,AtlasIntel,2026-06-26,2026-06-30,2026-06-30,4999,wikipedia_tabela_3,Ronaldo Caiado,2.9,0,1.2,https://en.wikipedia.org/wiki/Opinion_polling_for_the_2026_Brazilian_presidential_election
2026,1,AtlasIntel,2026-06-26,2026-06-30,2026-06-30,4999,wikipedia_tabela_3,Romeu Zema,2.0,0,1.2,https://en.wikipedia.org/wiki/Opinion_polling_for_the_2026_Brazilian_presidential_election
2026,1,AtlasIntel,2026-06-26,2026-06-30,2026-06-30,4999,wikipedia_tabela_3,Lula,47.2,0,1.3,https://en.wikipedia.org/wiki/Opinion_polling_for_the_2026_Brazilian_presidential_election
2026,1,AtlasIntel,2026-06-26,2026-06-30,2026-06-30,4999,wikipedia_tabela_3,Flávio Bolsonaro,36.3,0,1.3,https://en.wikipedia.org/wiki/Opinion_polling_for_the_2026_Brazilian_presidential_election
2026,1,AtlasIntel,2026-06-26,2026-06-30,2026-06-30,4999,wikipedia_tabela_3,Ronaldo Caiado,3.1,0,1.3,https://en.wikipedia.org/wiki/Opinion_polling_for_the_2026_Brazilian_presidential_election
2026,1,AtlasIntel,2026-06-26,2026-06-30,2026-06-30,4999,wikipedia_tabela_3,Romeu Zema,3.0,0,1.3,https://en.wikipedia.org/wiki/Opinion_polling_for_the_2026_Brazilian_presidential_election
2026,1,Nexus,2026-06-26,2026-06-28,2026-06-28,2009,wikipedia_tabela_3,Lula,42.0,0,8.0,https://en.wikipedia.org/wiki/Opinion_polling_for_the_2026_Brazilian_presidential_election
2026,1,Nexus,2026-06-26,2026-06-28,2026-06-28,2009,wikipedia_tabela_3,Flávio Bolsonaro,34.0,0,8.0,https://en.wikipedia.org/wiki/Opinion_polling_for_the_2026_Brazilian_presidential_election
2026,1,Nexus,2026-06-26,2026-06-28,2026-06-28,2009,wikipedia_tabela_3,Augusto Cury,1.0,0,8.0,https://en.wikipedia.org/wiki/Opinion_polling_for_the_2026_Brazilian_presidential_election
2026,1,Nexus,2026-06-26,2026-06-28,2026-06-28,2009,wikipedia_tabela_3,Ronaldo Caiado,5.0,0,8.0,https://en.wikipedia.org/wiki/Opinion_polling_for_the_2026_Brazilian_presidential_election
2026,1,Nexus,2026-06-26,2026-06-28,2026-06-28,2009,wikipedia_tabela_3,Romeu Zema,3.0,0,8.0,https://en.wikipedia.org/wiki/Opinion_polling_for_the_2026_Brazilian_presidential_election
2026,1,Nexus,2026-06-26,2026-06-28,2026-06-28,2009,wikipedia_tabela_3,Lula,42.0,0,8.0,https://en.wikipedia.org/wiki/Opinion_polling_for_the_2026_Brazilian_presidential_election
2026,1,Nexus,2026-06-26,2026-06-28,2026-06-28,2009,wikipedia_tabela_3,Flávio Bolsonaro,35.0,0,8.0,https://en.wikipedia.org/wiki/Opinion_polling_for_the_2026_Brazilian_presidential_election
2026,1,Nexus,2026-06-26,2026-06-28,2026-06-28,2009,wikipedia_tabela_3,Ronaldo Caiado,5.0,0,8.0,https://en.wikipedia.org/wiki/Opinion_polling_for_the_2026_Brazilian_presidential_election
2026,1,Nexus,2026-06-26,2026-06-28,2026-06-28,2009,wikipedia_tabela_3,Romeu Zema,3.0,0,8.0,https://en.wikipedia.org/wiki/Opinion_polling_for_the_2026_Brazilian_presidential_election
2026,1,Vox Brasil,2026-06-23,2026-06-25,2026-06-25,2100,wikipedia_tabela_3,Lula,38.3,0,14.3,https://en.wikipedia.org/wiki/Opinion_polling_for_the_2026_Brazilian_presidential_election
2026,1,Vox Brasil,2026-06-23,2026-06-25,2026-06-25,2100,wikipedia_tabela_3,Flávio Bolsonaro,32.2,0,14.3,https://en.wikipedia.org/wiki/Opinion_polling_for_the_2026_Brazilian_presidential_election
2026,1,Vox Brasil,2026-06-23,2026-06-25,2026-06-25,2100,wikipedia_tabela_3,Augusto Cury,0.7,0,14.3,https://en.wikipedia.org/wiki/Opinion_polling_for_the_2026_Brazilian_presidential_election
2026,1,Vox Brasil,2026-06-23,2026-06-25,2026-06-25,2100,wikipedia_tabela_3,Ronaldo Caiado,5.1,0,14.3,https://en.wikipedia.org/wiki/Opinion_polling_for_the_2026_Brazilian_presidential_election
2026,1,Vox Brasil,2026-06-23,2026-06-25,2026-06-25,2100,wikipedia_tabela_3,Romeu Zema,2.8,0,14.3,https://en.wikipedia.org/wiki/Opinion_polling_for_the_2026_Brazilian_presidential_election
2026,1,PoderData,2026-06-21,2026-06-24,2026-06-24,2400,wikipedia_tabela_3,Lula,40.0,0,8.0,https://en.wikipedia.org/wiki/Opinion_polling_for_the_2026_Brazilian_presidential_election
2026,1,PoderData,2026-06-21,2026-06-24,2026-06-24,2400,wikipedia_tabela_3,Flávio Bolsonaro,36.0,0,8.0,https://en.wikipedia.org/wiki/Opinion_polling_for_the_2026_Brazilian_presidential_election
2026,1,PoderData,2026-06-21,2026-06-24,2026-06-24,2400,wikipedia_tabela_3,Augusto Cury,3.0,0,8.0,https://en.wikipedia.org/wiki/Opinion_polling_for_the_2026_Brazilian_presidential_election
2026,1,PoderData,2026-06-21,2026-06-24,2026-06-24,2400,wikipedia_tabela_3,Ronaldo Caiado,4.0,0,8.0,https://en.wikipedia.org/wiki/Opinion_polling_for_the_2026_Brazilian_presidential_election
2026,1,PoderData,2026-06-21,2026-06-24,2026-06-24,2400,wikipedia_tabela_3,Romeu Zema,3.0,0,8.0,https://en.wikipedia.org/wiki/Opinion_polling_for_the_2026_Brazilian_presidential_election
2026,1,Indexa,2026-06-18,2026-06-20,2026-06-20,2000,wikipedia_tabela_3,Lula,42.0,0,14.0,https://en.wikipedia.org/wiki/Opinion_polling_for_the_2026_Brazilian_presidential_election
2026,1,Indexa,2026-06-18,2026-06-20,2026-06-20,2000,wikipedia_tabela_3,Flávio Bolsonaro,31.0,0,14.0,https://en.wikipedia.org/wiki/Opinion_polling_for_the_2026_Brazilian_presidential_election
2026,1,Indexa,2026-06-18,2026-06-20,2026-06-20,2000,wikipedia_tabela_3,Augusto Cury,1.0,0,14.0,https://en.wikipedia.org/wiki/Opinion_polling_for_the_2026_Brazilian_presidential_election
2026,1,Indexa,2026-06-18,2026-06-20,2026-06-20,2000,wikipedia_tabela_3,Ronaldo Caiado,5.0,0,14.0,https://en.wikipedia.org/wiki/Opinion_polling_for_the_2026_Brazilian_presidential_election
2026,1,Indexa,2026-06-18,2026-06-20,2026-06-20,2000,wikipedia_tabela_3,Romeu Zema,3.0,0,14.0,https://en.wikipedia.org/wiki/Opinion_polling_for_the_2026_Brazilian_presidential_election
2026,1,Datafolha,2026-06-17,2026-06-18,2026-06-18,2004,wikipedia_tabela_3,Lula,41.0,0,11.0,https://en.wikipedia.org/wiki/Opinion_polling_for_the_2026_Brazilian_presidential_election
2026,1,Datafolha,2026-06-17,2026-06-18,2026-06-18,2004,wikipedia_tabela_3,Flávio Bolsonaro,31.0,0,11.0,https://en.wikipedia.org/wiki/Opinion_polling_for_the_2026_Brazilian_presidential_election
2026,1,Datafolha,2026-06-17,2026-06-18,2026-06-18,2004,wikipedia_tabela_3,Augusto Cury,2.0,0,11.0,https://en.wikipedia.org/wiki/Opinion_polling_for_the_2026_Brazilian_presidential_election
2026,1,Datafolha,2026-06-17,2026-06-18,2026-06-18,2004,wikipedia_tabela_3,Ronaldo Caiado,3.0,0,11.0,https://en.wikipedia.org/wiki/Opinion_polling_for_the_2026_Brazilian_presidential_election
2026,1,Datafolha,2026-06-17,2026-06-18,2026-06-18,2004,wikipedia_tabela_3,Romeu Zema,2.0,0,11.0,https://en.wikipedia.org/wiki/Opinion_polling_for_the_2026_Brazilian_presidential_election
2026,1,Nexus,2026-06-12,2026-06-14,2026-06-14,2017,wikipedia_tabela_3,Lula,42.0,0,8.0,https://en.wikipedia.org/wiki/Opinion_polling_for_the_2026_Brazilian_presidential_election
2026,1,Nexus,2026-06-12,2026-06-14,2026-06-14,2017,wikipedia_tabela_3,Flávio Bolsonaro,33.0,0,8.0,https://en.wikipedia.org/wiki/Opinion_polling_for_the_2026_Brazilian_presidential_election
2026,1,Nexus,2026-06-12,2026-06-14,2026-06-14,2017,wikipedia_tabela_3,Augusto Cury,2.0,0,8.0,https://en.wikipedia.org/wiki/Opinion_polling_for_the_2026_Brazilian_presidential_election
2026,1,Nexus,2026-06-12,2026-06-14,2026-06-14,2017,wikipedia_tabela_3,Ronaldo Caiado,4.0,0,8.0,https://en.wikipedia.org/wiki/Opinion_polling_for_the_2026_Brazilian_presidential_election
2026,1,Nexus,2026-06-12,2026-06-14,2026-06-14,2017,wikipedia_tabela_3,Romeu Zema,2.0,0,8.0,https://en.wikipedia.org/wiki/Opinion_polling_for_the_2026_Brazilian_presidential_election
2026,1,Nexus,2026-06-12,2026-06-14,2026-06-14,2017,wikipedia_tabela_3,Lula,43.0,0,8.0,https://en.wikipedia.org/wiki/Opinion_polling_for_the_2026_Brazilian_presidential_election
2026,1,Nexus,2026-06-12,2026-06-14,2026-06-14,2017,wikipedia_tabela_3,Flávio Bolsonaro,34.0,0,8.0,https://en.wikipedia.org/wiki/Opinion_polling_for_the_2026_Brazilian_presidential_election
2026,1,Nexus,2026-06-12,2026-06-14,2026-06-14,2017,wikipedia_tabela_3,Ronaldo Caiado,4.0,0,8.0,https://en.wikipedia.org/wiki/Opinion_polling_for_the_2026_Brazilian_presidential_election
2026,1,Nexus,2026-06-12,2026-06-14,2026-06-14,2017,wikipedia_tabela_3,Romeu Zema,3.0,0,8.0,https://en.wikipedia.org/wiki/Opinion_polling_for_the_2026_Brazilian_presidential_election
2026,1,MDA,2026-06-10,2026-06-14,2026-06-14,2002,wikipedia_tabela_3,Lula,41.8,0,14.9,https://en.wikipedia.org/wiki/Opinion_polling_for_the_2026_Brazilian_presidential_election
2026,1,MDA,2026-06-10,2026-06-14,2026-06-14,2002,wikipedia_tabela_3,Flávio Bolsonaro,28.2,0,14.9,https://en.wikipedia.org/wiki/Opinion_polling_for_the_2026_Brazilian_presidential_election
2026,1,MDA,2026-06-10,2026-06-14,2026-06-14,2002,wikipedia_tabela_3,Augusto Cury,1.8,0,14.9,https://en.wikipedia.org/wiki/Opinion_polling_for_the_2026_Brazilian_presidential_election
2026,1,MDA,2026-06-10,2026-06-14,2026-06-14,2002,wikipedia_tabela_3,Ronaldo Caiado,4.0,0,14.9,https://en.wikipedia.org/wiki/Opinion_polling_for_the_2026_Brazilian_presidential_election
2026,1,MDA,2026-06-10,2026-06-14,2026-06-14,2002,wikipedia_tabela_3,Romeu Zema,2.8,0,14.9,https://en.wikipedia.org/wiki/Opinion_polling_for_the_2026_Brazilian_presidential_election
2026,1,Futura,2026-06-08,2026-06-12,2026-06-12,2000,wikipedia_tabela_3,Lula,41.6,0,10.0,https://en.wikipedia.org/wiki/Opinion_polling_for_the_2026_Brazilian_presidential_election
2026,1,Futura,2026-06-08,2026-06-12,2026-06-12,2000,wikipedia_tabela_3,Flávio Bolsonaro,34.1,0,10.0,https://en.wikipedia.org/wiki/Opinion_polling_for_the_2026_Brazilian_presidential_election
2026,1,Futura,2026-06-08,2026-06-12,2026-06-12,2000,wikipedia_tabela_3,Augusto Cury,0.9,0,10.0,https://en.wikipedia.org/wiki/Opinion_polling_for_the_2026_Brazilian_presidential_election
2026,1,Futura,2026-06-08,2026-06-12,2026-06-12,2000,wikipedia_tabela_3,Ronaldo Caiado,4.5,0,10.0,https://en.wikipedia.org/wiki/Opinion_polling_for_the_2026_Brazilian_presidential_election
2026,1,Futura,2026-06-08,2026-06-12,2026-06-12,2000,wikipedia_tabela_3,Romeu Zema,3.5,0,10.0,https://en.wikipedia.org/wiki/Opinion_polling_for_the_2026_Brazilian_presidential_election
2026,1,Futura,2026-06-08,2026-06-12,2026-06-12,2000,wikipedia_tabela_3,Lula,39.8,0,10.1,https://en.wikipedia.org/wiki/Opinion_polling_for_the_2026_Brazilian_presidential_election
2026,1,Futura,2026-06-08,2026-06-12,2026-06-12,2000,wikipedia_tabela_3,Flávio Bolsonaro,32.8,0,10.1,https://en.wikipedia.org/wiki/Opinion_polling_for_the_2026_Brazilian_presidential_election
2026,1,Futura,2026-06-08,2026-06-12,2026-06-12,2000,wikipedia_tabela_3,Ronaldo Caiado,8.5,0,10.1,https://en.wikipedia.org/wiki/Opinion_polling_for_the_2026_Brazilian_presidential_election
2026,1,Futura,2026-06-08,2026-06-12,2026-06-12,2000,wikipedia_tabela_3,Romeu Zema,5.3,0,10.1,https://en.wikipedia.org/wiki/Opinion_polling_for_the_2026_Brazilian_presidential_election
2026,1,Futura,2026-06-08,2026-06-12,2026-06-12,2000,wikipedia_tabela_3,Lula,42.7,0,21.5,https://en.wikipedia.org/wiki/Opinion_polling_for_the_2026_Brazilian_presidential_election
2026,1,Futura,2026-06-08,2026-06-12,2026-06-12,2000,wikipedia_tabela_3,Ronaldo Caiado,16.5,0,21.5,https://en.wikipedia.org/wiki/Opinion_polling_for_the_2026_Brazilian_presidential_election
2026,1,Futura,2026-06-08,2026-06-12,2026-06-12,2000,wikipedia_tabela_3,Romeu Zema,13.3,0,21.5,https://en.wikipedia.org/wiki/Opinion_polling_for_the_2026_Brazilian_presidential_election
2026,1,Quaest,2026-06-05,2026-06-08,2026-06-08,2004,wikipedia_tabela_3,Lula,39.0,0,19.0,https://en.wikipedia.org/wiki/Opinion_polling_for_the_2026_Brazilian_presidential_election
2026,1,Quaest,2026-06-05,2026-06-08,2026-06-08,2004,wikipedia_tabela_3,Flávio Bolsonaro,29.0,0,19.0,https://en.wikipedia.org/wiki/Opinion_polling_for_the_2026_Brazilian_presidential_election
2026,1,Quaest,2026-06-05,2026-06-08,2026-06-08,2004,wikipedia_tabela_3,Augusto Cury,1.0,0,19.0,https://en.wikipedia.org/wiki/Opinion_polling_for_the_2026_Brazilian_presidential_election
2026,1,Quaest,2026-06-05,2026-06-08,2026-06-08,2004,wikipedia_tabela_3,Ronaldo Caiado,3.0,0,19.0,https://en.wikipedia.org/wiki/Opinion_polling_for_the_2026_Brazilian_presidential_election
2026,1,Quaest,2026-06-05,2026-06-08,2026-06-08,2004,wikipedia_tabela_3,Romeu Zema,2.0,0,19.0,https://en.wikipedia.org/wiki/Opinion_polling_for_the_2026_Brazilian_presidential_election
2026,1,Vox Brasil,2026-06-01,2026-06-03,2026-06-03,2100,wikipedia_tabela_3,Lula,42.1,0,5.2,https://en.wikipedia.org/wiki/Opinion_polling_for_the_2026_Brazilian_presidential_election
2026,1,Vox Brasil,2026-06-01,2026-06-03,2026-06-03,2100,wikipedia_tabela_3,Flávio Bolsonaro,33.6,0,5.2,https://en.wikipedia.org/wiki/Opinion_polling_for_the_2026_Brazilian_presidential_election
2026,1,Vox Brasil,2026-06-01,2026-06-03,2026-06-03,2100,wikipedia_tabela_3,Augusto Cury,0.5,0,5.2,https://en.wikipedia.org/wiki/Opinion_polling_for_the_2026_Brazilian_presidential_election
2026,1,Vox Brasil,2026-06-01,2026-06-03,2026-06-03,2100,wikipedia_tabela_3,Ronaldo Caiado,6.9,0,5.2,https://en.wikipedia.org/wiki/Opinion_polling_for_the_2026_Brazilian_presidential_election
2026,1,Vox Brasil,2026-06-01,2026-06-03,2026-06-03,2100,wikipedia_tabela_3,Romeu Zema,5.1,0,5.2,https://en.wikipedia.org/wiki/Opinion_polling_for_the_2026_Brazilian_presidential_election
2026,1,Real Time,2026-05-29,2026-05-30,2026-05-30,2000,wikipedia_tabela_3,Lula,38.0,0,7.0,https://en.wikipedia.org/wiki/Opinion_polling_for_the_2026_Brazilian_presidential_election
2026,1,Real Time,2026-05-29,2026-05-30,2026-05-30,2000,wikipedia_tabela_3,Flávio Bolsonaro,31.0,0,7.0,https://en.wikipedia.org/wiki/Opinion_polling_for_the_2026_Brazilian_presidential_election
2026,1,Real Time,2026-05-29,2026-05-30,2026-05-30,2000,wikipedia_tabela_3,Augusto Cury,1.0,0,7.0,https://en.wikipedia.org/wiki/Opinion_polling_for_the_2026_Brazilian_presidential_election
2026,1,Real Time,2026-05-29,2026-05-30,2026-05-30,2000,wikipedia_tabela_3,Ronaldo Caiado,6.0,0,7.0,https://en.wikipedia.org/wiki/Opinion_polling_for_the_2026_Brazilian_presidential_election
2026,1,Real Time,2026-05-29,2026-05-30,2026-05-30,2000,wikipedia_tabela_3,Romeu Zema,4.0,0,7.0,https://en.wikipedia.org/wiki/Opinion_polling_for_the_2026_Brazilian_presidential_election
2026,1,PoderData,2026-05-25,2026-05-28,2026-05-28,2400,wikipedia_tabela_3,Lula,40.0,0,9.0,https://en.wikipedia.org/wiki/Opinion_polling_for_the_2026_Brazilian_presidential_election
2026,1,PoderData,2026-05-25,2026-05-28,2026-05-28,2400,wikipedia_tabela_3,Flávio Bolsonaro,35.0,0,9.0,https://en.wikipedia.org/wiki/Opinion_polling_for_the_2026_Brazilian_presidential_election
2026,1,PoderData,2026-05-25,2026-05-28,2026-05-28,2400,wikipedia_tabela_3,Augusto Cury,3.0,0,9.0,https://en.wikipedia.org/wiki/Opinion_polling_for_the_2026_Brazilian_presidential_election
2026,1,PoderData,2026-05-25,2026-05-28,2026-05-28,2400,wikipedia_tabela_3,Ronaldo Caiado,3.0,0,9.0,https://en.wikipedia.org/wiki/Opinion_polling_for_the_2026_Brazilian_presidential_election
2026,1,PoderData,2026-05-25,2026-05-28,2026-05-28,2400,wikipedia_tabela_3,Romeu Zema,4.0,0,9.0,https://en.wikipedia.org/wiki/Opinion_polling_for_the_2026_Brazilian_presidential_election
2026,1,Ideia,2026-05-23,2026-05-27,2026-05-27,1500,wikipedia_tabela_3,Lula,38.5,0,15.6,https://en.wikipedia.org/wiki/Opinion_polling_for_the_2026_Brazilian_presidential_election
2026,1,Ideia,2026-05-23,2026-05-27,2026-05-27,1500,wikipedia_tabela_3,Flávio Bolsonaro,31.5,0,15.6,https://en.wikipedia.org/wiki/Opinion_polling_for_the_2026_Brazilian_presidential_election
2026,1,Ideia,2026-05-23,2026-05-27,2026-05-27,1500,wikipedia_tabela_3,Ronaldo Caiado,5.5,0,15.6,https://en.wikipedia.org/wiki/Opinion_polling_for_the_2026_Brazilian_presidential_election
2026,1,Ideia,2026-05-23,2026-05-27,2026-05-27,1500,wikipedia_tabela_3,Romeu Zema,2.4,0,15.6,https://en.wikipedia.org/wiki/Opinion_polling_for_the_2026_Brazilian_presidential_election
2026,1,Indexa,2026-05-22,2026-05-24,2026-05-24,2000,wikipedia_tabela_3,Lula,39.0,0,18.0,https://en.wikipedia.org/wiki/Opinion_polling_for_the_2026_Brazilian_presidential_election
2026,1,Indexa,2026-05-22,2026-05-24,2026-05-24,2000,wikipedia_tabela_3,Flávio Bolsonaro,30.0,0,18.0,https://en.wikipedia.org/wiki/Opinion_polling_for_the_2026_Brazilian_presidential_election
2026,1,Indexa,2026-05-22,2026-05-24,2026-05-24,2000,wikipedia_tabela_3,Augusto Cury,0.0,0,18.0,https://en.wikipedia.org/wiki/Opinion_polling_for_the_2026_Brazilian_presidential_election
2026,1,Indexa,2026-05-22,2026-05-24,2026-05-24,2000,wikipedia_tabela_3,Ronaldo Caiado,5.0,0,18.0,https://en.wikipedia.org/wiki/Opinion_polling_for_the_2026_Brazilian_presidential_election
2026,1,Indexa,2026-05-22,2026-05-24,2026-05-24,2000,wikipedia_tabela_3,Romeu Zema,3.0,0,18.0,https://en.wikipedia.org/wiki/Opinion_polling_for_the_2026_Brazilian_presidential_election
2026,1,Nexus,2026-05-22,2026-05-24,2026-05-24,2045,wikipedia_tabela_3,Lula,40.0,0,9.0,https://en.wikipedia.org/wiki/Opinion_polling_for_the_2026_Brazilian_presidential_election
2026,1,Nexus,2026-05-22,2026-05-24,2026-05-24,2045,wikipedia_tabela_3,Flávio Bolsonaro,35.0,0,9.0,https://en.wikipedia.org/wiki/Opinion_polling_for_the_2026_Brazilian_presidential_election
2026,1,Nexus,2026-05-22,2026-05-24,2026-05-24,2045,wikipedia_tabela_3,Augusto Cury,1.0,0,9.0,https://en.wikipedia.org/wiki/Opinion_polling_for_the_2026_Brazilian_presidential_election
2026,1,Nexus,2026-05-22,2026-05-24,2026-05-24,2045,wikipedia_tabela_3,Ronaldo Caiado,5.0,0,9.0,https://en.wikipedia.org/wiki/Opinion_polling_for_the_2026_Brazilian_presidential_election
2026,1,Nexus,2026-05-22,2026-05-24,2026-05-24,2045,wikipedia_tabela_3,Romeu Zema,4.0,0,9.0,https://en.wikipedia.org/wiki/Opinion_polling_for_the_2026_Brazilian_presidential_election
2026,1,Nexus,2026-05-22,2026-05-24,2026-05-24,2045,wikipedia_tabela_3,Lula,41.0,0,8.0,https://en.wikipedia.org/wiki/Opinion_polling_for_the_2026_Brazilian_presidential_election
2026,1,Nexus,2026-05-22,2026-05-24,2026-05-24,2045,wikipedia_tabela_3,Flávio Bolsonaro,35.0,0,8.0,https://en.wikipedia.org/wiki/Opinion_polling_for_the_2026_Brazilian_presidential_election
2026,1,Nexus,2026-05-22,2026-05-24,2026-05-24,2045,wikipedia_tabela_3,Ronaldo Caiado,5.0,0,8.0,https://en.wikipedia.org/wiki/Opinion_polling_for_the_2026_Brazilian_presidential_election
2026,1,Nexus,2026-05-22,2026-05-24,2026-05-24,2045,wikipedia_tabela_3,Romeu Zema,4.0,0,8.0,https://en.wikipedia.org/wiki/Opinion_polling_for_the_2026_Brazilian_presidential_election
2026,1,Datafolha,2026-05-20,2026-05-22,2026-05-22,2004,wikipedia_tabela_3,Lula,40.0,0,12.0,https://en.wikipedia.org/wiki/Opinion_polling_for_the_2026_Brazilian_presidential_election
2026,1,Datafolha,2026-05-20,2026-05-22,2026-05-22,2004,wikipedia_tabela_3,Flávio Bolsonaro,31.0,0,12.0,https://en.wikipedia.org/wiki/Opinion_polling_for_the_2026_Brazilian_presidential_election
2026,1,Datafolha,2026-05-20,2026-05-22,2026-05-22,2004,wikipedia_tabela_3,Augusto Cury,2.0,0,12.0,https://en.wikipedia.org/wiki/Opinion_polling_for_the_2026_Brazilian_presidential_election
2026,1,Datafolha,2026-05-20,2026-05-22,2026-05-22,2004,wikipedia_tabela_3,Ronaldo Caiado,4.0,0,12.0,https://en.wikipedia.org/wiki/Opinion_polling_for_the_2026_Brazilian_presidential_election
2026,1,Datafolha,2026-05-20,2026-05-22,2026-05-22,2004,wikipedia_tabela_3,Romeu Zema,3.0,0,12.0,https://en.wikipedia.org/wiki/Opinion_polling_for_the_2026_Brazilian_presidential_election
2026,1,Futura,2026-05-15,2026-05-20,2026-05-20,2000,wikipedia_tabela_3,Lula,42.7,0,10.6,https://en.wikipedia.org/wiki/Opinion_polling_for_the_2026_Brazilian_presidential_election
2026,1,Futura,2026-05-15,2026-05-20,2026-05-20,2000,wikipedia_tabela_3,Flávio Bolsonaro,35.6,0,10.6,https://en.wikipedia.org/wiki/Opinion_polling_for_the_2026_Brazilian_presidential_election
2026,1,Futura,2026-05-15,2026-05-20,2026-05-20,2000,wikipedia_tabela_3,Augusto Cury,0.9,0,10.6,https://en.wikipedia.org/wiki/Opinion_polling_for_the_2026_Brazilian_presidential_election
2026,1,Futura,2026-05-15,2026-05-20,2026-05-20,2000,wikipedia_tabela_3,Ronaldo Caiado,3.3,0,10.6,https://en.wikipedia.org/wiki/Opinion_polling_for_the_2026_Brazilian_presidential_election
2026,1,Futura,2026-05-15,2026-05-20,2026-05-20,2000,wikipedia_tabela_3,Romeu Zema,3.9,0,10.6,https://en.wikipedia.org/wiki/Opinion_polling_for_the_2026_Brazilian_presidential_election
2026,1,Futura,2026-05-15,2026-05-20,2026-05-20,2000,wikipedia_tabela_3,Lula,39.0,0,24.4,https://en.wikipedia.org/wiki/Opinion_polling_for_the_2026_Brazilian_presidential_election
2026,1,Futura,2026-05-15,2026-05-20,2026-05-20,2000,wikipedia_tabela_3,Augusto Cury,2.6,0,24.4,https://en.wikipedia.org/wiki/Opinion_polling_for_the_2026_Brazilian_presidential_election
2026,1,Futura,2026-05-15,2026-05-20,2026-05-20,2000,wikipedia_tabela_3,Ronaldo Caiado,13.1,0,24.4,https://en.wikipedia.org/wiki/Opinion_polling_for_the_2026_Brazilian_presidential_election
2026,1,Futura,2026-05-15,2026-05-20,2026-05-20,2000,wikipedia_tabela_3,Romeu Zema,13.3,0,24.4,https://en.wikipedia.org/wiki/Opinion_polling_for_the_2026_Brazilian_presidential_election
2026,1,Vox Brasil,2026-05-17,2026-05-19,2026-05-19,2100,wikipedia_tabela_3,Lula,41.5,0,14.3,https://en.wikipedia.org/wiki/Opinion_polling_for_the_2026_Brazilian_presidential_election
2026,1,Vox Brasil,2026-05-17,2026-05-19,2026-05-19,2100,wikipedia_tabela_3,Flávio Bolsonaro,32.1,0,14.3,https://en.wikipedia.org/wiki/Opinion_polling_for_the_2026_Brazilian_presidential_election
2026,1,Vox Brasil,2026-05-17,2026-05-19,2026-05-19,2100,wikipedia_tabela_3,Augusto Cury,0.3,0,14.3,https://en.wikipedia.org/wiki/Opinion_polling_for_the_2026_Brazilian_presidential_election
2026,1,Vox Brasil,2026-05-17,2026-05-19,2026-05-19,2100,wikipedia_tabela_3,Ronaldo Caiado,5.9,0,14.3,https://en.wikipedia.org/wiki/Opinion_polling_for_the_2026_Brazilian_presidential_election
2026,1,Vox Brasil,2026-05-17,2026-05-19,2026-05-19,2100,wikipedia_tabela_3,Romeu Zema,4.1,0,14.3,https://en.wikipedia.org/wiki/Opinion_polling_for_the_2026_Brazilian_presidential_election
2026,1,AtlasIntel,2026-05-13,2026-05-18,2026-05-18,5032,wikipedia_tabela_3,Lula,47.0,0,3.3,https://en.wikipedia.org/wiki/Opinion_polling_for_the_2026_Brazilian_presidential_election
2026,1,AtlasIntel,2026-05-13,2026-05-18,2026-05-18,5032,wikipedia_tabela_3,Flávio Bolsonaro,34.3,0,3.3,https://en.wikipedia.org/wiki/Opinion_polling_for_the_2026_Brazilian_presidential_election
2026,1,AtlasIntel,2026-05-13,2026-05-18,2026-05-18,5032,wikipedia_tabela_3,Augusto Cury,0.4,0,3.3,https://en.wikipedia.org/wiki/Opinion_polling_for_the_2026_Brazilian_presidential_election
2026,1,AtlasIntel,2026-05-13,2026-05-18,2026-05-18,5032,wikipedia_tabela_3,Ronaldo Caiado,2.7,0,3.3,https://en.wikipedia.org/wiki/Opinion_polling_for_the_2026_Brazilian_presidential_election
2026,1,AtlasIntel,2026-05-13,2026-05-18,2026-05-18,5032,wikipedia_tabela_3,Romeu Zema,5.2,0,3.3,https://en.wikipedia.org/wiki/Opinion_polling_for_the_2026_Brazilian_presidential_election
2026,1,AtlasIntel,2026-05-13,2026-05-18,2026-05-18,5032,wikipedia_tabela_3,Lula,46.7,0,11.4,https://en.wikipedia.org/wiki/Opinion_polling_for_the_2026_Brazilian_presidential_election
2026,1,AtlasIntel,2026-05-13,2026-05-18,2026-05-18,5032,wikipedia_tabela_3,Augusto Cury,1.2,0,11.4,https://en.wikipedia.org/wiki/Opinion_polling_for_the_2026_Brazilian_presidential_election
2026,1,AtlasIntel,2026-05-13,2026-05-18,2026-05-18,5032,wikipedia_tabela_3,Ronaldo Caiado,13.8,0,11.4,https://en.wikipedia.org/wiki/Opinion_polling_for_the_2026_Brazilian_presidential_election
2026,1,AtlasIntel,2026-05-13,2026-05-18,2026-05-18,5032,wikipedia_tabela_3,Romeu Zema,17.0,0,11.4,https://en.wikipedia.org/wiki/Opinion_polling_for_the_2026_Brazilian_presidential_election
2026,1,nan,2026-05-13,2026-05-13,2026-05-13,79,wikipedia_tabela_3,Lula,79.0,0,79.0,https://en.wikipedia.org/wiki/Opinion_polling_for_the_2026_Brazilian_presidential_election
2026,1,nan,2026-05-13,2026-05-13,2026-05-13,79,wikipedia_tabela_3,Flávio Bolsonaro,79.0,0,79.0,https://en.wikipedia.org/wiki/Opinion_polling_for_the_2026_Brazilian_presidential_election
2026,1,nan,2026-05-13,2026-05-13,2026-05-13,79,wikipedia_tabela_3,Augusto Cury,79.0,0,79.0,https://en.wikipedia.org/wiki/Opinion_polling_for_the_2026_Brazilian_presidential_election
2026,1,nan,2026-05-13,2026-05-13,2026-05-13,79,wikipedia_tabela_3,Ronaldo Caiado,79.0,0,79.0,https://en.wikipedia.org/wiki/Opinion_polling_for_the_2026_Brazilian_presidential_election
2026,1,nan,2026-05-13,2026-05-13,2026-05-13,79,wikipedia_tabela_3,Romeu Zema,79.0,0,79.0,https://en.wikipedia.org/wiki/Opinion_polling_for_the_2026_Brazilian_presidential_election
2026,1,Datafolha,2026-05-12,2026-05-13,2026-05-13,2004,wikipedia_tabela_3,Lula,38.0,0,12.0,https://en.wikipedia.org/wiki/Opinion_polling_for_the_2026_Brazilian_presidential_election
2026,1,Datafolha,2026-05-12,2026-05-13,2026-05-13,2004,wikipedia_tabela_3,Flávio Bolsonaro,35.0,0,12.0,https://en.wikipedia.org/wiki/Opinion_polling_for_the_2026_Brazilian_presidential_election
2026,1,Datafolha,2026-05-12,2026-05-13,2026-05-13,2004,wikipedia_tabela_3,Augusto Cury,2.0,0,12.0,https://en.wikipedia.org/wiki/Opinion_polling_for_the_2026_Brazilian_presidential_election
2026,1,Datafolha,2026-05-12,2026-05-13,2026-05-13,2004,wikipedia_tabela_3,Ronaldo Caiado,3.0,0,12.0,https://en.wikipedia.org/wiki/Opinion_polling_for_the_2026_Brazilian_presidential_election
2026,1,Datafolha,2026-05-12,2026-05-13,2026-05-13,2004,wikipedia_tabela_3,Romeu Zema,3.0,0,12.0,https://en.wikipedia.org/wiki/Opinion_polling_for_the_2026_Brazilian_presidential_election
2026,1,Vox Brasil,2026-05-09,2026-05-12,2026-05-12,2100,wikipedia_tabela_3,Lula,35.1,0,15.0,https://en.wikipedia.org/wiki/Opinion_polling_for_the_2026_Brazilian_presidential_election
2026,1,Vox Brasil,2026-05-09,2026-05-12,2026-05-12,2100,wikipedia_tabela_3,Flávio Bolsonaro,37.8,0,15.0,https://en.wikipedia.org/wiki/Opinion_polling_for_the_2026_Brazilian_presidential_election
2026,1,Vox Brasil,2026-05-09,2026-05-12,2026-05-12,2100,wikipedia_tabela_3,Augusto Cury,0.8,0,15.0,https://en.wikipedia.org/wiki/Opinion_polling_for_the_2026_Brazilian_presidential_election
2026,1,Vox Brasil,2026-05-09,2026-05-12,2026-05-12,2100,wikipedia_tabela_3,Ronaldo Caiado,4.3,0,15.0,https://en.wikipedia.org/wiki/Opinion_polling_for_the_2026_Brazilian_presidential_election
2026,1,Vox Brasil,2026-05-09,2026-05-12,2026-05-12,2100,wikipedia_tabela_3,Romeu Zema,4.5,0,15.0,https://en.wikipedia.org/wiki/Opinion_polling_for_the_2026_Brazilian_presidential_election
2026,1,nan,2026-05-11,2026-05-11,2026-05-11,85,wikipedia_tabela_3,Lula,85.0,0,85.0,https://en.wikipedia.org/wiki/Opinion_polling_for_the_2026_Brazilian_presidential_election
2026,1,nan,2026-05-11,2026-05-11,2026-05-11,85,wikipedia_tabela_3,Flávio Bolsonaro,85.0,0,85.0,https://en.wikipedia.org/wiki/Opinion_polling_for_the_2026_Brazilian_presidential_election
2026,1,nan,2026-05-11,2026-05-11,2026-05-11,85,wikipedia_tabela_3,Augusto Cury,85.0,0,85.0,https://en.wikipedia.org/wiki/Opinion_polling_for_the_2026_Brazilian_presidential_election
2026,1,nan,2026-05-11,2026-05-11,2026-05-11,85,wikipedia_tabela_3,Ronaldo Caiado,85.0,0,85.0,https://en.wikipedia.org/wiki/Opinion_polling_for_the_2026_Brazilian_presidential_election
2026,1,nan,2026-05-11,2026-05-11,2026-05-11,85,wikipedia_tabela_3,Romeu Zema,85.0,0,85.0,https://en.wikipedia.org/wiki/Opinion_polling_for_the_2026_Brazilian_presidential_election
2026,1,Quaest,2026-05-08,2026-05-11,2026-05-11,2004,wikipedia_tabela_3,Lula,39.0,0,15.0,https://en.wikipedia.org/wiki/Opinion_polling_for_the_2026_Brazilian_presidential_election
2026,1,Quaest,2026-05-08,2026-05-11,2026-05-11,2004,wikipedia_tabela_3,Flávio Bolsonaro,33.0,0,15.0,https://en.wikipedia.org/wiki/Opinion_polling_for_the_2026_Brazilian_presidential_election
2026,1,Quaest,2026-05-08,2026-05-11,2026-05-11,2004,wikipedia_tabela_3,Augusto Cury,1.0,0,15.0,https://en.wikipedia.org/wiki/Opinion_polling_for_the_2026_Brazilian_presidential_election
2026,1,Quaest,2026-05-08,2026-05-11,2026-05-11,2004,wikipedia_tabela_3,Ronaldo Caiado,4.0,0,15.0,https://en.wikipedia.org/wiki/Opinion_polling_for_the_2026_Brazilian_presidential_election
2026,1,Quaest,2026-05-08,2026-05-11,2026-05-11,2004,wikipedia_tabela_3,Romeu Zema,4.0,0,15.0,https://en.wikipedia.org/wiki/Opinion_polling_for_the_2026_Brazilian_presidential_election
2026,1,Futura,2026-05-04,2026-05-08,2026-05-08,2000,wikipedia_tabela_3,Lula,38.1,0,12.9,https://en.wikipedia.org/wiki/Opinion_polling_for_the_2026_Brazilian_presidential_election
2026,1,Futura,2026-05-04,2026-05-08,2026-05-08,2000,wikipedia_tabela_3,Flávio Bolsonaro,37.4,0,12.9,https://en.wikipedia.org/wiki/Opinion_polling_for_the_2026_Brazilian_presidential_election
2026,1,Futura,2026-05-04,2026-05-08,2026-05-08,2000,wikipedia_tabela_3,Augusto Cury,1.5,0,12.9,https://en.wikipedia.org/wiki/Opinion_polling_for_the_2026_Brazilian_presidential_election
2026,1,Futura,2026-05-04,2026-05-08,2026-05-08,2000,wikipedia_tabela_3,Ronaldo Caiado,5.7,0,12.9,https://en.wikipedia.org/wiki/Opinion_polling_for_the_2026_Brazilian_presidential_election
2026,1,Futura,2026-05-04,2026-05-08,2026-05-08,2000,wikipedia_tabela_3,Lula,38.3,0,9.6,https://en.wikipedia.org/wiki/Opinion_polling_for_the_2026_Brazilian_presidential_election
2026,1,Futura,2026-05-04,2026-05-08,2026-05-08,2000,wikipedia_tabela_3,Flávio Bolsonaro,36.1,0,9.6,https://en.wikipedia.org/wiki/Opinion_polling_for_the_2026_Brazilian_presidential_election
2026,1,Futura,2026-05-04,2026-05-08,2026-05-08,2000,wikipedia_tabela_3,Augusto Cury,1.4,0,9.6,https://en.wikipedia.org/wiki/Opinion_polling_for_the_2026_Brazilian_presidential_election
2026,1,Futura,2026-05-04,2026-05-08,2026-05-08,2000,wikipedia_tabela_3,Ronaldo Caiado,4.4,0,9.6,https://en.wikipedia.org/wiki/Opinion_polling_for_the_2026_Brazilian_presidential_election
2026,1,Futura,2026-05-04,2026-05-08,2026-05-08,2000,wikipedia_tabela_3,Romeu Zema,3.6,0,9.6,https://en.wikipedia.org/wiki/Opinion_polling_for_the_2026_Brazilian_presidential_election
2026,1,Ideia,2026-05-01,2026-05-05,2026-05-05,1500,wikipedia_tabela_3,Lula,40.0,0,9.1,https://en.wikipedia.org/wiki/Opinion_polling_for_the_2026_Brazilian_presidential_election
2026,1,Ideia,2026-05-01,2026-05-05,2026-05-05,1500,wikipedia_tabela_3,Flávio Bolsonaro,36.0,0,9.1,https://en.wikipedia.org/wiki/Opinion_polling_for_the_2026_Brazilian_presidential_election
2026,1,Ideia,2026-05-01,2026-05-05,2026-05-05,1500,wikipedia_tabela_3,Augusto Cury,1.5,0,9.1,https://en.wikipedia.org/wiki/Opinion_polling_for_the_2026_Brazilian_presidential_election
2026,1,Ideia,2026-05-01,2026-05-05,2026-05-05,1500,wikipedia_tabela_3,Ronaldo Caiado,5.6,0,9.1,https://en.wikipedia.org/wiki/Opinion_polling_for_the_2026_Brazilian_presidential_election
2026,1,Ideia,2026-05-01,2026-05-05,2026-05-05,1500,wikipedia_tabela_3,Romeu Zema,3.0,0,9.1,https://en.wikipedia.org/wiki/Opinion_polling_for_the_2026_Brazilian_presidential_election
2026,1,Real Time,2026-05-02,2026-05-04,2026-05-04,2000,wikipedia_tabela_3,Lula,40.0,0,11.0,https://en.wikipedia.org/wiki/Opinion_polling_for_the_2026_Brazilian_presidential_election
2026,1,Real Time,2026-05-02,2026-05-04,2026-05-04,2000,wikipedia_tabela_3,Flávio Bolsonaro,34.0,0,11.0,https://en.wikipedia.org/wiki/Opinion_polling_for_the_2026_Brazilian_presidential_election
2026,1,Real Time,2026-05-02,2026-05-04,2026-05-04,2000,wikipedia_tabela_3,Augusto Cury,1.0,0,11.0,https://en.wikipedia.org/wiki/Opinion_polling_for_the_2026_Brazilian_presidential_election
2026,1,Real Time,2026-05-02,2026-05-04,2026-05-04,2000,wikipedia_tabela_3,Ronaldo Caiado,5.0,0,11.0,https://en.wikipedia.org/wiki/Opinion_polling_for_the_2026_Brazilian_presidential_election
2026,1,Real Time,2026-05-02,2026-05-04,2026-05-04,2000,wikipedia_tabela_3,Romeu Zema,4.0,0,11.0,https://en.wikipedia.org/wiki/Opinion_polling_for_the_2026_Brazilian_presidential_election
2026,1,Real Time,2026-05-02,2026-05-04,2026-05-04,2000,wikipedia_tabela_3,Lula,38.0,0,11.0,https://en.wikipedia.org/wiki/Opinion_polling_for_the_2026_Brazilian_presidential_election
2026,1,Real Time,2026-05-02,2026-05-04,2026-05-04,2000,wikipedia_tabela_3,Flávio Bolsonaro,33.0,0,11.0,https://en.wikipedia.org/wiki/Opinion_polling_for_the_2026_Brazilian_presidential_election
2026,1,Real Time,2026-05-02,2026-05-04,2026-05-04,2000,wikipedia_tabela_3,Augusto Cury,1.0,0,11.0,https://en.wikipedia.org/wiki/Opinion_polling_for_the_2026_Brazilian_presidential_election
2026,1,Real Time,2026-05-02,2026-05-04,2026-05-04,2000,wikipedia_tabela_3,Ronaldo Caiado,4.0,0,11.0,https://en.wikipedia.org/wiki/Opinion_polling_for_the_2026_Brazilian_presidential_election
2026,1,Real Time,2026-05-02,2026-05-04,2026-05-04,2000,wikipedia_tabela_3,Romeu Zema,4.0,0,11.0,https://en.wikipedia.org/wiki/Opinion_polling_for_the_2026_Brazilian_presidential_election
2026,1,AtlasIntel,2026-04-22,2026-04-27,2026-04-27,5008,wikipedia_tabela_3,Lula,46.6,0,0.6,https://en.wikipedia.org/wiki/Opinion_polling_for_the_2026_Brazilian_presidential_election
2026,1,AtlasIntel,2026-04-22,2026-04-27,2026-04-27,5008,wikipedia_tabela_3,Flávio Bolsonaro,39.7,0,0.6,https://en.wikipedia.org/wiki/Opinion_polling_for_the_2026_Brazilian_presidential_election
2026,1,AtlasIntel,2026-04-22,2026-04-27,2026-04-27,5008,wikipedia_tabela_3,Augusto Cury,1.1,0,0.6,https://en.wikipedia.org/wiki/Opinion_polling_for_the_2026_Brazilian_presidential_election
2026,1,AtlasIntel,2026-04-22,2026-04-27,2026-04-27,5008,wikipedia_tabela_3,Ronaldo Caiado,3.3,0,0.6,https://en.wikipedia.org/wiki/Opinion_polling_for_the_2026_Brazilian_presidential_election
2026,1,AtlasIntel,2026-04-22,2026-04-27,2026-04-27,5008,wikipedia_tabela_3,Romeu Zema,3.1,0,0.6,https://en.wikipedia.org/wiki/Opinion_polling_for_the_2026_Brazilian_presidential_election
2026,1,AtlasIntel,2026-04-22,2026-04-27,2026-04-27,5008,wikipedia_tabela_3,Lula,44.2,0,0.4,https://en.wikipedia.org/wiki/Opinion_polling_for_the_2026_Brazilian_presidential_election
2026,1,AtlasIntel,2026-04-22,2026-04-27,2026-04-27,5008,wikipedia_tabela_3,Flávio Bolsonaro,39.3,0,0.4,https://en.wikipedia.org/wiki/Opinion_polling_for_the_2026_Brazilian_presidential_election
2026,1,AtlasIntel,2026-04-22,2026-04-27,2026-04-27,5008,wikipedia_tabela_3,Augusto Cury,0.4,0,0.4,https://en.wikipedia.org/wiki/Opinion_polling_for_the_2026_Brazilian_presidential_election
2026,1,AtlasIntel,2026-04-22,2026-04-27,2026-04-27,5008,wikipedia_tabela_3,Ronaldo Caiado,3.0,0,0.4,https://en.wikipedia.org/wiki/Opinion_polling_for_the_2026_Brazilian_presidential_election
2026,1,AtlasIntel,2026-04-22,2026-04-27,2026-04-27,5008,wikipedia_tabela_3,Romeu Zema,3.5,0,0.4,https://en.wikipedia.org/wiki/Opinion_polling_for_the_2026_Brazilian_presidential_election
2026,1,Nexus,2026-04-24,2026-04-26,2026-04-26,2028,wikipedia_tabela_3,Lula,41.0,0,8.0,https://en.wikipedia.org/wiki/Opinion_polling_for_the_2026_Brazilian_presidential_election
2026,1,Nexus,2026-04-24,2026-04-26,2026-04-26,2028,wikipedia_tabela_3,Flávio Bolsonaro,36.0,0,8.0,https://en.wikipedia.org/wiki/Opinion_polling_for_the_2026_Brazilian_presidential_election
2026,1,Nexus,2026-04-24,2026-04-26,2026-04-26,2028,wikipedia_tabela_3,Augusto Cury,2.0,0,8.0,https://en.wikipedia.org/wiki/Opinion_polling_for_the_2026_Brazilian_presidential_election
2026,1,Nexus,2026-04-24,2026-04-26,2026-04-26,2028,wikipedia_tabela_3,Ronaldo Caiado,3.0,0,8.0,https://en.wikipedia.org/wiki/Opinion_polling_for_the_2026_Brazilian_presidential_election
2026,1,Nexus,2026-04-24,2026-04-26,2026-04-26,2028,wikipedia_tabela_3,Romeu Zema,4.0,0,8.0,https://en.wikipedia.org/wiki/Opinion_polling_for_the_2026_Brazilian_presidential_election
2026,1,Nexus,2026-04-24,2026-04-26,2026-04-26,2028,wikipedia_tabela_3,Lula,41.0,0,9.0,https://en.wikipedia.org/wiki/Opinion_polling_for_the_2026_Brazilian_presidential_election
2026,1,Nexus,2026-04-24,2026-04-26,2026-04-26,2028,wikipedia_tabela_3,Flávio Bolsonaro,36.0,0,9.0,https://en.wikipedia.org/wiki/Opinion_polling_for_the_2026_Brazilian_presidential_election
2026,1,Nexus,2026-04-24,2026-04-26,2026-04-26,2028,wikipedia_tabela_3,Ronaldo Caiado,4.0,0,9.0,https://en.wikipedia.org/wiki/Opinion_polling_for_the_2026_Brazilian_presidential_election
2026,1,Nexus,2026-04-24,2026-04-26,2026-04-26,2028,wikipedia_tabela_3,Romeu Zema,5.0,0,9.0,https://en.wikipedia.org/wiki/Opinion_polling_for_the_2026_Brazilian_presidential_election
2026,1,Nexus,2026-04-24,2026-04-26,2026-04-26,2028,wikipedia_tabela_3,Lula,41.0,0,9.0,https://en.wikipedia.org/wiki/Opinion_polling_for_the_2026_Brazilian_presidential_election
2026,1,Nexus,2026-04-24,2026-04-26,2026-04-26,2028,wikipedia_tabela_3,Flávio Bolsonaro,38.0,0,9.0,https://en.wikipedia.org/wiki/Opinion_polling_for_the_2026_Brazilian_presidential_election
2026,1,Nexus,2026-04-24,2026-04-26,2026-04-26,2028,wikipedia_tabela_3,Ronaldo Caiado,6.0,0,9.0,https://en.wikipedia.org/wiki/Opinion_polling_for_the_2026_Brazilian_presidential_election
2026,1,Quaest,2026-04-09,2026-04-13,2026-04-13,2004,wikipedia_tabela_3,Lula,37.0,0,16.0,https://en.wikipedia.org/wiki/Opinion_polling_for_the_2026_Brazilian_presidential_election
2026,1,Quaest,2026-04-09,2026-04-13,2026-04-13,2004,wikipedia_tabela_3,Flávio Bolsonaro,32.0,0,16.0,https://en.wikipedia.org/wiki/Opinion_polling_for_the_2026_Brazilian_presidential_election
2026,1,Quaest,2026-04-09,2026-04-13,2026-04-13,2004,wikipedia_tabela_3,Augusto Cury,2.0,0,16.0,https://en.wikipedia.org/wiki/Opinion_polling_for_the_2026_Brazilian_presidential_election
2026,1,Quaest,2026-04-09,2026-04-13,2026-04-13,2004,wikipedia_tabela_3,Ronaldo Caiado,6.0,0,16.0,https://en.wikipedia.org/wiki/Opinion_polling_for_the_2026_Brazilian_presidential_election
2026,1,Quaest,2026-04-09,2026-04-13,2026-04-13,2004,wikipedia_tabela_3,Romeu Zema,3.0,0,16.0,https://en.wikipedia.org/wiki/Opinion_polling_for_the_2026_Brazilian_presidential_election
2026,1,MDA,2026-04-08,2026-04-12,2026-04-12,2002,wikipedia_tabela_3,Lula,39.2,0,19.3,https://en.wikipedia.org/wiki/Opinion_polling_for_the_2026_Brazilian_presidential_election
2026,1,MDA,2026-04-08,2026-04-12,2026-04-12,2002,wikipedia_tabela_3,Flávio Bolsonaro,30.2,0,19.3,https://en.wikipedia.org/wiki/Opinion_polling_for_the_2026_Brazilian_presidential_election
2026,1,MDA,2026-04-08,2026-04-12,2026-04-12,2002,wikipedia_tabela_3,Ronaldo Caiado,4.6,0,19.3,https://en.wikipedia.org/wiki/Opinion_polling_for_the_2026_Brazilian_presidential_election
2026,1,MDA,2026-04-08,2026-04-12,2026-04-12,2002,wikipedia_tabela_3,Romeu Zema,3.3,0,19.3,https://en.wikipedia.org/wiki/Opinion_polling_for_the_2026_Brazilian_presidential_election
2026,1,Futura,2026-04-07,2026-04-11,2026-04-11,2000,wikipedia_tabela_3,Lula,39.8,0,11.6,https://en.wikipedia.org/wiki/Opinion_polling_for_the_2026_Brazilian_presidential_election
2026,1,Futura,2026-04-07,2026-04-11,2026-04-11,2000,wikipedia_tabela_3,Flávio Bolsonaro,37.3,0,11.6,https://en.wikipedia.org/wiki/Opinion_polling_for_the_2026_Brazilian_presidential_election
2026,1,Futura,2026-04-07,2026-04-11,2026-04-11,2000,wikipedia_tabela_3,Augusto Cury,1.3,0,11.6,https://en.wikipedia.org/wiki/Opinion_polling_for_the_2026_Brazilian_presidential_election
2026,1,Futura,2026-04-07,2026-04-11,2026-04-11,2000,wikipedia_tabela_3,Ronaldo Caiado,4.8,0,11.6,https://en.wikipedia.org/wiki/Opinion_polling_for_the_2026_Brazilian_presidential_election
2026,1,Futura,2026-04-07,2026-04-11,2026-04-11,2000,wikipedia_tabela_3,Romeu Zema,2.9,0,11.6,https://en.wikipedia.org/wiki/Opinion_polling_for_the_2026_Brazilian_presidential_election
2026,1,Futura,2026-04-07,2026-04-11,2026-04-11,2000,wikipedia_tabela_3,Lula,38.4,0,11.5,https://en.wikipedia.org/wiki/Opinion_polling_for_the_2026_Brazilian_presidential_election
2026,1,Futura,2026-04-07,2026-04-11,2026-04-11,2000,wikipedia_tabela_3,Flávio Bolsonaro,38.2,0,11.5,https://en.wikipedia.org/wiki/Opinion_polling_for_the_2026_Brazilian_presidential_election
2026,1,Futura,2026-04-07,2026-04-11,2026-04-11,2000,wikipedia_tabela_3,Augusto Cury,1.9,0,11.5,https://en.wikipedia.org/wiki/Opinion_polling_for_the_2026_Brazilian_presidential_election
2026,1,Futura,2026-04-07,2026-04-11,2026-04-11,2000,wikipedia_tabela_3,Ronaldo Caiado,6.0,0,11.5,https://en.wikipedia.org/wiki/Opinion_polling_for_the_2026_Brazilian_presidential_election
2026,1,Datafolha,2026-04-07,2026-04-09,2026-04-09,2004,wikipedia_tabela_3,Lula,39.0,0,14.0,https://en.wikipedia.org/wiki/Opinion_polling_for_the_2026_Brazilian_presidential_election
2026,1,Datafolha,2026-04-07,2026-04-09,2026-04-09,2004,wikipedia_tabela_3,Flávio Bolsonaro,35.0,0,14.0,https://en.wikipedia.org/wiki/Opinion_polling_for_the_2026_Brazilian_presidential_election
2026,1,Datafolha,2026-04-07,2026-04-09,2026-04-09,2004,wikipedia_tabela_3,Ronaldo Caiado,5.0,0,14.0,https://en.wikipedia.org/wiki/Opinion_polling_for_the_2026_Brazilian_presidential_election
2026,1,Datafolha,2026-04-07,2026-04-09,2026-04-09,2004,wikipedia_tabela_3,Romeu Zema,4.0,0,14.0,https://en.wikipedia.org/wiki/Opinion_polling_for_the_2026_Brazilian_presidential_election
2026,1,Ideia,2026-04-03,2026-04-07,2026-04-07,1500,wikipedia_tabela_3,Lula,40.4,0,9.5,https://en.wikipedia.org/wiki/Opinion_polling_for_the_2026_Brazilian_presidential_election
2026,1,Ideia,2026-04-03,2026-04-07,2026-04-07,1500,wikipedia_tabela_3,Flávio Bolsonaro,37.0,0,9.5,https://en.wikipedia.org/wiki/Opinion_polling_for_the_2026_Brazilian_presidential_election
2026,1,Ideia,2026-04-03,2026-04-07,2026-04-07,1500,wikipedia_tabela_3,Ronaldo Caiado,6.5,0,9.5,https://en.wikipedia.org/wiki/Opinion_polling_for_the_2026_Brazilian_presidential_election
2026,1,Ideia,2026-04-03,2026-04-07,2026-04-07,1500,wikipedia_tabela_3,Romeu Zema,3.0,0,9.5,https://en.wikipedia.org/wiki/Opinion_polling_for_the_2026_Brazilian_presidential_election
2026,1,nan,2026-04-05,2026-04-05,2026-04-05,97,wikipedia_tabela_3,Lula,97.0,0,97.0,https://en.wikipedia.org/wiki/Opinion_polling_for_the_2026_Brazilian_presidential_election
2026,1,nan,2026-04-05,2026-04-05,2026-04-05,97,wikipedia_tabela_3,Flávio Bolsonaro,97.0,0,97.0,https://en.wikipedia.org/wiki/Opinion_polling_for_the_2026_Brazilian_presidential_election
2026,1,nan,2026-04-05,2026-04-05,2026-04-05,97,wikipedia_tabela_3,Augusto Cury,97.0,0,97.0,https://en.wikipedia.org/wiki/Opinion_polling_for_the_2026_Brazilian_presidential_election
2026,1,nan,2026-04-05,2026-04-05,2026-04-05,97,wikipedia_tabela_3,Ronaldo Caiado,97.0,0,97.0,https://en.wikipedia.org/wiki/Opinion_polling_for_the_2026_Brazilian_presidential_election
2026,1,nan,2026-04-05,2026-04-05,2026-04-05,97,wikipedia_tabela_3,Romeu Zema,97.0,0,97.0,https://en.wikipedia.org/wiki/Opinion_polling_for_the_2026_Brazilian_presidential_election
2026,1,nan,2026-03-30,2026-03-30,2026-03-30,98,wikipedia_tabela_4,Lula,98.0,0,98.0,https://en.wikipedia.org/wiki/Opinion_polling_for_the_2026_Brazilian_presidential_election
2026,1,nan,2026-03-30,2026-03-30,2026-03-30,98,wikipedia_tabela_4,Flávio Bolsonaro,98.0,0,98.0,https://en.wikipedia.org/wiki/Opinion_polling_for_the_2026_Brazilian_presidential_election
2026,1,nan,2026-03-30,2026-03-30,2026-03-30,98,wikipedia_tabela_4,Ronaldo Caiado,98.0,0,98.0,https://en.wikipedia.org/wiki/Opinion_polling_for_the_2026_Brazilian_presidential_election
2026,1,nan,2026-03-30,2026-03-30,2026-03-30,98,wikipedia_tabela_4,Romeu Zema,98.0,0,98.0,https://en.wikipedia.org/wiki/Opinion_polling_for_the_2026_Brazilian_presidential_election
2026,1,Nexus,2026-03-27,2026-03-29,2026-03-29,2000,wikipedia_tabela_4,Lula,41.0,0,10.0,https://en.wikipedia.org/wiki/Opinion_polling_for_the_2026_Brazilian_presidential_election
2026,1,Nexus,2026-03-27,2026-03-29,2026-03-29,2000,wikipedia_tabela_4,Flávio Bolsonaro,38.0,0,10.0,https://en.wikipedia.org/wiki/Opinion_polling_for_the_2026_Brazilian_presidential_election
2026,1,Nexus,2026-03-27,2026-03-29,2026-03-29,2000,wikipedia_tabela_4,Ronaldo Caiado,4.0,0,10.0,https://en.wikipedia.org/wiki/Opinion_polling_for_the_2026_Brazilian_presidential_election
2026,1,Nexus,2026-03-27,2026-03-29,2026-03-29,2000,wikipedia_tabela_4,Romeu Zema,4.0,0,10.0,https://en.wikipedia.org/wiki/Opinion_polling_for_the_2026_Brazilian_presidential_election
2026,1,Nexus,2026-03-27,2026-03-29,2026-03-29,2000,wikipedia_tabela_4,Lula,39.0,0,9.0,https://en.wikipedia.org/wiki/Opinion_polling_for_the_2026_Brazilian_presidential_election
2026,1,Nexus,2026-03-27,2026-03-29,2026-03-29,2000,wikipedia_tabela_4,Flávio Bolsonaro,39.0,0,9.0,https://en.wikipedia.org/wiki/Opinion_polling_for_the_2026_Brazilian_presidential_election
2026,1,Nexus,2026-03-27,2026-03-29,2026-03-29,2000,wikipedia_tabela_4,Romeu Zema,5.0,0,9.0,https://en.wikipedia.org/wiki/Opinion_polling_for_the_2026_Brazilian_presidential_election
2026,1,Nexus,2026-03-27,2026-03-29,2026-03-29,2000,wikipedia_tabela_4,Lula,42.0,0,8.0,https://en.wikipedia.org/wiki/Opinion_polling_for_the_2026_Brazilian_presidential_election
2026,1,Nexus,2026-03-27,2026-03-29,2026-03-29,2000,wikipedia_tabela_4,Flávio Bolsonaro,39.0,0,8.0,https://en.wikipedia.org/wiki/Opinion_polling_for_the_2026_Brazilian_presidential_election
2026,1,Nexus,2026-03-27,2026-03-29,2026-03-29,2000,wikipedia_tabela_4,Romeu Zema,6.0,0,8.0,https://en.wikipedia.org/wiki/Opinion_polling_for_the_2026_Brazilian_presidential_election
2026,1,Paraná Pesquisas,2026-03-25,2026-03-28,2026-03-28,2080,wikipedia_tabela_4,Lula,41.3,0,12.0,https://en.wikipedia.org/wiki/Opinion_polling_for_the_2026_Brazilian_presidential_election
2026,1,Paraná Pesquisas,2026-03-25,2026-03-28,2026-03-28,2080,wikipedia_tabela_4,Flávio Bolsonaro,37.8,0,12.0,https://en.wikipedia.org/wiki/Opinion_polling_for_the_2026_Brazilian_presidential_election
2026,1,Paraná Pesquisas,2026-03-25,2026-03-28,2026-03-28,2080,wikipedia_tabela_4,Ronaldo Caiado,3.6,0,12.0,https://en.wikipedia.org/wiki/Opinion_polling_for_the_2026_Brazilian_presidential_election
2026,1,Paraná Pesquisas,2026-03-25,2026-03-28,2026-03-28,2080,wikipedia_tabela_4,Romeu Zema,3.0,0,12.0,https://en.wikipedia.org/wiki/Opinion_polling_for_the_2026_Brazilian_presidential_election
2026,1,Gerp,2026-03-20,2026-03-25,2026-03-25,2000,wikipedia_tabela_4,Lula,38.0,0,9.0,https://en.wikipedia.org/wiki/Opinion_polling_for_the_2026_Brazilian_presidential_election
2026,1,Gerp,2026-03-20,2026-03-25,2026-03-25,2000,wikipedia_tabela_4,Flávio Bolsonaro,36.0,0,9.0,https://en.wikipedia.org/wiki/Opinion_polling_for_the_2026_Brazilian_presidential_election
2026,1,Gerp,2026-03-20,2026-03-25,2026-03-25,2000,wikipedia_tabela_4,Ronaldo Caiado,3.0,0,9.0,https://en.wikipedia.org/wiki/Opinion_polling_for_the_2026_Brazilian_presidential_election
2026,1,Gerp,2026-03-20,2026-03-25,2026-03-25,2000,wikipedia_tabela_4,Romeu Zema,3.0,0,9.0,https://en.wikipedia.org/wiki/Opinion_polling_for_the_2026_Brazilian_presidential_election
2026,1,AtlasIntel,2026-03-18,2026-03-23,2026-03-23,5028,wikipedia_tabela_4,Lula,45.9,0,2.2,https://en.wikipedia.org/wiki/Opinion_polling_for_the_2026_Brazilian_presidential_election
2026,1,AtlasIntel,2026-03-18,2026-03-23,2026-03-23,5028,wikipedia_tabela_4,Flávio Bolsonaro,40.1,0,2.2,https://en.wikipedia.org/wiki/Opinion_polling_for_the_2026_Brazilian_presidential_election
2026,1,AtlasIntel,2026-03-18,2026-03-23,2026-03-23,5028,wikipedia_tabela_4,Ronaldo Caiado,3.7,0,2.2,https://en.wikipedia.org/wiki/Opinion_polling_for_the_2026_Brazilian_presidential_election
2026,1,AtlasIntel,2026-03-18,2026-03-23,2026-03-23,5028,wikipedia_tabela_4,Romeu Zema,3.1,0,2.2,https://en.wikipedia.org/wiki/Opinion_polling_for_the_2026_Brazilian_presidential_election
2026,1,AtlasIntel,2026-03-18,2026-03-23,2026-03-23,5028,wikipedia_tabela_4,Lula,45.5,0,1.9,https://en.wikipedia.org/wiki/Opinion_polling_for_the_2026_Brazilian_presidential_election
2026,1,AtlasIntel,2026-03-18,2026-03-23,2026-03-23,5028,wikipedia_tabela_4,Flávio Bolsonaro,42.4,0,1.9,https://en.wikipedia.org/wiki/Opinion_polling_for_the_2026_Brazilian_presidential_election
2026,1,AtlasIntel,2026-03-18,2026-03-23,2026-03-23,5028,wikipedia_tabela_4,Romeu Zema,3.7,0,1.9,https://en.wikipedia.org/wiki/Opinion_polling_for_the_2026_Brazilian_presidential_election
2026,1,AtlasIntel,2026-03-18,2026-03-23,2026-03-23,5028,wikipedia_tabela_4,Lula,45.6,0,5.6,https://en.wikipedia.org/wiki/Opinion_polling_for_the_2026_Brazilian_presidential_election
2026,1,AtlasIntel,2026-03-18,2026-03-23,2026-03-23,5028,wikipedia_tabela_4,Ronaldo Caiado,4.2,0,5.6,https://en.wikipedia.org/wiki/Opinion_polling_for_the_2026_Brazilian_presidential_election
2026,1,AtlasIntel,2026-03-18,2026-03-23,2026-03-23,5028,wikipedia_tabela_4,Romeu Zema,6.2,0,5.6,https://en.wikipedia.org/wiki/Opinion_polling_for_the_2026_Brazilian_presidential_election
2026,1,AtlasIntel,2026-03-18,2026-03-23,2026-03-23,5028,wikipedia_tabela_4,Lula,45.7,0,1.4,https://en.wikipedia.org/wiki/Opinion_polling_for_the_2026_Brazilian_presidential_election
2026,1,AtlasIntel,2026-03-18,2026-03-23,2026-03-23,5028,wikipedia_tabela_4,Flávio Bolsonaro,35.8,0,1.4,https://en.wikipedia.org/wiki/Opinion_polling_for_the_2026_Brazilian_presidential_election
2026,1,AtlasIntel,2026-03-18,2026-03-23,2026-03-23,5028,wikipedia_tabela_4,Ronaldo Caiado,2.8,0,1.4,https://en.wikipedia.org/wiki/Opinion_polling_for_the_2026_Brazilian_presidential_election
2026,1,AtlasIntel,2026-03-18,2026-03-23,2026-03-23,5028,wikipedia_tabela_4,Romeu Zema,1.6,0,1.4,https://en.wikipedia.org/wiki/Opinion_polling_for_the_2026_Brazilian_presidential_election
2026,1,nan,2026-03-23,2026-03-23,2026-03-23,102,wikipedia_tabela_4,Lula,102.0,0,102.0,https://en.wikipedia.org/wiki/Opinion_polling_for_the_2026_Brazilian_presidential_election
2026,1,nan,2026-03-23,2026-03-23,2026-03-23,102,wikipedia_tabela_4,Flávio Bolsonaro,102.0,0,102.0,https://en.wikipedia.org/wiki/Opinion_polling_for_the_2026_Brazilian_presidential_election
2026,1,nan,2026-03-23,2026-03-23,2026-03-23,102,wikipedia_tabela_4,Ronaldo Caiado,102.0,0,102.0,https://en.wikipedia.org/wiki/Opinion_polling_for_the_2026_Brazilian_presidential_election
2026,1,nan,2026-03-23,2026-03-23,2026-03-23,102,wikipedia_tabela_4,Romeu Zema,102.0,0,102.0,https://en.wikipedia.org/wiki/Opinion_polling_for_the_2026_Brazilian_presidential_election
2026,1,Ideia,2026-03-06,2026-03-10,2026-03-10,1500,wikipedia_tabela_4,Lula,40.3,0,11.9,https://en.wikipedia.org/wiki/Opinion_polling_for_the_2026_Brazilian_presidential_election
2026,1,Ideia,2026-03-06,2026-03-10,2026-03-10,1500,wikipedia_tabela_4,Flávio Bolsonaro,35.0,0,11.9,https://en.wikipedia.org/wiki/Opinion_polling_for_the_2026_Brazilian_presidential_election
2026,1,Ideia,2026-03-06,2026-03-10,2026-03-10,1500,wikipedia_tabela_4,Ronaldo Caiado,5.5,0,11.9,https://en.wikipedia.org/wiki/Opinion_polling_for_the_2026_Brazilian_presidential_election
2026,1,Ideia,2026-03-06,2026-03-10,2026-03-10,1500,wikipedia_tabela_4,Romeu Zema,5.0,0,11.9,https://en.wikipedia.org/wiki/Opinion_polling_for_the_2026_Brazilian_presidential_election
2026,1,Ideia,2026-03-06,2026-03-10,2026-03-10,1500,wikipedia_tabela_4,Lula,40.0,0,9.5,https://en.wikipedia.org/wiki/Opinion_polling_for_the_2026_Brazilian_presidential_election
2026,1,Ideia,2026-03-06,2026-03-10,2026-03-10,1500,wikipedia_tabela_4,Flávio Bolsonaro,34.7,0,9.5,https://en.wikipedia.org/wiki/Opinion_polling_for_the_2026_Brazilian_presidential_election
2026,1,Ideia,2026-03-06,2026-03-10,2026-03-10,1500,wikipedia_tabela_4,Romeu Zema,4.5,0,9.5,https://en.wikipedia.org/wiki/Opinion_polling_for_the_2026_Brazilian_presidential_election
2026,1,Ideia,2026-03-06,2026-03-10,2026-03-10,1500,wikipedia_tabela_4,Lula,39.6,0,12.0,https://en.wikipedia.org/wiki/Opinion_polling_for_the_2026_Brazilian_presidential_election
2026,1,Ideia,2026-03-06,2026-03-10,2026-03-10,1500,wikipedia_tabela_4,Flávio Bolsonaro,36.3,0,12.0,https://en.wikipedia.org/wiki/Opinion_polling_for_the_2026_Brazilian_presidential_election
2026,1,Ideia,2026-03-06,2026-03-10,2026-03-10,1500,wikipedia_tabela_4,Romeu Zema,5.8,0,12.0,https://en.wikipedia.org/wiki/Opinion_polling_for_the_2026_Brazilian_presidential_election
2026,1,Ideia,2026-03-06,2026-03-10,2026-03-10,1500,wikipedia_tabela_4,Lula,40.3,0,16.8,https://en.wikipedia.org/wiki/Opinion_polling_for_the_2026_Brazilian_presidential_election
2026,1,Ideia,2026-03-06,2026-03-10,2026-03-10,1500,wikipedia_tabela_4,Romeu Zema,5.1,0,16.8,https://en.wikipedia.org/wiki/Opinion_polling_for_the_2026_Brazilian_presidential_election
2026,1,Quaest,2026-03-06,2026-03-09,2026-03-09,2004,wikipedia_tabela_4,Lula,39.0,0,21.0,https://en.wikipedia.org/wiki/Opinion_polling_for_the_2026_Brazilian_presidential_election
2026,1,Quaest,2026-03-06,2026-03-09,2026-03-09,2004,wikipedia_tabela_4,Flávio Bolsonaro,32.0,0,21.0,https://en.wikipedia.org/wiki/Opinion_polling_for_the_2026_Brazilian_presidential_election
2026,1,Quaest,2026-03-06,2026-03-09,2026-03-09,2004,wikipedia_tabela_4,Ronaldo Caiado,4.0,0,21.0,https://en.wikipedia.org/wiki/Opinion_polling_for_the_2026_Brazilian_presidential_election
2026,1,Quaest,2026-03-06,2026-03-09,2026-03-09,2004,wikipedia_tabela_4,Romeu Zema,2.0,0,21.0,https://en.wikipedia.org/wiki/Opinion_polling_for_the_2026_Brazilian_presidential_election
2026,1,Quaest,2026-03-06,2026-03-09,2026-03-09,2004,wikipedia_tabela_4,Lula,37.0,0,21.0,https://en.wikipedia.org/wiki/Opinion_polling_for_the_2026_Brazilian_presidential_election
2026,1,Quaest,2026-03-06,2026-03-09,2026-03-09,2004,wikipedia_tabela_4,Flávio Bolsonaro,30.0,0,21.0,https://en.wikipedia.org/wiki/Opinion_polling_for_the_2026_Brazilian_presidential_election
2026,1,Quaest,2026-03-06,2026-03-09,2026-03-09,2004,wikipedia_tabela_4,Romeu Zema,3.0,0,21.0,https://en.wikipedia.org/wiki/Opinion_polling_for_the_2026_Brazilian_presidential_election
2026,1,Quaest,2026-03-06,2026-03-09,2026-03-09,2004,wikipedia_tabela_4,Lula,36.0,0,21.0,https://en.wikipedia.org/wiki/Opinion_polling_for_the_2026_Brazilian_presidential_election
2026,1,Quaest,2026-03-06,2026-03-09,2026-03-09,2004,wikipedia_tabela_4,Flávio Bolsonaro,33.0,0,21.0,https://en.wikipedia.org/wiki/Opinion_polling_for_the_2026_Brazilian_presidential_election
2026,1,Quaest,2026-03-06,2026-03-09,2026-03-09,2004,wikipedia_tabela_4,Romeu Zema,3.0,0,21.0,https://en.wikipedia.org/wiki/Opinion_polling_for_the_2026_Brazilian_presidential_election
2026,1,Quaest,2026-03-06,2026-03-09,2026-03-09,2004,wikipedia_tabela_4,Lula,36.0,0,22.0,https://en.wikipedia.org/wiki/Opinion_polling_for_the_2026_Brazilian_presidential_election
2026,1,Quaest,2026-03-06,2026-03-09,2026-03-09,2004,wikipedia_tabela_4,Flávio Bolsonaro,34.0,0,22.0,https://en.wikipedia.org/wiki/Opinion_polling_for_the_2026_Brazilian_presidential_election
2026,1,Quaest,2026-03-06,2026-03-09,2026-03-09,2004,wikipedia_tabela_4,Ronaldo Caiado,4.0,0,22.0,https://en.wikipedia.org/wiki/Opinion_polling_for_the_2026_Brazilian_presidential_election
2026,1,Quaest,2026-03-06,2026-03-09,2026-03-09,2004,wikipedia_tabela_4,Lula,36.0,0,20.0,https://en.wikipedia.org/wiki/Opinion_polling_for_the_2026_Brazilian_presidential_election
2026,1,Quaest,2026-03-06,2026-03-09,2026-03-09,2004,wikipedia_tabela_4,Flávio Bolsonaro,33.0,0,20.0,https://en.wikipedia.org/wiki/Opinion_polling_for_the_2026_Brazilian_presidential_election
2026,1,Quaest,2026-03-06,2026-03-09,2026-03-09,2004,wikipedia_tabela_4,Lula,36.0,0,22.0,https://en.wikipedia.org/wiki/Opinion_polling_for_the_2026_Brazilian_presidential_election
2026,1,Quaest,2026-03-06,2026-03-09,2026-03-09,2004,wikipedia_tabela_4,Flávio Bolsonaro,35.0,0,22.0,https://en.wikipedia.org/wiki/Opinion_polling_for_the_2026_Brazilian_presidential_election
2026,1,Quaest,2026-03-06,2026-03-09,2026-03-09,2004,wikipedia_tabela_4,Lula,37.0,0,22.0,https://en.wikipedia.org/wiki/Opinion_polling_for_the_2026_Brazilian_presidential_election
2026,1,Quaest,2026-03-06,2026-03-09,2026-03-09,2004,wikipedia_tabela_4,Flávio Bolsonaro,34.0,0,22.0,https://en.wikipedia.org/wiki/Opinion_polling_for_the_2026_Brazilian_presidential_election
2026,1,Quaest,2026-03-06,2026-03-09,2026-03-09,2004,wikipedia_tabela_4,Romeu Zema,3.0,0,22.0,https://en.wikipedia.org/wiki/Opinion_polling_for_the_2026_Brazilian_presidential_election
2026,1,Futura,2026-03-02,2026-03-06,2026-03-06,2000,wikipedia_tabela_4,Lula,35.1,0,10.1,https://en.wikipedia.org/wiki/Opinion_polling_for_the_2026_Brazilian_presidential_election
2026,1,Futura,2026-03-02,2026-03-06,2026-03-06,2000,wikipedia_tabela_4,Flávio Bolsonaro,41.9,0,10.1,https://en.wikipedia.org/wiki/Opinion_polling_for_the_2026_Brazilian_presidential_election
2026,1,Futura,2026-03-02,2026-03-06,2026-03-06,2000,wikipedia_tabela_4,Ronaldo Caiado,5.7,0,10.1,https://en.wikipedia.org/wiki/Opinion_polling_for_the_2026_Brazilian_presidential_election
2026,1,Futura,2026-03-02,2026-03-06,2026-03-06,2000,wikipedia_tabela_4,Lula,37.0,0,7.3,https://en.wikipedia.org/wiki/Opinion_polling_for_the_2026_Brazilian_presidential_election
2026,1,Futura,2026-03-02,2026-03-06,2026-03-06,2000,wikipedia_tabela_4,Flávio Bolsonaro,37.6,0,7.3,https://en.wikipedia.org/wiki/Opinion_polling_for_the_2026_Brazilian_presidential_election
2026,1,Futura,2026-03-02,2026-03-06,2026-03-06,2000,wikipedia_tabela_4,Romeu Zema,2.7,0,7.3,https://en.wikipedia.org/wiki/Opinion_polling_for_the_2026_Brazilian_presidential_election
2026,1,Futura,2026-03-02,2026-03-06,2026-03-06,2000,wikipedia_tabela_4,Lula,35.2,0,9.4,https://en.wikipedia.org/wiki/Opinion_polling_for_the_2026_Brazilian_presidential_election
2026,1,Futura,2026-03-02,2026-03-06,2026-03-06,2000,wikipedia_tabela_4,Flávio Bolsonaro,41.2,0,9.4,https://en.wikipedia.org/wiki/Opinion_polling_for_the_2026_Brazilian_presidential_election
2026,1,Futura,2026-03-02,2026-03-06,2026-03-06,2000,wikipedia_tabela_4,Lula,36.8,0,15.9,https://en.wikipedia.org/wiki/Opinion_polling_for_the_2026_Brazilian_presidential_election
2026,1,Futura,2026-03-02,2026-03-06,2026-03-06,2000,wikipedia_tabela_4,Romeu Zema,5.7,0,15.9,https://en.wikipedia.org/wiki/Opinion_polling_for_the_2026_Brazilian_presidential_election
2026,1,Datafolha,2026-03-03,2026-03-05,2026-03-05,2004,wikipedia_tabela_4,Lula,39.0,0,15.0,https://en.wikipedia.org/wiki/Opinion_polling_for_the_2026_Brazilian_presidential_election
2026,1,Datafolha,2026-03-03,2026-03-05,2026-03-05,2004,wikipedia_tabela_4,Flávio Bolsonaro,33.0,0,15.0,https://en.wikipedia.org/wiki/Opinion_polling_for_the_2026_Brazilian_presidential_election
2026,1,Datafolha,2026-03-03,2026-03-05,2026-03-05,2004,wikipedia_tabela_4,Ronaldo Caiado,4.0,0,15.0,https://en.wikipedia.org/wiki/Opinion_polling_for_the_2026_Brazilian_presidential_election
2026,1,Datafolha,2026-03-03,2026-03-05,2026-03-05,2004,wikipedia_tabela_4,Romeu Zema,5.0,0,15.0,https://en.wikipedia.org/wiki/Opinion_polling_for_the_2026_Brazilian_presidential_election
2026,1,Datafolha,2026-03-03,2026-03-05,2026-03-05,2004,wikipedia_tabela_4,Lula,38.0,0,14.0,https://en.wikipedia.org/wiki/Opinion_polling_for_the_2026_Brazilian_presidential_election
2026,1,Datafolha,2026-03-03,2026-03-05,2026-03-05,2004,wikipedia_tabela_4,Flávio Bolsonaro,32.0,0,14.0,https://en.wikipedia.org/wiki/Opinion_polling_for_the_2026_Brazilian_presidential_election
2026,1,Datafolha,2026-03-03,2026-03-05,2026-03-05,2004,wikipedia_tabela_4,Romeu Zema,4.0,0,14.0,https://en.wikipedia.org/wiki/Opinion_polling_for_the_2026_Brazilian_presidential_election
2026,1,Datafolha,2026-03-03,2026-03-05,2026-03-05,2004,wikipedia_tabela_4,Lula,39.0,0,19.0,https://en.wikipedia.org/wiki/Opinion_polling_for_the_2026_Brazilian_presidential_election
2026,1,Datafolha,2026-03-03,2026-03-05,2026-03-05,2004,wikipedia_tabela_4,Romeu Zema,5.0,0,19.0,https://en.wikipedia.org/wiki/Opinion_polling_for_the_2026_Brazilian_presidential_election
2026,1,Datafolha,2026-03-03,2026-03-05,2026-03-05,2004,wikipedia_tabela_4,Lula,39.0,0,15.0,https://en.wikipedia.org/wiki/Opinion_polling_for_the_2026_Brazilian_presidential_election
2026,1,Datafolha,2026-03-03,2026-03-05,2026-03-05,2004,wikipedia_tabela_4,Flávio Bolsonaro,34.0,0,15.0,https://en.wikipedia.org/wiki/Opinion_polling_for_the_2026_Brazilian_presidential_election
2026,1,Datafolha,2026-03-03,2026-03-05,2026-03-05,2004,wikipedia_tabela_4,Romeu Zema,4.0,0,15.0,https://en.wikipedia.org/wiki/Opinion_polling_for_the_2026_Brazilian_presidential_election
2026,1,Real Time,2026-02-28,2026-03-02,2026-03-02,2000,wikipedia_tabela_4,Lula,40.0,0,15.0,https://en.wikipedia.org/wiki/Opinion_polling_for_the_2026_Brazilian_presidential_election
2026,1,Real Time,2026-02-28,2026-03-02,2026-03-02,2000,wikipedia_tabela_4,Flávio Bolsonaro,33.0,0,15.0,https://en.wikipedia.org/wiki/Opinion_polling_for_the_2026_Brazilian_presidential_election
2026,1,Real Time,2026-02-28,2026-03-02,2026-03-02,2000,wikipedia_tabela_4,Ronaldo Caiado,5.0,0,15.0,https://en.wikipedia.org/wiki/Opinion_polling_for_the_2026_Brazilian_presidential_election
2026,1,Real Time,2026-02-28,2026-03-02,2026-03-02,2000,wikipedia_tabela_4,Romeu Zema,3.0,0,15.0,https://en.wikipedia.org/wiki/Opinion_polling_for_the_2026_Brazilian_presidential_election
2026,1,Real Time,2026-02-28,2026-03-02,2026-03-02,2000,wikipedia_tabela_4,Lula,39.0,0,14.0,https://en.wikipedia.org/wiki/Opinion_polling_for_the_2026_Brazilian_presidential_election
2026,1,Real Time,2026-02-28,2026-03-02,2026-03-02,2000,wikipedia_tabela_4,Flávio Bolsonaro,32.0,0,14.0,https://en.wikipedia.org/wiki/Opinion_polling_for_the_2026_Brazilian_presidential_election
2026,1,Real Time,2026-02-28,2026-03-02,2026-03-02,2000,wikipedia_tabela_4,Romeu Zema,2.0,0,14.0,https://en.wikipedia.org/wiki/Opinion_polling_for_the_2026_Brazilian_presidential_election
2026,1,Real Time,2026-02-28,2026-03-02,2026-03-02,2000,wikipedia_tabela_4,Lula,40.0,0,15.0,https://en.wikipedia.org/wiki/Opinion_polling_for_the_2026_Brazilian_presidential_election
2026,1,Real Time,2026-02-28,2026-03-02,2026-03-02,2000,wikipedia_tabela_4,Flávio Bolsonaro,34.0,0,15.0,https://en.wikipedia.org/wiki/Opinion_polling_for_the_2026_Brazilian_presidential_election
2026,1,Real Time,2026-02-28,2026-03-02,2026-03-02,2000,wikipedia_tabela_4,Romeu Zema,3.0,0,15.0,https://en.wikipedia.org/wiki/Opinion_polling_for_the_2026_Brazilian_presidential_election
2026,1,Paraná Pesquisas,2026-02-22,2026-02-25,2026-02-25,2080,wikipedia_tabela_4,Lula,40.5,0,13.0,https://en.wikipedia.org/wiki/Opinion_polling_for_the_2026_Brazilian_presidential_election
2026,1,Paraná Pesquisas,2026-02-22,2026-02-25,2026-02-25,2080,wikipedia_tabela_4,Flávio Bolsonaro,36.6,0,13.0,https://en.wikipedia.org/wiki/Opinion_polling_for_the_2026_Brazilian_presidential_election
2026,1,Paraná Pesquisas,2026-02-22,2026-02-25,2026-02-25,2080,wikipedia_tabela_4,Ronaldo Caiado,3.7,0,13.0,https://en.wikipedia.org/wiki/Opinion_polling_for_the_2026_Brazilian_presidential_election
2026,1,Paraná Pesquisas,2026-02-22,2026-02-25,2026-02-25,2080,wikipedia_tabela_4,Romeu Zema,4.3,0,13.0,https://en.wikipedia.org/wiki/Opinion_polling_for_the_2026_Brazilian_presidential_election
2026,1,Paraná Pesquisas,2026-02-22,2026-02-25,2026-02-25,2080,wikipedia_tabela_4,Lula,39.6,0,11.7,https://en.wikipedia.org/wiki/Opinion_polling_for_the_2026_Brazilian_presidential_election
2026,1,Paraná Pesquisas,2026-02-22,2026-02-25,2026-02-25,2080,wikipedia_tabela_4,Flávio Bolsonaro,35.3,0,11.7,https://en.wikipedia.org/wiki/Opinion_polling_for_the_2026_Brazilian_presidential_election
2026,1,Paraná Pesquisas,2026-02-22,2026-02-25,2026-02-25,2080,wikipedia_tabela_4,Romeu Zema,3.8,0,11.7,https://en.wikipedia.org/wiki/Opinion_polling_for_the_2026_Brazilian_presidential_election
2026,1,AtlasIntel,2026-02-19,2026-02-24,2026-02-24,4986,wikipedia_tabela_4,Lula,47.1,0,2.1,https://en.wikipedia.org/wiki/Opinion_polling_for_the_2026_Brazilian_presidential_election
2026,1,AtlasIntel,2026-02-19,2026-02-24,2026-02-24,4986,wikipedia_tabela_4,Flávio Bolsonaro,33.1,0,2.1,https://en.wikipedia.org/wiki/Opinion_polling_for_the_2026_Brazilian_presidential_election
2026,1,AtlasIntel,2026-02-19,2026-02-24,2026-02-24,4986,wikipedia_tabela_4,Ronaldo Caiado,4.1,0,2.1,https://en.wikipedia.org/wiki/Opinion_polling_for_the_2026_Brazilian_presidential_election
2026,1,AtlasIntel,2026-02-19,2026-02-24,2026-02-24,4986,wikipedia_tabela_4,Romeu Zema,1.5,0,2.1,https://en.wikipedia.org/wiki/Opinion_polling_for_the_2026_Brazilian_presidential_election
2026,1,AtlasIntel,2026-02-19,2026-02-24,2026-02-24,4986,wikipedia_tabela_4,Lula,43.3,0,3.5,https://en.wikipedia.org/wiki/Opinion_polling_for_the_2026_Brazilian_presidential_election
2026,1,AtlasIntel,2026-02-19,2026-02-24,2026-02-24,4986,wikipedia_tabela_4,Ronaldo Caiado,5.1,0,3.5,https://en.wikipedia.org/wiki/Opinion_polling_for_the_2026_Brazilian_presidential_election
2026,1,AtlasIntel,2026-02-19,2026-02-24,2026-02-24,4986,wikipedia_tabela_4,Romeu Zema,8.5,0,3.5,https://en.wikipedia.org/wiki/Opinion_polling_for_the_2026_Brazilian_presidential_election
2026,1,AtlasIntel,2026-02-19,2026-02-24,2026-02-24,4986,wikipedia_tabela_4,Lula,45.1,0,3.4,https://en.wikipedia.org/wiki/Opinion_polling_for_the_2026_Brazilian_presidential_election
2026,1,AtlasIntel,2026-02-19,2026-02-24,2026-02-24,4986,wikipedia_tabela_4,Flávio Bolsonaro,39.5,0,3.4,https://en.wikipedia.org/wiki/Opinion_polling_for_the_2026_Brazilian_presidential_election
2026,1,AtlasIntel,2026-02-19,2026-02-24,2026-02-24,4986,wikipedia_tabela_4,Romeu Zema,3.9,0,3.4,https://en.wikipedia.org/wiki/Opinion_polling_for_the_2026_Brazilian_presidential_election
2026,1,AtlasIntel,2026-02-19,2026-02-24,2026-02-24,4986,wikipedia_tabela_4,Lula,45.0,0,4.3,https://en.wikipedia.org/wiki/Opinion_polling_for_the_2026_Brazilian_presidential_election
2026,1,AtlasIntel,2026-02-19,2026-02-24,2026-02-24,4986,wikipedia_tabela_4,Flávio Bolsonaro,37.9,0,4.3,https://en.wikipedia.org/wiki/Opinion_polling_for_the_2026_Brazilian_presidential_election
2026,1,AtlasIntel,2026-02-19,2026-02-24,2026-02-24,4986,wikipedia_tabela_4,Ronaldo Caiado,4.9,0,4.3,https://en.wikipedia.org/wiki/Opinion_polling_for_the_2026_Brazilian_presidential_election
2026,1,AtlasIntel,2026-02-19,2026-02-24,2026-02-24,4986,wikipedia_tabela_4,Romeu Zema,3.9,0,4.3,https://en.wikipedia.org/wiki/Opinion_polling_for_the_2026_Brazilian_presidential_election
2026,1,AtlasIntel,2026-02-19,2026-02-24,2026-02-24,4986,wikipedia_tabela_4,Lula,45.3,0,3.5,https://en.wikipedia.org/wiki/Opinion_polling_for_the_2026_Brazilian_presidential_election
2026,1,AtlasIntel,2026-02-19,2026-02-24,2026-02-24,4986,wikipedia_tabela_4,Flávio Bolsonaro,39.1,0,3.5,https://en.wikipedia.org/wiki/Opinion_polling_for_the_2026_Brazilian_presidential_election
2026,1,AtlasIntel,2026-02-19,2026-02-24,2026-02-24,4986,wikipedia_tabela_4,Romeu Zema,5.7,0,3.5,https://en.wikipedia.org/wiki/Opinion_polling_for_the_2026_Brazilian_presidential_election
2026,1,Quaest,2026-02-05,2026-02-09,2026-02-09,2004,wikipedia_tabela_4,Lula,38.0,0,22.0,https://en.wikipedia.org/wiki/Opinion_polling_for_the_2026_Brazilian_presidential_election
2026,1,Quaest,2026-02-05,2026-02-09,2026-02-09,2004,wikipedia_tabela_4,Flávio Bolsonaro,30.0,0,22.0,https://en.wikipedia.org/wiki/Opinion_polling_for_the_2026_Brazilian_presidential_election
2026,1,Quaest,2026-02-05,2026-02-09,2026-02-09,2004,wikipedia_tabela_4,Ronaldo Caiado,4.0,0,22.0,https://en.wikipedia.org/wiki/Opinion_polling_for_the_2026_Brazilian_presidential_election
2026,1,Quaest,2026-02-05,2026-02-09,2026-02-09,2004,wikipedia_tabela_4,Romeu Zema,4.0,0,22.0,https://en.wikipedia.org/wiki/Opinion_polling_for_the_2026_Brazilian_presidential_election
2026,1,Quaest,2026-02-05,2026-02-09,2026-02-09,2004,wikipedia_tabela_4,Lula,39.0,0,22.0,https://en.wikipedia.org/wiki/Opinion_polling_for_the_2026_Brazilian_presidential_election
2026,1,Quaest,2026-02-05,2026-02-09,2026-02-09,2004,wikipedia_tabela_4,Flávio Bolsonaro,32.0,0,22.0,https://en.wikipedia.org/wiki/Opinion_polling_for_the_2026_Brazilian_presidential_election
2026,1,Quaest,2026-02-05,2026-02-09,2026-02-09,2004,wikipedia_tabela_4,Ronaldo Caiado,4.0,0,22.0,https://en.wikipedia.org/wiki/Opinion_polling_for_the_2026_Brazilian_presidential_election
2026,1,Quaest,2026-02-05,2026-02-09,2026-02-09,2004,wikipedia_tabela_4,Lula,35.0,0,22.0,https://en.wikipedia.org/wiki/Opinion_polling_for_the_2026_Brazilian_presidential_election
2026,1,Quaest,2026-02-05,2026-02-09,2026-02-09,2004,wikipedia_tabela_4,Flávio Bolsonaro,29.0,0,22.0,https://en.wikipedia.org/wiki/Opinion_polling_for_the_2026_Brazilian_presidential_election
2026,1,Quaest,2026-02-05,2026-02-09,2026-02-09,2004,wikipedia_tabela_4,Romeu Zema,4.0,0,22.0,https://en.wikipedia.org/wiki/Opinion_polling_for_the_2026_Brazilian_presidential_election
2026,1,Quaest,2026-02-05,2026-02-09,2026-02-09,2004,wikipedia_tabela_4,Lula,37.0,0,21.0,https://en.wikipedia.org/wiki/Opinion_polling_for_the_2026_Brazilian_presidential_election
2026,1,Quaest,2026-02-05,2026-02-09,2026-02-09,2004,wikipedia_tabela_4,Flávio Bolsonaro,31.0,0,21.0,https://en.wikipedia.org/wiki/Opinion_polling_for_the_2026_Brazilian_presidential_election
2026,1,Real Time,2026-02-06,2026-02-07,2026-02-07,2000,wikipedia_tabela_4,Lula,39.0,0,15.0,https://en.wikipedia.org/wiki/Opinion_polling_for_the_2026_Brazilian_presidential_election
2026,1,Real Time,2026-02-06,2026-02-07,2026-02-07,2000,wikipedia_tabela_4,Flávio Bolsonaro,30.0,0,15.0,https://en.wikipedia.org/wiki/Opinion_polling_for_the_2026_Brazilian_presidential_election
2026,1,Real Time,2026-02-06,2026-02-07,2026-02-07,2000,wikipedia_tabela_4,Romeu Zema,3.0,0,15.0,https://en.wikipedia.org/wiki/Opinion_polling_for_the_2026_Brazilian_presidential_election
2026,1,Real Time,2026-02-06,2026-02-07,2026-02-07,2000,wikipedia_tabela_4,Lula,40.0,0,15.0,https://en.wikipedia.org/wiki/Opinion_polling_for_the_2026_Brazilian_presidential_election
2026,1,Real Time,2026-02-06,2026-02-07,2026-02-07,2000,wikipedia_tabela_4,Flávio Bolsonaro,32.0,0,15.0,https://en.wikipedia.org/wiki/Opinion_polling_for_the_2026_Brazilian_presidential_election
2026,1,Real Time,2026-02-06,2026-02-07,2026-02-07,2000,wikipedia_tabela_4,Ronaldo Caiado,6.0,0,15.0,https://en.wikipedia.org/wiki/Opinion_polling_for_the_2026_Brazilian_presidential_election
2026,1,Real Time,2026-02-06,2026-02-07,2026-02-07,2000,wikipedia_tabela_4,Romeu Zema,4.0,0,15.0,https://en.wikipedia.org/wiki/Opinion_polling_for_the_2026_Brazilian_presidential_election
2026,1,Futura,2026-02-03,2026-02-07,2026-02-07,2000,wikipedia_tabela_4,Lula,36.7,0,10.2,https://en.wikipedia.org/wiki/Opinion_polling_for_the_2026_Brazilian_presidential_election
2026,1,Futura,2026-02-03,2026-02-07,2026-02-07,2000,wikipedia_tabela_4,Flávio Bolsonaro,34.2,0,10.2,https://en.wikipedia.org/wiki/Opinion_polling_for_the_2026_Brazilian_presidential_election
2026,1,Futura,2026-02-03,2026-02-07,2026-02-07,2000,wikipedia_tabela_4,Romeu Zema,4.0,0,10.2,https://en.wikipedia.org/wiki/Opinion_polling_for_the_2026_Brazilian_presidential_election
2026,1,Futura,2026-02-03,2026-02-07,2026-02-07,2000,wikipedia_tabela_4,Lula,35.3,0,12.7,https://en.wikipedia.org/wiki/Opinion_polling_for_the_2026_Brazilian_presidential_election
2026,1,Futura,2026-02-03,2026-02-07,2026-02-07,2000,wikipedia_tabela_4,Flávio Bolsonaro,35.7,0,12.7,https://en.wikipedia.org/wiki/Opinion_polling_for_the_2026_Brazilian_presidential_election
2026,1,Futura,2026-02-03,2026-02-07,2026-02-07,2000,wikipedia_tabela_4,Ronaldo Caiado,6.6,0,12.7,https://en.wikipedia.org/wiki/Opinion_polling_for_the_2026_Brazilian_presidential_election
2026,1,Futura,2026-02-03,2026-02-07,2026-02-07,2000,wikipedia_tabela_4,Romeu Zema,6.5,0,12.7,https://en.wikipedia.org/wiki/Opinion_polling_for_the_2026_Brazilian_presidential_election
2026,1,Futura,2026-02-03,2026-02-07,2026-02-07,2000,wikipedia_tabela_4,Lula,35.9,0,12.8,https://en.wikipedia.org/wiki/Opinion_polling_for_the_2026_Brazilian_presidential_election
2026,1,Futura,2026-02-03,2026-02-07,2026-02-07,2000,wikipedia_tabela_4,Flávio Bolsonaro,37.2,0,12.8,https://en.wikipedia.org/wiki/Opinion_polling_for_the_2026_Brazilian_presidential_election
2026,1,Futura,2026-02-03,2026-02-07,2026-02-07,2000,wikipedia_tabela_4,Romeu Zema,4.9,0,12.8,https://en.wikipedia.org/wiki/Opinion_polling_for_the_2026_Brazilian_presidential_election
2026,1,Gerp,2026-01-28,2026-02-02,2026-02-02,2000,wikipedia_tabela_4,Lula,39.0,0,11.0,https://en.wikipedia.org/wiki/Opinion_polling_for_the_2026_Brazilian_presidential_election
2026,1,Gerp,2026-01-28,2026-02-02,2026-02-02,2000,wikipedia_tabela_4,Flávio Bolsonaro,35.0,0,11.0,https://en.wikipedia.org/wiki/Opinion_polling_for_the_2026_Brazilian_presidential_election
2026,1,Gerp,2026-01-28,2026-02-02,2026-02-02,2000,wikipedia_tabela_4,Ronaldo Caiado,2.0,0,11.0,https://en.wikipedia.org/wiki/Opinion_polling_for_the_2026_Brazilian_presidential_election
2026,1,Gerp,2026-01-28,2026-02-02,2026-02-02,2000,wikipedia_tabela_4,Romeu Zema,2.0,0,11.0,https://en.wikipedia.org/wiki/Opinion_polling_for_the_2026_Brazilian_presidential_election
2026,1,Ideia,2026-01-30,2026-02-02,2026-02-02,1500,wikipedia_tabela_4,Lula,39.5,0,15.5,https://en.wikipedia.org/wiki/Opinion_polling_for_the_2026_Brazilian_presidential_election
2026,1,Ideia,2026-01-30,2026-02-02,2026-02-02,1500,wikipedia_tabela_4,Flávio Bolsonaro,32.0,0,15.5,https://en.wikipedia.org/wiki/Opinion_polling_for_the_2026_Brazilian_presidential_election
2026,1,Ideia,2026-01-30,2026-02-02,2026-02-02,1500,wikipedia_tabela_4,Romeu Zema,3.0,0,15.5,https://en.wikipedia.org/wiki/Opinion_polling_for_the_2026_Brazilian_presidential_election
2026,1,Ideia,2026-01-30,2026-02-02,2026-02-02,1500,wikipedia_tabela_4,Lula,39.5,0,15.1,https://en.wikipedia.org/wiki/Opinion_polling_for_the_2026_Brazilian_presidential_election
2026,1,Ideia,2026-01-30,2026-02-02,2026-02-02,1500,wikipedia_tabela_4,Flávio Bolsonaro,33.0,0,15.1,https://en.wikipedia.org/wiki/Opinion_polling_for_the_2026_Brazilian_presidential_election
2026,1,Ideia,2026-01-30,2026-02-02,2026-02-02,1500,wikipedia_tabela_4,Ronaldo Caiado,5.1,0,15.1,https://en.wikipedia.org/wiki/Opinion_polling_for_the_2026_Brazilian_presidential_election
2026,1,Ideia,2026-01-30,2026-02-02,2026-02-02,1500,wikipedia_tabela_4,Romeu Zema,6.0,0,15.1,https://en.wikipedia.org/wiki/Opinion_polling_for_the_2026_Brazilian_presidential_election
2026,1,Ideia,2026-01-30,2026-02-02,2026-02-02,1500,wikipedia_tabela_4,Lula,40.0,0,17.0,https://en.wikipedia.org/wiki/Opinion_polling_for_the_2026_Brazilian_presidential_election
2026,1,Ideia,2026-01-30,2026-02-02,2026-02-02,1500,wikipedia_tabela_4,Romeu Zema,6.5,0,17.0,https://en.wikipedia.org/wiki/Opinion_polling_for_the_2026_Brazilian_presidential_election
2026,1,nan,2026-01-27,2026-01-27,2026-01-27,113,wikipedia_tabela_4,Lula,113.0,0,113.0,https://en.wikipedia.org/wiki/Opinion_polling_for_the_2026_Brazilian_presidential_election
2026,1,nan,2026-01-27,2026-01-27,2026-01-27,113,wikipedia_tabela_4,Flávio Bolsonaro,113.0,0,113.0,https://en.wikipedia.org/wiki/Opinion_polling_for_the_2026_Brazilian_presidential_election
2026,1,nan,2026-01-27,2026-01-27,2026-01-27,113,wikipedia_tabela_4,Ronaldo Caiado,113.0,0,113.0,https://en.wikipedia.org/wiki/Opinion_polling_for_the_2026_Brazilian_presidential_election
2026,1,nan,2026-01-27,2026-01-27,2026-01-27,113,wikipedia_tabela_4,Romeu Zema,113.0,0,113.0,https://en.wikipedia.org/wiki/Opinion_polling_for_the_2026_Brazilian_presidential_election
2026,1,Paraná Pesquisas,2026-01-25,2026-01-28,2026-01-28,2080,wikipedia_tabela_4,Lula,39.8,0,11.5,https://en.wikipedia.org/wiki/Opinion_polling_for_the_2026_Brazilian_presidential_election
2026,1,Paraná Pesquisas,2026-01-25,2026-01-28,2026-01-28,2080,wikipedia_tabela_4,Flávio Bolsonaro,33.1,0,11.5,https://en.wikipedia.org/wiki/Opinion_polling_for_the_2026_Brazilian_presidential_election
2026,1,Paraná Pesquisas,2026-01-25,2026-01-28,2026-01-28,2080,wikipedia_tabela_4,Ronaldo Caiado,3.7,0,11.5,https://en.wikipedia.org/wiki/Opinion_polling_for_the_2026_Brazilian_presidential_election
2026,1,Paraná Pesquisas,2026-01-25,2026-01-28,2026-01-28,2080,wikipedia_tabela_4,Romeu Zema,2.8,0,11.5,https://en.wikipedia.org/wiki/Opinion_polling_for_the_2026_Brazilian_presidential_election
2026,1,Paraná Pesquisas,2026-01-25,2026-01-28,2026-01-28,2080,wikipedia_tabela_4,Lula,40.7,0,17.4,https://en.wikipedia.org/wiki/Opinion_polling_for_the_2026_Brazilian_presidential_election
2026,1,Paraná Pesquisas,2026-01-25,2026-01-28,2026-01-28,2080,wikipedia_tabela_4,Ronaldo Caiado,6.6,0,17.4,https://en.wikipedia.org/wiki/Opinion_polling_for_the_2026_Brazilian_presidential_election
2026,1,Paraná Pesquisas,2026-01-25,2026-01-28,2026-01-28,2080,wikipedia_tabela_4,Romeu Zema,4.4,0,17.4,https://en.wikipedia.org/wiki/Opinion_polling_for_the_2026_Brazilian_presidential_election
2026,1,AtlasIntel,2026-01-15,2026-01-20,2026-01-20,5418,wikipedia_tabela_4,Lula,48.4,0,2.4,https://en.wikipedia.org/wiki/Opinion_polling_for_the_2026_Brazilian_presidential_election
2026,1,AtlasIntel,2026-01-15,2026-01-20,2026-01-20,5418,wikipedia_tabela_4,Flávio Bolsonaro,28.0,0,2.4,https://en.wikipedia.org/wiki/Opinion_polling_for_the_2026_Brazilian_presidential_election
2026,1,AtlasIntel,2026-01-15,2026-01-20,2026-01-20,5418,wikipedia_tabela_4,Ronaldo Caiado,2.9,0,2.4,https://en.wikipedia.org/wiki/Opinion_polling_for_the_2026_Brazilian_presidential_election
2026,1,AtlasIntel,2026-01-15,2026-01-20,2026-01-20,5418,wikipedia_tabela_4,Romeu Zema,1.7,0,2.4,https://en.wikipedia.org/wiki/Opinion_polling_for_the_2026_Brazilian_presidential_election
2026,1,AtlasIntel,2026-01-15,2026-01-20,2026-01-20,5418,wikipedia_tabela_4,Lula,48.8,0,1.9,https://en.wikipedia.org/wiki/Opinion_polling_for_the_2026_Brazilian_presidential_election
2026,1,AtlasIntel,2026-01-15,2026-01-20,2026-01-20,5418,wikipedia_tabela_4,Flávio Bolsonaro,35.0,0,1.9,https://en.wikipedia.org/wiki/Opinion_polling_for_the_2026_Brazilian_presidential_election
2026,1,AtlasIntel,2026-01-15,2026-01-20,2026-01-20,5418,wikipedia_tabela_4,Ronaldo Caiado,4.3,0,1.9,https://en.wikipedia.org/wiki/Opinion_polling_for_the_2026_Brazilian_presidential_election
2026,1,AtlasIntel,2026-01-15,2026-01-20,2026-01-20,5418,wikipedia_tabela_4,Romeu Zema,2.8,0,1.9,https://en.wikipedia.org/wiki/Opinion_polling_for_the_2026_Brazilian_presidential_election
2026,1,AtlasIntel,2026-01-15,2026-01-20,2026-01-20,5418,wikipedia_tabela_4,Lula,48.5,0,6.1,https://en.wikipedia.org/wiki/Opinion_polling_for_the_2026_Brazilian_presidential_election
2026,1,AtlasIntel,2026-01-15,2026-01-20,2026-01-20,5418,wikipedia_tabela_4,Ronaldo Caiado,5.0,0,6.1,https://en.wikipedia.org/wiki/Opinion_polling_for_the_2026_Brazilian_presidential_election
2026,1,AtlasIntel,2026-01-15,2026-01-20,2026-01-20,5418,wikipedia_tabela_4,Romeu Zema,3.9,0,6.1,https://en.wikipedia.org/wiki/Opinion_polling_for_the_2026_Brazilian_presidential_election
2026,1,AtlasIntel,2026-01-15,2026-01-20,2026-01-20,5418,wikipedia_tabela_4,Lula,48.8,0,10.3,https://en.wikipedia.org/wiki/Opinion_polling_for_the_2026_Brazilian_presidential_election
2026,1,AtlasIntel,2026-01-15,2026-01-20,2026-01-20,5418,wikipedia_tabela_4,Ronaldo Caiado,15.2,0,10.3,https://en.wikipedia.org/wiki/Opinion_polling_for_the_2026_Brazilian_presidential_election
2026,1,AtlasIntel,2026-01-15,2026-01-20,2026-01-20,5418,wikipedia_tabela_4,Romeu Zema,11.4,0,10.3,https://en.wikipedia.org/wiki/Opinion_polling_for_the_2026_Brazilian_presidential_election
2026,1,Futura,2026-01-15,2026-01-19,2026-01-19,2000,wikipedia_tabela_4,Lula,37.0,0,11.9,https://en.wikipedia.org/wiki/Opinion_polling_for_the_2026_Brazilian_presidential_election
2026,1,Futura,2026-01-15,2026-01-19,2026-01-19,2000,wikipedia_tabela_4,Flávio Bolsonaro,33.3,0,11.9,https://en.wikipedia.org/wiki/Opinion_polling_for_the_2026_Brazilian_presidential_election
2026,1,Futura,2026-01-15,2026-01-19,2026-01-19,2000,wikipedia_tabela_4,Ronaldo Caiado,3.0,0,11.9,https://en.wikipedia.org/wiki/Opinion_polling_for_the_2026_Brazilian_presidential_election
2026,1,Futura,2026-01-15,2026-01-19,2026-01-19,2000,wikipedia_tabela_4,Romeu Zema,2.6,0,11.9,https://en.wikipedia.org/wiki/Opinion_polling_for_the_2026_Brazilian_presidential_election
2026,1,Futura,2026-01-15,2026-01-19,2026-01-19,2000,wikipedia_tabela_4,Lula,35.4,0,4.4,https://en.wikipedia.org/wiki/Opinion_polling_for_the_2026_Brazilian_presidential_election
2026,1,Futura,2026-01-15,2026-01-19,2026-01-19,2000,wikipedia_tabela_4,Flávio Bolsonaro,34.3,0,4.4,https://en.wikipedia.org/wiki/Opinion_polling_for_the_2026_Brazilian_presidential_election
2026,1,Futura,2026-01-15,2026-01-19,2026-01-19,2000,wikipedia_tabela_4,Ronaldo Caiado,3.7,0,4.4,https://en.wikipedia.org/wiki/Opinion_polling_for_the_2026_Brazilian_presidential_election
2026,1,Futura,2026-01-15,2026-01-19,2026-01-19,2000,wikipedia_tabela_4,Romeu Zema,4.4,0,4.4,https://en.wikipedia.org/wiki/Opinion_polling_for_the_2026_Brazilian_presidential_election
2026,1,Ideia,2026-01-08,2026-01-12,2026-01-12,2000,wikipedia_tabela_4,Lula,39.7,0,18.5,https://en.wikipedia.org/wiki/Opinion_polling_for_the_2026_Brazilian_presidential_election
2026,1,Ideia,2026-01-08,2026-01-12,2026-01-12,2000,wikipedia_tabela_4,Flávio Bolsonaro,26.5,0,18.5,https://en.wikipedia.org/wiki/Opinion_polling_for_the_2026_Brazilian_presidential_election
2026,1,Ideia,2026-01-08,2026-01-12,2026-01-12,2000,wikipedia_tabela_4,Ronaldo Caiado,4.2,0,18.5,https://en.wikipedia.org/wiki/Opinion_polling_for_the_2026_Brazilian_presidential_election
2026,1,Ideia,2026-01-08,2026-01-12,2026-01-12,2000,wikipedia_tabela_4,Romeu Zema,3.6,0,18.5,https://en.wikipedia.org/wiki/Opinion_polling_for_the_2026_Brazilian_presidential_election
2026,1,Ideia,2026-01-08,2026-01-12,2026-01-12,2000,wikipedia_tabela_4,Lula,40.2,0,15.4,https://en.wikipedia.org/wiki/Opinion_polling_for_the_2026_Brazilian_presidential_election
2026,1,Ideia,2026-01-08,2026-01-12,2026-01-12,2000,wikipedia_tabela_4,Ronaldo Caiado,5.5,0,15.4,https://en.wikipedia.org/wiki/Opinion_polling_for_the_2026_Brazilian_presidential_election
2026,1,Ideia,2026-01-08,2026-01-12,2026-01-12,2000,wikipedia_tabela_4,Romeu Zema,5.5,0,15.4,https://en.wikipedia.org/wiki/Opinion_polling_for_the_2026_Brazilian_presidential_election
2026,1,Quaest,2026-01-08,2026-01-11,2026-01-11,2004,wikipedia_tabela_4,Lula,36.0,0,18.0,https://en.wikipedia.org/wiki/Opinion_polling_for_the_2026_Brazilian_presidential_election
2026,1,Quaest,2026-01-08,2026-01-11,2026-01-11,2004,wikipedia_tabela_4,Flávio Bolsonaro,23.0,0,18.0,https://en.wikipedia.org/wiki/Opinion_polling_for_the_2026_Brazilian_presidential_election
2026,1,Quaest,2026-01-08,2026-01-11,2026-01-11,2004,wikipedia_tabela_4,Ronaldo Caiado,3.0,0,18.0,https://en.wikipedia.org/wiki/Opinion_polling_for_the_2026_Brazilian_presidential_election
2026,1,Quaest,2026-01-08,2026-01-11,2026-01-11,2004,wikipedia_tabela_4,Romeu Zema,2.0,0,18.0,https://en.wikipedia.org/wiki/Opinion_polling_for_the_2026_Brazilian_presidential_election
2026,1,Quaest,2026-01-08,2026-01-11,2026-01-11,2004,wikipedia_tabela_4,Lula,35.0,0,20.0,https://en.wikipedia.org/wiki/Opinion_polling_for_the_2026_Brazilian_presidential_election
2026,1,Quaest,2026-01-08,2026-01-11,2026-01-11,2004,wikipedia_tabela_4,Flávio Bolsonaro,26.0,0,20.0,https://en.wikipedia.org/wiki/Opinion_polling_for_the_2026_Brazilian_presidential_election
2026,1,Quaest,2026-01-08,2026-01-11,2026-01-11,2004,wikipedia_tabela_4,Ronaldo Caiado,4.0,0,20.0,https://en.wikipedia.org/wiki/Opinion_polling_for_the_2026_Brazilian_presidential_election
2026,1,Quaest,2026-01-08,2026-01-11,2026-01-11,2004,wikipedia_tabela_4,Romeu Zema,3.0,0,20.0,https://en.wikipedia.org/wiki/Opinion_polling_for_the_2026_Brazilian_presidential_election
2026,1,Quaest,2026-01-08,2026-01-11,2026-01-11,2004,wikipedia_tabela_4,Lula,39.0,0,22.0,https://en.wikipedia.org/wiki/Opinion_polling_for_the_2026_Brazilian_presidential_election
2026,1,Quaest,2026-01-08,2026-01-11,2026-01-11,2004,wikipedia_tabela_4,Ronaldo Caiado,5.0,0,22.0,https://en.wikipedia.org/wiki/Opinion_polling_for_the_2026_Brazilian_presidential_election
2026,1,Quaest,2026-01-08,2026-01-11,2026-01-11,2004,wikipedia_tabela_4,Lula,40.0,0,19.0,https://en.wikipedia.org/wiki/Opinion_polling_for_the_2026_Brazilian_presidential_election
2026,1,Quaest,2026-01-08,2026-01-11,2026-01-11,2004,wikipedia_tabela_4,Flávio Bolsonaro,23.0,0,19.0,https://en.wikipedia.org/wiki/Opinion_polling_for_the_2026_Brazilian_presidential_election
2026,1,Quaest,2026-01-08,2026-01-11,2026-01-11,2004,wikipedia_tabela_4,Lula,37.0,0,20.0,https://en.wikipedia.org/wiki/Opinion_polling_for_the_2026_Brazilian_presidential_election
2026,1,Quaest,2026-01-08,2026-01-11,2026-01-11,2004,wikipedia_tabela_4,Flávio Bolsonaro,28.0,0,20.0,https://en.wikipedia.org/wiki/Opinion_polling_for_the_2026_Brazilian_presidential_election
2026,1,Paraná Pesquisas,2025-12-18,2025-12-22,2025-12-22,2038,wikipedia_tabela_5,Lula,37.6,0,12.0,https://en.wikipedia.org/wiki/Opinion_polling_for_the_2026_Brazilian_presidential_election
2026,1,Paraná Pesquisas,2025-12-18,2025-12-22,2025-12-22,2038,wikipedia_tabela_5,Flávio Bolsonaro,27.8,0,12.0,https://en.wikipedia.org/wiki/Opinion_polling_for_the_2026_Brazilian_presidential_election
2026,1,Paraná Pesquisas,2025-12-18,2025-12-22,2025-12-22,2038,wikipedia_tabela_5,Romeu Zema,3.1,0,12.0,https://en.wikipedia.org/wiki/Opinion_polling_for_the_2026_Brazilian_presidential_election
2026,1,Paraná Pesquisas,2025-12-18,2025-12-22,2025-12-22,2038,wikipedia_tabela_5,Lula,37.8,0,15.0,https://en.wikipedia.org/wiki/Opinion_polling_for_the_2026_Brazilian_presidential_election
2026,1,Paraná Pesquisas,2025-12-18,2025-12-22,2025-12-22,2038,wikipedia_tabela_5,Ronaldo Caiado,5.0,0,15.0,https://en.wikipedia.org/wiki/Opinion_polling_for_the_2026_Brazilian_presidential_election
2026,1,Paraná Pesquisas,2025-12-18,2025-12-22,2025-12-22,2038,wikipedia_tabela_5,Romeu Zema,3.9,0,15.0,https://en.wikipedia.org/wiki/Opinion_polling_for_the_2026_Brazilian_presidential_election
2026,1,AtlasIntel,2025-12-10,2025-12-15,2025-12-15,18154,wikipedia_tabela_5,Lula,47.9,0,2.0,https://en.wikipedia.org/wiki/Opinion_polling_for_the_2026_Brazilian_presidential_election
2026,1,AtlasIntel,2025-12-10,2025-12-15,2025-12-15,18154,wikipedia_tabela_5,Flávio Bolsonaro,21.3,0,2.0,https://en.wikipedia.org/wiki/Opinion_polling_for_the_2026_Brazilian_presidential_election
2026,1,AtlasIntel,2025-12-10,2025-12-15,2025-12-15,18154,wikipedia_tabela_5,Ronaldo Caiado,4.4,0,2.0,https://en.wikipedia.org/wiki/Opinion_polling_for_the_2026_Brazilian_presidential_election
2026,1,AtlasIntel,2025-12-10,2025-12-15,2025-12-15,18154,wikipedia_tabela_5,Romeu Zema,3.0,0,2.0,https://en.wikipedia.org/wiki/Opinion_polling_for_the_2026_Brazilian_presidential_election
2026,1,AtlasIntel,2025-12-10,2025-12-15,2025-12-15,18154,wikipedia_tabela_5,Lula,48.1,0,3.3,https://en.wikipedia.org/wiki/Opinion_polling_for_the_2026_Brazilian_presidential_election
2026,1,AtlasIntel,2025-12-10,2025-12-15,2025-12-15,18154,wikipedia_tabela_5,Flávio Bolsonaro,29.3,0,3.3,https://en.wikipedia.org/wiki/Opinion_polling_for_the_2026_Brazilian_presidential_election
2026,1,AtlasIntel,2025-12-10,2025-12-15,2025-12-15,18154,wikipedia_tabela_5,Ronaldo Caiado,7.2,0,3.3,https://en.wikipedia.org/wiki/Opinion_polling_for_the_2026_Brazilian_presidential_election
2026,1,AtlasIntel,2025-12-10,2025-12-15,2025-12-15,18154,wikipedia_tabela_5,Romeu Zema,3.8,0,3.3,https://en.wikipedia.org/wiki/Opinion_polling_for_the_2026_Brazilian_presidential_election
2026,1,AtlasIntel,2025-12-10,2025-12-15,2025-12-15,18154,wikipedia_tabela_5,Lula,48.8,0,7.3,https://en.wikipedia.org/wiki/Opinion_polling_for_the_2026_Brazilian_presidential_election
2026,1,AtlasIntel,2025-12-10,2025-12-15,2025-12-15,18154,wikipedia_tabela_5,Ronaldo Caiado,5.5,0,7.3,https://en.wikipedia.org/wiki/Opinion_polling_for_the_2026_Brazilian_presidential_election
2026,1,AtlasIntel,2025-12-10,2025-12-15,2025-12-15,18154,wikipedia_tabela_5,Romeu Zema,3.8,0,7.3,https://en.wikipedia.org/wiki/Opinion_polling_for_the_2026_Brazilian_presidential_election
2026,1,AtlasIntel,2025-12-10,2025-12-15,2025-12-15,18154,wikipedia_tabela_5,Lula,48.8,0,10.5,https://en.wikipedia.org/wiki/Opinion_polling_for_the_2026_Brazilian_presidential_election
2026,1,AtlasIntel,2025-12-10,2025-12-15,2025-12-15,18154,wikipedia_tabela_5,Ronaldo Caiado,16.3,0,10.5,https://en.wikipedia.org/wiki/Opinion_polling_for_the_2026_Brazilian_presidential_election
2026,1,AtlasIntel,2025-12-10,2025-12-15,2025-12-15,18154,wikipedia_tabela_5,Romeu Zema,11.7,0,10.5,https://en.wikipedia.org/wiki/Opinion_polling_for_the_2026_Brazilian_presidential_election
2026,1,Quaest,2025-12-11,2025-12-14,2025-12-14,2004,wikipedia_tabela_5,Lula,41.0,0,23.0,https://en.wikipedia.org/wiki/Opinion_polling_for_the_2026_Brazilian_presidential_election
2026,1,Quaest,2025-12-11,2025-12-14,2025-12-14,2004,wikipedia_tabela_5,Flávio Bolsonaro,23.0,0,23.0,https://en.wikipedia.org/wiki/Opinion_polling_for_the_2026_Brazilian_presidential_election
2026,1,Quaest,2025-12-11,2025-12-14,2025-12-14,2004,wikipedia_tabela_5,Lula,39.0,0,21.0,https://en.wikipedia.org/wiki/Opinion_polling_for_the_2026_Brazilian_presidential_election
2026,1,Quaest,2025-12-11,2025-12-14,2025-12-14,2004,wikipedia_tabela_5,Flávio Bolsonaro,23.0,0,21.0,https://en.wikipedia.org/wiki/Opinion_polling_for_the_2026_Brazilian_presidential_election
2026,1,Quaest,2025-12-11,2025-12-14,2025-12-14,2004,wikipedia_tabela_5,Lula,34.0,0,17.0,https://en.wikipedia.org/wiki/Opinion_polling_for_the_2026_Brazilian_presidential_election
2026,1,Quaest,2025-12-11,2025-12-14,2025-12-14,2004,wikipedia_tabela_5,Flávio Bolsonaro,21.0,0,17.0,https://en.wikipedia.org/wiki/Opinion_polling_for_the_2026_Brazilian_presidential_election
2026,1,Quaest,2025-12-11,2025-12-14,2025-12-14,2004,wikipedia_tabela_5,Ronaldo Caiado,2.0,0,17.0,https://en.wikipedia.org/wiki/Opinion_polling_for_the_2026_Brazilian_presidential_election
2026,1,Quaest,2025-12-11,2025-12-14,2025-12-14,2004,wikipedia_tabela_5,Romeu Zema,4.0,0,17.0,https://en.wikipedia.org/wiki/Opinion_polling_for_the_2026_Brazilian_presidential_election
2026,1,Gerp,2025-12-06,2025-12-10,2025-12-10,2000,wikipedia_tabela_5,Lula,34.0,0,12.0,https://en.wikipedia.org/wiki/Opinion_polling_for_the_2026_Brazilian_presidential_election
2026,1,Gerp,2025-12-06,2025-12-10,2025-12-10,2000,wikipedia_tabela_5,Flávio Bolsonaro,25.0,0,12.0,https://en.wikipedia.org/wiki/Opinion_polling_for_the_2026_Brazilian_presidential_election
2026,1,Gerp,2025-12-06,2025-12-10,2025-12-10,2000,wikipedia_tabela_5,Ronaldo Caiado,6.0,0,12.0,https://en.wikipedia.org/wiki/Opinion_polling_for_the_2026_Brazilian_presidential_election
2026,1,Gerp,2025-12-06,2025-12-10,2025-12-10,2000,wikipedia_tabela_5,Romeu Zema,4.0,0,12.0,https://en.wikipedia.org/wiki/Opinion_polling_for_the_2026_Brazilian_presidential_election
2026,1,nan,2025-12-05,2025-12-05,2025-12-05,122,wikipedia_tabela_5,Lula,122.0,0,122.0,https://en.wikipedia.org/wiki/Opinion_polling_for_the_2026_Brazilian_presidential_election
2026,1,nan,2025-12-05,2025-12-05,2025-12-05,122,wikipedia_tabela_5,Flávio Bolsonaro,122.0,0,122.0,https://en.wikipedia.org/wiki/Opinion_polling_for_the_2026_Brazilian_presidential_election
2026,1,nan,2025-12-05,2025-12-05,2025-12-05,122,wikipedia_tabela_5,Ronaldo Caiado,122.0,0,122.0,https://en.wikipedia.org/wiki/Opinion_polling_for_the_2026_Brazilian_presidential_election
2026,1,nan,2025-12-05,2025-12-05,2025-12-05,122,wikipedia_tabela_5,Romeu Zema,122.0,0,122.0,https://en.wikipedia.org/wiki/Opinion_polling_for_the_2026_Brazilian_presidential_election
2026,1,Ipec,2025-12-04,2025-12-08,2025-12-08,2000,wikipedia_tabela_5,Lula,38.0,0,27.0,https://en.wikipedia.org/wiki/Opinion_polling_for_the_2026_Brazilian_presidential_election
2026,1,Ipec,2025-12-04,2025-12-08,2025-12-08,2000,wikipedia_tabela_5,Ronaldo Caiado,5.0,0,27.0,https://en.wikipedia.org/wiki/Opinion_polling_for_the_2026_Brazilian_presidential_election
2026,1,Ipec,2025-12-04,2025-12-08,2025-12-08,2000,wikipedia_tabela_5,Romeu Zema,3.0,0,27.0,https://en.wikipedia.org/wiki/Opinion_polling_for_the_2026_Brazilian_presidential_election
2026,1,Ipec,2025-12-04,2025-12-08,2025-12-08,2000,wikipedia_tabela_5,Lula,38.0,0,23.0,https://en.wikipedia.org/wiki/Opinion_polling_for_the_2026_Brazilian_presidential_election
2026,1,Ipec,2025-12-04,2025-12-08,2025-12-08,2000,wikipedia_tabela_5,Flávio Bolsonaro,19.0,0,23.0,https://en.wikipedia.org/wiki/Opinion_polling_for_the_2026_Brazilian_presidential_election
2026,1,Ipec,2025-12-04,2025-12-08,2025-12-08,2000,wikipedia_tabela_5,Ronaldo Caiado,7.0,0,23.0,https://en.wikipedia.org/wiki/Opinion_polling_for_the_2026_Brazilian_presidential_election
2026,1,Ipec,2025-12-04,2025-12-08,2025-12-08,2000,wikipedia_tabela_5,Romeu Zema,5.0,0,23.0,https://en.wikipedia.org/wiki/Opinion_polling_for_the_2026_Brazilian_presidential_election
2026,1,Datafolha,2025-12-02,2025-12-04,2025-12-04,2002,wikipedia_tabela_5,Lula,41.0,0,16.0,https://en.wikipedia.org/wiki/Opinion_polling_for_the_2026_Brazilian_presidential_election
2026,1,Datafolha,2025-12-02,2025-12-04,2025-12-04,2002,wikipedia_tabela_5,Ronaldo Caiado,6.0,0,16.0,https://en.wikipedia.org/wiki/Opinion_polling_for_the_2026_Brazilian_presidential_election
2026,1,Datafolha,2025-12-02,2025-12-04,2025-12-04,2002,wikipedia_tabela_5,Romeu Zema,3.0,0,16.0,https://en.wikipedia.org/wiki/Opinion_polling_for_the_2026_Brazilian_presidential_election
2026,1,Datafolha,2025-12-02,2025-12-04,2025-12-04,2002,wikipedia_tabela_5,Lula,41.0,0,16.0,https://en.wikipedia.org/wiki/Opinion_polling_for_the_2026_Brazilian_presidential_election
2026,1,Datafolha,2025-12-02,2025-12-04,2025-12-04,2002,wikipedia_tabela_5,Flávio Bolsonaro,18.0,0,16.0,https://en.wikipedia.org/wiki/Opinion_polling_for_the_2026_Brazilian_presidential_election
2026,1,Datafolha,2025-12-02,2025-12-04,2025-12-04,2002,wikipedia_tabela_5,Ronaldo Caiado,7.0,0,16.0,https://en.wikipedia.org/wiki/Opinion_polling_for_the_2026_Brazilian_presidential_election
2026,1,Datafolha,2025-12-02,2025-12-04,2025-12-04,2002,wikipedia_tabela_5,Romeu Zema,6.0,0,16.0,https://en.wikipedia.org/wiki/Opinion_polling_for_the_2026_Brazilian_presidential_election
2026,1,AtlasIntel,2025-11-22,2025-11-27,2025-11-27,5510,wikipedia_tabela_5,Lula,48.4,0,5.0,https://en.wikipedia.org/wiki/Opinion_polling_for_the_2026_Brazilian_presidential_election
2026,1,AtlasIntel,2025-11-22,2025-11-27,2025-11-27,5510,wikipedia_tabela_5,Ronaldo Caiado,5.7,0,5.0,https://en.wikipedia.org/wiki/Opinion_polling_for_the_2026_Brazilian_presidential_election
2026,1,AtlasIntel,2025-11-22,2025-11-27,2025-11-27,5510,wikipedia_tabela_5,Romeu Zema,2.3,0,5.0,https://en.wikipedia.org/wiki/Opinion_polling_for_the_2026_Brazilian_presidential_election
2026,1,AtlasIntel,2025-11-22,2025-11-27,2025-11-27,5510,wikipedia_tabela_5,Lula,47.3,0,4.8,https://en.wikipedia.org/wiki/Opinion_polling_for_the_2026_Brazilian_presidential_election
2026,1,AtlasIntel,2025-11-22,2025-11-27,2025-11-27,5510,wikipedia_tabela_5,Flávio Bolsonaro,23.1,0,4.8,https://en.wikipedia.org/wiki/Opinion_polling_for_the_2026_Brazilian_presidential_election
2026,1,AtlasIntel,2025-11-22,2025-11-27,2025-11-27,5510,wikipedia_tabela_5,Ronaldo Caiado,10.2,0,4.8,https://en.wikipedia.org/wiki/Opinion_polling_for_the_2026_Brazilian_presidential_election
2026,1,AtlasIntel,2025-11-22,2025-11-27,2025-11-27,5510,wikipedia_tabela_5,Romeu Zema,5.0,0,4.8,https://en.wikipedia.org/wiki/Opinion_polling_for_the_2026_Brazilian_presidential_election
2026,1,nan,2025-11-22,2025-11-22,2025-11-22,126,wikipedia_tabela_5,Lula,126.0,0,126.0,https://en.wikipedia.org/wiki/Opinion_polling_for_the_2026_Brazilian_presidential_election
2026,1,nan,2025-11-22,2025-11-22,2025-11-22,126,wikipedia_tabela_5,Flávio Bolsonaro,126.0,0,126.0,https://en.wikipedia.org/wiki/Opinion_polling_for_the_2026_Brazilian_presidential_election
2026,1,nan,2025-11-22,2025-11-22,2025-11-22,126,wikipedia_tabela_5,Ronaldo Caiado,126.0,0,126.0,https://en.wikipedia.org/wiki/Opinion_polling_for_the_2026_Brazilian_presidential_election
2026,1,nan,2025-11-22,2025-11-22,2025-11-22,126,wikipedia_tabela_5,Romeu Zema,126.0,0,126.0,https://en.wikipedia.org/wiki/Opinion_polling_for_the_2026_Brazilian_presidential_election
2026,1,MDA,2025-11-19,2025-11-23,2025-11-23,2002,wikipedia_tabela_5,Lula,42.0,0,18.8,https://en.wikipedia.org/wiki/Opinion_polling_for_the_2026_Brazilian_presidential_election
2026,1,MDA,2025-11-19,2025-11-23,2025-11-23,2002,wikipedia_tabela_5,Romeu Zema,5.7,0,18.8,https://en.wikipedia.org/wiki/Opinion_polling_for_the_2026_Brazilian_presidential_election
2026,1,MDA,2025-11-19,2025-11-23,2025-11-23,2002,wikipedia_tabela_5,Lula,38.0,0,11.5,https://en.wikipedia.org/wiki/Opinion_polling_for_the_2026_Brazilian_presidential_election
2026,1,MDA,2025-11-19,2025-11-23,2025-11-23,2002,wikipedia_tabela_5,Ronaldo Caiado,4.0,0,11.5,https://en.wikipedia.org/wiki/Opinion_polling_for_the_2026_Brazilian_presidential_election
2026,1,MDA,2025-11-19,2025-11-23,2025-11-23,2002,wikipedia_tabela_5,Romeu Zema,2.7,0,11.5,https://en.wikipedia.org/wiki/Opinion_polling_for_the_2026_Brazilian_presidential_election
2026,1,Paraná Pesquisas,2025-11-06,2025-11-10,2025-11-10,2020,wikipedia_tabela_5,Lula,36.0,0,14.3,https://en.wikipedia.org/wiki/Opinion_polling_for_the_2026_Brazilian_presidential_election
2026,1,Paraná Pesquisas,2025-11-06,2025-11-10,2025-11-10,2020,wikipedia_tabela_5,Ronaldo Caiado,4.5,0,14.3,https://en.wikipedia.org/wiki/Opinion_polling_for_the_2026_Brazilian_presidential_election
2026,1,Paraná Pesquisas,2025-11-06,2025-11-10,2025-11-10,2020,wikipedia_tabela_5,Romeu Zema,3.3,0,14.3,https://en.wikipedia.org/wiki/Opinion_polling_for_the_2026_Brazilian_presidential_election
2026,1,Paraná Pesquisas,2025-11-06,2025-11-10,2025-11-10,2020,wikipedia_tabela_5,Lula,36.3,0,13.6,https://en.wikipedia.org/wiki/Opinion_polling_for_the_2026_Brazilian_presidential_election
2026,1,Paraná Pesquisas,2025-11-06,2025-11-10,2025-11-10,2020,wikipedia_tabela_5,Flávio Bolsonaro,19.7,0,13.6,https://en.wikipedia.org/wiki/Opinion_polling_for_the_2026_Brazilian_presidential_election
2026,1,Paraná Pesquisas,2025-11-06,2025-11-10,2025-11-10,2020,wikipedia_tabela_5,Ronaldo Caiado,5.2,0,13.6,https://en.wikipedia.org/wiki/Opinion_polling_for_the_2026_Brazilian_presidential_election
2026,1,Paraná Pesquisas,2025-11-06,2025-11-10,2025-11-10,2020,wikipedia_tabela_5,Romeu Zema,4.8,0,13.6,https://en.wikipedia.org/wiki/Opinion_polling_for_the_2026_Brazilian_presidential_election
2026,1,Quaest,2025-11-06,2025-11-09,2025-11-09,2004,wikipedia_tabela_5,Lula,35.0,0,28.0,https://en.wikipedia.org/wiki/Opinion_polling_for_the_2026_Brazilian_presidential_election
2026,1,Quaest,2025-11-06,2025-11-09,2025-11-09,2004,wikipedia_tabela_5,Ronaldo Caiado,4.0,0,28.0,https://en.wikipedia.org/wiki/Opinion_polling_for_the_2026_Brazilian_presidential_election
2026,1,Quaest,2025-11-06,2025-11-09,2025-11-09,2004,wikipedia_tabela_5,Romeu Zema,5.0,0,28.0,https://en.wikipedia.org/wiki/Opinion_polling_for_the_2026_Brazilian_presidential_election
2026,1,Paraná Pesquisas,2025-10-21,2025-10-24,2025-10-24,2020,wikipedia_tabela_5,Lula,37.4,0,13.4,https://en.wikipedia.org/wiki/Opinion_polling_for_the_2026_Brazilian_presidential_election
2026,1,Paraná Pesquisas,2025-10-21,2025-10-24,2025-10-24,2020,wikipedia_tabela_5,Ronaldo Caiado,4.1,0,13.4,https://en.wikipedia.org/wiki/Opinion_polling_for_the_2026_Brazilian_presidential_election
2026,1,Paraná Pesquisas,2025-10-21,2025-10-24,2025-10-24,2020,wikipedia_tabela_5,Romeu Zema,5.7,0,13.4,https://en.wikipedia.org/wiki/Opinion_polling_for_the_2026_Brazilian_presidential_election
2026,1,Paraná Pesquisas,2025-10-21,2025-10-24,2025-10-24,2020,wikipedia_tabela_5,Lula,37.6,0,13.6,https://en.wikipedia.org/wiki/Opinion_polling_for_the_2026_Brazilian_presidential_election
2026,1,Paraná Pesquisas,2025-10-21,2025-10-24,2025-10-24,2020,wikipedia_tabela_5,Flávio Bolsonaro,19.2,0,13.6,https://en.wikipedia.org/wiki/Opinion_polling_for_the_2026_Brazilian_presidential_election
2026,1,Paraná Pesquisas,2025-10-21,2025-10-24,2025-10-24,2020,wikipedia_tabela_5,Ronaldo Caiado,4.8,0,13.6,https://en.wikipedia.org/wiki/Opinion_polling_for_the_2026_Brazilian_presidential_election
2026,1,Paraná Pesquisas,2025-10-21,2025-10-24,2025-10-24,2020,wikipedia_tabela_5,Romeu Zema,6.2,0,13.6,https://en.wikipedia.org/wiki/Opinion_polling_for_the_2026_Brazilian_presidential_election
2026,1,AtlasIntel,2025-10-15,2025-10-19,2025-10-19,14063,wikipedia_tabela_5,Lula,51.3,0,6.9,https://en.wikipedia.org/wiki/Opinion_polling_for_the_2026_Brazilian_presidential_election
2026,1,AtlasIntel,2025-10-15,2025-10-19,2025-10-19,14063,wikipedia_tabela_5,Ronaldo Caiado,6.0,0,6.9,https://en.wikipedia.org/wiki/Opinion_polling_for_the_2026_Brazilian_presidential_election
2026,1,AtlasIntel,2025-10-15,2025-10-19,2025-10-19,14063,wikipedia_tabela_5,Romeu Zema,2.5,0,6.9,https://en.wikipedia.org/wiki/Opinion_polling_for_the_2026_Brazilian_presidential_election
2026,1,Quaest,2025-10-02,2025-10-05,2025-10-05,2004,wikipedia_tabela_5,Lula,39.0,0,23.0,https://en.wikipedia.org/wiki/Opinion_polling_for_the_2026_Brazilian_presidential_election
2026,1,Quaest,2025-10-02,2025-10-05,2025-10-05,2004,wikipedia_tabela_5,Ronaldo Caiado,4.0,0,23.0,https://en.wikipedia.org/wiki/Opinion_polling_for_the_2026_Brazilian_presidential_election
2026,1,Quaest,2025-10-02,2025-10-05,2025-10-05,2004,wikipedia_tabela_5,Romeu Zema,4.0,0,23.0,https://en.wikipedia.org/wiki/Opinion_polling_for_the_2026_Brazilian_presidential_election
2026,1,Gerp,2025-09-29,2025-10-06,2025-10-06,2000,wikipedia_tabela_5,Lula,27.0,0,24.0,https://en.wikipedia.org/wiki/Opinion_polling_for_the_2026_Brazilian_presidential_election
2026,1,Gerp,2025-09-29,2025-10-06,2025-10-06,2000,wikipedia_tabela_5,Ronaldo Caiado,3.0,0,24.0,https://en.wikipedia.org/wiki/Opinion_polling_for_the_2026_Brazilian_presidential_election
2026,1,Gerp,2025-09-29,2025-10-06,2025-10-06,2000,wikipedia_tabela_5,Romeu Zema,3.0,0,24.0,https://en.wikipedia.org/wiki/Opinion_polling_for_the_2026_Brazilian_presidential_election
2026,1,Quaest,2025-09-12,2025-09-14,2025-09-14,2004,wikipedia_tabela_5,Lula,35.0,0,24.0,https://en.wikipedia.org/wiki/Opinion_polling_for_the_2026_Brazilian_presidential_election
2026,1,Quaest,2025-09-12,2025-09-14,2025-09-14,2004,wikipedia_tabela_5,Ronaldo Caiado,6.0,0,24.0,https://en.wikipedia.org/wiki/Opinion_polling_for_the_2026_Brazilian_presidential_election
2026,1,Quaest,2025-09-12,2025-09-14,2025-09-14,2004,wikipedia_tabela_5,Romeu Zema,5.0,0,24.0,https://en.wikipedia.org/wiki/Opinion_polling_for_the_2026_Brazilian_presidential_election
2026,1,nan,2026-09-11,2026-09-11,2026-09-11,27,wikipedia_tabela_5,Lula,27.0,0,27.0,https://en.wikipedia.org/wiki/Opinion_polling_for_the_2026_Brazilian_presidential_election
2026,1,nan,2026-09-11,2026-09-11,2026-09-11,27,wikipedia_tabela_5,Flávio Bolsonaro,27.0,0,27.0,https://en.wikipedia.org/wiki/Opinion_polling_for_the_2026_Brazilian_presidential_election
2026,1,nan,2026-09-11,2026-09-11,2026-09-11,27,wikipedia_tabela_5,Ronaldo Caiado,27.0,0,27.0,https://en.wikipedia.org/wiki/Opinion_polling_for_the_2026_Brazilian_presidential_election
2026,1,nan,2026-09-11,2026-09-11,2026-09-11,27,wikipedia_tabela_5,Romeu Zema,27.0,0,27.0,https://en.wikipedia.org/wiki/Opinion_polling_for_the_2026_Brazilian_presidential_election
2026,1,AtlasIntel,2025-09-10,2025-09-14,2025-09-14,7291,wikipedia_tabela_5,Lula,48.2,0,5.7,https://en.wikipedia.org/wiki/Opinion_polling_for_the_2026_Brazilian_presidential_election
2026,1,AtlasIntel,2025-09-10,2025-09-14,2025-09-14,7291,wikipedia_tabela_5,Ronaldo Caiado,3.7,0,5.7,https://en.wikipedia.org/wiki/Opinion_polling_for_the_2026_Brazilian_presidential_election
2026,1,AtlasIntel,2025-09-10,2025-09-14,2025-09-14,7291,wikipedia_tabela_5,Romeu Zema,3.0,0,5.7,https://en.wikipedia.org/wiki/Opinion_polling_for_the_2026_Brazilian_presidential_election
2026,1,MDA,2025-09-03,2025-09-06,2025-09-06,2002,wikipedia_tabela_5,Lula,35.8,0,17.7,https://en.wikipedia.org/wiki/Opinion_polling_for_the_2026_Brazilian_presidential_election
2026,1,MDA,2025-09-03,2025-09-06,2025-09-06,2002,wikipedia_tabela_5,Ronaldo Caiado,4.2,0,17.7,https://en.wikipedia.org/wiki/Opinion_polling_for_the_2026_Brazilian_presidential_election
2026,1,MDA,2025-09-03,2025-09-06,2025-09-06,2002,wikipedia_tabela_5,Romeu Zema,3.6,0,17.7,https://en.wikipedia.org/wiki/Opinion_polling_for_the_2026_Brazilian_presidential_election
2026,1,Real Time,2025-08-28,2025-08-30,2025-08-30,2500,wikipedia_tabela_5,Lula,42.0,0,9.0,https://en.wikipedia.org/wiki/Opinion_polling_for_the_2026_Brazilian_presidential_election
2026,1,Real Time,2025-08-28,2025-08-30,2025-08-30,2500,wikipedia_tabela_5,Romeu Zema,4.0,0,9.0,https://en.wikipedia.org/wiki/Opinion_polling_for_the_2026_Brazilian_presidential_election
2026,1,AtlasIntel,2025-08-20,2025-08-25,2025-08-25,6238,wikipedia_tabela_5,Lula,44.1,0,4.2,https://en.wikipedia.org/wiki/Opinion_polling_for_the_2026_Brazilian_presidential_election
2026,1,AtlasIntel,2025-08-20,2025-08-25,2025-08-25,6238,wikipedia_tabela_5,Ronaldo Caiado,3.2,0,4.2,https://en.wikipedia.org/wiki/Opinion_polling_for_the_2026_Brazilian_presidential_election
2026,1,AtlasIntel,2025-08-20,2025-08-25,2025-08-25,6238,wikipedia_tabela_5,Romeu Zema,4.4,0,4.2,https://en.wikipedia.org/wiki/Opinion_polling_for_the_2026_Brazilian_presidential_election
2026,1,Paraná Pesquisas,2025-08-17,2025-08-21,2025-08-21,2020,wikipedia_tabela_5,Lula,35.1,0,15.9,https://en.wikipedia.org/wiki/Opinion_polling_for_the_2026_Brazilian_presidential_election
2026,1,Paraná Pesquisas,2025-08-17,2025-08-21,2025-08-21,2020,wikipedia_tabela_5,Ronaldo Caiado,4.6,0,15.9,https://en.wikipedia.org/wiki/Opinion_polling_for_the_2026_Brazilian_presidential_election
2026,1,Quaest,2025-08-13,2025-08-17,2025-08-17,12150,wikipedia_tabela_5,Lula,35.0,0,27.0,https://en.wikipedia.org/wiki/Opinion_polling_for_the_2026_Brazilian_presidential_election
2026,1,Quaest,2025-08-13,2025-08-17,2025-08-17,12150,wikipedia_tabela_5,Ronaldo Caiado,6.0,0,27.0,https://en.wikipedia.org/wiki/Opinion_polling_for_the_2026_Brazilian_presidential_election
2026,1,Quaest,2025-08-13,2025-08-17,2025-08-17,12150,wikipedia_tabela_5,Romeu Zema,4.0,0,27.0,https://en.wikipedia.org/wiki/Opinion_polling_for_the_2026_Brazilian_presidential_election
2026,1,Quaest,2025-08-13,2025-08-17,2025-08-17,12150,wikipedia_tabela_5,Lula,35.0,0,21.0,https://en.wikipedia.org/wiki/Opinion_polling_for_the_2026_Brazilian_presidential_election
2026,1,Quaest,2025-08-13,2025-08-17,2025-08-17,12150,wikipedia_tabela_5,Flávio Bolsonaro,14.0,0,21.0,https://en.wikipedia.org/wiki/Opinion_polling_for_the_2026_Brazilian_presidential_election
2026,1,Quaest,2025-08-13,2025-08-17,2025-08-17,12150,wikipedia_tabela_5,Ronaldo Caiado,5.0,0,21.0,https://en.wikipedia.org/wiki/Opinion_polling_for_the_2026_Brazilian_presidential_election
2026,1,Quaest,2025-08-13,2025-08-17,2025-08-17,12150,wikipedia_tabela_5,Romeu Zema,6.0,0,21.0,https://en.wikipedia.org/wiki/Opinion_polling_for_the_2026_Brazilian_presidential_election
2026,1,Datafolha,2025-07-29,2025-07-30,2025-07-30,2004,wikipedia_tabela_5,Lula,38.0,0,17.0,https://en.wikipedia.org/wiki/Opinion_polling_for_the_2026_Brazilian_presidential_election
2026,1,Datafolha,2025-07-29,2025-07-30,2025-07-30,2004,wikipedia_tabela_5,Ronaldo Caiado,7.0,0,17.0,https://en.wikipedia.org/wiki/Opinion_polling_for_the_2026_Brazilian_presidential_election
2026,1,Datafolha,2025-07-29,2025-07-30,2025-07-30,2004,wikipedia_tabela_5,Romeu Zema,6.0,0,17.0,https://en.wikipedia.org/wiki/Opinion_polling_for_the_2026_Brazilian_presidential_election
2026,1,Datafolha,2025-07-29,2025-07-30,2025-07-30,2004,wikipedia_tabela_5,Lula,40.0,0,16.0,https://en.wikipedia.org/wiki/Opinion_polling_for_the_2026_Brazilian_presidential_election
2026,1,Datafolha,2025-07-29,2025-07-30,2025-07-30,2004,wikipedia_tabela_5,Flávio Bolsonaro,18.0,0,16.0,https://en.wikipedia.org/wiki/Opinion_polling_for_the_2026_Brazilian_presidential_election
2026,1,Datafolha,2025-07-29,2025-07-30,2025-07-30,2004,wikipedia_tabela_5,Ronaldo Caiado,8.0,0,16.0,https://en.wikipedia.org/wiki/Opinion_polling_for_the_2026_Brazilian_presidential_election
2026,1,Datafolha,2025-07-29,2025-07-30,2025-07-30,2004,wikipedia_tabela_5,Romeu Zema,7.0,0,16.0,https://en.wikipedia.org/wiki/Opinion_polling_for_the_2026_Brazilian_presidential_election
2026,1,AtlasIntel,2025-07-25,2025-07-28,2025-07-28,7334,wikipedia_tabela_5,Lula,48.5,0,2.8,https://en.wikipedia.org/wiki/Opinion_polling_for_the_2026_Brazilian_presidential_election
2026,1,AtlasIntel,2025-07-25,2025-07-28,2025-07-28,7334,wikipedia_tabela_5,Ronaldo Caiado,3.0,0,2.8,https://en.wikipedia.org/wiki/Opinion_polling_for_the_2026_Brazilian_presidential_election
2026,1,AtlasIntel,2025-07-25,2025-07-28,2025-07-28,7334,wikipedia_tabela_5,Romeu Zema,3.6,0,2.8,https://en.wikipedia.org/wiki/Opinion_polling_for_the_2026_Brazilian_presidential_election
2026,1,Quaest,2025-07-10,2025-07-14,2025-07-14,2004,wikipedia_tabela_5,Lula,32.0,0,32.0,https://en.wikipedia.org/wiki/Opinion_polling_for_the_2026_Brazilian_presidential_election
2026,1,Quaest,2025-07-10,2025-07-14,2025-07-14,2004,wikipedia_tabela_5,Ronaldo Caiado,5.0,0,32.0,https://en.wikipedia.org/wiki/Opinion_polling_for_the_2026_Brazilian_presidential_election
2026,1,Quaest,2025-07-10,2025-07-14,2025-07-14,2004,wikipedia_tabela_5,Romeu Zema,4.0,0,32.0,https://en.wikipedia.org/wiki/Opinion_polling_for_the_2026_Brazilian_presidential_election
2026,1,AtlasIntel,2025-06-27,2025-06-30,2025-06-30,2621,wikipedia_tabela_5,Lula,44.6,0,4.6,https://en.wikipedia.org/wiki/Opinion_polling_for_the_2026_Brazilian_presidential_election
2026,1,AtlasIntel,2025-06-27,2025-06-30,2025-06-30,2621,wikipedia_tabela_5,Ronaldo Caiado,1.7,0,4.6,https://en.wikipedia.org/wiki/Opinion_polling_for_the_2026_Brazilian_presidential_election
2026,1,AtlasIntel,2025-06-27,2025-06-30,2025-06-30,2621,wikipedia_tabela_5,Romeu Zema,4.4,0,4.6,https://en.wikipedia.org/wiki/Opinion_polling_for_the_2026_Brazilian_presidential_election
2026,1,Neokemp,2025-06-25,2025-06-27,2025-06-27,2020,wikipedia_tabela_5,Lula,35.0,0,12.5,https://en.wikipedia.org/wiki/Opinion_polling_for_the_2026_Brazilian_presidential_election
2026,1,Neokemp,2025-06-25,2025-06-27,2025-06-27,2020,wikipedia_tabela_5,Ronaldo Caiado,4.9,0,12.5,https://en.wikipedia.org/wiki/Opinion_polling_for_the_2026_Brazilian_presidential_election
2026,1,Futura,2025-06-12,2025-06-23,2025-06-23,2000,wikipedia_tabela_5,Lula,28.2,0,25.1,https://en.wikipedia.org/wiki/Opinion_polling_for_the_2026_Brazilian_presidential_election
2026,1,Futura,2025-06-12,2025-06-23,2025-06-23,2000,wikipedia_tabela_5,Ronaldo Caiado,6.0,0,25.1,https://en.wikipedia.org/wiki/Opinion_polling_for_the_2026_Brazilian_presidential_election
2026,1,Paraná Pesquisas,2025-06-18,2025-06-22,2025-06-22,2020,wikipedia_tabela_5,Lula,34.0,0,16.1,https://en.wikipedia.org/wiki/Opinion_polling_for_the_2026_Brazilian_presidential_election
2026,1,Paraná Pesquisas,2025-06-18,2025-06-22,2025-06-22,2020,wikipedia_tabela_5,Ronaldo Caiado,4.3,0,16.1,https://en.wikipedia.org/wiki/Opinion_polling_for_the_2026_Brazilian_presidential_election
2026,1,Paraná Pesquisas,2025-06-18,2025-06-22,2025-06-22,2020,wikipedia_tabela_5,Lula,33.8,0,16.1,https://en.wikipedia.org/wiki/Opinion_polling_for_the_2026_Brazilian_presidential_election
2026,1,Paraná Pesquisas,2025-06-18,2025-06-22,2025-06-22,2020,wikipedia_tabela_5,Flávio Bolsonaro,20.4,0,16.1,https://en.wikipedia.org/wiki/Opinion_polling_for_the_2026_Brazilian_presidential_election
2026,1,Paraná Pesquisas,2025-06-18,2025-06-22,2025-06-22,2020,wikipedia_tabela_5,Ronaldo Caiado,5.8,0,16.1,https://en.wikipedia.org/wiki/Opinion_polling_for_the_2026_Brazilian_presidential_election
2026,1,MDA,2025-06-11,2025-06-15,2025-06-15,2002,wikipedia_tabela_5,Lula,30.5,0,20.4,https://en.wikipedia.org/wiki/Opinion_polling_for_the_2026_Brazilian_presidential_election
2026,1,MDA,2025-06-11,2025-06-15,2025-06-15,2002,wikipedia_tabela_5,Ronaldo Caiado,4.1,0,20.4,https://en.wikipedia.org/wiki/Opinion_polling_for_the_2026_Brazilian_presidential_election
2026,1,MDA,2025-06-11,2025-06-15,2025-06-15,2002,wikipedia_tabela_5,Romeu Zema,4.0,0,20.4,https://en.wikipedia.org/wiki/Opinion_polling_for_the_2026_Brazilian_presidential_election
2026,1,Datafolha,2025-06-10,2025-06-11,2025-06-11,2004,wikipedia_tabela_5,Lula,37.0,0,19.0,https://en.wikipedia.org/wiki/Opinion_polling_for_the_2026_Brazilian_presidential_election
2026,1,Datafolha,2025-06-10,2025-06-11,2025-06-11,2004,wikipedia_tabela_5,Ronaldo Caiado,6.0,0,19.0,https://en.wikipedia.org/wiki/Opinion_polling_for_the_2026_Brazilian_presidential_election
2026,1,Datafolha,2025-06-10,2025-06-11,2025-06-11,2004,wikipedia_tabela_5,Romeu Zema,6.0,0,19.0,https://en.wikipedia.org/wiki/Opinion_polling_for_the_2026_Brazilian_presidential_election
2026,1,Datafolha,2025-06-10,2025-06-11,2025-06-11,2004,wikipedia_tabela_5,Lula,38.0,0,19.0,https://en.wikipedia.org/wiki/Opinion_polling_for_the_2026_Brazilian_presidential_election
2026,1,Datafolha,2025-06-10,2025-06-11,2025-06-11,2004,wikipedia_tabela_5,Flávio Bolsonaro,20.0,0,19.0,https://en.wikipedia.org/wiki/Opinion_polling_for_the_2026_Brazilian_presidential_election
2026,1,Datafolha,2025-06-10,2025-06-11,2025-06-11,2004,wikipedia_tabela_5,Ronaldo Caiado,11.0,0,19.0,https://en.wikipedia.org/wiki/Opinion_polling_for_the_2026_Brazilian_presidential_election
2026,1,Gerp,2025-05-28,2025-05-31,2025-05-31,2000,wikipedia_tabela_6,Lula,24.0,0,25.0,https://en.wikipedia.org/wiki/Opinion_polling_for_the_2026_Brazilian_presidential_election
2026,1,Gerp,2025-05-28,2025-05-31,2025-05-31,2000,wikipedia_tabela_6,Ronaldo Caiado,5.0,0,25.0,https://en.wikipedia.org/wiki/Opinion_polling_for_the_2026_Brazilian_presidential_election
2026,1,Gerp,2025-05-28,2025-05-31,2025-05-31,2000,wikipedia_tabela_6,Romeu Zema,3.0,0,25.0,https://en.wikipedia.org/wiki/Opinion_polling_for_the_2026_Brazilian_presidential_election
2026,1,AtlasIntel,2025-05-19,2025-05-23,2025-05-23,4399,wikipedia_tabela_6,Lula,44.1,0,5.4,https://en.wikipedia.org/wiki/Opinion_polling_for_the_2026_Brazilian_presidential_election
2026,1,AtlasIntel,2025-05-19,2025-05-23,2025-05-23,4399,wikipedia_tabela_6,Ronaldo Caiado,4.7,0,5.4,https://en.wikipedia.org/wiki/Opinion_polling_for_the_2026_Brazilian_presidential_election
2026,1,AtlasIntel,2025-05-19,2025-05-23,2025-05-23,4399,wikipedia_tabela_6,Romeu Zema,1.4,0,5.4,https://en.wikipedia.org/wiki/Opinion_polling_for_the_2026_Brazilian_presidential_election
2026,1,Gerp,2025-04-21,2025-04-25,2025-04-25,2000,wikipedia_tabela_6,Lula,30.0,0,18.0,https://en.wikipedia.org/wiki/Opinion_polling_for_the_2026_Brazilian_presidential_election
2026,1,Gerp,2025-04-21,2025-04-25,2025-04-25,2000,wikipedia_tabela_6,Ronaldo Caiado,4.0,0,18.0,https://en.wikipedia.org/wiki/Opinion_polling_for_the_2026_Brazilian_presidential_election
2026,1,Gerp,2025-04-21,2025-04-25,2025-04-25,2000,wikipedia_tabela_6,Romeu Zema,4.0,0,18.0,https://en.wikipedia.org/wiki/Opinion_polling_for_the_2026_Brazilian_presidential_election
2026,1,AtlasIntel,2025-04-20,2025-04-24,2025-04-24,5419,wikipedia_tabela_6,Lula,42.8,0,8.0,https://en.wikipedia.org/wiki/Opinion_polling_for_the_2026_Brazilian_presidential_election
2026,1,AtlasIntel,2025-04-20,2025-04-24,2025-04-24,5419,wikipedia_tabela_6,Ronaldo Caiado,4.3,0,8.0,https://en.wikipedia.org/wiki/Opinion_polling_for_the_2026_Brazilian_presidential_election
2026,1,AtlasIntel,2025-04-20,2025-04-24,2025-04-24,5419,wikipedia_tabela_6,Romeu Zema,1.6,0,8.0,https://en.wikipedia.org/wiki/Opinion_polling_for_the_2026_Brazilian_presidential_election
2026,1,Paraná Pesquisas,2025-04-16,2025-04-19,2025-04-19,2020,wikipedia_tabela_6,Lula,34.0,0,15.7,https://en.wikipedia.org/wiki/Opinion_polling_for_the_2026_Brazilian_presidential_election
2026,1,Paraná Pesquisas,2025-04-16,2025-04-19,2025-04-19,2020,wikipedia_tabela_6,Ronaldo Caiado,4.8,0,15.7,https://en.wikipedia.org/wiki/Opinion_polling_for_the_2026_Brazilian_presidential_election
2026,1,Datafolha,2025-04-01,2025-04-03,2025-04-03,3054,wikipedia_tabela_6,Lula,35.0,0,14.0,https://en.wikipedia.org/wiki/Opinion_polling_for_the_2026_Brazilian_presidential_election
2026,1,Datafolha,2025-04-01,2025-04-03,2025-04-03,3054,wikipedia_tabela_6,Ronaldo Caiado,2.0,0,14.0,https://en.wikipedia.org/wiki/Opinion_polling_for_the_2026_Brazilian_presidential_election
2026,1,Datafolha,2025-04-01,2025-04-03,2025-04-03,3054,wikipedia_tabela_6,Romeu Zema,3.0,0,14.0,https://en.wikipedia.org/wiki/Opinion_polling_for_the_2026_Brazilian_presidential_election
2026,1,AtlasIntel,2025-02-24,2025-02-27,2025-02-27,5710,wikipedia_tabela_6,Lula,41.6,0,12.6,https://en.wikipedia.org/wiki/Opinion_polling_for_the_2026_Brazilian_presidential_election
2026,1,AtlasIntel,2025-02-24,2025-02-27,2025-02-27,5710,wikipedia_tabela_6,Ronaldo Caiado,4.5,0,12.6,https://en.wikipedia.org/wiki/Opinion_polling_for_the_2026_Brazilian_presidential_election
2026,1,AtlasIntel,2025-02-24,2025-02-27,2025-02-27,5710,wikipedia_tabela_6,Romeu Zema,4.5,0,12.6,https://en.wikipedia.org/wiki/Opinion_polling_for_the_2026_Brazilian_presidential_election
2026,1,MDA,2025-02-19,2025-02-23,2025-02-23,2002,wikipedia_tabela_6,Lula,30.4,0,20.2,https://en.wikipedia.org/wiki/Opinion_polling_for_the_2026_Brazilian_presidential_election
2026,1,MDA,2025-02-19,2025-02-23,2025-02-23,2002,wikipedia_tabela_6,Ronaldo Caiado,3.9,0,20.2,https://en.wikipedia.org/wiki/Opinion_polling_for_the_2026_Brazilian_presidential_election
2026,1,MDA,2025-02-19,2025-02-23,2025-02-23,2002,wikipedia_tabela_6,Romeu Zema,3.9,0,20.2,https://en.wikipedia.org/wiki/Opinion_polling_for_the_2026_Brazilian_presidential_election
2026,1,Quaest,2025-01-23,2025-01-26,2025-01-26,4500,wikipedia_tabela_6,Lula,30.0,0,19.0,https://en.wikipedia.org/wiki/Opinion_polling_for_the_2026_Brazilian_presidential_election
2026,1,Quaest,2025-01-23,2025-01-26,2025-01-26,4500,wikipedia_tabela_6,Ronaldo Caiado,3.0,0,19.0,https://en.wikipedia.org/wiki/Opinion_polling_for_the_2026_Brazilian_presidential_election
2026,1,Quaest,2025-01-23,2025-01-26,2025-01-26,4500,wikipedia_tabela_6,Romeu Zema,3.0,0,19.0,https://en.wikipedia.org/wiki/Opinion_polling_for_the_2026_Brazilian_presidential_election
2026,1,Paraná Pesquisas,2024-11-21,2024-11-25,2024-11-25,2014,wikipedia_tabela_7,Lula,33.6,0,9.6,https://en.wikipedia.org/wiki/Opinion_polling_for_the_2026_Brazilian_presidential_election
2026,1,Paraná Pesquisas,2024-11-21,2024-11-25,2024-11-25,2014,wikipedia_tabela_7,Ronaldo Caiado,3.7,0,9.6,https://en.wikipedia.org/wiki/Opinion_polling_for_the_2026_Brazilian_presidential_election
2026,1,Paraná Pesquisas,2024-11-21,2024-11-25,2024-11-25,2014,wikipedia_tabela_7,Lula,34.2,0,13.5,https://en.wikipedia.org/wiki/Opinion_polling_for_the_2026_Brazilian_presidential_election
2026,1,Paraná Pesquisas,2024-11-21,2024-11-25,2024-11-25,2014,wikipedia_tabela_7,Ronaldo Caiado,6.4,0,13.5,https://en.wikipedia.org/wiki/Opinion_polling_for_the_2026_Brazilian_presidential_election
2026,1,Paraná Pesquisas,2024-11-21,2024-11-25,2024-11-25,2014,wikipedia_tabela_7,Lula,34.7,0,16.1,https://en.wikipedia.org/wiki/Opinion_polling_for_the_2026_Brazilian_presidential_election
2026,1,Paraná Pesquisas,2024-11-21,2024-11-25,2024-11-25,2014,wikipedia_tabela_7,Ronaldo Caiado,5.3,0,16.1,https://en.wikipedia.org/wiki/Opinion_polling_for_the_2026_Brazilian_presidential_election
2026,1,Paraná Pesquisas,2024-11-21,2024-11-25,2024-11-25,2014,wikipedia_tabela_7,Lula,34.4,0,19.9,https://en.wikipedia.org/wiki/Opinion_polling_for_the_2026_Brazilian_presidential_election
2026,1,Paraná Pesquisas,2024-11-21,2024-11-25,2024-11-25,2014,wikipedia_tabela_7,Ronaldo Caiado,8.9,0,19.9,https://en.wikipedia.org/wiki/Opinion_polling_for_the_2026_Brazilian_presidential_election
2026,1,Paraná Pesquisas,2024-11-21,2024-11-25,2024-11-25,2014,wikipedia_tabela_7,Lula,34.7,0,22.2,https://en.wikipedia.org/wiki/Opinion_polling_for_the_2026_Brazilian_presidential_election
2026,1,Paraná Pesquisas,2024-11-21,2024-11-25,2024-11-25,2014,wikipedia_tabela_7,Ronaldo Caiado,8.0,0,22.2,https://en.wikipedia.org/wiki/Opinion_polling_for_the_2026_Brazilian_presidential_election
2026,1,Paraná Pesquisas,2024-11-21,2024-11-25,2024-11-25,2014,wikipedia_tabela_7,Romeu Zema,12.2,0,22.2,https://en.wikipedia.org/wiki/Opinion_polling_for_the_2026_Brazilian_presidential_election
2026,1,Paraná Pesquisas,2024-11-21,2024-11-25,2024-11-25,2014,wikipedia_tabela_7,Ronaldo Caiado,4.4,0,15.6,https://en.wikipedia.org/wiki/Opinion_polling_for_the_2026_Brazilian_presidential_election
2026,1,Paraná Pesquisas,2024-11-21,2024-11-25,2024-11-25,2014,wikipedia_tabela_7,Ronaldo Caiado,7.1,0,19.9,https://en.wikipedia.org/wiki/Opinion_polling_for_the_2026_Brazilian_presidential_election
2026,1,MDA,2024-11-07,2024-11-10,2024-11-10,2002,wikipedia_tabela_7,Lula,35.2,0,10.0,https://en.wikipedia.org/wiki/Opinion_polling_for_the_2026_Brazilian_presidential_election
2026,1,MDA,2024-11-07,2024-11-10,2024-11-10,2002,wikipedia_tabela_7,Pablo Marçal,8.4,0,10.0,https://en.wikipedia.org/wiki/Opinion_polling_for_the_2026_Brazilian_presidential_election
2026,1,MDA,2024-11-07,2024-11-10,2024-11-10,2002,wikipedia_tabela_7,Lula,34.1,0,12.8,https://en.wikipedia.org/wiki/Opinion_polling_for_the_2026_Brazilian_presidential_election
2026,1,MDA,2024-11-07,2024-11-10,2024-11-10,2002,wikipedia_tabela_7,Pablo Marçal,14.1,0,12.8,https://en.wikipedia.org/wiki/Opinion_polling_for_the_2026_Brazilian_presidential_election
2026,1,MDA,2024-11-07,2024-11-10,2024-11-10,2002,wikipedia_tabela_7,Lula,35.2,0,14.0,https://en.wikipedia.org/wiki/Opinion_polling_for_the_2026_Brazilian_presidential_election
2026,1,MDA,2024-11-07,2024-11-10,2024-11-10,2002,wikipedia_tabela_7,Pablo Marçal,16.9,0,14.0,https://en.wikipedia.org/wiki/Opinion_polling_for_the_2026_Brazilian_presidential_election
2026,1,Paraná Pesquisas,2024-07-18,2024-07-22,2024-07-22,2026,wikipedia_tabela_7,Lula,38.3,0,11.6,https://en.wikipedia.org/wiki/Opinion_polling_for_the_2026_Brazilian_presidential_election
2026,1,Paraná Pesquisas,2024-07-18,2024-07-22,2024-07-22,2026,wikipedia_tabela_7,Ronaldo Caiado,3.0,0,11.6,https://en.wikipedia.org/wiki/Opinion_polling_for_the_2026_Brazilian_presidential_election
2026,1,Paraná Pesquisas,2024-07-18,2024-07-22,2024-07-22,2026,wikipedia_tabela_7,Lula,38.7,0,14.5,https://en.wikipedia.org/wiki/Opinion_polling_for_the_2026_Brazilian_presidential_election
2026,1,Paraná Pesquisas,2024-07-18,2024-07-22,2024-07-22,2026,wikipedia_tabela_7,Ronaldo Caiado,4.5,0,14.5,https://en.wikipedia.org/wiki/Opinion_polling_for_the_2026_Brazilian_presidential_election
2026,1,Paraná Pesquisas,2024-07-18,2024-07-22,2024-07-22,2026,wikipedia_tabela_7,Lula,38.9,0,17.6,https://en.wikipedia.org/wiki/Opinion_polling_for_the_2026_Brazilian_presidential_election
2026,1,Paraná Pesquisas,2024-07-18,2024-07-22,2024-07-22,2026,wikipedia_tabela_7,Ronaldo Caiado,4.0,0,17.6,https://en.wikipedia.org/wiki/Opinion_polling_for_the_2026_Brazilian_presidential_election
2026,1,Paraná Pesquisas,2024-07-18,2024-07-22,2024-07-22,2026,wikipedia_tabela_7,Lula,39.0,0,22.8,https://en.wikipedia.org/wiki/Opinion_polling_for_the_2026_Brazilian_presidential_election
2026,1,Paraná Pesquisas,2024-07-18,2024-07-22,2024-07-22,2026,wikipedia_tabela_7,Ronaldo Caiado,7.5,0,22.8,https://en.wikipedia.org/wiki/Opinion_polling_for_the_2026_Brazilian_presidential_election
2026,1,Paraná Pesquisas,2024-07-18,2024-07-22,2024-07-22,2026,wikipedia_tabela_7,Lula,38.8,0,23.9,https://en.wikipedia.org/wiki/Opinion_polling_for_the_2026_Brazilian_presidential_election
2026,1,Paraná Pesquisas,2024-07-18,2024-07-22,2024-07-22,2026,wikipedia_tabela_7,Ronaldo Caiado,6.7,0,23.9,https://en.wikipedia.org/wiki/Opinion_polling_for_the_2026_Brazilian_presidential_election
2026,1,Paraná Pesquisas,2024-07-18,2024-07-22,2024-07-22,2026,wikipedia_tabela_7,Romeu Zema,13.1,0,23.9,https://en.wikipedia.org/wiki/Opinion_polling_for_the_2026_Brazilian_presidential_election
2026,1,Quaest,2024-05-02,2024-05-06,2024-05-06,2045,wikipedia_tabela_7,Lula,46.0,0,14.0,https://en.wikipedia.org/wiki/Opinion_polling_for_the_2026_Brazilian_presidential_election
2026,1,Paraná Pesquisas,2024-04-27,2024-05-01,2024-05-01,2020,wikipedia_tabela_7,Lula,36.0,0,12.3,https://en.wikipedia.org/wiki/Opinion_polling_for_the_2026_Brazilian_presidential_election
2026,1,Paraná Pesquisas,2024-04-27,2024-05-01,2024-05-01,2020,wikipedia_tabela_7,Lula,36.6,0,15.0,https://en.wikipedia.org/wiki/Opinion_polling_for_the_2026_Brazilian_presidential_election
2026,1,Paraná Pesquisas,2024-04-27,2024-05-01,2024-05-01,2020,wikipedia_tabela_7,Lula,36.9,0,20.7,https://en.wikipedia.org/wiki/Opinion_polling_for_the_2026_Brazilian_presidential_election
2026,1,Paraná Pesquisas,2024-04-27,2024-05-01,2024-05-01,2020,wikipedia_tabela_7,Lula,37.2,0,29.8,https://en.wikipedia.org/wiki/Opinion_polling_for_the_2026_Brazilian_presidential_election
2026,1,Paraná Pesquisas,2024-04-27,2024-05-01,2024-05-01,2020,wikipedia_tabela_7,Ronaldo Caiado,10.9,0,29.8,https://en.wikipedia.org/wiki/Opinion_polling_for_the_2026_Brazilian_presidential_election
2026,1,Paraná Pesquisas,2024-04-27,2024-05-01,2024-05-01,2020,wikipedia_tabela_7,Lula,36.9,0,31.0,https://en.wikipedia.org/wiki/Opinion_polling_for_the_2026_Brazilian_presidential_election
2026,1,Paraná Pesquisas,2024-04-27,2024-05-01,2024-05-01,2020,wikipedia_tabela_7,Lula,36.3,0,25.9,https://en.wikipedia.org/wiki/Opinion_polling_for_the_2026_Brazilian_presidential_election
2026,1,Paraná Pesquisas,2024-04-27,2024-05-01,2024-05-01,2020,wikipedia_tabela_7,Lula,37.2,0,26.3,https://en.wikipedia.org/wiki/Opinion_polling_for_the_2026_Brazilian_presidential_election
2026,1,Paraná Pesquisas,2024-04-27,2024-05-01,2024-05-01,2020,wikipedia_tabela_7,Romeu Zema,14.9,0,26.3,https://en.wikipedia.org/wiki/Opinion_polling_for_the_2026_Brazilian_presidential_election
2026,1,Paraná Pesquisas,2024-01-24,2024-01-28,2024-01-28,2026,wikipedia_tabela_7,Lula,37.6,0,15.6,https://en.wikipedia.org/wiki/Opinion_polling_for_the_2026_Brazilian_presidential_election
2026,1,Paraná Pesquisas,2024-01-24,2024-01-28,2024-01-28,2026,wikipedia_tabela_7,Ronaldo Caiado,1.9,0,15.6,https://en.wikipedia.org/wiki/Opinion_polling_for_the_2026_Brazilian_presidential_election
2026,1,Paraná Pesquisas,2024-01-24,2024-01-28,2024-01-28,2026,wikipedia_tabela_7,Romeu Zema,6.5,0,15.6,https://en.wikipedia.org/wiki/Opinion_polling_for_the_2026_Brazilian_presidential_election
2026,1,Paraná Pesquisas,2024-01-24,2024-01-28,2024-01-28,2026,wikipedia_tabela_7,Lula,37.4,0,19.6,https://en.wikipedia.org/wiki/Opinion_polling_for_the_2026_Brazilian_presidential_election
2026,1,Paraná Pesquisas,2024-01-24,2024-01-28,2024-01-28,2026,wikipedia_tabela_7,Ronaldo Caiado,2.1,0,19.6,https://en.wikipedia.org/wiki/Opinion_polling_for_the_2026_Brazilian_presidential_election
2026,1,Paraná Pesquisas,2024-01-24,2024-01-28,2024-01-28,2026,wikipedia_tabela_7,Romeu Zema,5.8,0,19.6,https://en.wikipedia.org/wiki/Opinion_polling_for_the_2026_Brazilian_presidential_election
2026,1,Paraná Pesquisas,2024-01-24,2024-01-28,2024-01-28,2026,wikipedia_tabela_7,Lula,36.9,0,11.7,https://en.wikipedia.org/wiki/Opinion_polling_for_the_2026_Brazilian_presidential_election
2026,1,Paraná Pesquisas,2024-01-24,2024-01-28,2024-01-28,2026,wikipedia_tabela_7,Ronaldo Caiado,1.2,0,11.7,https://en.wikipedia.org/wiki/Opinion_polling_for_the_2026_Brazilian_presidential_election
2026,1,Paraná Pesquisas,2024-01-24,2024-01-28,2024-01-28,2026,wikipedia_tabela_7,Romeu Zema,3.9,0,11.7,https://en.wikipedia.org/wiki/Opinion_polling_for_the_2026_Brazilian_presidential_election
2026,1,Paraná Pesquisas,2023-09-29,2023-10-03,2023-10-03,2020,wikipedia_tabela_7,Lula,36.6,0,14.9,https://en.wikipedia.org/wiki/Opinion_polling_for_the_2026_Brazilian_presidential_election
2026,1,Paraná Pesquisas,2023-09-29,2023-10-03,2023-10-03,2020,wikipedia_tabela_7,Ronaldo Caiado,1.2,0,14.9,https://en.wikipedia.org/wiki/Opinion_polling_for_the_2026_Brazilian_presidential_election
2026,1,Paraná Pesquisas,2023-09-29,2023-10-03,2023-10-03,2020,wikipedia_tabela_7,Romeu Zema,5.7,0,14.9,https://en.wikipedia.org/wiki/Opinion_polling_for_the_2026_Brazilian_presidential_election
2026,1,Paraná Pesquisas,2023-09-29,2023-10-03,2023-10-03,2020,wikipedia_tabela_7,Lula,37.6,0,22.2,https://en.wikipedia.org/wiki/Opinion_polling_for_the_2026_Brazilian_presidential_election
2026,1,Paraná Pesquisas,2023-09-29,2023-10-03,2023-10-03,2020,wikipedia_tabela_7,Lula,37.6,0,25.5,https://en.wikipedia.org/wiki/Opinion_polling_for_the_2026_Brazilian_presidential_election
2026,1,Paraná Pesquisas,2023-09-29,2023-10-03,2023-10-03,2020,wikipedia_tabela_7,Romeu Zema,15.3,0,25.5,https://en.wikipedia.org/wiki/Opinion_polling_for_the_2026_Brazilian_presidential_election
2026,1,Paraná Pesquisas,2023-09-29,2023-10-03,2023-10-03,2020,wikipedia_tabela_7,Lula,37.7,0,27.4,https://en.wikipedia.org/wiki/Opinion_polling_for_the_2026_Brazilian_presidential_election
2026,1,Datafolha,2026-09-08,2026-09-10,2026-09-10,2002,wikipedia_tabela_9,Lula,46.0,0,9.0,https://en.wikipedia.org/wiki/Opinion_polling_for_the_2026_Brazilian_presidential_election
2026,1,Datafolha,2026-09-08,2026-09-10,2026-09-10,2002,wikipedia_tabela_9,Flávio Bolsonaro,44.0,0,9.0,https://en.wikipedia.org/wiki/Opinion_polling_for_the_2026_Brazilian_presidential_election
2026,1,Datafolha,2026-09-08,2026-09-10,2026-09-10,2002,wikipedia_tabela_9,Lula,46.0,0,12.0,https://en.wikipedia.org/wiki/Opinion_polling_for_the_2026_Brazilian_presidential_election
2026,1,Datafolha,2026-09-08,2026-09-10,2026-09-10,2002,wikipedia_tabela_9,Ronaldo Caiado,41.0,0,12.0,https://en.wikipedia.org/wiki/Opinion_polling_for_the_2026_Brazilian_presidential_election
2026,1,Datafolha,2026-09-08,2026-09-10,2026-09-10,2002,wikipedia_tabela_9,Lula,48.0,0,13.0,https://en.wikipedia.org/wiki/Opinion_polling_for_the_2026_Brazilian_presidential_election
2026,1,Datafolha,2026-09-08,2026-09-10,2026-09-10,2002,wikipedia_tabela_9,Romeu Zema,39.0,0,13.0,https://en.wikipedia.org/wiki/Opinion_polling_for_the_2026_Brazilian_presidential_election
2026,1,Datafolha,2026-09-08,2026-09-10,2026-09-10,2002,wikipedia_tabela_9,Lula,48.0,0,14.0,https://en.wikipedia.org/wiki/Opinion_polling_for_the_2026_Brazilian_presidential_election
2026,1,Datafolha,2026-09-08,2026-09-10,2026-09-10,2002,wikipedia_tabela_9,Lula,45.0,0,12.0,https://en.wikipedia.org/wiki/Opinion_polling_for_the_2026_Brazilian_presidential_election
2026,1,Datafolha,2026-09-08,2026-09-10,2026-09-10,2002,wikipedia_tabela_9,Augusto Cury,43.0,0,12.0,https://en.wikipedia.org/wiki/Opinion_polling_for_the_2026_Brazilian_presidential_election
2026,1,Futura,2026-09-04,2026-09-10,2026-09-10,2000,wikipedia_tabela_9,Lula,45.0,0,9.6,https://en.wikipedia.org/wiki/Opinion_polling_for_the_2026_Brazilian_presidential_election
2026,1,Futura,2026-09-04,2026-09-10,2026-09-10,2000,wikipedia_tabela_9,Flávio Bolsonaro,45.4,0,9.6,https://en.wikipedia.org/wiki/Opinion_polling_for_the_2026_Brazilian_presidential_election
2026,1,Futura,2026-09-04,2026-09-10,2026-09-10,2000,wikipedia_tabela_9,Lula,43.7,0,13.6,https://en.wikipedia.org/wiki/Opinion_polling_for_the_2026_Brazilian_presidential_election
2026,1,Futura,2026-09-04,2026-09-10,2026-09-10,2000,wikipedia_tabela_9,Ronaldo Caiado,42.8,0,13.6,https://en.wikipedia.org/wiki/Opinion_polling_for_the_2026_Brazilian_presidential_election
2026,1,Futura,2026-09-04,2026-09-10,2026-09-10,2000,wikipedia_tabela_9,Lula,46.0,0,13.5,https://en.wikipedia.org/wiki/Opinion_polling_for_the_2026_Brazilian_presidential_election
2026,1,Futura,2026-09-04,2026-09-10,2026-09-10,2000,wikipedia_tabela_9,Romeu Zema,40.5,0,13.5,https://en.wikipedia.org/wiki/Opinion_polling_for_the_2026_Brazilian_presidential_election
2026,1,Futura,2026-09-04,2026-09-10,2026-09-10,2000,wikipedia_tabela_9,Lula,46.1,0,16.3,https://en.wikipedia.org/wiki/Opinion_polling_for_the_2026_Brazilian_presidential_election
2026,1,PoderData,2026-09-06,2026-09-09,2026-09-09,3000,wikipedia_tabela_9,Lula,45.0,0,8.0,https://en.wikipedia.org/wiki/Opinion_polling_for_the_2026_Brazilian_presidential_election
2026,1,PoderData,2026-09-06,2026-09-09,2026-09-09,3000,wikipedia_tabela_9,Flávio Bolsonaro,47.0,0,8.0,https://en.wikipedia.org/wiki/Opinion_polling_for_the_2026_Brazilian_presidential_election
2026,1,PoderData,2026-09-06,2026-09-09,2026-09-09,3000,wikipedia_tabela_9,Lula,43.0,0,13.0,https://en.wikipedia.org/wiki/Opinion_polling_for_the_2026_Brazilian_presidential_election
2026,1,PoderData,2026-09-06,2026-09-09,2026-09-09,3000,wikipedia_tabela_9,Augusto Cury,44.0,0,13.0,https://en.wikipedia.org/wiki/Opinion_polling_for_the_2026_Brazilian_presidential_election
2026,1,AtlasIntel,2026-09-04,2026-09-09,2026-09-09,5000,wikipedia_tabela_9,Lula,46.2,0,7.4,https://en.wikipedia.org/wiki/Opinion_polling_for_the_2026_Brazilian_presidential_election
2026,1,AtlasIntel,2026-09-04,2026-09-09,2026-09-09,5000,wikipedia_tabela_9,Flávio Bolsonaro,46.4,0,7.4,https://en.wikipedia.org/wiki/Opinion_polling_for_the_2026_Brazilian_presidential_election
2026,1,AtlasIntel,2026-09-04,2026-09-09,2026-09-09,5000,wikipedia_tabela_9,Lula,45.7,0,8.6,https://en.wikipedia.org/wiki/Opinion_polling_for_the_2026_Brazilian_presidential_election
2026,1,AtlasIntel,2026-09-04,2026-09-09,2026-09-09,5000,wikipedia_tabela_9,Ronaldo Caiado,45.7,0,8.6,https://en.wikipedia.org/wiki/Opinion_polling_for_the_2026_Brazilian_presidential_election
2026,1,AtlasIntel,2026-09-04,2026-09-09,2026-09-09,5000,wikipedia_tabela_9,Lula,46.0,0,7.7,https://en.wikipedia.org/wiki/Opinion_polling_for_the_2026_Brazilian_presidential_election
2026,1,AtlasIntel,2026-09-04,2026-09-09,2026-09-09,5000,wikipedia_tabela_9,Romeu Zema,46.2,0,7.7,https://en.wikipedia.org/wiki/Opinion_polling_for_the_2026_Brazilian_presidential_election
2026,1,AtlasIntel,2026-09-04,2026-09-09,2026-09-09,5000,wikipedia_tabela_9,Lula,46.0,0,20.2,https://en.wikipedia.org/wiki/Opinion_polling_for_the_2026_Brazilian_presidential_election
2026,1,AtlasIntel,2026-09-04,2026-09-09,2026-09-09,5000,wikipedia_tabela_9,Lula,43.8,0,15.2,https://en.wikipedia.org/wiki/Opinion_polling_for_the_2026_Brazilian_presidential_election
2026,1,AtlasIntel,2026-09-04,2026-09-09,2026-09-09,5000,wikipedia_tabela_9,Augusto Cury,41.1,0,15.2,https://en.wikipedia.org/wiki/Opinion_polling_for_the_2026_Brazilian_presidential_election
2026,1,Palver,2026-09-04,2026-09-07,2026-09-07,5000,wikipedia_tabela_9,Lula,44.0,0,10.0,https://en.wikipedia.org/wiki/Opinion_polling_for_the_2026_Brazilian_presidential_election
2026,1,Palver,2026-09-04,2026-09-07,2026-09-07,5000,wikipedia_tabela_9,Flávio Bolsonaro,46.0,0,10.0,https://en.wikipedia.org/wiki/Opinion_polling_for_the_2026_Brazilian_presidential_election
2026,1,Palver,2026-09-04,2026-09-07,2026-09-07,5000,wikipedia_tabela_9,Lula,43.0,0,18.0,https://en.wikipedia.org/wiki/Opinion_polling_for_the_2026_Brazilian_presidential_election
2026,1,Palver,2026-09-04,2026-09-07,2026-09-07,5000,wikipedia_tabela_9,Ronaldo Caiado,40.0,0,18.0,https://en.wikipedia.org/wiki/Opinion_polling_for_the_2026_Brazilian_presidential_election
2026,1,Palver,2026-09-04,2026-09-07,2026-09-07,5000,wikipedia_tabela_9,Lula,43.0,0,15.0,https://en.wikipedia.org/wiki/Opinion_polling_for_the_2026_Brazilian_presidential_election
2026,1,Palver,2026-09-04,2026-09-07,2026-09-07,5000,wikipedia_tabela_9,Romeu Zema,42.0,0,15.0,https://en.wikipedia.org/wiki/Opinion_polling_for_the_2026_Brazilian_presidential_election
2026,1,Palver,2026-09-04,2026-09-07,2026-09-07,5000,wikipedia_tabela_9,Lula,43.0,0,26.0,https://en.wikipedia.org/wiki/Opinion_polling_for_the_2026_Brazilian_presidential_election
2026,1,Palver,2026-09-04,2026-09-07,2026-09-07,5000,wikipedia_tabela_9,Lula,42.0,0,27.0,https://en.wikipedia.org/wiki/Opinion_polling_for_the_2026_Brazilian_presidential_election
2026,1,Palver,2026-09-04,2026-09-07,2026-09-07,5000,wikipedia_tabela_9,Augusto Cury,30.0,0,27.0,https://en.wikipedia.org/wiki/Opinion_polling_for_the_2026_Brazilian_presidential_election
2026,1,Ideia,2026-09-04,2026-09-07,2026-09-07,1500,wikipedia_tabela_9,Lula,46.0,0,8.0,https://en.wikipedia.org/wiki/Opinion_polling_for_the_2026_Brazilian_presidential_election
2026,1,Ideia,2026-09-04,2026-09-07,2026-09-07,1500,wikipedia_tabela_9,Flávio Bolsonaro,46.0,0,8.0,https://en.wikipedia.org/wiki/Opinion_polling_for_the_2026_Brazilian_presidential_election
2026,1,Ideia,2026-09-04,2026-09-07,2026-09-07,1500,wikipedia_tabela_9,Lula,46.0,0,12.0,https://en.wikipedia.org/wiki/Opinion_polling_for_the_2026_Brazilian_presidential_election
2026,1,Ideia,2026-09-04,2026-09-07,2026-09-07,1500,wikipedia_tabela_9,Ronaldo Caiado,42.0,0,12.0,https://en.wikipedia.org/wiki/Opinion_polling_for_the_2026_Brazilian_presidential_election
2026,1,Ideia,2026-09-04,2026-09-07,2026-09-07,1500,wikipedia_tabela_9,Lula,46.0,0,16.0,https://en.wikipedia.org/wiki/Opinion_polling_for_the_2026_Brazilian_presidential_election
2026,1,Ideia,2026-09-04,2026-09-07,2026-09-07,1500,wikipedia_tabela_9,Romeu Zema,38.0,0,16.0,https://en.wikipedia.org/wiki/Opinion_polling_for_the_2026_Brazilian_presidential_election
2026,1,Ideia,2026-09-04,2026-09-07,2026-09-07,1500,wikipedia_tabela_9,Lula,46.0,0,13.8,https://en.wikipedia.org/wiki/Opinion_polling_for_the_2026_Brazilian_presidential_election
2026,1,Ideia,2026-09-04,2026-09-07,2026-09-07,1500,wikipedia_tabela_9,Lula,46.0,0,13.1,https://en.wikipedia.org/wiki/Opinion_polling_for_the_2026_Brazilian_presidential_election
2026,1,Ideia,2026-09-04,2026-09-07,2026-09-07,1500,wikipedia_tabela_9,Augusto Cury,40.9,0,13.1,https://en.wikipedia.org/wiki/Opinion_polling_for_the_2026_Brazilian_presidential_election
2026,1,Nexus,2026-09-04,2026-09-07,2026-09-07,2002,wikipedia_tabela_9,Lula,45.0,0,9.0,https://en.wikipedia.org/wiki/Opinion_polling_for_the_2026_Brazilian_presidential_election
2026,1,Nexus,2026-09-04,2026-09-07,2026-09-07,2002,wikipedia_tabela_9,Flávio Bolsonaro,46.0,0,9.0,https://en.wikipedia.org/wiki/Opinion_polling_for_the_2026_Brazilian_presidential_election
2026,1,Nexus,2026-09-04,2026-09-07,2026-09-07,2002,wikipedia_tabela_9,Lula,46.0,0,11.0,https://en.wikipedia.org/wiki/Opinion_polling_for_the_2026_Brazilian_presidential_election
2026,1,Nexus,2026-09-04,2026-09-07,2026-09-07,2002,wikipedia_tabela_9,Ronaldo Caiado,43.0,0,11.0,https://en.wikipedia.org/wiki/Opinion_polling_for_the_2026_Brazilian_presidential_election
2026,1,Nexus,2026-09-04,2026-09-07,2026-09-07,2002,wikipedia_tabela_9,Lula,47.0,0,13.0,https://en.wikipedia.org/wiki/Opinion_polling_for_the_2026_Brazilian_presidential_election
2026,1,Nexus,2026-09-04,2026-09-07,2026-09-07,2002,wikipedia_tabela_9,Romeu Zema,40.0,0,13.0,https://en.wikipedia.org/wiki/Opinion_polling_for_the_2026_Brazilian_presidential_election
2026,1,Nexus,2026-09-04,2026-09-07,2026-09-07,2002,wikipedia_tabela_9,Lula,47.0,0,14.0,https://en.wikipedia.org/wiki/Opinion_polling_for_the_2026_Brazilian_presidential_election
2026,1,Nexus,2026-09-04,2026-09-07,2026-09-07,2002,wikipedia_tabela_9,Lula,43.0,0,11.0,https://en.wikipedia.org/wiki/Opinion_polling_for_the_2026_Brazilian_presidential_election
2026,1,Nexus,2026-09-04,2026-09-07,2026-09-07,2002,wikipedia_tabela_9,Augusto Cury,45.0,0,11.0,https://en.wikipedia.org/wiki/Opinion_polling_for_the_2026_Brazilian_presidential_election
2026,1,Quaest,2026-09-03,2026-09-06,2026-09-06,2004,wikipedia_tabela_9,Lula,41.0,0,18.0,https://en.wikipedia.org/wiki/Opinion_polling_for_the_2026_Brazilian_presidential_election
2026,1,Quaest,2026-09-03,2026-09-06,2026-09-06,2004,wikipedia_tabela_9,Flávio Bolsonaro,41.0,0,18.0,https://en.wikipedia.org/wiki/Opinion_polling_for_the_2026_Brazilian_presidential_election
2026,1,Quaest,2026-09-03,2026-09-06,2026-09-06,2004,wikipedia_tabela_9,Lula,41.0,0,21.0,https://en.wikipedia.org/wiki/Opinion_polling_for_the_2026_Brazilian_presidential_election
2026,1,Quaest,2026-09-03,2026-09-06,2026-09-06,2004,wikipedia_tabela_9,Ronaldo Caiado,38.0,0,21.0,https://en.wikipedia.org/wiki/Opinion_polling_for_the_2026_Brazilian_presidential_election
2026,1,Quaest,2026-09-03,2026-09-06,2026-09-06,2004,wikipedia_tabela_9,Lula,44.0,0,23.0,https://en.wikipedia.org/wiki/Opinion_polling_for_the_2026_Brazilian_presidential_election
2026,1,Quaest,2026-09-03,2026-09-06,2026-09-06,2004,wikipedia_tabela_9,Romeu Zema,33.0,0,23.0,https://en.wikipedia.org/wiki/Opinion_polling_for_the_2026_Brazilian_presidential_election
2026,1,Quaest,2026-09-03,2026-09-06,2026-09-06,2004,wikipedia_tabela_9,Lula,42.0,0,21.0,https://en.wikipedia.org/wiki/Opinion_polling_for_the_2026_Brazilian_presidential_election
2026,1,Quaest,2026-09-03,2026-09-06,2026-09-06,2004,wikipedia_tabela_9,Lula,39.0,0,26.0,https://en.wikipedia.org/wiki/Opinion_polling_for_the_2026_Brazilian_presidential_election
2026,1,Quaest,2026-09-03,2026-09-06,2026-09-06,2004,wikipedia_tabela_9,Augusto Cury,35.0,0,26.0,https://en.wikipedia.org/wiki/Opinion_polling_for_the_2026_Brazilian_presidential_election
2026,1,Datafolha,2026-09-01,2026-09-02,2026-09-02,2002,wikipedia_tabela_9,Lula,46.0,0,11.0,https://en.wikipedia.org/wiki/Opinion_polling_for_the_2026_Brazilian_presidential_election
2026,1,Datafolha,2026-09-01,2026-09-02,2026-09-02,2002,wikipedia_tabela_9,Flávio Bolsonaro,44.0,0,11.0,https://en.wikipedia.org/wiki/Opinion_polling_for_the_2026_Brazilian_presidential_election
2026,1,Datafolha,2026-09-01,2026-09-02,2026-09-02,2002,wikipedia_tabela_9,Lula,46.0,0,13.0,https://en.wikipedia.org/wiki/Opinion_polling_for_the_2026_Brazilian_presidential_election
2026,1,Datafolha,2026-09-01,2026-09-02,2026-09-02,2002,wikipedia_tabela_9,Ronaldo Caiado,41.0,0,13.0,https://en.wikipedia.org/wiki/Opinion_polling_for_the_2026_Brazilian_presidential_election
2026,1,Datafolha,2026-09-01,2026-09-02,2026-09-02,2002,wikipedia_tabela_9,Lula,48.0,0,14.0,https://en.wikipedia.org/wiki/Opinion_polling_for_the_2026_Brazilian_presidential_election
2026,1,Datafolha,2026-09-01,2026-09-02,2026-09-02,2002,wikipedia_tabela_9,Romeu Zema,39.0,0,14.0,https://en.wikipedia.org/wiki/Opinion_polling_for_the_2026_Brazilian_presidential_election
2026,1,Datafolha,2026-09-01,2026-09-02,2026-09-02,2002,wikipedia_tabela_9,Lula,47.0,0,15.0,https://en.wikipedia.org/wiki/Opinion_polling_for_the_2026_Brazilian_presidential_election
2026,1,PoderData,2026-08-30,2026-09-02,2026-09-02,3000,wikipedia_tabela_9,Lula,44.0,0,11.0,https://en.wikipedia.org/wiki/Opinion_polling_for_the_2026_Brazilian_presidential_election
2026,1,PoderData,2026-08-30,2026-09-02,2026-09-02,3000,wikipedia_tabela_9,Flávio Bolsonaro,45.0,0,11.0,https://en.wikipedia.org/wiki/Opinion_polling_for_the_2026_Brazilian_presidential_election
2026,1,PoderData,2026-08-30,2026-09-02,2026-09-02,3000,wikipedia_tabela_9,Lula,42.0,0,13.0,https://en.wikipedia.org/wiki/Opinion_polling_for_the_2026_Brazilian_presidential_election
2026,1,PoderData,2026-08-30,2026-09-02,2026-09-02,3000,wikipedia_tabela_9,Ronaldo Caiado,44.0,0,13.0,https://en.wikipedia.org/wiki/Opinion_polling_for_the_2026_Brazilian_presidential_election
2026,1,PoderData,2026-08-30,2026-09-02,2026-09-02,3000,wikipedia_tabela_9,Lula,44.0,0,14.0,https://en.wikipedia.org/wiki/Opinion_polling_for_the_2026_Brazilian_presidential_election
2026,1,PoderData,2026-08-30,2026-09-02,2026-09-02,3000,wikipedia_tabela_9,Romeu Zema,42.0,0,14.0,https://en.wikipedia.org/wiki/Opinion_polling_for_the_2026_Brazilian_presidential_election
2026,1,PoderData,2026-08-30,2026-09-02,2026-09-02,3000,wikipedia_tabela_9,Lula,44.0,0,18.0,https://en.wikipedia.org/wiki/Opinion_polling_for_the_2026_Brazilian_presidential_election
2026,1,nan,2026-09-01,2026-09-01,2026-09-01,17,wikipedia_tabela_9,Lula,17.0,0,17.0,https://en.wikipedia.org/wiki/Opinion_polling_for_the_2026_Brazilian_presidential_election
2026,1,nan,2026-09-01,2026-09-01,2026-09-01,17,wikipedia_tabela_9,Flávio Bolsonaro,17.0,0,17.0,https://en.wikipedia.org/wiki/Opinion_polling_for_the_2026_Brazilian_presidential_election
2026,1,nan,2026-09-01,2026-09-01,2026-09-01,17,wikipedia_tabela_9,Augusto Cury,17.0,0,17.0,https://en.wikipedia.org/wiki/Opinion_polling_for_the_2026_Brazilian_presidential_election
2026,1,nan,2026-09-01,2026-09-01,2026-09-01,17,wikipedia_tabela_9,Ronaldo Caiado,17.0,0,17.0,https://en.wikipedia.org/wiki/Opinion_polling_for_the_2026_Brazilian_presidential_election
2026,1,nan,2026-09-01,2026-09-01,2026-09-01,17,wikipedia_tabela_9,Romeu Zema,17.0,0,17.0,https://en.wikipedia.org/wiki/Opinion_polling_for_the_2026_Brazilian_presidential_election
2026,1,Quaest,2026-08-30,2026-09-01,2026-09-01,2005,wikipedia_tabela_9,Lula,42.0,0,17.0,https://en.wikipedia.org/wiki/Opinion_polling_for_the_2026_Brazilian_presidential_election
2026,1,Quaest,2026-08-30,2026-09-01,2026-09-01,2005,wikipedia_tabela_9,Flávio Bolsonaro,41.0,0,17.0,https://en.wikipedia.org/wiki/Opinion_polling_for_the_2026_Brazilian_presidential_election
2026,1,Quaest,2026-08-30,2026-09-01,2026-09-01,2005,wikipedia_tabela_9,Lula,42.0,0,21.0,https://en.wikipedia.org/wiki/Opinion_polling_for_the_2026_Brazilian_presidential_election
2026,1,Quaest,2026-08-30,2026-09-01,2026-09-01,2005,wikipedia_tabela_9,Ronaldo Caiado,37.0,0,21.0,https://en.wikipedia.org/wiki/Opinion_polling_for_the_2026_Brazilian_presidential_election
2026,1,Quaest,2026-08-30,2026-09-01,2026-09-01,2005,wikipedia_tabela_9,Lula,44.0,0,23.0,https://en.wikipedia.org/wiki/Opinion_polling_for_the_2026_Brazilian_presidential_election
2026,1,Quaest,2026-08-30,2026-09-01,2026-09-01,2005,wikipedia_tabela_9,Romeu Zema,33.0,0,23.0,https://en.wikipedia.org/wiki/Opinion_polling_for_the_2026_Brazilian_presidential_election
2026,1,Quaest,2026-08-30,2026-09-01,2026-09-01,2005,wikipedia_tabela_9,Lula,43.0,0,21.0,https://en.wikipedia.org/wiki/Opinion_polling_for_the_2026_Brazilian_presidential_election
2026,1,Quaest,2026-08-30,2026-09-01,2026-09-01,2005,wikipedia_tabela_9,Lula,40.0,0,26.0,https://en.wikipedia.org/wiki/Opinion_polling_for_the_2026_Brazilian_presidential_election
2026,1,Quaest,2026-08-30,2026-09-01,2026-09-01,2005,wikipedia_tabela_9,Augusto Cury,34.0,0,26.0,https://en.wikipedia.org/wiki/Opinion_polling_for_the_2026_Brazilian_presidential_election
2026,1,Futura,2026-08-27,2026-09-01,2026-09-01,2000,wikipedia_tabela_9,Lula,45.6,0,9.2,https://en.wikipedia.org/wiki/Opinion_polling_for_the_2026_Brazilian_presidential_election
2026,1,Futura,2026-08-27,2026-09-01,2026-09-01,2000,wikipedia_tabela_9,Flávio Bolsonaro,45.2,0,9.2,https://en.wikipedia.org/wiki/Opinion_polling_for_the_2026_Brazilian_presidential_election
2026,1,Futura,2026-08-27,2026-09-01,2026-09-01,2000,wikipedia_tabela_9,Lula,44.4,0,13.1,https://en.wikipedia.org/wiki/Opinion_polling_for_the_2026_Brazilian_presidential_election
2026,1,Futura,2026-08-27,2026-09-01,2026-09-01,2000,wikipedia_tabela_9,Ronaldo Caiado,42.5,0,13.1,https://en.wikipedia.org/wiki/Opinion_polling_for_the_2026_Brazilian_presidential_election
2026,1,Futura,2026-08-27,2026-09-01,2026-09-01,2000,wikipedia_tabela_9,Lula,46.7,0,14.9,https://en.wikipedia.org/wiki/Opinion_polling_for_the_2026_Brazilian_presidential_election
2026,1,Futura,2026-08-27,2026-09-01,2026-09-01,2000,wikipedia_tabela_9,Romeu Zema,38.5,0,14.9,https://en.wikipedia.org/wiki/Opinion_polling_for_the_2026_Brazilian_presidential_election
2026,1,Futura,2026-08-27,2026-09-01,2026-09-01,2000,wikipedia_tabela_9,Lula,46.6,0,16.8,https://en.wikipedia.org/wiki/Opinion_polling_for_the_2026_Brazilian_presidential_election
2026,1,Real Time,2026-08-27,2026-08-31,2026-08-31,2000,wikipedia_tabela_9,Lula,44.0,0,12.0,https://en.wikipedia.org/wiki/Opinion_polling_for_the_2026_Brazilian_presidential_election
2026,1,Real Time,2026-08-27,2026-08-31,2026-08-31,2000,wikipedia_tabela_9,Flávio Bolsonaro,44.0,0,12.0,https://en.wikipedia.org/wiki/Opinion_polling_for_the_2026_Brazilian_presidential_election
2026,1,Real Time,2026-08-27,2026-08-31,2026-08-31,2000,wikipedia_tabela_9,Lula,43.0,0,12.0,https://en.wikipedia.org/wiki/Opinion_polling_for_the_2026_Brazilian_presidential_election
2026,1,Real Time,2026-08-27,2026-08-31,2026-08-31,2000,wikipedia_tabela_9,Ronaldo Caiado,45.0,0,12.0,https://en.wikipedia.org/wiki/Opinion_polling_for_the_2026_Brazilian_presidential_election
2026,1,Real Time,2026-08-27,2026-08-31,2026-08-31,2000,wikipedia_tabela_9,Lula,43.0,0,17.0,https://en.wikipedia.org/wiki/Opinion_polling_for_the_2026_Brazilian_presidential_election
2026,1,Real Time,2026-08-27,2026-08-31,2026-08-31,2000,wikipedia_tabela_9,Romeu Zema,40.0,0,17.0,https://en.wikipedia.org/wiki/Opinion_polling_for_the_2026_Brazilian_presidential_election
2026,1,Real Time,2026-08-27,2026-08-31,2026-08-31,2000,wikipedia_tabela_9,Lula,44.0,0,19.0,https://en.wikipedia.org/wiki/Opinion_polling_for_the_2026_Brazilian_presidential_election
2026,1,Nexus,2026-08-28,2026-08-30,2026-08-30,2005,wikipedia_tabela_9,Lula,46.0,0,9.0,https://en.wikipedia.org/wiki/Opinion_polling_for_the_2026_Brazilian_presidential_election
2026,1,Nexus,2026-08-28,2026-08-30,2026-08-30,2005,wikipedia_tabela_9,Flávio Bolsonaro,45.0,0,9.0,https://en.wikipedia.org/wiki/Opinion_polling_for_the_2026_Brazilian_presidential_election
2026,1,Nexus,2026-08-28,2026-08-30,2026-08-30,2005,wikipedia_tabela_9,Lula,45.0,0,11.0,https://en.wikipedia.org/wiki/Opinion_polling_for_the_2026_Brazilian_presidential_election
2026,1,Nexus,2026-08-28,2026-08-30,2026-08-30,2005,wikipedia_tabela_9,Ronaldo Caiado,44.0,0,11.0,https://en.wikipedia.org/wiki/Opinion_polling_for_the_2026_Brazilian_presidential_election
2026,1,Nexus,2026-08-28,2026-08-30,2026-08-30,2005,wikipedia_tabela_9,Lula,46.0,0,13.0,https://en.wikipedia.org/wiki/Opinion_polling_for_the_2026_Brazilian_presidential_election
2026,1,Nexus,2026-08-28,2026-08-30,2026-08-30,2005,wikipedia_tabela_9,Romeu Zema,41.0,0,13.0,https://en.wikipedia.org/wiki/Opinion_polling_for_the_2026_Brazilian_presidential_election
2026,1,Nexus,2026-08-28,2026-08-30,2026-08-30,2005,wikipedia_tabela_9,Lula,47.0,0,15.0,https://en.wikipedia.org/wiki/Opinion_polling_for_the_2026_Brazilian_presidential_election
2026,1,AtlasIntel,2026-08-25,2026-08-30,2026-08-30,5014,wikipedia_tabela_9,Lula,47.1,0,10.3,https://en.wikipedia.org/wiki/Opinion_polling_for_the_2026_Brazilian_presidential_election
2026,1,AtlasIntel,2026-08-25,2026-08-30,2026-08-30,5014,wikipedia_tabela_9,Flávio Bolsonaro,42.6,0,10.3,https://en.wikipedia.org/wiki/Opinion_polling_for_the_2026_Brazilian_presidential_election
2026,1,AtlasIntel,2026-08-25,2026-08-30,2026-08-30,5014,wikipedia_tabela_9,Lula,46.6,0,12.3,https://en.wikipedia.org/wiki/Opinion_polling_for_the_2026_Brazilian_presidential_election
2026,1,AtlasIntel,2026-08-25,2026-08-30,2026-08-30,5014,wikipedia_tabela_9,Ronaldo Caiado,41.0,0,12.3,https://en.wikipedia.org/wiki/Opinion_polling_for_the_2026_Brazilian_presidential_election
2026,1,AtlasIntel,2026-08-25,2026-08-30,2026-08-30,5014,wikipedia_tabela_9,Lula,47.0,0,12.3,https://en.wikipedia.org/wiki/Opinion_polling_for_the_2026_Brazilian_presidential_election
2026,1,AtlasIntel,2026-08-25,2026-08-30,2026-08-30,5014,wikipedia_tabela_9,Romeu Zema,40.7,0,12.3,https://en.wikipedia.org/wiki/Opinion_polling_for_the_2026_Brazilian_presidential_election
2026,1,AtlasIntel,2026-08-25,2026-08-30,2026-08-30,5014,wikipedia_tabela_9,Lula,47.5,0,26.6,https://en.wikipedia.org/wiki/Opinion_polling_for_the_2026_Brazilian_presidential_election
2026,1,Vox Brasil,2026-08-25,2026-08-27,2026-08-27,2100,wikipedia_tabela_9,Lula,44.5,0,10.4,https://en.wikipedia.org/wiki/Opinion_polling_for_the_2026_Brazilian_presidential_election
2026,1,Vox Brasil,2026-08-25,2026-08-27,2026-08-27,2100,wikipedia_tabela_9,Flávio Bolsonaro,45.1,0,10.4,https://en.wikipedia.org/wiki/Opinion_polling_for_the_2026_Brazilian_presidential_election
2026,1,Vox Brasil,2026-08-25,2026-08-27,2026-08-27,2100,wikipedia_tabela_9,Lula,45.5,0,13.4,https://en.wikipedia.org/wiki/Opinion_polling_for_the_2026_Brazilian_presidential_election
2026,1,Vox Brasil,2026-08-25,2026-08-27,2026-08-27,2100,wikipedia_tabela_9,Ronaldo Caiado,41.1,0,13.4,https://en.wikipedia.org/wiki/Opinion_polling_for_the_2026_Brazilian_presidential_election
2026,1,Vox Brasil,2026-08-25,2026-08-27,2026-08-27,2100,wikipedia_tabela_9,Lula,45.5,0,15.2,https://en.wikipedia.org/wiki/Opinion_polling_for_the_2026_Brazilian_presidential_election
2026,1,Vox Brasil,2026-08-25,2026-08-27,2026-08-27,2100,wikipedia_tabela_9,Romeu Zema,39.3,0,15.2,https://en.wikipedia.org/wiki/Opinion_polling_for_the_2026_Brazilian_presidential_election
2026,1,PoderData,2026-08-23,2026-08-26,2026-08-26,2400,wikipedia_tabela_9,Lula,45.0,0,11.0,https://en.wikipedia.org/wiki/Opinion_polling_for_the_2026_Brazilian_presidential_election
2026,1,PoderData,2026-08-23,2026-08-26,2026-08-26,2400,wikipedia_tabela_9,Flávio Bolsonaro,44.0,0,11.0,https://en.wikipedia.org/wiki/Opinion_polling_for_the_2026_Brazilian_presidential_election
2026,1,PoderData,2026-08-23,2026-08-26,2026-08-26,2400,wikipedia_tabela_9,Lula,43.0,0,12.0,https://en.wikipedia.org/wiki/Opinion_polling_for_the_2026_Brazilian_presidential_election
2026,1,PoderData,2026-08-23,2026-08-26,2026-08-26,2400,wikipedia_tabela_9,Ronaldo Caiado,44.0,0,12.0,https://en.wikipedia.org/wiki/Opinion_polling_for_the_2026_Brazilian_presidential_election
2026,1,PoderData,2026-08-23,2026-08-26,2026-08-26,2400,wikipedia_tabela_9,Lula,44.0,0,12.0,https://en.wikipedia.org/wiki/Opinion_polling_for_the_2026_Brazilian_presidential_election
2026,1,PoderData,2026-08-23,2026-08-26,2026-08-26,2400,wikipedia_tabela_9,Romeu Zema,43.0,0,12.0,https://en.wikipedia.org/wiki/Opinion_polling_for_the_2026_Brazilian_presidential_election
2026,1,PoderData,2026-08-23,2026-08-26,2026-08-26,2400,wikipedia_tabela_9,Lula,44.0,0,19.0,https://en.wikipedia.org/wiki/Opinion_polling_for_the_2026_Brazilian_presidential_election
2026,1,Nexus,2026-08-21,2026-08-23,2026-08-23,2006,wikipedia_tabela_9,Lula,46.0,0,9.0,https://en.wikipedia.org/wiki/Opinion_polling_for_the_2026_Brazilian_presidential_election
2026,1,Nexus,2026-08-21,2026-08-23,2026-08-23,2006,wikipedia_tabela_9,Flávio Bolsonaro,45.0,0,9.0,https://en.wikipedia.org/wiki/Opinion_polling_for_the_2026_Brazilian_presidential_election
2026,1,Nexus,2026-08-21,2026-08-23,2026-08-23,2006,wikipedia_tabela_9,Lula,46.0,0,13.0,https://en.wikipedia.org/wiki/Opinion_polling_for_the_2026_Brazilian_presidential_election
2026,1,Nexus,2026-08-21,2026-08-23,2026-08-23,2006,wikipedia_tabela_9,Ronaldo Caiado,42.0,0,13.0,https://en.wikipedia.org/wiki/Opinion_polling_for_the_2026_Brazilian_presidential_election
2026,1,Nexus,2026-08-21,2026-08-23,2026-08-23,2006,wikipedia_tabela_9,Lula,47.0,0,13.0,https://en.wikipedia.org/wiki/Opinion_polling_for_the_2026_Brazilian_presidential_election
2026,1,Nexus,2026-08-21,2026-08-23,2026-08-23,2006,wikipedia_tabela_9,Romeu Zema,40.0,0,13.0,https://en.wikipedia.org/wiki/Opinion_polling_for_the_2026_Brazilian_presidential_election
2026,1,Nexus,2026-08-21,2026-08-23,2026-08-23,2006,wikipedia_tabela_9,Lula,47.0,0,17.0,https://en.wikipedia.org/wiki/Opinion_polling_for_the_2026_Brazilian_presidential_election
2026,1,Indexa,2026-08-20,2026-08-23,2026-08-23,2000,wikipedia_tabela_9,Lula,46.0,0,13.0,https://en.wikipedia.org/wiki/Opinion_polling_for_the_2026_Brazilian_presidential_election
2026,1,Indexa,2026-08-20,2026-08-23,2026-08-23,2000,wikipedia_tabela_9,Flávio Bolsonaro,41.0,0,13.0,https://en.wikipedia.org/wiki/Opinion_polling_for_the_2026_Brazilian_presidential_election
2026,1,Indexa,2026-08-20,2026-08-23,2026-08-23,2000,wikipedia_tabela_9,Lula,44.0,0,18.0,https://en.wikipedia.org/wiki/Opinion_polling_for_the_2026_Brazilian_presidential_election
2026,1,Indexa,2026-08-20,2026-08-23,2026-08-23,2000,wikipedia_tabela_9,Ronaldo Caiado,38.0,0,18.0,https://en.wikipedia.org/wiki/Opinion_polling_for_the_2026_Brazilian_presidential_election
2026,1,Indexa,2026-08-20,2026-08-23,2026-08-23,2000,wikipedia_tabela_9,Lula,45.0,0,21.0,https://en.wikipedia.org/wiki/Opinion_polling_for_the_2026_Brazilian_presidential_election
2026,1,Indexa,2026-08-20,2026-08-23,2026-08-23,2000,wikipedia_tabela_9,Romeu Zema,34.0,0,21.0,https://en.wikipedia.org/wiki/Opinion_polling_for_the_2026_Brazilian_presidential_election
2026,1,Indexa,2026-08-20,2026-08-23,2026-08-23,2000,wikipedia_tabela_9,Lula,46.0,0,20.0,https://en.wikipedia.org/wiki/Opinion_polling_for_the_2026_Brazilian_presidential_election
2026,1,Datafolha,2026-08-18,2026-08-20,2026-08-20,2058,wikipedia_tabela_9,Lula,47.0,0,11.0,https://en.wikipedia.org/wiki/Opinion_polling_for_the_2026_Brazilian_presidential_election
2026,1,Datafolha,2026-08-18,2026-08-20,2026-08-20,2058,wikipedia_tabela_9,Flávio Bolsonaro,43.0,0,11.0,https://en.wikipedia.org/wiki/Opinion_polling_for_the_2026_Brazilian_presidential_election
2026,1,Datafolha,2026-08-18,2026-08-20,2026-08-20,2058,wikipedia_tabela_9,Lula,47.0,0,14.0,https://en.wikipedia.org/wiki/Opinion_polling_for_the_2026_Brazilian_presidential_election
2026,1,Datafolha,2026-08-18,2026-08-20,2026-08-20,2058,wikipedia_tabela_9,Ronaldo Caiado,40.0,0,14.0,https://en.wikipedia.org/wiki/Opinion_polling_for_the_2026_Brazilian_presidential_election
2026,1,Datafolha,2026-08-18,2026-08-20,2026-08-20,2058,wikipedia_tabela_9,Lula,48.0,0,14.0,https://en.wikipedia.org/wiki/Opinion_polling_for_the_2026_Brazilian_presidential_election
2026,1,Datafolha,2026-08-18,2026-08-20,2026-08-20,2058,wikipedia_tabela_9,Romeu Zema,38.0,0,14.0,https://en.wikipedia.org/wiki/Opinion_polling_for_the_2026_Brazilian_presidential_election
2026,1,Datafolha,2026-08-18,2026-08-20,2026-08-20,2058,wikipedia_tabela_9,Lula,47.0,0,16.0,https://en.wikipedia.org/wiki/Opinion_polling_for_the_2026_Brazilian_presidential_election
2026,1,Nexus,2026-08-14,2026-08-16,2026-08-16,2003,wikipedia_tabela_9,Lula,47.0,0,9.0,https://en.wikipedia.org/wiki/Opinion_polling_for_the_2026_Brazilian_presidential_election
2026,1,Nexus,2026-08-14,2026-08-16,2026-08-16,2003,wikipedia_tabela_9,Flávio Bolsonaro,44.0,0,9.0,https://en.wikipedia.org/wiki/Opinion_polling_for_the_2026_Brazilian_presidential_election
2026,1,Nexus,2026-08-14,2026-08-16,2026-08-16,2003,wikipedia_tabela_9,Lula,45.0,0,13.0,https://en.wikipedia.org/wiki/Opinion_polling_for_the_2026_Brazilian_presidential_election
2026,1,Nexus,2026-08-14,2026-08-16,2026-08-16,2003,wikipedia_tabela_9,Ronaldo Caiado,42.0,0,13.0,https://en.wikipedia.org/wiki/Opinion_polling_for_the_2026_Brazilian_presidential_election
2026,1,Nexus,2026-08-14,2026-08-16,2026-08-16,2003,wikipedia_tabela_9,Lula,46.0,0,13.0,https://en.wikipedia.org/wiki/Opinion_polling_for_the_2026_Brazilian_presidential_election
2026,1,Nexus,2026-08-14,2026-08-16,2026-08-16,2003,wikipedia_tabela_9,Romeu Zema,41.0,0,13.0,https://en.wikipedia.org/wiki/Opinion_polling_for_the_2026_Brazilian_presidential_election
2026,1,Nexus,2026-08-14,2026-08-16,2026-08-16,2003,wikipedia_tabela_9,Lula,47.0,0,17.0,https://en.wikipedia.org/wiki/Opinion_polling_for_the_2026_Brazilian_presidential_election
2026,1,Quaest,2026-08-10,2026-08-13,2026-08-13,2004,wikipedia_tabela_10,Lula,43.0,0,17.0,https://en.wikipedia.org/wiki/Opinion_polling_for_the_2026_Brazilian_presidential_election
2026,1,Quaest,2026-08-10,2026-08-13,2026-08-13,2004,wikipedia_tabela_10,Flávio Bolsonaro,40.0,0,17.0,https://en.wikipedia.org/wiki/Opinion_polling_for_the_2026_Brazilian_presidential_election
2026,1,Quaest,2026-08-10,2026-08-13,2026-08-13,2004,wikipedia_tabela_10,Lula,44.0,0,19.0,https://en.wikipedia.org/wiki/Opinion_polling_for_the_2026_Brazilian_presidential_election
2026,1,Quaest,2026-08-10,2026-08-13,2026-08-13,2004,wikipedia_tabela_10,Ronaldo Caiado,37.0,0,19.0,https://en.wikipedia.org/wiki/Opinion_polling_for_the_2026_Brazilian_presidential_election
2026,1,Quaest,2026-08-10,2026-08-13,2026-08-13,2004,wikipedia_tabela_10,Lula,45.0,0,21.0,https://en.wikipedia.org/wiki/Opinion_polling_for_the_2026_Brazilian_presidential_election
2026,1,Quaest,2026-08-10,2026-08-13,2026-08-13,2004,wikipedia_tabela_10,Romeu Zema,34.0,0,21.0,https://en.wikipedia.org/wiki/Opinion_polling_for_the_2026_Brazilian_presidential_election
2026,1,Quaest,2026-08-10,2026-08-13,2026-08-13,2004,wikipedia_tabela_10,Lula,44.0,0,20.0,https://en.wikipedia.org/wiki/Opinion_polling_for_the_2026_Brazilian_presidential_election
2026,1,PoderData,2026-08-09,2026-08-12,2026-08-12,2400,wikipedia_tabela_10,Lula,46.0,0,9.0,https://en.wikipedia.org/wiki/Opinion_polling_for_the_2026_Brazilian_presidential_election
2026,1,PoderData,2026-08-09,2026-08-12,2026-08-12,2400,wikipedia_tabela_10,Flávio Bolsonaro,45.0,0,9.0,https://en.wikipedia.org/wiki/Opinion_polling_for_the_2026_Brazilian_presidential_election
2026,1,PoderData,2026-08-09,2026-08-12,2026-08-12,2400,wikipedia_tabela_10,Lula,45.0,0,11.0,https://en.wikipedia.org/wiki/Opinion_polling_for_the_2026_Brazilian_presidential_election
2026,1,PoderData,2026-08-09,2026-08-12,2026-08-12,2400,wikipedia_tabela_10,Ronaldo Caiado,44.0,0,11.0,https://en.wikipedia.org/wiki/Opinion_polling_for_the_2026_Brazilian_presidential_election
2026,1,PoderData,2026-08-09,2026-08-12,2026-08-12,2400,wikipedia_tabela_10,Lula,45.0,0,11.0,https://en.wikipedia.org/wiki/Opinion_polling_for_the_2026_Brazilian_presidential_election
2026,1,PoderData,2026-08-09,2026-08-12,2026-08-12,2400,wikipedia_tabela_10,Romeu Zema,43.0,0,11.0,https://en.wikipedia.org/wiki/Opinion_polling_for_the_2026_Brazilian_presidential_election
2026,1,PoderData,2026-08-09,2026-08-12,2026-08-12,2400,wikipedia_tabela_10,Lula,46.0,0,17.0,https://en.wikipedia.org/wiki/Opinion_polling_for_the_2026_Brazilian_presidential_election
2026,1,Nexus,2026-08-07,2026-08-09,2026-08-09,2001,wikipedia_tabela_10,Lula,47.0,0,9.0,https://en.wikipedia.org/wiki/Opinion_polling_for_the_2026_Brazilian_presidential_election
2026,1,Nexus,2026-08-07,2026-08-09,2026-08-09,2001,wikipedia_tabela_10,Flávio Bolsonaro,44.0,0,9.0,https://en.wikipedia.org/wiki/Opinion_polling_for_the_2026_Brazilian_presidential_election
2026,1,Nexus,2026-08-07,2026-08-09,2026-08-09,2001,wikipedia_tabela_10,Lula,46.0,0,11.0,https://en.wikipedia.org/wiki/Opinion_polling_for_the_2026_Brazilian_presidential_election
2026,1,Nexus,2026-08-07,2026-08-09,2026-08-09,2001,wikipedia_tabela_10,Ronaldo Caiado,42.0,0,11.0,https://en.wikipedia.org/wiki/Opinion_polling_for_the_2026_Brazilian_presidential_election
2026,1,Nexus,2026-08-07,2026-08-09,2026-08-09,2001,wikipedia_tabela_10,Lula,47.0,0,13.0,https://en.wikipedia.org/wiki/Opinion_polling_for_the_2026_Brazilian_presidential_election
2026,1,Nexus,2026-08-07,2026-08-09,2026-08-09,2001,wikipedia_tabela_10,Romeu Zema,40.0,0,13.0,https://en.wikipedia.org/wiki/Opinion_polling_for_the_2026_Brazilian_presidential_election
2026,1,Nexus,2026-08-07,2026-08-09,2026-08-09,2001,wikipedia_tabela_10,Lula,46.0,0,17.0,https://en.wikipedia.org/wiki/Opinion_polling_for_the_2026_Brazilian_presidential_election
2026,1,MDA,2026-08-05,2026-08-09,2026-08-09,2002,wikipedia_tabela_10,Lula,48.0,0,12.9,https://en.wikipedia.org/wiki/Opinion_polling_for_the_2026_Brazilian_presidential_election
2026,1,MDA,2026-08-05,2026-08-09,2026-08-09,2002,wikipedia_tabela_10,Flávio Bolsonaro,39.1,0,12.9,https://en.wikipedia.org/wiki/Opinion_polling_for_the_2026_Brazilian_presidential_election
2026,1,MDA,2026-08-05,2026-08-09,2026-08-09,2002,wikipedia_tabela_10,Lula,47.9,0,16.2,https://en.wikipedia.org/wiki/Opinion_polling_for_the_2026_Brazilian_presidential_election
2026,1,MDA,2026-08-05,2026-08-09,2026-08-09,2002,wikipedia_tabela_10,Ronaldo Caiado,35.9,0,16.2,https://en.wikipedia.org/wiki/Opinion_polling_for_the_2026_Brazilian_presidential_election
2026,1,MDA,2026-08-05,2026-08-09,2026-08-09,2002,wikipedia_tabela_10,Lula,49.1,0,16.0,https://en.wikipedia.org/wiki/Opinion_polling_for_the_2026_Brazilian_presidential_election
2026,1,MDA,2026-08-05,2026-08-09,2026-08-09,2002,wikipedia_tabela_10,Romeu Zema,34.9,0,16.0,https://en.wikipedia.org/wiki/Opinion_polling_for_the_2026_Brazilian_presidential_election
2026,1,MDA,2026-08-05,2026-08-09,2026-08-09,2002,wikipedia_tabela_10,Lula,48.5,0,18.5,https://en.wikipedia.org/wiki/Opinion_polling_for_the_2026_Brazilian_presidential_election
2026,1,MDA,2026-08-05,2026-08-09,2026-08-09,2002,wikipedia_tabela_10,Lula,48.6,0,19.0,https://en.wikipedia.org/wiki/Opinion_polling_for_the_2026_Brazilian_presidential_election
2026,1,MDA,2026-08-05,2026-08-09,2026-08-09,2002,wikipedia_tabela_10,Augusto Cury,32.4,0,19.0,https://en.wikipedia.org/wiki/Opinion_polling_for_the_2026_Brazilian_presidential_election
2026,1,Futura,2026-08-03,2026-08-07,2026-08-07,2000,wikipedia_tabela_10,Lula,46.5,0,9.5,https://en.wikipedia.org/wiki/Opinion_polling_for_the_2026_Brazilian_presidential_election
2026,1,Futura,2026-08-03,2026-08-07,2026-08-07,2000,wikipedia_tabela_10,Flávio Bolsonaro,44.0,0,9.5,https://en.wikipedia.org/wiki/Opinion_polling_for_the_2026_Brazilian_presidential_election
2026,1,Futura,2026-08-03,2026-08-07,2026-08-07,2000,wikipedia_tabela_10,Lula,45.3,0,15.4,https://en.wikipedia.org/wiki/Opinion_polling_for_the_2026_Brazilian_presidential_election
2026,1,Futura,2026-08-03,2026-08-07,2026-08-07,2000,wikipedia_tabela_10,Ronaldo Caiado,39.2,0,15.4,https://en.wikipedia.org/wiki/Opinion_polling_for_the_2026_Brazilian_presidential_election
2026,1,Futura,2026-08-03,2026-08-07,2026-08-07,2000,wikipedia_tabela_10,Lula,46.5,0,13.6,https://en.wikipedia.org/wiki/Opinion_polling_for_the_2026_Brazilian_presidential_election
2026,1,Futura,2026-08-03,2026-08-07,2026-08-07,2000,wikipedia_tabela_10,Romeu Zema,39.8,0,13.6,https://en.wikipedia.org/wiki/Opinion_polling_for_the_2026_Brazilian_presidential_election
2026,1,Futura,2026-08-03,2026-08-07,2026-08-07,2000,wikipedia_tabela_10,Lula,47.3,0,19.4,https://en.wikipedia.org/wiki/Opinion_polling_for_the_2026_Brazilian_presidential_election
2026,1,Palver,2026-08-03,2026-08-07,2026-08-07,5000,wikipedia_tabela_10,Lula,46.0,0,8.0,https://en.wikipedia.org/wiki/Opinion_polling_for_the_2026_Brazilian_presidential_election
2026,1,Palver,2026-08-03,2026-08-07,2026-08-07,5000,wikipedia_tabela_10,Flávio Bolsonaro,46.0,0,8.0,https://en.wikipedia.org/wiki/Opinion_polling_for_the_2026_Brazilian_presidential_election
2026,1,Palver,2026-08-03,2026-08-07,2026-08-07,5000,wikipedia_tabela_10,Lula,45.0,0,16.0,https://en.wikipedia.org/wiki/Opinion_polling_for_the_2026_Brazilian_presidential_election
2026,1,Palver,2026-08-03,2026-08-07,2026-08-07,5000,wikipedia_tabela_10,Ronaldo Caiado,38.0,0,16.0,https://en.wikipedia.org/wiki/Opinion_polling_for_the_2026_Brazilian_presidential_election
2026,1,Palver,2026-08-03,2026-08-07,2026-08-07,5000,wikipedia_tabela_10,Lula,46.0,0,15.0,https://en.wikipedia.org/wiki/Opinion_polling_for_the_2026_Brazilian_presidential_election
2026,1,Palver,2026-08-03,2026-08-07,2026-08-07,5000,wikipedia_tabela_10,Romeu Zema,39.0,0,15.0,https://en.wikipedia.org/wiki/Opinion_polling_for_the_2026_Brazilian_presidential_election
2026,1,Palver,2026-08-03,2026-08-07,2026-08-07,5000,wikipedia_tabela_10,Lula,46.0,0,25.0,https://en.wikipedia.org/wiki/Opinion_polling_for_the_2026_Brazilian_presidential_election
2026,1,Quaest,2026-07-31,2026-08-03,2026-08-03,2004,wikipedia_tabela_10,Lula,44.0,0,17.0,https://en.wikipedia.org/wiki/Opinion_polling_for_the_2026_Brazilian_presidential_election
2026,1,Quaest,2026-07-31,2026-08-03,2026-08-03,2004,wikipedia_tabela_10,Flávio Bolsonaro,39.0,0,17.0,https://en.wikipedia.org/wiki/Opinion_polling_for_the_2026_Brazilian_presidential_election
2026,1,Quaest,2026-07-31,2026-08-03,2026-08-03,2004,wikipedia_tabela_10,Lula,45.0,0,18.0,https://en.wikipedia.org/wiki/Opinion_polling_for_the_2026_Brazilian_presidential_election
2026,1,Quaest,2026-07-31,2026-08-03,2026-08-03,2004,wikipedia_tabela_10,Ronaldo Caiado,37.0,0,18.0,https://en.wikipedia.org/wiki/Opinion_polling_for_the_2026_Brazilian_presidential_election
2026,1,Quaest,2026-07-31,2026-08-03,2026-08-03,2004,wikipedia_tabela_10,Lula,46.0,0,20.0,https://en.wikipedia.org/wiki/Opinion_polling_for_the_2026_Brazilian_presidential_election
2026,1,Quaest,2026-07-31,2026-08-03,2026-08-03,2004,wikipedia_tabela_10,Romeu Zema,34.0,0,20.0,https://en.wikipedia.org/wiki/Opinion_polling_for_the_2026_Brazilian_presidential_election
2026,1,Quaest,2026-07-31,2026-08-03,2026-08-03,2004,wikipedia_tabela_10,Lula,45.0,0,20.0,https://en.wikipedia.org/wiki/Opinion_polling_for_the_2026_Brazilian_presidential_election
2026,1,Ideia,2026-07-31,2026-08-03,2026-08-03,1500,wikipedia_tabela_10,Lula,48.5,0,8.5,https://en.wikipedia.org/wiki/Opinion_polling_for_the_2026_Brazilian_presidential_election
2026,1,Ideia,2026-07-31,2026-08-03,2026-08-03,1500,wikipedia_tabela_10,Flávio Bolsonaro,43.0,0,8.5,https://en.wikipedia.org/wiki/Opinion_polling_for_the_2026_Brazilian_presidential_election
2026,1,Ideia,2026-07-31,2026-08-03,2026-08-03,1500,wikipedia_tabela_10,Lula,48.5,0,11.5,https://en.wikipedia.org/wiki/Opinion_polling_for_the_2026_Brazilian_presidential_election
2026,1,Ideia,2026-07-31,2026-08-03,2026-08-03,1500,wikipedia_tabela_10,Ronaldo Caiado,40.0,0,11.5,https://en.wikipedia.org/wiki/Opinion_polling_for_the_2026_Brazilian_presidential_election
2026,1,Ideia,2026-07-31,2026-08-03,2026-08-03,1500,wikipedia_tabela_10,Lula,48.5,0,14.5,https://en.wikipedia.org/wiki/Opinion_polling_for_the_2026_Brazilian_presidential_election
2026,1,Ideia,2026-07-31,2026-08-03,2026-08-03,1500,wikipedia_tabela_10,Romeu Zema,37.0,0,14.5,https://en.wikipedia.org/wiki/Opinion_polling_for_the_2026_Brazilian_presidential_election
2026,1,Ideia,2026-07-31,2026-08-03,2026-08-03,1500,wikipedia_tabela_10,Lula,48.0,0,17.2,https://en.wikipedia.org/wiki/Opinion_polling_for_the_2026_Brazilian_presidential_election
2026,1,Nexus,2026-07-31,2026-08-02,2026-08-02,2002,wikipedia_tabela_10,Lula,46.0,0,10.0,https://en.wikipedia.org/wiki/Opinion_polling_for_the_2026_Brazilian_presidential_election
2026,1,Nexus,2026-07-31,2026-08-02,2026-08-02,2002,wikipedia_tabela_10,Flávio Bolsonaro,45.0,0,10.0,https://en.wikipedia.org/wiki/Opinion_polling_for_the_2026_Brazilian_presidential_election
2026,1,Nexus,2026-07-31,2026-08-02,2026-08-02,2002,wikipedia_tabela_10,Lula,46.0,0,13.0,https://en.wikipedia.org/wiki/Opinion_polling_for_the_2026_Brazilian_presidential_election
2026,1,Nexus,2026-07-31,2026-08-02,2026-08-02,2002,wikipedia_tabela_10,Ronaldo Caiado,42.0,0,13.0,https://en.wikipedia.org/wiki/Opinion_polling_for_the_2026_Brazilian_presidential_election
2026,1,Nexus,2026-07-31,2026-08-02,2026-08-02,2002,wikipedia_tabela_10,Lula,46.0,0,13.0,https://en.wikipedia.org/wiki/Opinion_polling_for_the_2026_Brazilian_presidential_election
2026,1,Nexus,2026-07-31,2026-08-02,2026-08-02,2002,wikipedia_tabela_10,Romeu Zema,40.0,0,13.0,https://en.wikipedia.org/wiki/Opinion_polling_for_the_2026_Brazilian_presidential_election
2026,1,Nexus,2026-07-31,2026-08-02,2026-08-02,2002,wikipedia_tabela_10,Lula,47.0,0,16.0,https://en.wikipedia.org/wiki/Opinion_polling_for_the_2026_Brazilian_presidential_election
2026,1,PoderData,2026-07-26,2026-07-29,2026-07-29,2400,wikipedia_tabela_10,Lula,46.0,0,11.0,https://en.wikipedia.org/wiki/Opinion_polling_for_the_2026_Brazilian_presidential_election
2026,1,PoderData,2026-07-26,2026-07-29,2026-07-29,2400,wikipedia_tabela_10,Flávio Bolsonaro,43.0,0,11.0,https://en.wikipedia.org/wiki/Opinion_polling_for_the_2026_Brazilian_presidential_election
2026,1,PoderData,2026-07-26,2026-07-29,2026-07-29,2400,wikipedia_tabela_10,Lula,44.0,0,13.0,https://en.wikipedia.org/wiki/Opinion_polling_for_the_2026_Brazilian_presidential_election
2026,1,PoderData,2026-07-26,2026-07-29,2026-07-29,2400,wikipedia_tabela_10,Ronaldo Caiado,43.0,0,13.0,https://en.wikipedia.org/wiki/Opinion_polling_for_the_2026_Brazilian_presidential_election
2026,1,PoderData,2026-07-26,2026-07-29,2026-07-29,2400,wikipedia_tabela_10,Lula,44.0,0,13.0,https://en.wikipedia.org/wiki/Opinion_polling_for_the_2026_Brazilian_presidential_election
2026,1,PoderData,2026-07-26,2026-07-29,2026-07-29,2400,wikipedia_tabela_10,Romeu Zema,42.0,0,13.0,https://en.wikipedia.org/wiki/Opinion_polling_for_the_2026_Brazilian_presidential_election
2026,1,PoderData,2026-07-26,2026-07-29,2026-07-29,2400,wikipedia_tabela_10,Lula,45.0,0,19.0,https://en.wikipedia.org/wiki/Opinion_polling_for_the_2026_Brazilian_presidential_election
2026,1,Vox Brasil,2026-07-26,2026-07-28,2026-07-28,2100,wikipedia_tabela_10,Lula,47.5,0,11.4,https://en.wikipedia.org/wiki/Opinion_polling_for_the_2026_Brazilian_presidential_election
2026,1,Vox Brasil,2026-07-26,2026-07-28,2026-07-28,2100,wikipedia_tabela_10,Flávio Bolsonaro,41.1,0,11.4,https://en.wikipedia.org/wiki/Opinion_polling_for_the_2026_Brazilian_presidential_election
2026,1,Vox Brasil,2026-07-26,2026-07-28,2026-07-28,2100,wikipedia_tabela_10,Lula,46.8,0,10.7,https://en.wikipedia.org/wiki/Opinion_polling_for_the_2026_Brazilian_presidential_election
2026,1,Vox Brasil,2026-07-26,2026-07-28,2026-07-28,2100,wikipedia_tabela_10,Ronaldo Caiado,42.5,0,10.7,https://en.wikipedia.org/wiki/Opinion_polling_for_the_2026_Brazilian_presidential_election
2026,1,Vox Brasil,2026-07-26,2026-07-28,2026-07-28,2100,wikipedia_tabela_10,Lula,48.7,0,10.8,https://en.wikipedia.org/wiki/Opinion_polling_for_the_2026_Brazilian_presidential_election
2026,1,Vox Brasil,2026-07-26,2026-07-28,2026-07-28,2100,wikipedia_tabela_10,Romeu Zema,40.5,0,10.8,https://en.wikipedia.org/wiki/Opinion_polling_for_the_2026_Brazilian_presidential_election
2026,1,AtlasIntel,2026-07-22,2026-07-27,2026-07-27,5021,wikipedia_tabela_10,Lula,49.2,0,7.9,https://en.wikipedia.org/wiki/Opinion_polling_for_the_2026_Brazilian_presidential_election
2026,1,AtlasIntel,2026-07-22,2026-07-27,2026-07-27,5021,wikipedia_tabela_10,Flávio Bolsonaro,42.9,0,7.9,https://en.wikipedia.org/wiki/Opinion_polling_for_the_2026_Brazilian_presidential_election
2026,1,AtlasIntel,2026-07-22,2026-07-27,2026-07-27,5021,wikipedia_tabela_10,Lula,48.2,0,12.9,https://en.wikipedia.org/wiki/Opinion_polling_for_the_2026_Brazilian_presidential_election
2026,1,AtlasIntel,2026-07-22,2026-07-27,2026-07-27,5021,wikipedia_tabela_10,Ronaldo Caiado,38.9,0,12.9,https://en.wikipedia.org/wiki/Opinion_polling_for_the_2026_Brazilian_presidential_election
2026,1,AtlasIntel,2026-07-22,2026-07-27,2026-07-27,5021,wikipedia_tabela_10,Lula,48.6,0,11.8,https://en.wikipedia.org/wiki/Opinion_polling_for_the_2026_Brazilian_presidential_election
2026,1,AtlasIntel,2026-07-22,2026-07-27,2026-07-27,5021,wikipedia_tabela_10,Romeu Zema,39.6,0,11.8,https://en.wikipedia.org/wiki/Opinion_polling_for_the_2026_Brazilian_presidential_election
2026,1,AtlasIntel,2026-07-22,2026-07-27,2026-07-27,5021,wikipedia_tabela_10,Lula,47.6,0,22.2,https://en.wikipedia.org/wiki/Opinion_polling_for_the_2026_Brazilian_presidential_election
2026,1,Nexus,2026-07-24,2026-07-26,2026-07-26,2004,wikipedia_tabela_10,Lula,47.0,0,10.0,https://en.wikipedia.org/wiki/Opinion_polling_for_the_2026_Brazilian_presidential_election
2026,1,Nexus,2026-07-24,2026-07-26,2026-07-26,2004,wikipedia_tabela_10,Flávio Bolsonaro,43.0,0,10.0,https://en.wikipedia.org/wiki/Opinion_polling_for_the_2026_Brazilian_presidential_election
2026,1,Nexus,2026-07-24,2026-07-26,2026-07-26,2004,wikipedia_tabela_10,Lula,45.0,0,12.0,https://en.wikipedia.org/wiki/Opinion_polling_for_the_2026_Brazilian_presidential_election
2026,1,Nexus,2026-07-24,2026-07-26,2026-07-26,2004,wikipedia_tabela_10,Ronaldo Caiado,43.0,0,12.0,https://en.wikipedia.org/wiki/Opinion_polling_for_the_2026_Brazilian_presidential_election
2026,1,Nexus,2026-07-24,2026-07-26,2026-07-26,2004,wikipedia_tabela_10,Lula,46.0,0,12.0,https://en.wikipedia.org/wiki/Opinion_polling_for_the_2026_Brazilian_presidential_election
2026,1,Nexus,2026-07-24,2026-07-26,2026-07-26,2004,wikipedia_tabela_10,Romeu Zema,42.0,0,12.0,https://en.wikipedia.org/wiki/Opinion_polling_for_the_2026_Brazilian_presidential_election
2026,1,Nexus,2026-07-24,2026-07-26,2026-07-26,2004,wikipedia_tabela_10,Lula,47.0,0,15.0,https://en.wikipedia.org/wiki/Opinion_polling_for_the_2026_Brazilian_presidential_election
2026,1,Datafolha,2026-07-22,2026-07-23,2026-07-23,2004,wikipedia_tabela_10,Lula,48.0,0,10.0,https://en.wikipedia.org/wiki/Opinion_polling_for_the_2026_Brazilian_presidential_election
2026,1,Datafolha,2026-07-22,2026-07-23,2026-07-23,2004,wikipedia_tabela_10,Flávio Bolsonaro,43.0,0,10.0,https://en.wikipedia.org/wiki/Opinion_polling_for_the_2026_Brazilian_presidential_election
2026,1,Datafolha,2026-07-22,2026-07-23,2026-07-23,2004,wikipedia_tabela_10,Lula,47.0,0,13.0,https://en.wikipedia.org/wiki/Opinion_polling_for_the_2026_Brazilian_presidential_election
2026,1,Datafolha,2026-07-22,2026-07-23,2026-07-23,2004,wikipedia_tabela_10,Ronaldo Caiado,40.0,0,13.0,https://en.wikipedia.org/wiki/Opinion_polling_for_the_2026_Brazilian_presidential_election
2026,1,Datafolha,2026-07-22,2026-07-23,2026-07-23,2004,wikipedia_tabela_10,Lula,48.0,0,12.0,https://en.wikipedia.org/wiki/Opinion_polling_for_the_2026_Brazilian_presidential_election
2026,1,Datafolha,2026-07-22,2026-07-23,2026-07-23,2004,wikipedia_tabela_10,Romeu Zema,40.0,0,12.0,https://en.wikipedia.org/wiki/Opinion_polling_for_the_2026_Brazilian_presidential_election
2026,1,Real Time,2026-07-18,2026-07-20,2026-07-20,2000,wikipedia_tabela_10,Lula,45.0,0,13.0,https://en.wikipedia.org/wiki/Opinion_polling_for_the_2026_Brazilian_presidential_election
2026,1,Real Time,2026-07-18,2026-07-20,2026-07-20,2000,wikipedia_tabela_10,Flávio Bolsonaro,42.0,0,13.0,https://en.wikipedia.org/wiki/Opinion_polling_for_the_2026_Brazilian_presidential_election
2026,1,Real Time,2026-07-18,2026-07-20,2026-07-20,2000,wikipedia_tabela_10,Lula,43.0,0,13.0,https://en.wikipedia.org/wiki/Opinion_polling_for_the_2026_Brazilian_presidential_election
2026,1,Real Time,2026-07-18,2026-07-20,2026-07-20,2000,wikipedia_tabela_10,Ronaldo Caiado,44.0,0,13.0,https://en.wikipedia.org/wiki/Opinion_polling_for_the_2026_Brazilian_presidential_election
2026,1,Real Time,2026-07-18,2026-07-20,2026-07-20,2000,wikipedia_tabela_10,Lula,44.0,0,18.0,https://en.wikipedia.org/wiki/Opinion_polling_for_the_2026_Brazilian_presidential_election
2026,1,Real Time,2026-07-18,2026-07-20,2026-07-20,2000,wikipedia_tabela_10,Romeu Zema,38.0,0,18.0,https://en.wikipedia.org/wiki/Opinion_polling_for_the_2026_Brazilian_presidential_election
2026,1,Real Time,2026-07-18,2026-07-20,2026-07-20,2000,wikipedia_tabela_10,Lula,44.0,0,21.0,https://en.wikipedia.org/wiki/Opinion_polling_for_the_2026_Brazilian_presidential_election
2026,1,Indexa,2026-07-16,2026-07-19,2026-07-19,2000,wikipedia_tabela_10,Lula,46.0,0,15.0,https://en.wikipedia.org/wiki/Opinion_polling_for_the_2026_Brazilian_presidential_election
2026,1,Indexa,2026-07-16,2026-07-19,2026-07-19,2000,wikipedia_tabela_10,Flávio Bolsonaro,39.0,0,15.0,https://en.wikipedia.org/wiki/Opinion_polling_for_the_2026_Brazilian_presidential_election
2026,1,Indexa,2026-07-16,2026-07-19,2026-07-19,2000,wikipedia_tabela_10,Lula,45.0,0,18.0,https://en.wikipedia.org/wiki/Opinion_polling_for_the_2026_Brazilian_presidential_election
2026,1,Indexa,2026-07-16,2026-07-19,2026-07-19,2000,wikipedia_tabela_10,Ronaldo Caiado,37.0,0,18.0,https://en.wikipedia.org/wiki/Opinion_polling_for_the_2026_Brazilian_presidential_election
2026,1,Indexa,2026-07-16,2026-07-19,2026-07-19,2000,wikipedia_tabela_10,Lula,46.0,0,22.0,https://en.wikipedia.org/wiki/Opinion_polling_for_the_2026_Brazilian_presidential_election
2026,1,Indexa,2026-07-16,2026-07-19,2026-07-19,2000,wikipedia_tabela_10,Romeu Zema,32.0,0,22.0,https://en.wikipedia.org/wiki/Opinion_polling_for_the_2026_Brazilian_presidential_election
2026,1,Indexa,2026-07-16,2026-07-19,2026-07-19,2000,wikipedia_tabela_10,Lula,47.0,0,26.0,https://en.wikipedia.org/wiki/Opinion_polling_for_the_2026_Brazilian_presidential_election
2026,1,PoderData,2026-07-12,2026-07-15,2026-07-15,2400,wikipedia_tabela_10,Lula,45.0,0,11.0,https://en.wikipedia.org/wiki/Opinion_polling_for_the_2026_Brazilian_presidential_election
2026,1,PoderData,2026-07-12,2026-07-15,2026-07-15,2400,wikipedia_tabela_10,Flávio Bolsonaro,43.0,0,11.0,https://en.wikipedia.org/wiki/Opinion_polling_for_the_2026_Brazilian_presidential_election
2026,1,PoderData,2026-07-12,2026-07-15,2026-07-15,2400,wikipedia_tabela_10,Lula,44.0,0,14.0,https://en.wikipedia.org/wiki/Opinion_polling_for_the_2026_Brazilian_presidential_election
2026,1,PoderData,2026-07-12,2026-07-15,2026-07-15,2400,wikipedia_tabela_10,Ronaldo Caiado,43.0,0,14.0,https://en.wikipedia.org/wiki/Opinion_polling_for_the_2026_Brazilian_presidential_election
2026,1,PoderData,2026-07-12,2026-07-15,2026-07-15,2400,wikipedia_tabela_10,Lula,44.0,0,15.0,https://en.wikipedia.org/wiki/Opinion_polling_for_the_2026_Brazilian_presidential_election
2026,1,PoderData,2026-07-12,2026-07-15,2026-07-15,2400,wikipedia_tabela_10,Romeu Zema,41.0,0,15.0,https://en.wikipedia.org/wiki/Opinion_polling_for_the_2026_Brazilian_presidential_election
2026,1,PoderData,2026-07-12,2026-07-15,2026-07-15,2400,wikipedia_tabela_10,Lula,43.0,0,19.0,https://en.wikipedia.org/wiki/Opinion_polling_for_the_2026_Brazilian_presidential_election
2026,1,Quaest,2026-07-10,2026-07-13,2026-07-13,2004,wikipedia_tabela_10,Lula,45.0,0,18.0,https://en.wikipedia.org/wiki/Opinion_polling_for_the_2026_Brazilian_presidential_election
2026,1,Quaest,2026-07-10,2026-07-13,2026-07-13,2004,wikipedia_tabela_10,Flávio Bolsonaro,37.0,0,18.0,https://en.wikipedia.org/wiki/Opinion_polling_for_the_2026_Brazilian_presidential_election
2026,1,Quaest,2026-07-10,2026-07-13,2026-07-13,2004,wikipedia_tabela_10,Lula,45.0,0,19.0,https://en.wikipedia.org/wiki/Opinion_polling_for_the_2026_Brazilian_presidential_election
2026,1,Quaest,2026-07-10,2026-07-13,2026-07-13,2004,wikipedia_tabela_10,Ronaldo Caiado,36.0,0,19.0,https://en.wikipedia.org/wiki/Opinion_polling_for_the_2026_Brazilian_presidential_election
2026,1,Quaest,2026-07-10,2026-07-13,2026-07-13,2004,wikipedia_tabela_10,Lula,45.0,0,20.0,https://en.wikipedia.org/wiki/Opinion_polling_for_the_2026_Brazilian_presidential_election
2026,1,Quaest,2026-07-10,2026-07-13,2026-07-13,2004,wikipedia_tabela_10,Romeu Zema,35.0,0,20.0,https://en.wikipedia.org/wiki/Opinion_polling_for_the_2026_Brazilian_presidential_election
2026,1,Quaest,2026-07-10,2026-07-13,2026-07-13,2004,wikipedia_tabela_10,Lula,45.0,0,22.0,https://en.wikipedia.org/wiki/Opinion_polling_for_the_2026_Brazilian_presidential_election
2026,1,Nexus,2026-07-10,2026-07-12,2026-07-12,2003,wikipedia_tabela_10,Lula,47.0,0,9.0,https://en.wikipedia.org/wiki/Opinion_polling_for_the_2026_Brazilian_presidential_election
2026,1,Nexus,2026-07-10,2026-07-12,2026-07-12,2003,wikipedia_tabela_10,Flávio Bolsonaro,44.0,0,9.0,https://en.wikipedia.org/wiki/Opinion_polling_for_the_2026_Brazilian_presidential_election
2026,1,Nexus,2026-07-10,2026-07-12,2026-07-12,2003,wikipedia_tabela_10,Lula,47.0,0,15.0,https://en.wikipedia.org/wiki/Opinion_polling_for_the_2026_Brazilian_presidential_election
2026,1,Nexus,2026-07-10,2026-07-12,2026-07-12,2003,wikipedia_tabela_10,Ronaldo Caiado,38.0,0,15.0,https://en.wikipedia.org/wiki/Opinion_polling_for_the_2026_Brazilian_presidential_election
2026,1,Nexus,2026-07-10,2026-07-12,2026-07-12,2003,wikipedia_tabela_10,Lula,47.0,0,13.0,https://en.wikipedia.org/wiki/Opinion_polling_for_the_2026_Brazilian_presidential_election
2026,1,Nexus,2026-07-10,2026-07-12,2026-07-12,2003,wikipedia_tabela_10,Romeu Zema,40.0,0,13.0,https://en.wikipedia.org/wiki/Opinion_polling_for_the_2026_Brazilian_presidential_election
2026,1,Nexus,2026-07-10,2026-07-12,2026-07-12,2003,wikipedia_tabela_10,Lula,49.0,0,16.0,https://en.wikipedia.org/wiki/Opinion_polling_for_the_2026_Brazilian_presidential_election
2026,1,Futura,2026-07-07,2026-07-11,2026-07-11,2000,wikipedia_tabela_10,Lula,46.3,0,7.6,https://en.wikipedia.org/wiki/Opinion_polling_for_the_2026_Brazilian_presidential_election
2026,1,Futura,2026-07-07,2026-07-11,2026-07-11,2000,wikipedia_tabela_10,Flávio Bolsonaro,46.1,0,7.6,https://en.wikipedia.org/wiki/Opinion_polling_for_the_2026_Brazilian_presidential_election
2026,1,Futura,2026-07-07,2026-07-11,2026-07-11,2000,wikipedia_tabela_10,Lula,45.1,0,15.9,https://en.wikipedia.org/wiki/Opinion_polling_for_the_2026_Brazilian_presidential_election
2026,1,Futura,2026-07-07,2026-07-11,2026-07-11,2000,wikipedia_tabela_10,Ronaldo Caiado,38.9,0,15.9,https://en.wikipedia.org/wiki/Opinion_polling_for_the_2026_Brazilian_presidential_election
2026,1,Futura,2026-07-07,2026-07-11,2026-07-11,2000,wikipedia_tabela_10,Lula,46.0,0,15.9,https://en.wikipedia.org/wiki/Opinion_polling_for_the_2026_Brazilian_presidential_election
2026,1,Futura,2026-07-07,2026-07-11,2026-07-11,2000,wikipedia_tabela_10,Romeu Zema,38.1,0,15.9,https://en.wikipedia.org/wiki/Opinion_polling_for_the_2026_Brazilian_presidential_election
2026,1,Futura,2026-07-07,2026-07-11,2026-07-11,2000,wikipedia_tabela_10,Lula,46.4,0,20.5,https://en.wikipedia.org/wiki/Opinion_polling_for_the_2026_Brazilian_presidential_election
2026,1,Ideia,2026-07-03,2026-07-06,2026-07-06,1500,wikipedia_tabela_10,Lula,45.0,0,15.0,https://en.wikipedia.org/wiki/Opinion_polling_for_the_2026_Brazilian_presidential_election
2026,1,Ideia,2026-07-03,2026-07-06,2026-07-06,1500,wikipedia_tabela_10,Flávio Bolsonaro,40.0,0,15.0,https://en.wikipedia.org/wiki/Opinion_polling_for_the_2026_Brazilian_presidential_election
2026,1,Ideia,2026-07-03,2026-07-06,2026-07-06,1500,wikipedia_tabela_10,Lula,45.0,0,17.4,https://en.wikipedia.org/wiki/Opinion_polling_for_the_2026_Brazilian_presidential_election
2026,1,Ideia,2026-07-03,2026-07-06,2026-07-06,1500,wikipedia_tabela_10,Ronaldo Caiado,37.6,0,17.4,https://en.wikipedia.org/wiki/Opinion_polling_for_the_2026_Brazilian_presidential_election
2026,1,Ideia,2026-07-03,2026-07-06,2026-07-06,1500,wikipedia_tabela_10,Lula,45.0,0,18.0,https://en.wikipedia.org/wiki/Opinion_polling_for_the_2026_Brazilian_presidential_election
2026,1,Ideia,2026-07-03,2026-07-06,2026-07-06,1500,wikipedia_tabela_10,Romeu Zema,37.0,0,18.0,https://en.wikipedia.org/wiki/Opinion_polling_for_the_2026_Brazilian_presidential_election
2026,1,Ideia,2026-07-03,2026-07-06,2026-07-06,1500,wikipedia_tabela_10,Lula,45.0,0,22.0,https://en.wikipedia.org/wiki/Opinion_polling_for_the_2026_Brazilian_presidential_election
2026,1,AtlasIntel,2026-06-26,2026-06-30,2026-06-30,4999,wikipedia_tabela_10,Lula,48.8,0,8.9,https://en.wikipedia.org/wiki/Opinion_polling_for_the_2026_Brazilian_presidential_election
2026,1,AtlasIntel,2026-06-26,2026-06-30,2026-06-30,4999,wikipedia_tabela_10,Flávio Bolsonaro,42.3,0,8.9,https://en.wikipedia.org/wiki/Opinion_polling_for_the_2026_Brazilian_presidential_election
2026,1,AtlasIntel,2026-06-26,2026-06-30,2026-06-30,4999,wikipedia_tabela_10,Lula,48.0,0,13.1,https://en.wikipedia.org/wiki/Opinion_polling_for_the_2026_Brazilian_presidential_election
2026,1,AtlasIntel,2026-06-26,2026-06-30,2026-06-30,4999,wikipedia_tabela_10,Ronaldo Caiado,39.0,0,13.1,https://en.wikipedia.org/wiki/Opinion_polling_for_the_2026_Brazilian_presidential_election
2026,1,AtlasIntel,2026-06-26,2026-06-30,2026-06-30,4999,wikipedia_tabela_10,Lula,48.2,0,13.3,https://en.wikipedia.org/wiki/Opinion_polling_for_the_2026_Brazilian_presidential_election
2026,1,AtlasIntel,2026-06-26,2026-06-30,2026-06-30,4999,wikipedia_tabela_10,Romeu Zema,38.5,0,13.3,https://en.wikipedia.org/wiki/Opinion_polling_for_the_2026_Brazilian_presidential_election
2026,1,AtlasIntel,2026-06-26,2026-06-30,2026-06-30,4999,wikipedia_tabela_10,Lula,49.2,0,21.9,https://en.wikipedia.org/wiki/Opinion_polling_for_the_2026_Brazilian_presidential_election
2026,1,Nexus,2026-06-26,2026-06-28,2026-06-28,2009,wikipedia_tabela_10,Lula,47.0,0,9.0,https://en.wikipedia.org/wiki/Opinion_polling_for_the_2026_Brazilian_presidential_election
2026,1,Nexus,2026-06-26,2026-06-28,2026-06-28,2009,wikipedia_tabela_10,Flávio Bolsonaro,44.0,0,9.0,https://en.wikipedia.org/wiki/Opinion_polling_for_the_2026_Brazilian_presidential_election
2026,1,Nexus,2026-06-26,2026-06-28,2026-06-28,2009,wikipedia_tabela_10,Lula,47.0,0,14.0,https://en.wikipedia.org/wiki/Opinion_polling_for_the_2026_Brazilian_presidential_election
2026,1,Nexus,2026-06-26,2026-06-28,2026-06-28,2009,wikipedia_tabela_10,Ronaldo Caiado,39.0,0,14.0,https://en.wikipedia.org/wiki/Opinion_polling_for_the_2026_Brazilian_presidential_election
2026,1,Nexus,2026-06-26,2026-06-28,2026-06-28,2009,wikipedia_tabela_10,Lula,48.0,0,15.0,https://en.wikipedia.org/wiki/Opinion_polling_for_the_2026_Brazilian_presidential_election
2026,1,Nexus,2026-06-26,2026-06-28,2026-06-28,2009,wikipedia_tabela_10,Romeu Zema,38.0,0,15.0,https://en.wikipedia.org/wiki/Opinion_polling_for_the_2026_Brazilian_presidential_election
2026,1,Nexus,2026-06-26,2026-06-28,2026-06-28,2009,wikipedia_tabela_10,Lula,48.0,0,17.0,https://en.wikipedia.org/wiki/Opinion_polling_for_the_2026_Brazilian_presidential_election
2026,1,Vox Brasil,2026-06-23,2026-06-25,2026-06-25,2100,wikipedia_tabela_10,Lula,45.3,0,11.9,https://en.wikipedia.org/wiki/Opinion_polling_for_the_2026_Brazilian_presidential_election
2026,1,Vox Brasil,2026-06-23,2026-06-25,2026-06-25,2100,wikipedia_tabela_10,Flávio Bolsonaro,42.8,0,11.9,https://en.wikipedia.org/wiki/Opinion_polling_for_the_2026_Brazilian_presidential_election
2026,1,Vox Brasil,2026-06-23,2026-06-25,2026-06-25,2100,wikipedia_tabela_10,Lula,44.6,0,14.6,https://en.wikipedia.org/wiki/Opinion_polling_for_the_2026_Brazilian_presidential_election
2026,1,Vox Brasil,2026-06-23,2026-06-25,2026-06-25,2100,wikipedia_tabela_10,Ronaldo Caiado,40.8,0,14.6,https://en.wikipedia.org/wiki/Opinion_polling_for_the_2026_Brazilian_presidential_election
2026,1,Vox Brasil,2026-06-23,2026-06-25,2026-06-25,2100,wikipedia_tabela_10,Lula,45.5,0,13.2,https://en.wikipedia.org/wiki/Opinion_polling_for_the_2026_Brazilian_presidential_election
2026,1,Vox Brasil,2026-06-23,2026-06-25,2026-06-25,2100,wikipedia_tabela_10,Romeu Zema,41.3,0,13.2,https://en.wikipedia.org/wiki/Opinion_polling_for_the_2026_Brazilian_presidential_election
2026,1,PoderData,2026-06-21,2026-06-24,2026-06-24,2400,wikipedia_tabela_10,Lula,46.0,0,11.0,https://en.wikipedia.org/wiki/Opinion_polling_for_the_2026_Brazilian_presidential_election
2026,1,PoderData,2026-06-21,2026-06-24,2026-06-24,2400,wikipedia_tabela_10,Flávio Bolsonaro,43.0,0,11.0,https://en.wikipedia.org/wiki/Opinion_polling_for_the_2026_Brazilian_presidential_election
2026,1,PoderData,2026-06-21,2026-06-24,2026-06-24,2400,wikipedia_tabela_10,Lula,45.0,0,13.0,https://en.wikipedia.org/wiki/Opinion_polling_for_the_2026_Brazilian_presidential_election
2026,1,PoderData,2026-06-21,2026-06-24,2026-06-24,2400,wikipedia_tabela_10,Ronaldo Caiado,42.0,0,13.0,https://en.wikipedia.org/wiki/Opinion_polling_for_the_2026_Brazilian_presidential_election
2026,1,PoderData,2026-06-21,2026-06-24,2026-06-24,2400,wikipedia_tabela_10,Lula,45.0,0,13.0,https://en.wikipedia.org/wiki/Opinion_polling_for_the_2026_Brazilian_presidential_election
2026,1,PoderData,2026-06-21,2026-06-24,2026-06-24,2400,wikipedia_tabela_10,Romeu Zema,42.0,0,13.0,https://en.wikipedia.org/wiki/Opinion_polling_for_the_2026_Brazilian_presidential_election
2026,1,PoderData,2026-06-21,2026-06-24,2026-06-24,2400,wikipedia_tabela_10,Lula,45.0,0,17.0,https://en.wikipedia.org/wiki/Opinion_polling_for_the_2026_Brazilian_presidential_election
2026,1,Indexa,2026-06-18,2026-06-20,2026-06-20,2000,wikipedia_tabela_10,Lula,47.0,0,13.0,https://en.wikipedia.org/wiki/Opinion_polling_for_the_2026_Brazilian_presidential_election
2026,1,Indexa,2026-06-18,2026-06-20,2026-06-20,2000,wikipedia_tabela_10,Flávio Bolsonaro,40.0,0,13.0,https://en.wikipedia.org/wiki/Opinion_polling_for_the_2026_Brazilian_presidential_election
2026,1,Indexa,2026-06-18,2026-06-20,2026-06-20,2000,wikipedia_tabela_10,Lula,47.0,0,14.0,https://en.wikipedia.org/wiki/Opinion_polling_for_the_2026_Brazilian_presidential_election
2026,1,Indexa,2026-06-18,2026-06-20,2026-06-20,2000,wikipedia_tabela_10,Ronaldo Caiado,39.0,0,14.0,https://en.wikipedia.org/wiki/Opinion_polling_for_the_2026_Brazilian_presidential_election
2026,1,Indexa,2026-06-18,2026-06-20,2026-06-20,2000,wikipedia_tabela_10,Lula,47.0,0,18.0,https://en.wikipedia.org/wiki/Opinion_polling_for_the_2026_Brazilian_presidential_election
2026,1,Indexa,2026-06-18,2026-06-20,2026-06-20,2000,wikipedia_tabela_10,Romeu Zema,36.0,0,18.0,https://en.wikipedia.org/wiki/Opinion_polling_for_the_2026_Brazilian_presidential_election
2026,1,Indexa,2026-06-18,2026-06-20,2026-06-20,2000,wikipedia_tabela_10,Lula,48.0,0,25.0,https://en.wikipedia.org/wiki/Opinion_polling_for_the_2026_Brazilian_presidential_election
2026,1,Datafolha,2026-06-17,2026-06-18,2026-06-18,2004,wikipedia_tabela_10,Lula,47.0,0,9.0,https://en.wikipedia.org/wiki/Opinion_polling_for_the_2026_Brazilian_presidential_election
2026,1,Datafolha,2026-06-17,2026-06-18,2026-06-18,2004,wikipedia_tabela_10,Flávio Bolsonaro,43.0,0,9.0,https://en.wikipedia.org/wiki/Opinion_polling_for_the_2026_Brazilian_presidential_election
2026,1,Datafolha,2026-06-17,2026-06-18,2026-06-18,2004,wikipedia_tabela_10,Lula,47.0,0,12.0,https://en.wikipedia.org/wiki/Opinion_polling_for_the_2026_Brazilian_presidential_election
2026,1,Datafolha,2026-06-17,2026-06-18,2026-06-18,2004,wikipedia_tabela_10,Ronaldo Caiado,41.0,0,12.0,https://en.wikipedia.org/wiki/Opinion_polling_for_the_2026_Brazilian_presidential_election
2026,1,Datafolha,2026-06-17,2026-06-18,2026-06-18,2004,wikipedia_tabela_10,Lula,48.0,0,13.0,https://en.wikipedia.org/wiki/Opinion_polling_for_the_2026_Brazilian_presidential_election
2026,1,Datafolha,2026-06-17,2026-06-18,2026-06-18,2004,wikipedia_tabela_10,Romeu Zema,39.0,0,13.0,https://en.wikipedia.org/wiki/Opinion_polling_for_the_2026_Brazilian_presidential_election
2026,1,Nexus,2026-06-12,2026-06-14,2026-06-14,2017,wikipedia_tabela_10,Lula,49.0,0,9.0,https://en.wikipedia.org/wiki/Opinion_polling_for_the_2026_Brazilian_presidential_election
2026,1,Nexus,2026-06-12,2026-06-14,2026-06-14,2017,wikipedia_tabela_10,Flávio Bolsonaro,43.0,0,9.0,https://en.wikipedia.org/wiki/Opinion_polling_for_the_2026_Brazilian_presidential_election
2026,1,Nexus,2026-06-12,2026-06-14,2026-06-14,2017,wikipedia_tabela_10,Lula,48.0,0,13.0,https://en.wikipedia.org/wiki/Opinion_polling_for_the_2026_Brazilian_presidential_election
2026,1,Nexus,2026-06-12,2026-06-14,2026-06-14,2017,wikipedia_tabela_10,Ronaldo Caiado,39.0,0,13.0,https://en.wikipedia.org/wiki/Opinion_polling_for_the_2026_Brazilian_presidential_election
2026,1,Nexus,2026-06-12,2026-06-14,2026-06-14,2017,wikipedia_tabela_10,Lula,49.0,0,12.0,https://en.wikipedia.org/wiki/Opinion_polling_for_the_2026_Brazilian_presidential_election
2026,1,Nexus,2026-06-12,2026-06-14,2026-06-14,2017,wikipedia_tabela_10,Romeu Zema,39.0,0,12.0,https://en.wikipedia.org/wiki/Opinion_polling_for_the_2026_Brazilian_presidential_election
2026,1,Nexus,2026-06-12,2026-06-14,2026-06-14,2017,wikipedia_tabela_10,Lula,49.0,0,15.0,https://en.wikipedia.org/wiki/Opinion_polling_for_the_2026_Brazilian_presidential_election
2026,1,MDA,2026-06-10,2026-06-14,2026-06-14,2000,wikipedia_tabela_10,Lula,49.3,0,13.9,https://en.wikipedia.org/wiki/Opinion_polling_for_the_2026_Brazilian_presidential_election
2026,1,MDA,2026-06-10,2026-06-14,2026-06-14,2000,wikipedia_tabela_10,Flávio Bolsonaro,36.8,0,13.9,https://en.wikipedia.org/wiki/Opinion_polling_for_the_2026_Brazilian_presidential_election
2026,1,MDA,2026-06-10,2026-06-14,2026-06-14,2000,wikipedia_tabela_10,Lula,48.4,0,19.4,https://en.wikipedia.org/wiki/Opinion_polling_for_the_2026_Brazilian_presidential_election
2026,1,MDA,2026-06-10,2026-06-14,2026-06-14,2000,wikipedia_tabela_10,Ronaldo Caiado,32.2,0,19.4,https://en.wikipedia.org/wiki/Opinion_polling_for_the_2026_Brazilian_presidential_election
2026,1,MDA,2026-06-10,2026-06-14,2026-06-14,2000,wikipedia_tabela_10,Lula,48.8,0,19.6,https://en.wikipedia.org/wiki/Opinion_polling_for_the_2026_Brazilian_presidential_election
2026,1,MDA,2026-06-10,2026-06-14,2026-06-14,2000,wikipedia_tabela_10,Romeu Zema,31.6,0,19.6,https://en.wikipedia.org/wiki/Opinion_polling_for_the_2026_Brazilian_presidential_election
2026,1,MDA,2026-06-10,2026-06-14,2026-06-14,2000,wikipedia_tabela_10,Lula,49.3,0,22.8,https://en.wikipedia.org/wiki/Opinion_polling_for_the_2026_Brazilian_presidential_election
2026,1,MDA,2026-06-10,2026-06-14,2026-06-14,2000,wikipedia_tabela_10,Lula,49.2,0,22.4,https://en.wikipedia.org/wiki/Opinion_polling_for_the_2026_Brazilian_presidential_election
2026,1,MDA,2026-06-10,2026-06-14,2026-06-14,2000,wikipedia_tabela_10,Augusto Cury,28.4,0,22.4,https://en.wikipedia.org/wiki/Opinion_polling_for_the_2026_Brazilian_presidential_election
2026,1,Futura,2026-06-08,2026-06-12,2026-06-12,2000,wikipedia_tabela_10,Lula,48.1,0,9.0,https://en.wikipedia.org/wiki/Opinion_polling_for_the_2026_Brazilian_presidential_election
2026,1,Futura,2026-06-08,2026-06-12,2026-06-12,2000,wikipedia_tabela_10,Flávio Bolsonaro,42.9,0,9.0,https://en.wikipedia.org/wiki/Opinion_polling_for_the_2026_Brazilian_presidential_election
2026,1,Futura,2026-06-08,2026-06-12,2026-06-12,2000,wikipedia_tabela_10,Lula,45.0,0,18.7,https://en.wikipedia.org/wiki/Opinion_polling_for_the_2026_Brazilian_presidential_election
2026,1,Futura,2026-06-08,2026-06-12,2026-06-12,2000,wikipedia_tabela_10,Ronaldo Caiado,36.3,0,18.7,https://en.wikipedia.org/wiki/Opinion_polling_for_the_2026_Brazilian_presidential_election
2026,1,Futura,2026-06-08,2026-06-12,2026-06-12,2000,wikipedia_tabela_10,Lula,48.5,0,16.6,https://en.wikipedia.org/wiki/Opinion_polling_for_the_2026_Brazilian_presidential_election
2026,1,Futura,2026-06-08,2026-06-12,2026-06-12,2000,wikipedia_tabela_10,Romeu Zema,34.9,0,16.6,https://en.wikipedia.org/wiki/Opinion_polling_for_the_2026_Brazilian_presidential_election
2026,1,Futura,2026-06-08,2026-06-12,2026-06-12,2000,wikipedia_tabela_10,Lula,48.3,0,20.9,https://en.wikipedia.org/wiki/Opinion_polling_for_the_2026_Brazilian_presidential_election
2026,1,Quaest,2026-06-03,2026-06-08,2026-06-08,2004,wikipedia_tabela_10,Lula,44.0,0,18.0,https://en.wikipedia.org/wiki/Opinion_polling_for_the_2026_Brazilian_presidential_election
2026,1,Quaest,2026-06-03,2026-06-08,2026-06-08,2004,wikipedia_tabela_10,Flávio Bolsonaro,38.0,0,18.0,https://en.wikipedia.org/wiki/Opinion_polling_for_the_2026_Brazilian_presidential_election
2026,1,Quaest,2026-06-03,2026-06-08,2026-06-08,2004,wikipedia_tabela_10,Lula,45.0,0,20.0,https://en.wikipedia.org/wiki/Opinion_polling_for_the_2026_Brazilian_presidential_election
2026,1,Quaest,2026-06-03,2026-06-08,2026-06-08,2004,wikipedia_tabela_10,Ronaldo Caiado,35.0,0,20.0,https://en.wikipedia.org/wiki/Opinion_polling_for_the_2026_Brazilian_presidential_election
2026,1,Quaest,2026-06-03,2026-06-08,2026-06-08,2004,wikipedia_tabela_10,Lula,45.0,0,20.0,https://en.wikipedia.org/wiki/Opinion_polling_for_the_2026_Brazilian_presidential_election
2026,1,Quaest,2026-06-03,2026-06-08,2026-06-08,2004,wikipedia_tabela_10,Romeu Zema,35.0,0,20.0,https://en.wikipedia.org/wiki/Opinion_polling_for_the_2026_Brazilian_presidential_election
2026,1,Quaest,2026-06-03,2026-06-08,2026-06-08,2004,wikipedia_tabela_10,Lula,45.0,0,24.0,https://en.wikipedia.org/wiki/Opinion_polling_for_the_2026_Brazilian_presidential_election
2026,1,Vox Brasil,2026-06-01,2026-06-03,2026-06-03,2100,wikipedia_tabela_10,Lula,47.8,0,10.9,https://en.wikipedia.org/wiki/Opinion_polling_for_the_2026_Brazilian_presidential_election
2026,1,Vox Brasil,2026-06-01,2026-06-03,2026-06-03,2100,wikipedia_tabela_10,Flávio Bolsonaro,41.3,0,10.9,https://en.wikipedia.org/wiki/Opinion_polling_for_the_2026_Brazilian_presidential_election
2026,1,Vox Brasil,2026-06-01,2026-06-03,2026-06-03,2100,wikipedia_tabela_10,Lula,46.5,0,8.6,https://en.wikipedia.org/wiki/Opinion_polling_for_the_2026_Brazilian_presidential_election
2026,1,Vox Brasil,2026-06-01,2026-06-03,2026-06-03,2100,wikipedia_tabela_10,Ronaldo Caiado,44.9,0,8.6,https://en.wikipedia.org/wiki/Opinion_polling_for_the_2026_Brazilian_presidential_election
2026,1,Vox Brasil,2026-06-01,2026-06-03,2026-06-03,2100,wikipedia_tabela_10,Lula,46.3,0,11.2,https://en.wikipedia.org/wiki/Opinion_polling_for_the_2026_Brazilian_presidential_election
2026,1,Vox Brasil,2026-06-01,2026-06-03,2026-06-03,2100,wikipedia_tabela_10,Romeu Zema,42.5,0,11.2,https://en.wikipedia.org/wiki/Opinion_polling_for_the_2026_Brazilian_presidential_election
2026,1,Real Time,2026-05-29,2026-05-30,2026-05-30,2000,wikipedia_tabela_10,Lula,45.0,0,15.0,https://en.wikipedia.org/wiki/Opinion_polling_for_the_2026_Brazilian_presidential_election
2026,1,Real Time,2026-05-29,2026-05-30,2026-05-30,2000,wikipedia_tabela_10,Flávio Bolsonaro,40.0,0,15.0,https://en.wikipedia.org/wiki/Opinion_polling_for_the_2026_Brazilian_presidential_election
2026,1,Real Time,2026-05-29,2026-05-30,2026-05-30,2000,wikipedia_tabela_10,Lula,43.0,0,14.0,https://en.wikipedia.org/wiki/Opinion_polling_for_the_2026_Brazilian_presidential_election
2026,1,Real Time,2026-05-29,2026-05-30,2026-05-30,2000,wikipedia_tabela_10,Ronaldo Caiado,43.0,0,14.0,https://en.wikipedia.org/wiki/Opinion_polling_for_the_2026_Brazilian_presidential_election
2026,1,Real Time,2026-05-29,2026-05-30,2026-05-30,2000,wikipedia_tabela_10,Lula,43.0,0,17.0,https://en.wikipedia.org/wiki/Opinion_polling_for_the_2026_Brazilian_presidential_election
2026,1,Real Time,2026-05-29,2026-05-30,2026-05-30,2000,wikipedia_tabela_10,Romeu Zema,40.0,0,17.0,https://en.wikipedia.org/wiki/Opinion_polling_for_the_2026_Brazilian_presidential_election
2026,1,Real Time,2026-05-29,2026-05-30,2026-05-30,2000,wikipedia_tabela_10,Lula,46.0,0,24.0,https://en.wikipedia.org/wiki/Opinion_polling_for_the_2026_Brazilian_presidential_election
2026,1,PoderData,2026-05-25,2026-05-28,2026-05-28,2400,wikipedia_tabela_10,Lula,46.0,0,12.0,https://en.wikipedia.org/wiki/Opinion_polling_for_the_2026_Brazilian_presidential_election
2026,1,PoderData,2026-05-25,2026-05-28,2026-05-28,2400,wikipedia_tabela_10,Flávio Bolsonaro,42.0,0,12.0,https://en.wikipedia.org/wiki/Opinion_polling_for_the_2026_Brazilian_presidential_election
2026,1,PoderData,2026-05-25,2026-05-28,2026-05-28,2400,wikipedia_tabela_10,Lula,45.0,0,14.0,https://en.wikipedia.org/wiki/Opinion_polling_for_the_2026_Brazilian_presidential_election
2026,1,PoderData,2026-05-25,2026-05-28,2026-05-28,2400,wikipedia_tabela_10,Ronaldo Caiado,41.0,0,14.0,https://en.wikipedia.org/wiki/Opinion_polling_for_the_2026_Brazilian_presidential_election
2026,1,PoderData,2026-05-25,2026-05-28,2026-05-28,2400,wikipedia_tabela_10,Lula,45.0,0,15.0,https://en.wikipedia.org/wiki/Opinion_polling_for_the_2026_Brazilian_presidential_election
2026,1,PoderData,2026-05-25,2026-05-28,2026-05-28,2400,wikipedia_tabela_10,Romeu Zema,41.0,0,15.0,https://en.wikipedia.org/wiki/Opinion_polling_for_the_2026_Brazilian_presidential_election
2026,1,PoderData,2026-05-25,2026-05-28,2026-05-28,2400,wikipedia_tabela_10,Lula,45.0,0,19.0,https://en.wikipedia.org/wiki/Opinion_polling_for_the_2026_Brazilian_presidential_election
2026,1,Ideia,2026-05-23,2026-05-27,2026-05-27,1500,wikipedia_tabela_10,Lula,46.5,0,12.2,https://en.wikipedia.org/wiki/Opinion_polling_for_the_2026_Brazilian_presidential_election
2026,1,Ideia,2026-05-23,2026-05-27,2026-05-27,1500,wikipedia_tabela_10,Flávio Bolsonaro,41.4,0,12.2,https://en.wikipedia.org/wiki/Opinion_polling_for_the_2026_Brazilian_presidential_election
2026,1,Ideia,2026-05-23,2026-05-27,2026-05-27,1500,wikipedia_tabela_10,Lula,46.0,0,14.0,https://en.wikipedia.org/wiki/Opinion_polling_for_the_2026_Brazilian_presidential_election
2026,1,Ideia,2026-05-23,2026-05-27,2026-05-27,1500,wikipedia_tabela_10,Ronaldo Caiado,40.0,0,14.0,https://en.wikipedia.org/wiki/Opinion_polling_for_the_2026_Brazilian_presidential_election
2026,1,Ideia,2026-05-23,2026-05-27,2026-05-27,1500,wikipedia_tabela_10,Lula,46.0,0,17.0,https://en.wikipedia.org/wiki/Opinion_polling_for_the_2026_Brazilian_presidential_election
2026,1,Ideia,2026-05-23,2026-05-27,2026-05-27,1500,wikipedia_tabela_10,Romeu Zema,37.0,0,17.0,https://en.wikipedia.org/wiki/Opinion_polling_for_the_2026_Brazilian_presidential_election
2026,1,Ideia,2026-05-23,2026-05-27,2026-05-27,1500,wikipedia_tabela_10,Lula,46.0,0,23.0,https://en.wikipedia.org/wiki/Opinion_polling_for_the_2026_Brazilian_presidential_election
2026,1,Indexa,2026-05-22,2026-05-24,2026-05-24,2000,wikipedia_tabela_10,Lula,46.0,0,10.0,https://en.wikipedia.org/wiki/Opinion_polling_for_the_2026_Brazilian_presidential_election
2026,1,Indexa,2026-05-22,2026-05-24,2026-05-24,2000,wikipedia_tabela_10,Flávio Bolsonaro,41.0,0,10.0,https://en.wikipedia.org/wiki/Opinion_polling_for_the_2026_Brazilian_presidential_election
2026,1,Indexa,2026-05-22,2026-05-24,2026-05-24,2000,wikipedia_tabela_10,Lula,47.0,0,14.0,https://en.wikipedia.org/wiki/Opinion_polling_for_the_2026_Brazilian_presidential_election
2026,1,Indexa,2026-05-22,2026-05-24,2026-05-24,2000,wikipedia_tabela_10,Ronaldo Caiado,39.0,0,14.0,https://en.wikipedia.org/wiki/Opinion_polling_for_the_2026_Brazilian_presidential_election
2026,1,Indexa,2026-05-22,2026-05-24,2026-05-24,2000,wikipedia_tabela_10,Lula,47.0,0,16.0,https://en.wikipedia.org/wiki/Opinion_polling_for_the_2026_Brazilian_presidential_election
2026,1,Indexa,2026-05-22,2026-05-24,2026-05-24,2000,wikipedia_tabela_10,Romeu Zema,37.0,0,16.0,https://en.wikipedia.org/wiki/Opinion_polling_for_the_2026_Brazilian_presidential_election
2026,1,Nexus,2026-05-22,2026-05-24,2026-05-24,2045,wikipedia_tabela_10,Lula,47.0,0,10.0,https://en.wikipedia.org/wiki/Opinion_polling_for_the_2026_Brazilian_presidential_election
2026,1,Nexus,2026-05-22,2026-05-24,2026-05-24,2045,wikipedia_tabela_10,Flávio Bolsonaro,43.0,0,10.0,https://en.wikipedia.org/wiki/Opinion_polling_for_the_2026_Brazilian_presidential_election
2026,1,Nexus,2026-05-22,2026-05-24,2026-05-24,2045,wikipedia_tabela_10,Lula,46.0,0,13.0,https://en.wikipedia.org/wiki/Opinion_polling_for_the_2026_Brazilian_presidential_election
2026,1,Nexus,2026-05-22,2026-05-24,2026-05-24,2045,wikipedia_tabela_10,Ronaldo Caiado,40.0,0,13.0,https://en.wikipedia.org/wiki/Opinion_polling_for_the_2026_Brazilian_presidential_election
2026,1,Nexus,2026-05-22,2026-05-24,2026-05-24,2045,wikipedia_tabela_10,Lula,49.0,0,13.0,https://en.wikipedia.org/wiki/Opinion_polling_for_the_2026_Brazilian_presidential_election
2026,1,Nexus,2026-05-22,2026-05-24,2026-05-24,2045,wikipedia_tabela_10,Romeu Zema,38.0,0,13.0,https://en.wikipedia.org/wiki/Opinion_polling_for_the_2026_Brazilian_presidential_election
2026,1,Datafolha,2026-05-20,2026-05-22,2026-05-22,2004,wikipedia_tabela_10,Lula,47.0,0,11.0,https://en.wikipedia.org/wiki/Opinion_polling_for_the_2026_Brazilian_presidential_election
2026,1,Datafolha,2026-05-20,2026-05-22,2026-05-22,2004,wikipedia_tabela_10,Flávio Bolsonaro,43.0,0,11.0,https://en.wikipedia.org/wiki/Opinion_polling_for_the_2026_Brazilian_presidential_election
2026,1,Datafolha,2026-05-20,2026-05-22,2026-05-22,2004,wikipedia_tabela_10,Lula,48.0,0,13.0,https://en.wikipedia.org/wiki/Opinion_polling_for_the_2026_Brazilian_presidential_election
2026,1,Datafolha,2026-05-20,2026-05-22,2026-05-22,2004,wikipedia_tabela_10,Ronaldo Caiado,39.0,0,13.0,https://en.wikipedia.org/wiki/Opinion_polling_for_the_2026_Brazilian_presidential_election
2026,1,Datafolha,2026-05-20,2026-05-22,2026-05-22,2004,wikipedia_tabela_10,Lula,48.0,0,13.0,https://en.wikipedia.org/wiki/Opinion_polling_for_the_2026_Brazilian_presidential_election
2026,1,Datafolha,2026-05-20,2026-05-22,2026-05-22,2004,wikipedia_tabela_10,Romeu Zema,39.0,0,13.0,https://en.wikipedia.org/wiki/Opinion_polling_for_the_2026_Brazilian_presidential_election
2026,1,Futura,2026-05-15,2026-05-20,2026-05-20,2000,wikipedia_tabela_10,Lula,47.7,0,10.2,https://en.wikipedia.org/wiki/Opinion_polling_for_the_2026_Brazilian_presidential_election
2026,1,Futura,2026-05-15,2026-05-20,2026-05-20,2000,wikipedia_tabela_10,Flávio Bolsonaro,42.2,0,10.2,https://en.wikipedia.org/wiki/Opinion_polling_for_the_2026_Brazilian_presidential_election
2026,1,Futura,2026-05-15,2026-05-20,2026-05-20,2000,wikipedia_tabela_10,Lula,47.6,0,15.9,https://en.wikipedia.org/wiki/Opinion_polling_for_the_2026_Brazilian_presidential_election
2026,1,Futura,2026-05-15,2026-05-20,2026-05-20,2000,wikipedia_tabela_10,Ronaldo Caiado,36.5,0,15.9,https://en.wikipedia.org/wiki/Opinion_polling_for_the_2026_Brazilian_presidential_election
2026,1,Futura,2026-05-15,2026-05-20,2026-05-20,2000,wikipedia_tabela_10,Lula,48.3,0,15.8,https://en.wikipedia.org/wiki/Opinion_polling_for_the_2026_Brazilian_presidential_election
2026,1,Futura,2026-05-15,2026-05-20,2026-05-20,2000,wikipedia_tabela_10,Romeu Zema,35.9,0,15.8,https://en.wikipedia.org/wiki/Opinion_polling_for_the_2026_Brazilian_presidential_election
2026,1,Vox Brasil,2026-05-17,2026-05-19,2026-05-19,2100,wikipedia_tabela_10,Lula,46.8,0,15.1,https://en.wikipedia.org/wiki/Opinion_polling_for_the_2026_Brazilian_presidential_election
2026,1,Vox Brasil,2026-05-17,2026-05-19,2026-05-19,2100,wikipedia_tabela_10,Flávio Bolsonaro,38.1,0,15.1,https://en.wikipedia.org/wiki/Opinion_polling_for_the_2026_Brazilian_presidential_election
2026,1,Vox Brasil,2026-05-17,2026-05-19,2026-05-19,2100,wikipedia_tabela_10,Lula,47.8,0,18.1,https://en.wikipedia.org/wiki/Opinion_polling_for_the_2026_Brazilian_presidential_election
2026,1,Vox Brasil,2026-05-17,2026-05-19,2026-05-19,2100,wikipedia_tabela_10,Ronaldo Caiado,34.1,0,18.1,https://en.wikipedia.org/wiki/Opinion_polling_for_the_2026_Brazilian_presidential_election
2026,1,Vox Brasil,2026-05-17,2026-05-19,2026-05-19,2100,wikipedia_tabela_10,Lula,48.5,0,15.2,https://en.wikipedia.org/wiki/Opinion_polling_for_the_2026_Brazilian_presidential_election
2026,1,Vox Brasil,2026-05-17,2026-05-19,2026-05-19,2100,wikipedia_tabela_10,Romeu Zema,36.3,0,15.2,https://en.wikipedia.org/wiki/Opinion_polling_for_the_2026_Brazilian_presidential_election
2026,1,AtlasIntel,2026-05-13,2026-05-18,2026-05-18,5032,wikipedia_tabela_10,Lula,48.9,0,9.3,https://en.wikipedia.org/wiki/Opinion_polling_for_the_2026_Brazilian_presidential_election
2026,1,AtlasIntel,2026-05-13,2026-05-18,2026-05-18,5032,wikipedia_tabela_10,Flávio Bolsonaro,41.8,0,9.3,https://en.wikipedia.org/wiki/Opinion_polling_for_the_2026_Brazilian_presidential_election
2026,1,AtlasIntel,2026-05-13,2026-05-18,2026-05-18,5032,wikipedia_tabela_10,Lula,47.5,0,14.0,https://en.wikipedia.org/wiki/Opinion_polling_for_the_2026_Brazilian_presidential_election
2026,1,AtlasIntel,2026-05-13,2026-05-18,2026-05-18,5032,wikipedia_tabela_10,Ronaldo Caiado,38.5,0,14.0,https://en.wikipedia.org/wiki/Opinion_polling_for_the_2026_Brazilian_presidential_election
2026,1,AtlasIntel,2026-05-13,2026-05-18,2026-05-18,5032,wikipedia_tabela_10,Lula,47.8,0,14.6,https://en.wikipedia.org/wiki/Opinion_polling_for_the_2026_Brazilian_presidential_election
2026,1,AtlasIntel,2026-05-13,2026-05-18,2026-05-18,5032,wikipedia_tabela_10,Romeu Zema,37.6,0,14.6,https://en.wikipedia.org/wiki/Opinion_polling_for_the_2026_Brazilian_presidential_election
2026,1,AtlasIntel,2026-05-13,2026-05-18,2026-05-18,5032,wikipedia_tabela_10,Lula,47.8,0,23.8,https://en.wikipedia.org/wiki/Opinion_polling_for_the_2026_Brazilian_presidential_election
2026,1,nan,2026-05-13,2026-05-13,2026-05-13,79,wikipedia_tabela_10,Lula,79.0,0,79.0,https://en.wikipedia.org/wiki/Opinion_polling_for_the_2026_Brazilian_presidential_election
2026,1,nan,2026-05-13,2026-05-13,2026-05-13,79,wikipedia_tabela_10,Flávio Bolsonaro,79.0,0,79.0,https://en.wikipedia.org/wiki/Opinion_polling_for_the_2026_Brazilian_presidential_election
2026,1,nan,2026-05-13,2026-05-13,2026-05-13,79,wikipedia_tabela_10,Augusto Cury,79.0,0,79.0,https://en.wikipedia.org/wiki/Opinion_polling_for_the_2026_Brazilian_presidential_election
2026,1,nan,2026-05-13,2026-05-13,2026-05-13,79,wikipedia_tabela_10,Ronaldo Caiado,79.0,0,79.0,https://en.wikipedia.org/wiki/Opinion_polling_for_the_2026_Brazilian_presidential_election
2026,1,nan,2026-05-13,2026-05-13,2026-05-13,79,wikipedia_tabela_10,Romeu Zema,79.0,0,79.0,https://en.wikipedia.org/wiki/Opinion_polling_for_the_2026_Brazilian_presidential_election
2026,1,Datafolha,2026-05-12,2026-05-13,2026-05-13,2004,wikipedia_tabela_10,Lula,45.0,0,10.0,https://en.wikipedia.org/wiki/Opinion_polling_for_the_2026_Brazilian_presidential_election
2026,1,Datafolha,2026-05-12,2026-05-13,2026-05-13,2004,wikipedia_tabela_10,Flávio Bolsonaro,45.0,0,10.0,https://en.wikipedia.org/wiki/Opinion_polling_for_the_2026_Brazilian_presidential_election
2026,1,Datafolha,2026-05-12,2026-05-13,2026-05-13,2004,wikipedia_tabela_10,Lula,46.0,0,15.0,https://en.wikipedia.org/wiki/Opinion_polling_for_the_2026_Brazilian_presidential_election
2026,1,Datafolha,2026-05-12,2026-05-13,2026-05-13,2004,wikipedia_tabela_10,Ronaldo Caiado,39.0,0,15.0,https://en.wikipedia.org/wiki/Opinion_polling_for_the_2026_Brazilian_presidential_election
2026,1,Datafolha,2026-05-12,2026-05-13,2026-05-13,2004,wikipedia_tabela_10,Lula,46.0,0,15.0,https://en.wikipedia.org/wiki/Opinion_polling_for_the_2026_Brazilian_presidential_election
2026,1,Datafolha,2026-05-12,2026-05-13,2026-05-13,2004,wikipedia_tabela_10,Romeu Zema,40.0,0,15.0,https://en.wikipedia.org/wiki/Opinion_polling_for_the_2026_Brazilian_presidential_election
2026,1,Vox Brasil,2026-05-09,2026-05-12,2026-05-12,2100,wikipedia_tabela_10,Lula,40.2,0,16.0,https://en.wikipedia.org/wiki/Opinion_polling_for_the_2026_Brazilian_presidential_election
2026,1,Vox Brasil,2026-05-09,2026-05-12,2026-05-12,2100,wikipedia_tabela_10,Flávio Bolsonaro,43.8,0,16.0,https://en.wikipedia.org/wiki/Opinion_polling_for_the_2026_Brazilian_presidential_election
2026,1,Vox Brasil,2026-05-09,2026-05-12,2026-05-12,2100,wikipedia_tabela_10,Lula,42.9,0,24.6,https://en.wikipedia.org/wiki/Opinion_polling_for_the_2026_Brazilian_presidential_election
2026,1,Vox Brasil,2026-05-09,2026-05-12,2026-05-12,2100,wikipedia_tabela_10,Ronaldo Caiado,32.5,0,24.6,https://en.wikipedia.org/wiki/Opinion_polling_for_the_2026_Brazilian_presidential_election
2026,1,Vox Brasil,2026-05-09,2026-05-12,2026-05-12,2100,wikipedia_tabela_10,Lula,43.1,0,22.6,https://en.wikipedia.org/wiki/Opinion_polling_for_the_2026_Brazilian_presidential_election
2026,1,Vox Brasil,2026-05-09,2026-05-12,2026-05-12,2100,wikipedia_tabela_10,Romeu Zema,34.3,0,22.6,https://en.wikipedia.org/wiki/Opinion_polling_for_the_2026_Brazilian_presidential_election
2026,1,Vox Brasil,2026-05-09,2026-05-12,2026-05-12,2100,wikipedia_tabela_10,Lula,44.4,0,29.4,https://en.wikipedia.org/wiki/Opinion_polling_for_the_2026_Brazilian_presidential_election
2026,1,Quaest,2026-05-08,2026-05-11,2026-05-11,2004,wikipedia_tabela_10,Lula,42.0,0,17.0,https://en.wikipedia.org/wiki/Opinion_polling_for_the_2026_Brazilian_presidential_election
2026,1,Quaest,2026-05-08,2026-05-11,2026-05-11,2004,wikipedia_tabela_10,Flávio Bolsonaro,41.0,0,17.0,https://en.wikipedia.org/wiki/Opinion_polling_for_the_2026_Brazilian_presidential_election
2026,1,Quaest,2026-05-08,2026-05-11,2026-05-11,2004,wikipedia_tabela_10,Lula,44.0,0,21.0,https://en.wikipedia.org/wiki/Opinion_polling_for_the_2026_Brazilian_presidential_election
2026,1,Quaest,2026-05-08,2026-05-11,2026-05-11,2004,wikipedia_tabela_10,Ronaldo Caiado,35.0,0,21.0,https://en.wikipedia.org/wiki/Opinion_polling_for_the_2026_Brazilian_presidential_election
2026,1,Quaest,2026-05-08,2026-05-11,2026-05-11,2004,wikipedia_tabela_10,Lula,44.0,0,19.0,https://en.wikipedia.org/wiki/Opinion_polling_for_the_2026_Brazilian_presidential_election
2026,1,Quaest,2026-05-08,2026-05-11,2026-05-11,2004,wikipedia_tabela_10,Romeu Zema,37.0,0,19.0,https://en.wikipedia.org/wiki/Opinion_polling_for_the_2026_Brazilian_presidential_election
2026,1,Quaest,2026-05-08,2026-05-11,2026-05-11,2004,wikipedia_tabela_10,Lula,45.0,0,27.0,https://en.wikipedia.org/wiki/Opinion_polling_for_the_2026_Brazilian_presidential_election
2026,1,Futura,2026-05-04,2026-05-08,2026-05-08,2000,wikipedia_tabela_10,Lula,44.4,0,8.6,https://en.wikipedia.org/wiki/Opinion_polling_for_the_2026_Brazilian_presidential_election
2026,1,Futura,2026-05-04,2026-05-08,2026-05-08,2000,wikipedia_tabela_10,Flávio Bolsonaro,46.9,0,8.6,https://en.wikipedia.org/wiki/Opinion_polling_for_the_2026_Brazilian_presidential_election
2026,1,Futura,2026-05-04,2026-05-08,2026-05-08,2000,wikipedia_tabela_10,Lula,45.1,0,17.9,https://en.wikipedia.org/wiki/Opinion_polling_for_the_2026_Brazilian_presidential_election
2026,1,Futura,2026-05-04,2026-05-08,2026-05-08,2000,wikipedia_tabela_10,Ronaldo Caiado,36.9,0,17.9,https://en.wikipedia.org/wiki/Opinion_polling_for_the_2026_Brazilian_presidential_election
2026,1,Futura,2026-05-04,2026-05-08,2026-05-08,2000,wikipedia_tabela_10,Lula,46.0,0,16.3,https://en.wikipedia.org/wiki/Opinion_polling_for_the_2026_Brazilian_presidential_election
2026,1,Futura,2026-05-04,2026-05-08,2026-05-08,2000,wikipedia_tabela_10,Romeu Zema,37.8,0,16.3,https://en.wikipedia.org/wiki/Opinion_polling_for_the_2026_Brazilian_presidential_election
2026,1,Ideia,2026-05-01,2026-05-05,2026-05-05,1500,wikipedia_tabela_10,Lula,44.7,0,10.0,https://en.wikipedia.org/wiki/Opinion_polling_for_the_2026_Brazilian_presidential_election
2026,1,Ideia,2026-05-01,2026-05-05,2026-05-05,1500,wikipedia_tabela_10,Flávio Bolsonaro,45.3,0,10.0,https://en.wikipedia.org/wiki/Opinion_polling_for_the_2026_Brazilian_presidential_election
2026,1,Ideia,2026-05-01,2026-05-05,2026-05-05,1500,wikipedia_tabela_10,Lula,44.7,0,15.5,https://en.wikipedia.org/wiki/Opinion_polling_for_the_2026_Brazilian_presidential_election
2026,1,Ideia,2026-05-01,2026-05-05,2026-05-05,1500,wikipedia_tabela_10,Ronaldo Caiado,40.0,0,15.5,https://en.wikipedia.org/wiki/Opinion_polling_for_the_2026_Brazilian_presidential_election
2026,1,Ideia,2026-05-01,2026-05-05,2026-05-05,1500,wikipedia_tabela_10,Lula,44.0,0,17.0,https://en.wikipedia.org/wiki/Opinion_polling_for_the_2026_Brazilian_presidential_election
2026,1,Ideia,2026-05-01,2026-05-05,2026-05-05,1500,wikipedia_tabela_10,Romeu Zema,39.0,0,17.0,https://en.wikipedia.org/wiki/Opinion_polling_for_the_2026_Brazilian_presidential_election
2026,1,Ideia,2026-05-01,2026-05-05,2026-05-05,1500,wikipedia_tabela_10,Lula,44.7,0,27.7,https://en.wikipedia.org/wiki/Opinion_polling_for_the_2026_Brazilian_presidential_election
2026,1,Real Time,2026-05-02,2026-05-04,2026-05-04,2000,wikipedia_tabela_10,Lula,43.0,0,13.0,https://en.wikipedia.org/wiki/Opinion_polling_for_the_2026_Brazilian_presidential_election
2026,1,Real Time,2026-05-02,2026-05-04,2026-05-04,2000,wikipedia_tabela_10,Flávio Bolsonaro,44.0,0,13.0,https://en.wikipedia.org/wiki/Opinion_polling_for_the_2026_Brazilian_presidential_election
2026,1,Real Time,2026-05-02,2026-05-04,2026-05-04,2000,wikipedia_tabela_10,Lula,43.0,0,15.0,https://en.wikipedia.org/wiki/Opinion_polling_for_the_2026_Brazilian_presidential_election
2026,1,Real Time,2026-05-02,2026-05-04,2026-05-04,2000,wikipedia_tabela_10,Ronaldo Caiado,42.0,0,15.0,https://en.wikipedia.org/wiki/Opinion_polling_for_the_2026_Brazilian_presidential_election
2026,1,Real Time,2026-05-02,2026-05-04,2026-05-04,2000,wikipedia_tabela_10,Lula,43.0,0,18.0,https://en.wikipedia.org/wiki/Opinion_polling_for_the_2026_Brazilian_presidential_election
2026,1,Real Time,2026-05-02,2026-05-04,2026-05-04,2000,wikipedia_tabela_10,Romeu Zema,39.0,0,18.0,https://en.wikipedia.org/wiki/Opinion_polling_for_the_2026_Brazilian_presidential_election
2026,1,Real Time,2026-05-02,2026-05-04,2026-05-04,2000,wikipedia_tabela_10,Lula,48.0,0,28.0,https://en.wikipedia.org/wiki/Opinion_polling_for_the_2026_Brazilian_presidential_election
2026,1,AtlasIntel,2026-04-22,2026-04-27,2026-04-27,5008,wikipedia_tabela_10,Lula,47.5,0,4.7,https://en.wikipedia.org/wiki/Opinion_polling_for_the_2026_Brazilian_presidential_election
2026,1,AtlasIntel,2026-04-22,2026-04-27,2026-04-27,5008,wikipedia_tabela_10,Flávio Bolsonaro,47.8,0,4.7,https://en.wikipedia.org/wiki/Opinion_polling_for_the_2026_Brazilian_presidential_election
2026,1,AtlasIntel,2026-04-22,2026-04-27,2026-04-27,5008,wikipedia_tabela_10,Lula,46.8,0,11.0,https://en.wikipedia.org/wiki/Opinion_polling_for_the_2026_Brazilian_presidential_election
2026,1,AtlasIntel,2026-04-22,2026-04-27,2026-04-27,5008,wikipedia_tabela_10,Ronaldo Caiado,42.2,0,11.0,https://en.wikipedia.org/wiki/Opinion_polling_for_the_2026_Brazilian_presidential_election
2026,1,AtlasIntel,2026-04-22,2026-04-27,2026-04-27,5008,wikipedia_tabela_10,Lula,47.4,0,6.1,https://en.wikipedia.org/wiki/Opinion_polling_for_the_2026_Brazilian_presidential_election
2026,1,AtlasIntel,2026-04-22,2026-04-27,2026-04-27,5008,wikipedia_tabela_10,Romeu Zema,46.5,0,6.1,https://en.wikipedia.org/wiki/Opinion_polling_for_the_2026_Brazilian_presidential_election
2026,1,AtlasIntel,2026-04-22,2026-04-27,2026-04-27,5008,wikipedia_tabela_10,Lula,47.1,0,23.5,https://en.wikipedia.org/wiki/Opinion_polling_for_the_2026_Brazilian_presidential_election
2026,1,Nexus,2026-04-24,2026-04-26,2026-04-26,2028,wikipedia_tabela_10,Lula,46.0,0,9.0,https://en.wikipedia.org/wiki/Opinion_polling_for_the_2026_Brazilian_presidential_election
2026,1,Nexus,2026-04-24,2026-04-26,2026-04-26,2028,wikipedia_tabela_10,Flávio Bolsonaro,45.0,0,9.0,https://en.wikipedia.org/wiki/Opinion_polling_for_the_2026_Brazilian_presidential_election
2026,1,Nexus,2026-04-24,2026-04-26,2026-04-26,2028,wikipedia_tabela_10,Lula,45.0,0,13.0,https://en.wikipedia.org/wiki/Opinion_polling_for_the_2026_Brazilian_presidential_election
2026,1,Nexus,2026-04-24,2026-04-26,2026-04-26,2028,wikipedia_tabela_10,Ronaldo Caiado,41.0,0,13.0,https://en.wikipedia.org/wiki/Opinion_polling_for_the_2026_Brazilian_presidential_election
2026,1,Nexus,2026-04-24,2026-04-26,2026-04-26,2028,wikipedia_tabela_10,Lula,45.0,0,14.0,https://en.wikipedia.org/wiki/Opinion_polling_for_the_2026_Brazilian_presidential_election
2026,1,Nexus,2026-04-24,2026-04-26,2026-04-26,2028,wikipedia_tabela_10,Romeu Zema,41.0,0,14.0,https://en.wikipedia.org/wiki/Opinion_polling_for_the_2026_Brazilian_presidential_election
2026,1,Quaest,2026-04-09,2026-04-13,2026-04-13,2004,wikipedia_tabela_10,Lula,40.0,0,18.0,https://en.wikipedia.org/wiki/Opinion_polling_for_the_2026_Brazilian_presidential_election
2026,1,Quaest,2026-04-09,2026-04-13,2026-04-13,2004,wikipedia_tabela_10,Flávio Bolsonaro,42.0,0,18.0,https://en.wikipedia.org/wiki/Opinion_polling_for_the_2026_Brazilian_presidential_election
2026,1,Quaest,2026-04-09,2026-04-13,2026-04-13,2004,wikipedia_tabela_10,Lula,43.0,0,22.0,https://en.wikipedia.org/wiki/Opinion_polling_for_the_2026_Brazilian_presidential_election
2026,1,Quaest,2026-04-09,2026-04-13,2026-04-13,2004,wikipedia_tabela_10,Ronaldo Caiado,35.0,0,22.0,https://en.wikipedia.org/wiki/Opinion_polling_for_the_2026_Brazilian_presidential_election
2026,1,Quaest,2026-04-09,2026-04-13,2026-04-13,2004,wikipedia_tabela_10,Lula,43.0,0,21.0,https://en.wikipedia.org/wiki/Opinion_polling_for_the_2026_Brazilian_presidential_election
2026,1,Quaest,2026-04-09,2026-04-13,2026-04-13,2004,wikipedia_tabela_10,Romeu Zema,36.0,0,21.0,https://en.wikipedia.org/wiki/Opinion_polling_for_the_2026_Brazilian_presidential_election
2026,1,Quaest,2026-04-09,2026-04-13,2026-04-13,2004,wikipedia_tabela_10,Lula,44.0,0,32.0,https://en.wikipedia.org/wiki/Opinion_polling_for_the_2026_Brazilian_presidential_election
2026,1,Quaest,2026-04-09,2026-04-13,2026-04-13,2004,wikipedia_tabela_10,Lula,44.0,0,33.0,https://en.wikipedia.org/wiki/Opinion_polling_for_the_2026_Brazilian_presidential_election
2026,1,Quaest,2026-04-09,2026-04-13,2026-04-13,2004,wikipedia_tabela_10,Augusto Cury,23.0,0,33.0,https://en.wikipedia.org/wiki/Opinion_polling_for_the_2026_Brazilian_presidential_election
2026,1,MDA,2026-04-08,2026-04-12,2026-04-12,2002,wikipedia_tabela_10,Lula,44.9,0,14.9,https://en.wikipedia.org/wiki/Opinion_polling_for_the_2026_Brazilian_presidential_election
2026,1,MDA,2026-04-08,2026-04-12,2026-04-12,2002,wikipedia_tabela_10,Flávio Bolsonaro,40.2,0,14.9,https://en.wikipedia.org/wiki/Opinion_polling_for_the_2026_Brazilian_presidential_election
2026,1,MDA,2026-04-08,2026-04-12,2026-04-12,2002,wikipedia_tabela_10,Lula,44.4,0,22.9,https://en.wikipedia.org/wiki/Opinion_polling_for_the_2026_Brazilian_presidential_election
2026,1,MDA,2026-04-08,2026-04-12,2026-04-12,2002,wikipedia_tabela_10,Ronaldo Caiado,32.7,0,22.9,https://en.wikipedia.org/wiki/Opinion_polling_for_the_2026_Brazilian_presidential_election
2026,1,MDA,2026-04-08,2026-04-12,2026-04-12,2002,wikipedia_tabela_10,Lula,45.2,0,23.2,https://en.wikipedia.org/wiki/Opinion_polling_for_the_2026_Brazilian_presidential_election
2026,1,MDA,2026-04-08,2026-04-12,2026-04-12,2002,wikipedia_tabela_10,Romeu Zema,31.6,0,23.2,https://en.wikipedia.org/wiki/Opinion_polling_for_the_2026_Brazilian_presidential_election
2026,1,MDA,2026-04-08,2026-04-12,2026-04-12,2002,wikipedia_tabela_10,Lula,45.0,0,26.7,https://en.wikipedia.org/wiki/Opinion_polling_for_the_2026_Brazilian_presidential_election
2026,1,Futura,2026-04-07,2026-04-11,2026-04-11,2000,wikipedia_tabela_10,Lula,42.6,0,9.4,https://en.wikipedia.org/wiki/Opinion_polling_for_the_2026_Brazilian_presidential_election
2026,1,Futura,2026-04-07,2026-04-11,2026-04-11,2000,wikipedia_tabela_10,Flávio Bolsonaro,48.0,0,9.4,https://en.wikipedia.org/wiki/Opinion_polling_for_the_2026_Brazilian_presidential_election
2026,1,Futura,2026-04-07,2026-04-11,2026-04-11,2000,wikipedia_tabela_10,Lula,43.9,0,17.2,https://en.wikipedia.org/wiki/Opinion_polling_for_the_2026_Brazilian_presidential_election
2026,1,Futura,2026-04-07,2026-04-11,2026-04-11,2000,wikipedia_tabela_10,Ronaldo Caiado,38.8,0,17.2,https://en.wikipedia.org/wiki/Opinion_polling_for_the_2026_Brazilian_presidential_election
2026,1,Futura,2026-04-07,2026-04-11,2026-04-11,2000,wikipedia_tabela_10,Lula,44.8,0,17.1,https://en.wikipedia.org/wiki/Opinion_polling_for_the_2026_Brazilian_presidential_election
2026,1,Futura,2026-04-07,2026-04-11,2026-04-11,2000,wikipedia_tabela_10,Romeu Zema,38.0,0,17.1,https://en.wikipedia.org/wiki/Opinion_polling_for_the_2026_Brazilian_presidential_election
2026,1,Datafolha,2026-04-07,2026-04-09,2026-04-09,2004,wikipedia_tabela_10,Lula,45.0,0,9.0,https://en.wikipedia.org/wiki/Opinion_polling_for_the_2026_Brazilian_presidential_election
2026,1,Datafolha,2026-04-07,2026-04-09,2026-04-09,2004,wikipedia_tabela_10,Flávio Bolsonaro,46.0,0,9.0,https://en.wikipedia.org/wiki/Opinion_polling_for_the_2026_Brazilian_presidential_election
2026,1,Datafolha,2026-04-07,2026-04-09,2026-04-09,2004,wikipedia_tabela_10,Lula,45.0,0,13.0,https://en.wikipedia.org/wiki/Opinion_polling_for_the_2026_Brazilian_presidential_election
2026,1,Datafolha,2026-04-07,2026-04-09,2026-04-09,2004,wikipedia_tabela_10,Ronaldo Caiado,42.0,0,13.0,https://en.wikipedia.org/wiki/Opinion_polling_for_the_2026_Brazilian_presidential_election
2026,1,Datafolha,2026-04-07,2026-04-09,2026-04-09,2004,wikipedia_tabela_10,Lula,45.0,0,13.0,https://en.wikipedia.org/wiki/Opinion_polling_for_the_2026_Brazilian_presidential_election
2026,1,Datafolha,2026-04-07,2026-04-09,2026-04-09,2004,wikipedia_tabela_10,Romeu Zema,42.0,0,13.0,https://en.wikipedia.org/wiki/Opinion_polling_for_the_2026_Brazilian_presidential_election
2026,1,Ideia,2026-04-03,2026-04-07,2026-04-07,1500,wikipedia_tabela_10,Lula,45.5,0,8.7,https://en.wikipedia.org/wiki/Opinion_polling_for_the_2026_Brazilian_presidential_election
2026,1,Ideia,2026-04-03,2026-04-07,2026-04-07,1500,wikipedia_tabela_10,Flávio Bolsonaro,45.8,0,8.7,https://en.wikipedia.org/wiki/Opinion_polling_for_the_2026_Brazilian_presidential_election
2026,1,Ideia,2026-04-03,2026-04-07,2026-04-07,1500,wikipedia_tabela_10,Lula,45.0,0,16.0,https://en.wikipedia.org/wiki/Opinion_polling_for_the_2026_Brazilian_presidential_election
2026,1,Ideia,2026-04-03,2026-04-07,2026-04-07,1500,wikipedia_tabela_10,Ronaldo Caiado,39.0,0,16.0,https://en.wikipedia.org/wiki/Opinion_polling_for_the_2026_Brazilian_presidential_election
2026,1,Ideia,2026-04-03,2026-04-07,2026-04-07,1500,wikipedia_tabela_10,Lula,44.7,0,16.6,https://en.wikipedia.org/wiki/Opinion_polling_for_the_2026_Brazilian_presidential_election
2026,1,Ideia,2026-04-03,2026-04-07,2026-04-07,1500,wikipedia_tabela_10,Romeu Zema,38.7,0,16.6,https://en.wikipedia.org/wiki/Opinion_polling_for_the_2026_Brazilian_presidential_election
2026,1,Ideia,2026-04-03,2026-04-07,2026-04-07,1500,wikipedia_tabela_10,Lula,45.0,0,28.6,https://en.wikipedia.org/wiki/Opinion_polling_for_the_2026_Brazilian_presidential_election
2026,1,Nexus,2026-03-27,2026-03-29,2026-03-29,2000,wikipedia_tabela_11,Lula,46.0,0,7.0,https://en.wikipedia.org/wiki/Opinion_polling_for_the_2026_Brazilian_presidential_election
2026,1,Nexus,2026-03-27,2026-03-29,2026-03-29,2000,wikipedia_tabela_11,Flávio Bolsonaro,46.0,0,7.0,https://en.wikipedia.org/wiki/Opinion_polling_for_the_2026_Brazilian_presidential_election
2026,1,Nexus,2026-03-27,2026-03-29,2026-03-29,2000,wikipedia_tabela_11,Lula,46.0,0,13.0,https://en.wikipedia.org/wiki/Opinion_polling_for_the_2026_Brazilian_presidential_election
2026,1,Nexus,2026-03-27,2026-03-29,2026-03-29,2000,wikipedia_tabela_11,Ronaldo Caiado,41.0,0,13.0,https://en.wikipedia.org/wiki/Opinion_polling_for_the_2026_Brazilian_presidential_election
2026,1,Nexus,2026-03-27,2026-03-29,2026-03-29,2000,wikipedia_tabela_11,Lula,46.0,0,14.0,https://en.wikipedia.org/wiki/Opinion_polling_for_the_2026_Brazilian_presidential_election
2026,1,Nexus,2026-03-27,2026-03-29,2026-03-29,2000,wikipedia_tabela_11,Romeu Zema,40.0,0,14.0,https://en.wikipedia.org/wiki/Opinion_polling_for_the_2026_Brazilian_presidential_election
2026,1,Paraná Pesquisas,2026-03-25,2026-03-28,2026-03-28,2080,wikipedia_tabela_11,Lula,44.1,0,10.7,https://en.wikipedia.org/wiki/Opinion_polling_for_the_2026_Brazilian_presidential_election
2026,1,Paraná Pesquisas,2026-03-25,2026-03-28,2026-03-28,2080,wikipedia_tabela_11,Flávio Bolsonaro,45.2,0,10.7,https://en.wikipedia.org/wiki/Opinion_polling_for_the_2026_Brazilian_presidential_election
2026,1,Gerp,2026-03-20,2026-03-25,2026-03-25,2000,wikipedia_tabela_11,Lula,45.0,0,8.0,https://en.wikipedia.org/wiki/Opinion_polling_for_the_2026_Brazilian_presidential_election
2026,1,Gerp,2026-03-20,2026-03-25,2026-03-25,2000,wikipedia_tabela_11,Flávio Bolsonaro,48.0,0,8.0,https://en.wikipedia.org/wiki/Opinion_polling_for_the_2026_Brazilian_presidential_election
2026,1,AtlasIntel,2026-03-18,2026-03-23,2026-03-23,5028,wikipedia_tabela_11,Lula,46.6,0,5.8,https://en.wikipedia.org/wiki/Opinion_polling_for_the_2026_Brazilian_presidential_election
2026,1,AtlasIntel,2026-03-18,2026-03-23,2026-03-23,5028,wikipedia_tabela_11,Flávio Bolsonaro,47.6,0,5.8,https://en.wikipedia.org/wiki/Opinion_polling_for_the_2026_Brazilian_presidential_election
2026,1,AtlasIntel,2026-03-18,2026-03-23,2026-03-23,5028,wikipedia_tabela_11,Lula,46.3,0,6.5,https://en.wikipedia.org/wiki/Opinion_polling_for_the_2026_Brazilian_presidential_election
2026,1,AtlasIntel,2026-03-18,2026-03-23,2026-03-23,5028,wikipedia_tabela_11,Lula,46.2,0,17.1,https://en.wikipedia.org/wiki/Opinion_polling_for_the_2026_Brazilian_presidential_election
2026,1,AtlasIntel,2026-03-18,2026-03-23,2026-03-23,5028,wikipedia_tabela_11,Ronaldo Caiado,36.7,0,17.1,https://en.wikipedia.org/wiki/Opinion_polling_for_the_2026_Brazilian_presidential_election
2026,1,AtlasIntel,2026-03-18,2026-03-23,2026-03-23,5028,wikipedia_tabela_11,Lula,46.6,0,9.8,https://en.wikipedia.org/wiki/Opinion_polling_for_the_2026_Brazilian_presidential_election
2026,1,AtlasIntel,2026-03-18,2026-03-23,2026-03-23,5028,wikipedia_tabela_11,Romeu Zema,43.7,0,9.8,https://en.wikipedia.org/wiki/Opinion_polling_for_the_2026_Brazilian_presidential_election
2026,1,Ideia,2026-03-06,2026-03-10,2026-03-10,1500,wikipedia_tabela_11,Lula,47.4,0,7.3,https://en.wikipedia.org/wiki/Opinion_polling_for_the_2026_Brazilian_presidential_election
2026,1,Ideia,2026-03-06,2026-03-10,2026-03-10,1500,wikipedia_tabela_11,Flávio Bolsonaro,45.3,0,7.3,https://en.wikipedia.org/wiki/Opinion_polling_for_the_2026_Brazilian_presidential_election
2026,1,Ideia,2026-03-06,2026-03-10,2026-03-10,1500,wikipedia_tabela_11,Lula,46.4,0,8.8,https://en.wikipedia.org/wiki/Opinion_polling_for_the_2026_Brazilian_presidential_election
2026,1,Ideia,2026-03-06,2026-03-10,2026-03-10,1500,wikipedia_tabela_11,Lula,46.5,0,16.1,https://en.wikipedia.org/wiki/Opinion_polling_for_the_2026_Brazilian_presidential_election
2026,1,Ideia,2026-03-06,2026-03-10,2026-03-10,1500,wikipedia_tabela_11,Ronaldo Caiado,37.5,0,16.1,https://en.wikipedia.org/wiki/Opinion_polling_for_the_2026_Brazilian_presidential_election
2026,1,Ideia,2026-03-06,2026-03-10,2026-03-10,1500,wikipedia_tabela_11,Lula,46.5,0,12.7,https://en.wikipedia.org/wiki/Opinion_polling_for_the_2026_Brazilian_presidential_election
2026,1,Ideia,2026-03-06,2026-03-10,2026-03-10,1500,wikipedia_tabela_11,Lula,46.1,0,16.0,https://en.wikipedia.org/wiki/Opinion_polling_for_the_2026_Brazilian_presidential_election
2026,1,Ideia,2026-03-06,2026-03-10,2026-03-10,1500,wikipedia_tabela_11,Romeu Zema,38.0,0,16.0,https://en.wikipedia.org/wiki/Opinion_polling_for_the_2026_Brazilian_presidential_election
2026,1,Quaest,2026-03-06,2026-03-09,2026-03-09,2004,wikipedia_tabela_11,Lula,41.0,0,18.0,https://en.wikipedia.org/wiki/Opinion_polling_for_the_2026_Brazilian_presidential_election
2026,1,Quaest,2026-03-06,2026-03-09,2026-03-09,2004,wikipedia_tabela_11,Flávio Bolsonaro,41.0,0,18.0,https://en.wikipedia.org/wiki/Opinion_polling_for_the_2026_Brazilian_presidential_election
2026,1,Quaest,2026-03-06,2026-03-09,2026-03-09,2004,wikipedia_tabela_11,Lula,44.0,0,24.0,https://en.wikipedia.org/wiki/Opinion_polling_for_the_2026_Brazilian_presidential_election
2026,1,Quaest,2026-03-06,2026-03-09,2026-03-09,2004,wikipedia_tabela_11,Ronaldo Caiado,32.0,0,24.0,https://en.wikipedia.org/wiki/Opinion_polling_for_the_2026_Brazilian_presidential_election
2026,1,Quaest,2026-03-06,2026-03-09,2026-03-09,2004,wikipedia_tabela_11,Lula,42.0,0,25.0,https://en.wikipedia.org/wiki/Opinion_polling_for_the_2026_Brazilian_presidential_election
2026,1,Quaest,2026-03-06,2026-03-09,2026-03-09,2004,wikipedia_tabela_11,Lula,44.0,0,22.0,https://en.wikipedia.org/wiki/Opinion_polling_for_the_2026_Brazilian_presidential_election
2026,1,Quaest,2026-03-06,2026-03-09,2026-03-09,2004,wikipedia_tabela_11,Romeu Zema,34.0,0,22.0,https://en.wikipedia.org/wiki/Opinion_polling_for_the_2026_Brazilian_presidential_election
2026,1,Futura,2026-03-02,2026-03-06,2026-03-06,2000,wikipedia_tabela_11,Lula,40.5,0,10.7,https://en.wikipedia.org/wiki/Opinion_polling_for_the_2026_Brazilian_presidential_election
2026,1,Futura,2026-03-02,2026-03-06,2026-03-06,2000,wikipedia_tabela_11,Flávio Bolsonaro,48.8,0,10.7,https://en.wikipedia.org/wiki/Opinion_polling_for_the_2026_Brazilian_presidential_election
2026,1,Futura,2026-03-02,2026-03-06,2026-03-06,2000,wikipedia_tabela_11,Lula,41.4,0,13.1,https://en.wikipedia.org/wiki/Opinion_polling_for_the_2026_Brazilian_presidential_election
2026,1,Datafolha,2026-03-03,2026-03-05,2026-03-05,2004,wikipedia_tabela_11,Lula,46.0,0,11.0,https://en.wikipedia.org/wiki/Opinion_polling_for_the_2026_Brazilian_presidential_election
2026,1,Datafolha,2026-03-03,2026-03-05,2026-03-05,2004,wikipedia_tabela_11,Flávio Bolsonaro,43.0,0,11.0,https://en.wikipedia.org/wiki/Opinion_polling_for_the_2026_Brazilian_presidential_election
2026,1,Datafolha,2026-03-03,2026-03-05,2026-03-05,2004,wikipedia_tabela_11,Lula,45.0,0,13.0,https://en.wikipedia.org/wiki/Opinion_polling_for_the_2026_Brazilian_presidential_election
2026,1,Datafolha,2026-03-03,2026-03-05,2026-03-05,2004,wikipedia_tabela_11,Lula,46.0,0,18.0,https://en.wikipedia.org/wiki/Opinion_polling_for_the_2026_Brazilian_presidential_election
2026,1,Datafolha,2026-03-03,2026-03-05,2026-03-05,2004,wikipedia_tabela_11,Ronaldo Caiado,36.0,0,18.0,https://en.wikipedia.org/wiki/Opinion_polling_for_the_2026_Brazilian_presidential_election
2026,1,Datafolha,2026-03-03,2026-03-05,2026-03-05,2004,wikipedia_tabela_11,Lula,45.0,0,15.0,https://en.wikipedia.org/wiki/Opinion_polling_for_the_2026_Brazilian_presidential_election
2026,1,Real Time,2026-02-28,2026-03-02,2026-03-02,2000,wikipedia_tabela_11,Lula,42.0,0,17.0,https://en.wikipedia.org/wiki/Opinion_polling_for_the_2026_Brazilian_presidential_election
2026,1,Real Time,2026-02-28,2026-03-02,2026-03-02,2000,wikipedia_tabela_11,Flávio Bolsonaro,41.0,0,17.0,https://en.wikipedia.org/wiki/Opinion_polling_for_the_2026_Brazilian_presidential_election
2026,1,Real Time,2026-02-28,2026-03-02,2026-03-02,2000,wikipedia_tabela_11,Lula,45.0,0,19.0,https://en.wikipedia.org/wiki/Opinion_polling_for_the_2026_Brazilian_presidential_election
2026,1,Real Time,2026-02-28,2026-03-02,2026-03-02,2000,wikipedia_tabela_11,Ronaldo Caiado,36.0,0,19.0,https://en.wikipedia.org/wiki/Opinion_polling_for_the_2026_Brazilian_presidential_election
2026,1,Real Time,2026-02-28,2026-03-02,2026-03-02,2000,wikipedia_tabela_11,Lula,43.0,0,18.0,https://en.wikipedia.org/wiki/Opinion_polling_for_the_2026_Brazilian_presidential_election
2026,1,Real Time,2026-02-28,2026-03-02,2026-03-02,2000,wikipedia_tabela_11,Lula,44.0,0,21.0,https://en.wikipedia.org/wiki/Opinion_polling_for_the_2026_Brazilian_presidential_election
2026,1,Real Time,2026-02-28,2026-03-02,2026-03-02,2000,wikipedia_tabela_11,Romeu Zema,35.0,0,21.0,https://en.wikipedia.org/wiki/Opinion_polling_for_the_2026_Brazilian_presidential_election
2026,1,Paraná Pesquisas,2026-02-22,2026-02-25,2026-02-25,2080,wikipedia_tabela_11,Lula,43.8,0,11.9,https://en.wikipedia.org/wiki/Opinion_polling_for_the_2026_Brazilian_presidential_election
2026,1,Paraná Pesquisas,2026-02-22,2026-02-25,2026-02-25,2080,wikipedia_tabela_11,Flávio Bolsonaro,44.4,0,11.9,https://en.wikipedia.org/wiki/Opinion_polling_for_the_2026_Brazilian_presidential_election
2026,1,Paraná Pesquisas,2026-02-22,2026-02-25,2026-02-25,2080,wikipedia_tabela_11,Lula,45.3,0,18.4,https://en.wikipedia.org/wiki/Opinion_polling_for_the_2026_Brazilian_presidential_election
2026,1,Paraná Pesquisas,2026-02-22,2026-02-25,2026-02-25,2080,wikipedia_tabela_11,Ronaldo Caiado,36.2,0,18.4,https://en.wikipedia.org/wiki/Opinion_polling_for_the_2026_Brazilian_presidential_election
2026,1,Paraná Pesquisas,2026-02-22,2026-02-25,2026-02-25,2080,wikipedia_tabela_11,Lula,43.6,0,16.7,https://en.wikipedia.org/wiki/Opinion_polling_for_the_2026_Brazilian_presidential_election
2026,1,AtlasIntel,2026-02-19,2026-02-24,2026-02-24,4986,wikipedia_tabela_11,Lula,46.2,0,7.5,https://en.wikipedia.org/wiki/Opinion_polling_for_the_2026_Brazilian_presidential_election
2026,1,AtlasIntel,2026-02-19,2026-02-24,2026-02-24,4986,wikipedia_tabela_11,Flávio Bolsonaro,46.3,0,7.5,https://en.wikipedia.org/wiki/Opinion_polling_for_the_2026_Brazilian_presidential_election
2026,1,AtlasIntel,2026-02-19,2026-02-24,2026-02-24,4986,wikipedia_tabela_11,Lula,45.9,0,7.0,https://en.wikipedia.org/wiki/Opinion_polling_for_the_2026_Brazilian_presidential_election
2026,1,AtlasIntel,2026-02-19,2026-02-24,2026-02-24,4986,wikipedia_tabela_11,Lula,45.7,0,16.7,https://en.wikipedia.org/wiki/Opinion_polling_for_the_2026_Brazilian_presidential_election
2026,1,AtlasIntel,2026-02-19,2026-02-24,2026-02-24,4986,wikipedia_tabela_11,Ronaldo Caiado,37.6,0,16.7,https://en.wikipedia.org/wiki/Opinion_polling_for_the_2026_Brazilian_presidential_election
2026,1,AtlasIntel,2026-02-19,2026-02-24,2026-02-24,4986,wikipedia_tabela_11,Lula,45.5,0,15.5,https://en.wikipedia.org/wiki/Opinion_polling_for_the_2026_Brazilian_presidential_election
2026,1,AtlasIntel,2026-02-19,2026-02-24,2026-02-24,4986,wikipedia_tabela_11,Lula,46.0,0,12.3,https://en.wikipedia.org/wiki/Opinion_polling_for_the_2026_Brazilian_presidential_election
2026,1,AtlasIntel,2026-02-19,2026-02-24,2026-02-24,4986,wikipedia_tabela_11,Romeu Zema,41.7,0,12.3,https://en.wikipedia.org/wiki/Opinion_polling_for_the_2026_Brazilian_presidential_election
2026,1,Quaest,2026-02-05,2026-02-09,2026-02-09,2004,wikipedia_tabela_11,Lula,43.0,0,19.0,https://en.wikipedia.org/wiki/Opinion_polling_for_the_2026_Brazilian_presidential_election
2026,1,Quaest,2026-02-05,2026-02-09,2026-02-09,2004,wikipedia_tabela_11,Flávio Bolsonaro,38.0,0,19.0,https://en.wikipedia.org/wiki/Opinion_polling_for_the_2026_Brazilian_presidential_election
2026,1,Quaest,2026-02-05,2026-02-09,2026-02-09,2004,wikipedia_tabela_11,Lula,42.0,0,26.0,https://en.wikipedia.org/wiki/Opinion_polling_for_the_2026_Brazilian_presidential_election
2026,1,Quaest,2026-02-05,2026-02-09,2026-02-09,2004,wikipedia_tabela_11,Ronaldo Caiado,32.0,0,26.0,https://en.wikipedia.org/wiki/Opinion_polling_for_the_2026_Brazilian_presidential_election
2026,1,Quaest,2026-02-05,2026-02-09,2026-02-09,2004,wikipedia_tabela_11,Lula,43.0,0,22.0,https://en.wikipedia.org/wiki/Opinion_polling_for_the_2026_Brazilian_presidential_election
2026,1,Quaest,2026-02-05,2026-02-09,2026-02-09,2004,wikipedia_tabela_11,Lula,43.0,0,25.0,https://en.wikipedia.org/wiki/Opinion_polling_for_the_2026_Brazilian_presidential_election
2026,1,Quaest,2026-02-05,2026-02-09,2026-02-09,2004,wikipedia_tabela_11,Romeu Zema,32.0,0,25.0,https://en.wikipedia.org/wiki/Opinion_polling_for_the_2026_Brazilian_presidential_election
2026,1,Futura,2026-02-03,2026-02-07,2026-02-07,2000,wikipedia_tabela_11,Lula,42.4,0,9.4,https://en.wikipedia.org/wiki/Opinion_polling_for_the_2026_Brazilian_presidential_election
2026,1,Futura,2026-02-03,2026-02-07,2026-02-07,2000,wikipedia_tabela_11,Flávio Bolsonaro,48.2,0,9.4,https://en.wikipedia.org/wiki/Opinion_polling_for_the_2026_Brazilian_presidential_election
2026,1,Futura,2026-02-03,2026-02-07,2026-02-07,2000,wikipedia_tabela_11,Lula,41.4,0,11.2,https://en.wikipedia.org/wiki/Opinion_polling_for_the_2026_Brazilian_presidential_election
2026,1,Gerp,2026-01-28,2026-02-02,2026-02-02,2000,wikipedia_tabela_11,Lula,45.0,0,10.0,https://en.wikipedia.org/wiki/Opinion_polling_for_the_2026_Brazilian_presidential_election
2026,1,Gerp,2026-01-28,2026-02-02,2026-02-02,2000,wikipedia_tabela_11,Flávio Bolsonaro,45.0,0,10.0,https://en.wikipedia.org/wiki/Opinion_polling_for_the_2026_Brazilian_presidential_election
2026,1,Gerp,2026-01-28,2026-02-02,2026-02-02,2000,wikipedia_tabela_11,Lula,47.0,0,19.0,https://en.wikipedia.org/wiki/Opinion_polling_for_the_2026_Brazilian_presidential_election
2026,1,Gerp,2026-01-28,2026-02-02,2026-02-02,2000,wikipedia_tabela_11,Ronaldo Caiado,34.0,0,19.0,https://en.wikipedia.org/wiki/Opinion_polling_for_the_2026_Brazilian_presidential_election
2026,1,Gerp,2026-01-28,2026-02-02,2026-02-02,2000,wikipedia_tabela_11,Lula,45.0,0,14.0,https://en.wikipedia.org/wiki/Opinion_polling_for_the_2026_Brazilian_presidential_election
2026,1,Gerp,2026-01-28,2026-02-02,2026-02-02,2000,wikipedia_tabela_11,Lula,47.0,0,17.0,https://en.wikipedia.org/wiki/Opinion_polling_for_the_2026_Brazilian_presidential_election
2026,1,Gerp,2026-01-28,2026-02-02,2026-02-02,2000,wikipedia_tabela_11,Romeu Zema,36.0,0,17.0,https://en.wikipedia.org/wiki/Opinion_polling_for_the_2026_Brazilian_presidential_election
2026,1,Ideia,2026-01-30,2026-02-02,2026-02-02,1500,wikipedia_tabela_11,Lula,45.8,0,13.1,https://en.wikipedia.org/wiki/Opinion_polling_for_the_2026_Brazilian_presidential_election
2026,1,Ideia,2026-01-30,2026-02-02,2026-02-02,1500,wikipedia_tabela_11,Flávio Bolsonaro,41.1,0,13.1,https://en.wikipedia.org/wiki/Opinion_polling_for_the_2026_Brazilian_presidential_election
2026,1,Ideia,2026-01-30,2026-02-02,2026-02-02,1500,wikipedia_tabela_11,Lula,44.7,0,13.1,https://en.wikipedia.org/wiki/Opinion_polling_for_the_2026_Brazilian_presidential_election
2026,1,Ideia,2026-01-30,2026-02-02,2026-02-02,1500,wikipedia_tabela_11,Lula,45.0,0,21.0,https://en.wikipedia.org/wiki/Opinion_polling_for_the_2026_Brazilian_presidential_election
2026,1,Ideia,2026-01-30,2026-02-02,2026-02-02,1500,wikipedia_tabela_11,Ronaldo Caiado,34.0,0,21.0,https://en.wikipedia.org/wiki/Opinion_polling_for_the_2026_Brazilian_presidential_election
2026,1,Ideia,2026-01-30,2026-02-02,2026-02-02,1500,wikipedia_tabela_11,Lula,45.0,0,17.0,https://en.wikipedia.org/wiki/Opinion_polling_for_the_2026_Brazilian_presidential_election
2026,1,Ideia,2026-01-30,2026-02-02,2026-02-02,1500,wikipedia_tabela_11,Lula,45.0,0,20.5,https://en.wikipedia.org/wiki/Opinion_polling_for_the_2026_Brazilian_presidential_election
2026,1,Ideia,2026-01-30,2026-02-02,2026-02-02,1500,wikipedia_tabela_11,Romeu Zema,34.5,0,20.5,https://en.wikipedia.org/wiki/Opinion_polling_for_the_2026_Brazilian_presidential_election
2026,1,Paraná Pesquisas,2026-01-25,2026-01-28,2026-01-28,2080,wikipedia_tabela_11,Lula,44.8,0,13.0,https://en.wikipedia.org/wiki/Opinion_polling_for_the_2026_Brazilian_presidential_election
2026,1,Paraná Pesquisas,2026-01-25,2026-01-28,2026-01-28,2080,wikipedia_tabela_11,Flávio Bolsonaro,42.2,0,13.0,https://en.wikipedia.org/wiki/Opinion_polling_for_the_2026_Brazilian_presidential_election
2026,1,Paraná Pesquisas,2026-01-25,2026-01-28,2026-01-28,2080,wikipedia_tabela_11,Lula,43.9,0,13.7,https://en.wikipedia.org/wiki/Opinion_polling_for_the_2026_Brazilian_presidential_election
2026,1,Paraná Pesquisas,2026-01-25,2026-01-28,2026-01-28,2080,wikipedia_tabela_11,Lula,44.7,0,16.4,https://en.wikipedia.org/wiki/Opinion_polling_for_the_2026_Brazilian_presidential_election
2026,1,AtlasIntel,2026-01-15,2026-01-20,2026-01-20,5418,wikipedia_tabela_11,Lula,49.0,0,6.0,https://en.wikipedia.org/wiki/Opinion_polling_for_the_2026_Brazilian_presidential_election
2026,1,AtlasIntel,2026-01-15,2026-01-20,2026-01-20,5418,wikipedia_tabela_11,Flávio Bolsonaro,45.0,0,6.0,https://en.wikipedia.org/wiki/Opinion_polling_for_the_2026_Brazilian_presidential_election
2026,1,AtlasIntel,2026-01-15,2026-01-20,2026-01-20,5418,wikipedia_tabela_11,Lula,49.0,0,6.0,https://en.wikipedia.org/wiki/Opinion_polling_for_the_2026_Brazilian_presidential_election
2026,1,AtlasIntel,2026-01-15,2026-01-20,2026-01-20,5418,wikipedia_tabela_11,Lula,49.0,0,12.0,https://en.wikipedia.org/wiki/Opinion_polling_for_the_2026_Brazilian_presidential_election
2026,1,AtlasIntel,2026-01-15,2026-01-20,2026-01-20,5418,wikipedia_tabela_11,Lula,49.0,0,12.0,https://en.wikipedia.org/wiki/Opinion_polling_for_the_2026_Brazilian_presidential_election
2026,1,AtlasIntel,2026-01-15,2026-01-20,2026-01-20,5418,wikipedia_tabela_11,Romeu Zema,39.0,0,12.0,https://en.wikipedia.org/wiki/Opinion_polling_for_the_2026_Brazilian_presidential_election
2026,1,AtlasIntel,2026-01-15,2026-01-20,2026-01-20,5418,wikipedia_tabela_11,Lula,49.0,0,12.0,https://en.wikipedia.org/wiki/Opinion_polling_for_the_2026_Brazilian_presidential_election
2026,1,AtlasIntel,2026-01-15,2026-01-20,2026-01-20,5418,wikipedia_tabela_11,Ronaldo Caiado,39.0,0,12.0,https://en.wikipedia.org/wiki/Opinion_polling_for_the_2026_Brazilian_presidential_election
2026,1,Futura,2026-01-15,2026-01-19,2026-01-19,2000,wikipedia_tabela_11,Lula,41.9,0,10.0,https://en.wikipedia.org/wiki/Opinion_polling_for_the_2026_Brazilian_presidential_election
2026,1,Futura,2026-01-15,2026-01-19,2026-01-19,2000,wikipedia_tabela_11,Flávio Bolsonaro,48.1,0,10.0,https://en.wikipedia.org/wiki/Opinion_polling_for_the_2026_Brazilian_presidential_election
2026,1,Futura,2026-01-15,2026-01-19,2026-01-19,2000,wikipedia_tabela_11,Lula,41.3,0,12.5,https://en.wikipedia.org/wiki/Opinion_polling_for_the_2026_Brazilian_presidential_election
2026,1,Ideia,2026-01-08,2026-01-12,2026-01-12,2000,wikipedia_tabela_11,Lula,46.2,0,17.8,https://en.wikipedia.org/wiki/Opinion_polling_for_the_2026_Brazilian_presidential_election
2026,1,Ideia,2026-01-08,2026-01-12,2026-01-12,2000,wikipedia_tabela_11,Flávio Bolsonaro,36.0,0,17.8,https://en.wikipedia.org/wiki/Opinion_polling_for_the_2026_Brazilian_presidential_election
2026,1,Ideia,2026-01-08,2026-01-12,2026-01-12,2000,wikipedia_tabela_11,Lula,44.4,0,13.6,https://en.wikipedia.org/wiki/Opinion_polling_for_the_2026_Brazilian_presidential_election
2026,1,Ideia,2026-01-08,2026-01-12,2026-01-12,2000,wikipedia_tabela_11,Lula,46.0,0,17.1,https://en.wikipedia.org/wiki/Opinion_polling_for_the_2026_Brazilian_presidential_election
2026,1,Ideia,2026-01-08,2026-01-12,2026-01-12,2000,wikipedia_tabela_11,Lula,46.3,0,17.7,https://en.wikipedia.org/wiki/Opinion_polling_for_the_2026_Brazilian_presidential_election
2026,1,Ideia,2026-01-08,2026-01-12,2026-01-12,2000,wikipedia_tabela_11,Romeu Zema,36.1,0,17.7,https://en.wikipedia.org/wiki/Opinion_polling_for_the_2026_Brazilian_presidential_election
2026,1,Ideia,2026-01-08,2026-01-12,2026-01-12,2000,wikipedia_tabela_11,Lula,46.3,0,17.3,https://en.wikipedia.org/wiki/Opinion_polling_for_the_2026_Brazilian_presidential_election
2026,1,Ideia,2026-01-08,2026-01-12,2026-01-12,2000,wikipedia_tabela_11,Ronaldo Caiado,36.5,0,17.3,https://en.wikipedia.org/wiki/Opinion_polling_for_the_2026_Brazilian_presidential_election
2026,1,Quaest,2026-01-08,2026-01-11,2026-01-11,2004,wikipedia_tabela_11,Lula,45.0,0,17.0,https://en.wikipedia.org/wiki/Opinion_polling_for_the_2026_Brazilian_presidential_election
2026,1,Quaest,2026-01-08,2026-01-11,2026-01-11,2004,wikipedia_tabela_11,Flávio Bolsonaro,38.0,0,17.0,https://en.wikipedia.org/wiki/Opinion_polling_for_the_2026_Brazilian_presidential_election
2026,1,Quaest,2026-01-08,2026-01-11,2026-01-11,2004,wikipedia_tabela_11,Lula,44.0,0,17.0,https://en.wikipedia.org/wiki/Opinion_polling_for_the_2026_Brazilian_presidential_election
2026,1,Quaest,2026-01-08,2026-01-11,2026-01-11,2004,wikipedia_tabela_11,Lula,43.0,0,21.0,https://en.wikipedia.org/wiki/Opinion_polling_for_the_2026_Brazilian_presidential_election
2026,1,Quaest,2026-01-08,2026-01-11,2026-01-11,2004,wikipedia_tabela_11,Lula,46.0,0,23.0,https://en.wikipedia.org/wiki/Opinion_polling_for_the_2026_Brazilian_presidential_election
2026,1,Quaest,2026-01-08,2026-01-11,2026-01-11,2004,wikipedia_tabela_11,Romeu Zema,31.0,0,23.0,https://en.wikipedia.org/wiki/Opinion_polling_for_the_2026_Brazilian_presidential_election
2026,1,Quaest,2026-01-08,2026-01-11,2026-01-11,2004,wikipedia_tabela_11,Lula,44.0,0,23.0,https://en.wikipedia.org/wiki/Opinion_polling_for_the_2026_Brazilian_presidential_election
2026,1,Quaest,2026-01-08,2026-01-11,2026-01-11,2004,wikipedia_tabela_11,Ronaldo Caiado,33.0,0,23.0,https://en.wikipedia.org/wiki/Opinion_polling_for_the_2026_Brazilian_presidential_election
2026,1,Paraná Pesquisas,2025-12-18,2025-12-22,2025-12-22,2038,wikipedia_tabela_12,Lula,44.1,0,14.9,https://en.wikipedia.org/wiki/Opinion_polling_for_the_2026_Brazilian_presidential_election
2026,1,Paraná Pesquisas,2025-12-18,2025-12-22,2025-12-22,2038,wikipedia_tabela_12,Flávio Bolsonaro,41.0,0,14.9,https://en.wikipedia.org/wiki/Opinion_polling_for_the_2026_Brazilian_presidential_election
2026,1,Paraná Pesquisas,2025-12-18,2025-12-22,2025-12-22,2038,wikipedia_tabela_12,Lula,44.0,0,13.5,https://en.wikipedia.org/wiki/Opinion_polling_for_the_2026_Brazilian_presidential_election
2026,1,Paraná Pesquisas,2025-12-18,2025-12-22,2025-12-22,2038,wikipedia_tabela_12,Lula,43.8,0,16.0,https://en.wikipedia.org/wiki/Opinion_polling_for_the_2026_Brazilian_presidential_election
2026,1,AtlasIntel,2025-12-10,2025-12-15,2025-12-15,18154,wikipedia_tabela_12,Lula,53.0,0,4.0,https://en.wikipedia.org/wiki/Opinion_polling_for_the_2026_Brazilian_presidential_election
2026,1,AtlasIntel,2025-12-10,2025-12-15,2025-12-15,18154,wikipedia_tabela_12,Flávio Bolsonaro,41.0,0,4.0,https://en.wikipedia.org/wiki/Opinion_polling_for_the_2026_Brazilian_presidential_election
2026,1,AtlasIntel,2025-12-10,2025-12-15,2025-12-15,18154,wikipedia_tabela_12,Lula,49.0,0,5.0,https://en.wikipedia.org/wiki/Opinion_polling_for_the_2026_Brazilian_presidential_election
2026,1,AtlasIntel,2025-12-10,2025-12-15,2025-12-15,18154,wikipedia_tabela_12,Lula,49.0,0,12.0,https://en.wikipedia.org/wiki/Opinion_polling_for_the_2026_Brazilian_presidential_election
2026,1,AtlasIntel,2025-12-10,2025-12-15,2025-12-15,18154,wikipedia_tabela_12,Lula,49.0,0,12.0,https://en.wikipedia.org/wiki/Opinion_polling_for_the_2026_Brazilian_presidential_election
2026,1,AtlasIntel,2025-12-10,2025-12-15,2025-12-15,18154,wikipedia_tabela_12,Romeu Zema,39.0,0,12.0,https://en.wikipedia.org/wiki/Opinion_polling_for_the_2026_Brazilian_presidential_election
2026,1,AtlasIntel,2025-12-10,2025-12-15,2025-12-15,18154,wikipedia_tabela_12,Lula,49.0,0,12.0,https://en.wikipedia.org/wiki/Opinion_polling_for_the_2026_Brazilian_presidential_election
2026,1,AtlasIntel,2025-12-10,2025-12-15,2025-12-15,18154,wikipedia_tabela_12,Ronaldo Caiado,39.0,0,12.0,https://en.wikipedia.org/wiki/Opinion_polling_for_the_2026_Brazilian_presidential_election
2026,1,Quaest,2025-12-11,2025-12-14,2025-12-14,2004,wikipedia_tabela_12,Lula,46.0,0,18.0,https://en.wikipedia.org/wiki/Opinion_polling_for_the_2026_Brazilian_presidential_election
2026,1,Quaest,2025-12-11,2025-12-14,2025-12-14,2004,wikipedia_tabela_12,Flávio Bolsonaro,36.0,0,18.0,https://en.wikipedia.org/wiki/Opinion_polling_for_the_2026_Brazilian_presidential_election
2026,1,Quaest,2025-12-11,2025-12-14,2025-12-14,2004,wikipedia_tabela_12,Lula,45.0,0,20.0,https://en.wikipedia.org/wiki/Opinion_polling_for_the_2026_Brazilian_presidential_election
2026,1,Quaest,2025-12-11,2025-12-14,2025-12-14,2004,wikipedia_tabela_12,Lula,45.0,0,20.0,https://en.wikipedia.org/wiki/Opinion_polling_for_the_2026_Brazilian_presidential_election
2026,1,Quaest,2025-12-11,2025-12-14,2025-12-14,2004,wikipedia_tabela_12,Lula,45.0,0,22.0,https://en.wikipedia.org/wiki/Opinion_polling_for_the_2026_Brazilian_presidential_election
2026,1,Quaest,2025-12-11,2025-12-14,2025-12-14,2004,wikipedia_tabela_12,Romeu Zema,33.0,0,22.0,https://en.wikipedia.org/wiki/Opinion_polling_for_the_2026_Brazilian_presidential_election
2026,1,Quaest,2025-12-11,2025-12-14,2025-12-14,2004,wikipedia_tabela_12,Lula,44.0,0,23.0,https://en.wikipedia.org/wiki/Opinion_polling_for_the_2026_Brazilian_presidential_election
2026,1,Quaest,2025-12-11,2025-12-14,2025-12-14,2004,wikipedia_tabela_12,Ronaldo Caiado,33.0,0,23.0,https://en.wikipedia.org/wiki/Opinion_polling_for_the_2026_Brazilian_presidential_election
2026,1,Gerp,2025-12-06,2025-12-10,2025-12-10,2000,wikipedia_tabela_12,Lula,41.0,0,17.0,https://en.wikipedia.org/wiki/Opinion_polling_for_the_2026_Brazilian_presidential_election
2026,1,Gerp,2025-12-06,2025-12-10,2025-12-10,2000,wikipedia_tabela_12,Flávio Bolsonaro,42.0,0,17.0,https://en.wikipedia.org/wiki/Opinion_polling_for_the_2026_Brazilian_presidential_election
2026,1,Gerp,2025-12-06,2025-12-10,2025-12-10,2000,wikipedia_tabela_12,Lula,41.0,0,20.0,https://en.wikipedia.org/wiki/Opinion_polling_for_the_2026_Brazilian_presidential_election
2026,1,Gerp,2025-12-06,2025-12-10,2025-12-10,2000,wikipedia_tabela_12,Lula,40.0,0,26.0,https://en.wikipedia.org/wiki/Opinion_polling_for_the_2026_Brazilian_presidential_election
2026,1,Gerp,2025-12-06,2025-12-10,2025-12-10,2000,wikipedia_tabela_12,Romeu Zema,34.0,0,26.0,https://en.wikipedia.org/wiki/Opinion_polling_for_the_2026_Brazilian_presidential_election
2026,1,Gerp,2025-12-06,2025-12-10,2025-12-10,2000,wikipedia_tabela_12,Lula,40.0,0,26.0,https://en.wikipedia.org/wiki/Opinion_polling_for_the_2026_Brazilian_presidential_election
2026,1,Gerp,2025-12-06,2025-12-10,2025-12-10,2000,wikipedia_tabela_12,Ronaldo Caiado,34.0,0,26.0,https://en.wikipedia.org/wiki/Opinion_polling_for_the_2026_Brazilian_presidential_election
2026,1,Veritá,2025-12-06,2025-12-07,2025-12-07,2519,wikipedia_tabela_12,Lula,40.3,0,14.8,https://en.wikipedia.org/wiki/Opinion_polling_for_the_2026_Brazilian_presidential_election
2026,1,Veritá,2025-12-06,2025-12-07,2025-12-07,2519,wikipedia_tabela_12,Lula,39.8,0,21.0,https://en.wikipedia.org/wiki/Opinion_polling_for_the_2026_Brazilian_presidential_election
2026,1,Veritá,2025-12-06,2025-12-07,2025-12-07,2519,wikipedia_tabela_12,Flávio Bolsonaro,39.2,0,21.0,https://en.wikipedia.org/wiki/Opinion_polling_for_the_2026_Brazilian_presidential_election
2026,1,Datafolha,2025-12-02,2025-12-04,2025-12-04,2002,wikipedia_tabela_12,Lula,47.0,0,11.0,https://en.wikipedia.org/wiki/Opinion_polling_for_the_2026_Brazilian_presidential_election
2026,1,Datafolha,2025-12-02,2025-12-04,2025-12-04,2002,wikipedia_tabela_12,Lula,47.0,0,12.0,https://en.wikipedia.org/wiki/Opinion_polling_for_the_2026_Brazilian_presidential_election
2026,1,Datafolha,2025-12-02,2025-12-04,2025-12-04,2002,wikipedia_tabela_12,Lula,51.0,0,13.0,https://en.wikipedia.org/wiki/Opinion_polling_for_the_2026_Brazilian_presidential_election
2026,1,Datafolha,2025-12-02,2025-12-04,2025-12-04,2002,wikipedia_tabela_12,Flávio Bolsonaro,36.0,0,13.0,https://en.wikipedia.org/wiki/Opinion_polling_for_the_2026_Brazilian_presidential_election
2026,1,AtlasIntel,2025-11-22,2025-11-27,2025-11-27,5510,wikipedia_tabela_12,Lula,49.0,0,4.0,https://en.wikipedia.org/wiki/Opinion_polling_for_the_2026_Brazilian_presidential_election
2026,1,AtlasIntel,2025-11-22,2025-11-27,2025-11-27,5510,wikipedia_tabela_12,Lula,49.0,0,11.0,https://en.wikipedia.org/wiki/Opinion_polling_for_the_2026_Brazilian_presidential_election
2026,1,AtlasIntel,2025-11-22,2025-11-27,2025-11-27,5510,wikipedia_tabela_12,Lula,49.0,0,10.0,https://en.wikipedia.org/wiki/Opinion_polling_for_the_2026_Brazilian_presidential_election
2026,1,AtlasIntel,2025-11-22,2025-11-27,2025-11-27,5510,wikipedia_tabela_12,Romeu Zema,41.0,0,10.0,https://en.wikipedia.org/wiki/Opinion_polling_for_the_2026_Brazilian_presidential_election
2026,1,AtlasIntel,2025-11-22,2025-11-27,2025-11-27,5510,wikipedia_tabela_12,Lula,49.0,0,10.0,https://en.wikipedia.org/wiki/Opinion_polling_for_the_2026_Brazilian_presidential_election
2026,1,AtlasIntel,2025-11-22,2025-11-27,2025-11-27,5510,wikipedia_tabela_12,Ronaldo Caiado,41.0,0,10.0,https://en.wikipedia.org/wiki/Opinion_polling_for_the_2026_Brazilian_presidential_election
2026,1,MDA,2025-11-19,2025-11-23,2025-11-23,2002,wikipedia_tabela_12,Lula,45.7,0,15.1,https://en.wikipedia.org/wiki/Opinion_polling_for_the_2026_Brazilian_presidential_election
2026,1,MDA,2025-11-19,2025-11-23,2025-11-23,2002,wikipedia_tabela_12,Lula,45.8,0,15.5,https://en.wikipedia.org/wiki/Opinion_polling_for_the_2026_Brazilian_presidential_election
2026,1,MDA,2025-11-19,2025-11-23,2025-11-23,2002,wikipedia_tabela_12,Lula,47.9,0,18.6,https://en.wikipedia.org/wiki/Opinion_polling_for_the_2026_Brazilian_presidential_election
2026,1,MDA,2025-11-19,2025-11-23,2025-11-23,2002,wikipedia_tabela_12,Romeu Zema,33.5,0,18.6,https://en.wikipedia.org/wiki/Opinion_polling_for_the_2026_Brazilian_presidential_election
2026,1,MDA,2025-11-19,2025-11-23,2025-11-23,2002,wikipedia_tabela_12,Lula,46.9,0,19.4,https://en.wikipedia.org/wiki/Opinion_polling_for_the_2026_Brazilian_presidential_election
2026,1,MDA,2025-11-19,2025-11-23,2025-11-23,2002,wikipedia_tabela_12,Ronaldo Caiado,33.7,0,19.4,https://en.wikipedia.org/wiki/Opinion_polling_for_the_2026_Brazilian_presidential_election
2026,1,Paraná Pesquisas,2025-11-06,2025-11-10,2025-11-10,2020,wikipedia_tabela_12,Lula,43.0,0,15.2,https://en.wikipedia.org/wiki/Opinion_polling_for_the_2026_Brazilian_presidential_election
2026,1,Paraná Pesquisas,2025-11-06,2025-11-10,2025-11-10,2020,wikipedia_tabela_12,Lula,45.4,0,16.0,https://en.wikipedia.org/wiki/Opinion_polling_for_the_2026_Brazilian_presidential_election
2026,1,Paraná Pesquisas,2025-11-06,2025-11-10,2025-11-10,2020,wikipedia_tabela_12,Flávio Bolsonaro,38.6,0,16.0,https://en.wikipedia.org/wiki/Opinion_polling_for_the_2026_Brazilian_presidential_election
2026,1,Quaest,2025-11-06,2025-11-09,2025-11-09,2004,wikipedia_tabela_12,Lula,41.0,0,23.0,https://en.wikipedia.org/wiki/Opinion_polling_for_the_2026_Brazilian_presidential_election
2026,1,Paraná Pesquisas,2025-10-21,2025-10-24,2025-10-24,2020,wikipedia_tabela_12,Lula,44.9,0,14.2,https://en.wikipedia.org/wiki/Opinion_polling_for_the_2026_Brazilian_presidential_election
2026,1,Paraná Pesquisas,2025-10-21,2025-10-24,2025-10-24,2020,wikipedia_tabela_12,Lula,46.7,0,16.3,https://en.wikipedia.org/wiki/Opinion_polling_for_the_2026_Brazilian_presidential_election
2026,1,Paraná Pesquisas,2025-10-21,2025-10-24,2025-10-24,2020,wikipedia_tabela_12,Flávio Bolsonaro,37.0,0,16.3,https://en.wikipedia.org/wiki/Opinion_polling_for_the_2026_Brazilian_presidential_election
2026,1,AtlasIntel,2025-10-15,2025-10-19,2025-10-19,14063,wikipedia_tabela_12,Lula,52.0,0,5.0,https://en.wikipedia.org/wiki/Opinion_polling_for_the_2026_Brazilian_presidential_election
2026,1,Quaest,2025-10-02,2025-10-05,2025-10-05,2004,wikipedia_tabela_12,Lula,45.0,0,22.0,https://en.wikipedia.org/wiki/Opinion_polling_for_the_2026_Brazilian_presidential_election
2026,1,Gerp,2025-09-29,2025-10-06,2025-10-06,2000,wikipedia_tabela_12,Lula,36.0,0,19.0,https://en.wikipedia.org/wiki/Opinion_polling_for_the_2026_Brazilian_presidential_election
2026,1,Quaest,2025-09-12,2025-09-14,2025-09-14,2004,wikipedia_tabela_12,Lula,43.0,0,22.0,https://en.wikipedia.org/wiki/Opinion_polling_for_the_2026_Brazilian_presidential_election
2026,1,AtlasIntel,2025-09-10,2025-09-14,2025-09-14,7291,wikipedia_tabela_12,Lula,50.6,0,4.2,https://en.wikipedia.org/wiki/Opinion_polling_for_the_2026_Brazilian_presidential_election
2026,1,MDA,2025-09-03,2025-09-06,2025-09-06,2002,wikipedia_tabela_12,Lula,43.9,0,18.5,https://en.wikipedia.org/wiki/Opinion_polling_for_the_2026_Brazilian_presidential_election
2026,1,AtlasIntel,2025-08-20,2025-08-25,2025-08-25,6238,wikipedia_tabela_12,Lula,46.6,0,5.0,https://en.wikipedia.org/wiki/Opinion_polling_for_the_2026_Brazilian_presidential_election
2026,1,Paraná Pesquisas,2025-08-17,2025-08-21,2025-08-21,2020,wikipedia_tabela_12,Lula,41.9,0,16.1,https://en.wikipedia.org/wiki/Opinion_polling_for_the_2026_Brazilian_presidential_election
2026,1,Quaest,2025-08-13,2025-08-17,2025-08-17,12150,wikipedia_tabela_12,Lula,43.0,0,22.0,https://en.wikipedia.org/wiki/Opinion_polling_for_the_2026_Brazilian_presidential_election
2026,1,Quaest,2025-08-13,2025-08-17,2025-08-17,12150,wikipedia_tabela_12,Lula,48.0,0,20.0,https://en.wikipedia.org/wiki/Opinion_polling_for_the_2026_Brazilian_presidential_election
2026,1,Quaest,2025-08-13,2025-08-17,2025-08-17,12150,wikipedia_tabela_12,Flávio Bolsonaro,32.0,0,20.0,https://en.wikipedia.org/wiki/Opinion_polling_for_the_2026_Brazilian_presidential_election
2026,1,Datafolha,2025-07-29,2025-07-30,2025-07-30,2004,wikipedia_tabela_12,Lula,45.0,0,14.0,https://en.wikipedia.org/wiki/Opinion_polling_for_the_2026_Brazilian_presidential_election
2026,1,Datafolha,2025-07-29,2025-07-30,2025-07-30,2004,wikipedia_tabela_12,Lula,48.0,0,14.0,https://en.wikipedia.org/wiki/Opinion_polling_for_the_2026_Brazilian_presidential_election
2026,1,Datafolha,2025-07-29,2025-07-30,2025-07-30,2004,wikipedia_tabela_12,Flávio Bolsonaro,37.0,0,14.0,https://en.wikipedia.org/wiki/Opinion_polling_for_the_2026_Brazilian_presidential_election
2026,1,AtlasIntel,2025-07-25,2025-07-28,2025-07-28,7334,wikipedia_tabela_12,Lula,50.4,0,3.0,https://en.wikipedia.org/wiki/Opinion_polling_for_the_2026_Brazilian_presidential_election
2026,1,Quaest,2025-07-10,2025-07-14,2025-07-14,2004,wikipedia_tabela_12,Lula,41.0,0,23.0,https://en.wikipedia.org/wiki/Opinion_polling_for_the_2026_Brazilian_presidential_election
2026,1,AtlasIntel,2025-06-27,2025-06-30,2025-06-30,2621,wikipedia_tabela_12,Lula,47.6,0,5.5,https://en.wikipedia.org/wiki/Opinion_polling_for_the_2026_Brazilian_presidential_election
2026,1,Neokemp,2025-06-25,2025-06-27,2025-06-27,2020,wikipedia_tabela_12,Lula,41.7,0,11.9,https://en.wikipedia.org/wiki/Opinion_polling_for_the_2026_Brazilian_presidential_election
2026,1,Futura,2025-06-12,2025-06-23,2025-06-23,2000,wikipedia_tabela_12,Lula,34.9,0,18.6,https://en.wikipedia.org/wiki/Opinion_polling_for_the_2026_Brazilian_presidential_election
2026,1,Paraná Pesquisas,2025-06-18,2025-06-22,2025-06-22,2020,wikipedia_tabela_12,Lula,40.1,0,16.2,https://en.wikipedia.org/wiki/Opinion_polling_for_the_2026_Brazilian_presidential_election
2026,1,Paraná Pesquisas,2025-06-18,2025-06-22,2025-06-22,2020,wikipedia_tabela_12,Lula,42.1,0,19.4,https://en.wikipedia.org/wiki/Opinion_polling_for_the_2026_Brazilian_presidential_election
2026,1,Paraná Pesquisas,2025-06-18,2025-06-22,2025-06-22,2020,wikipedia_tabela_12,Flávio Bolsonaro,38.4,0,19.4,https://en.wikipedia.org/wiki/Opinion_polling_for_the_2026_Brazilian_presidential_election
2026,1,Datafolha,2025-06-10,2025-06-11,2025-06-11,2004,wikipedia_tabela_12,Lula,43.0,0,15.0,https://en.wikipedia.org/wiki/Opinion_polling_for_the_2026_Brazilian_presidential_election
2026,1,Datafolha,2025-06-10,2025-06-11,2025-06-11,2004,wikipedia_tabela_12,Lula,47.0,0,15.0,https://en.wikipedia.org/wiki/Opinion_polling_for_the_2026_Brazilian_presidential_election
2026,1,Datafolha,2025-06-10,2025-06-11,2025-06-11,2004,wikipedia_tabela_12,Flávio Bolsonaro,38.0,0,15.0,https://en.wikipedia.org/wiki/Opinion_polling_for_the_2026_Brazilian_presidential_election
2026,1,Futura,2025-06-02,2025-06-04,2025-06-04,1001,wikipedia_tabela_12,Lula,41.1,0,17.9,https://en.wikipedia.org/wiki/Opinion_polling_for_the_2026_Brazilian_presidential_election
2026,1,Quaest,2025-05-29,2025-06-01,2025-06-01,2004,wikipedia_tabela_12,Lula,41.0,0,19.0,https://en.wikipedia.org/wiki/Opinion_polling_for_the_2026_Brazilian_presidential_election
2026,1,Quaest,2025-05-29,2025-06-01,2025-06-01,2004,wikipedia_tabela_12,Lula,40.0,0,22.0,https://en.wikipedia.org/wiki/Opinion_polling_for_the_2026_Brazilian_presidential_election
2026,1,AtlasIntel,2025-05-19,2025-05-23,2025-05-23,4399,wikipedia_tabela_12,Lula,45.3,0,4.9,https://en.wikipedia.org/wiki/Opinion_polling_for_the_2026_Brazilian_presidential_election
2026,1,AtlasIntel,2025-04-20,2025-04-24,2025-04-24,5419,wikipedia_tabela_12,Lula,46.7,0,6.6,https://en.wikipedia.org/wiki/Opinion_polling_for_the_2026_Brazilian_presidential_election
2026,1,Paraná Pesquisas,2025-04-16,2025-04-19,2025-04-19,2020,wikipedia_tabela_12,Lula,40.6,0,16.0,https://en.wikipedia.org/wiki/Opinion_polling_for_the_2026_Brazilian_presidential_election
2026,1,Datafolha,2025-04-01,2025-04-03,2025-04-03,3054,wikipedia_tabela_12,Lula,48.0,0,14.0,https://en.wikipedia.org/wiki/Opinion_polling_for_the_2026_Brazilian_presidential_election
2026,1,Quaest,2025-03-27,2025-03-31,2025-03-31,2004,wikipedia_tabela_12,Lula,43.0,0,20.0,https://en.wikipedia.org/wiki/Opinion_polling_for_the_2026_Brazilian_presidential_election
2026,1,AtlasIntel,2025-03-20,2025-03-24,2025-03-24,4659,wikipedia_tabela_12,Lula,46.0,0,7.0,https://en.wikipedia.org/wiki/Opinion_polling_for_the_2026_Brazilian_presidential_election
2026,1,Futura,2025-03-19,2025-03-22,2025-03-22,1000,wikipedia_tabela_12,Lula,37.6,0,20.1,https://en.wikipedia.org/wiki/Opinion_polling_for_the_2026_Brazilian_presidential_election
2026,1,AtlasIntel,2025-02-24,2025-02-27,2025-02-27,5710,wikipedia_tabela_12,Lula,47.0,0,4.0,https://en.wikipedia.org/wiki/Opinion_polling_for_the_2026_Brazilian_presidential_election
2026,1,AtlasIntel,2025-01-27,2025-01-31,2025-01-31,3125,wikipedia_tabela_12,Lula,45.7,0,9.6,https://en.wikipedia.org/wiki/Opinion_polling_for_the_2026_Brazilian_presidential_election
2026,1,AtlasIntel,2025-01-27,2025-01-31,2025-01-31,3125,wikipedia_tabela_12,Lula,47.4,0,16.1,https://en.wikipedia.org/wiki/Opinion_polling_for_the_2026_Brazilian_presidential_election
2026,1,AtlasIntel,2025-01-27,2025-01-31,2025-01-31,3125,wikipedia_tabela_12,Ronaldo Caiado,36.5,0,16.1,https://en.wikipedia.org/wiki/Opinion_polling_for_the_2026_Brazilian_presidential_election
2026,1,Quaest,2025-01-23,2025-01-26,2025-01-26,4500,wikipedia_tabela_12,Lula,43.0,0,23.0,https://en.wikipedia.org/wiki/Opinion_polling_for_the_2026_Brazilian_presidential_election
2026,1,Quaest,2025-01-23,2025-01-26,2025-01-26,4500,wikipedia_tabela_12,Lula,45.0,0,27.0,https://en.wikipedia.org/wiki/Opinion_polling_for_the_2026_Brazilian_presidential_election
2026,1,Quaest,2025-01-23,2025-01-26,2025-01-26,4500,wikipedia_tabela_12,Romeu Zema,28.0,0,27.0,https://en.wikipedia.org/wiki/Opinion_polling_for_the_2026_Brazilian_presidential_election
2026,1,Quaest,2025-01-23,2025-01-26,2025-01-26,4500,wikipedia_tabela_12,Lula,45.0,0,29.0,https://en.wikipedia.org/wiki/Opinion_polling_for_the_2026_Brazilian_presidential_election
2026,1,Quaest,2025-01-23,2025-01-26,2025-01-26,4500,wikipedia_tabela_12,Ronaldo Caiado,26.0,0,29.0,https://en.wikipedia.org/wiki/Opinion_polling_for_the_2026_Brazilian_presidential_election
2022,1,Datafolha[11],2022-09-30,2022-10-01,2022-10-01,12800,wikipedia_tabela_2,Lula,48.0,0,5.0,https://en.wikipedia.org/wiki/Opinion_polling_for_the_2022_Brazilian_presidential_election
2022,1,Datafolha[11],2022-09-30,2022-10-01,2022-10-01,12800,wikipedia_tabela_2,Bolsonaro,34.0,0,5.0,https://en.wikipedia.org/wiki/Opinion_polling_for_the_2022_Brazilian_presidential_election
2022,1,Datafolha[11],2022-09-30,2022-10-01,2022-10-01,12800,wikipedia_tabela_2,Gomes,5.0,0,5.0,https://en.wikipedia.org/wiki/Opinion_polling_for_the_2022_Brazilian_presidential_election
2022,1,Datafolha[11],2022-09-30,2022-10-01,2022-10-01,12800,wikipedia_tabela_2,Tebet,6.0,0,5.0,https://en.wikipedia.org/wiki/Opinion_polling_for_the_2022_Brazilian_presidential_election
2022,1,IPEC[12],2022-09-29,2022-10-01,2022-10-01,3008,wikipedia_tabela_2,Lula,47.0,0,7.0,https://en.wikipedia.org/wiki/Opinion_polling_for_the_2022_Brazilian_presidential_election
2022,1,IPEC[12],2022-09-29,2022-10-01,2022-10-01,3008,wikipedia_tabela_2,Bolsonaro,34.0,0,7.0,https://en.wikipedia.org/wiki/Opinion_polling_for_the_2022_Brazilian_presidential_election
2022,1,IPEC[12],2022-09-29,2022-10-01,2022-10-01,3008,wikipedia_tabela_2,Gomes,5.0,0,7.0,https://en.wikipedia.org/wiki/Opinion_polling_for_the_2022_Brazilian_presidential_election
2022,1,IPEC[12],2022-09-29,2022-10-01,2022-10-01,3008,wikipedia_tabela_2,Tebet,5.0,0,7.0,https://en.wikipedia.org/wiki/Opinion_polling_for_the_2022_Brazilian_presidential_election
2022,1,Abrapel/Ipespe[13],2022-09-30,2022-09-30,2022-09-30,1100,wikipedia_tabela_2,Lula,46.0,0,4.0,https://en.wikipedia.org/wiki/Opinion_polling_for_the_2022_Brazilian_presidential_election
2022,1,Abrapel/Ipespe[13],2022-09-30,2022-09-30,2022-09-30,1100,wikipedia_tabela_2,Bolsonaro,33.0,0,4.0,https://en.wikipedia.org/wiki/Opinion_polling_for_the_2022_Brazilian_presidential_election
2022,1,Abrapel/Ipespe[13],2022-09-30,2022-09-30,2022-09-30,1100,wikipedia_tabela_2,Gomes,7.0,0,4.0,https://en.wikipedia.org/wiki/Opinion_polling_for_the_2022_Brazilian_presidential_election
2022,1,Abrapel/Ipespe[13],2022-09-30,2022-09-30,2022-09-30,1100,wikipedia_tabela_2,Tebet,6.0,0,4.0,https://en.wikipedia.org/wiki/Opinion_polling_for_the_2022_Brazilian_presidential_election
2022,1,Atlas[14],2022-09-28,2022-09-30,2022-09-30,4500,wikipedia_tabela_2,Lula,49.8,0,1.0,https://en.wikipedia.org/wiki/Opinion_polling_for_the_2022_Brazilian_presidential_election
2022,1,Atlas[14],2022-09-28,2022-09-30,2022-09-30,4500,wikipedia_tabela_2,Bolsonaro,40.7,0,1.0,https://en.wikipedia.org/wiki/Opinion_polling_for_the_2022_Brazilian_presidential_election
2022,1,Atlas[14],2022-09-28,2022-09-30,2022-09-30,4500,wikipedia_tabela_2,Gomes,3.9,0,1.0,https://en.wikipedia.org/wiki/Opinion_polling_for_the_2022_Brazilian_presidential_election
2022,1,Atlas[14],2022-09-28,2022-09-30,2022-09-30,4500,wikipedia_tabela_2,Tebet,2.6,0,1.0,https://en.wikipedia.org/wiki/Opinion_polling_for_the_2022_Brazilian_presidential_election
2022,1,CNT/MDA[15],2022-09-28,2022-09-30,2022-09-30,2002,wikipedia_tabela_2,Lula,44.2,0,8.5,https://en.wikipedia.org/wiki/Opinion_polling_for_the_2022_Brazilian_presidential_election
2022,1,CNT/MDA[15],2022-09-28,2022-09-30,2022-09-30,2002,wikipedia_tabela_2,Bolsonaro,36.3,0,8.5,https://en.wikipedia.org/wiki/Opinion_polling_for_the_2022_Brazilian_presidential_election
2022,1,CNT/MDA[15],2022-09-28,2022-09-30,2022-09-30,2002,wikipedia_tabela_2,Gomes,4.5,0,8.5,https://en.wikipedia.org/wiki/Opinion_polling_for_the_2022_Brazilian_presidential_election
2022,1,CNT/MDA[15],2022-09-28,2022-09-30,2022-09-30,2002,wikipedia_tabela_2,Tebet,4.3,0,8.5,https://en.wikipedia.org/wiki/Opinion_polling_for_the_2022_Brazilian_presidential_election
2022,1,Datafolha[16],2022-09-27,2022-09-29,2022-09-29,6800,wikipedia_tabela_2,Lula,48.0,0,4.0,https://en.wikipedia.org/wiki/Opinion_polling_for_the_2022_Brazilian_presidential_election
2022,1,Datafolha[16],2022-09-27,2022-09-29,2022-09-29,6800,wikipedia_tabela_2,Bolsonaro,34.0,0,4.0,https://en.wikipedia.org/wiki/Opinion_polling_for_the_2022_Brazilian_presidential_election
2022,1,Datafolha[16],2022-09-27,2022-09-29,2022-09-29,6800,wikipedia_tabela_2,Gomes,6.0,0,4.0,https://en.wikipedia.org/wiki/Opinion_polling_for_the_2022_Brazilian_presidential_election
2022,1,Datafolha[16],2022-09-27,2022-09-29,2022-09-29,6800,wikipedia_tabela_2,Tebet,5.0,0,4.0,https://en.wikipedia.org/wiki/Opinion_polling_for_the_2022_Brazilian_presidential_election
2022,1,Atlas[17],2022-09-24,2022-09-28,2022-09-28,4500,wikipedia_tabela_2,Lula,49.3,0,2.7,https://en.wikipedia.org/wiki/Opinion_polling_for_the_2022_Brazilian_presidential_election
2022,1,Atlas[17],2022-09-24,2022-09-28,2022-09-28,4500,wikipedia_tabela_2,Bolsonaro,39.9,0,2.7,https://en.wikipedia.org/wiki/Opinion_polling_for_the_2022_Brazilian_presidential_election
2022,1,Atlas[17],2022-09-24,2022-09-28,2022-09-28,4500,wikipedia_tabela_2,Gomes,3.5,0,2.7,https://en.wikipedia.org/wiki/Opinion_polling_for_the_2022_Brazilian_presidential_election
2022,1,Atlas[17],2022-09-24,2022-09-28,2022-09-28,4500,wikipedia_tabela_2,Tebet,2.5,0,2.7,https://en.wikipedia.org/wiki/Opinion_polling_for_the_2022_Brazilian_presidential_election
2022,1,Exame/Ideia[18],2022-09-23,2022-09-28,2022-09-28,1500,wikipedia_tabela_2,Lula,47.0,0,4.0,https://en.wikipedia.org/wiki/Opinion_polling_for_the_2022_Brazilian_presidential_election
2022,1,Exame/Ideia[18],2022-09-23,2022-09-28,2022-09-28,1500,wikipedia_tabela_2,Bolsonaro,37.0,0,4.0,https://en.wikipedia.org/wiki/Opinion_polling_for_the_2022_Brazilian_presidential_election
2022,1,Exame/Ideia[18],2022-09-23,2022-09-28,2022-09-28,1500,wikipedia_tabela_2,Gomes,6.0,0,4.0,https://en.wikipedia.org/wiki/Opinion_polling_for_the_2022_Brazilian_presidential_election
2022,1,Exame/Ideia[18],2022-09-23,2022-09-28,2022-09-28,1500,wikipedia_tabela_2,Tebet,5.0,0,4.0,https://en.wikipedia.org/wiki/Opinion_polling_for_the_2022_Brazilian_presidential_election
2022,1,Genial/Quaest[19],2022-09-24,2022-09-27,2022-09-27,2000,wikipedia_tabela_2,Lula,46.0,0,9.0,https://en.wikipedia.org/wiki/Opinion_polling_for_the_2022_Brazilian_presidential_election
2022,1,Genial/Quaest[19],2022-09-24,2022-09-27,2022-09-27,2000,wikipedia_tabela_2,Bolsonaro,33.0,0,9.0,https://en.wikipedia.org/wiki/Opinion_polling_for_the_2022_Brazilian_presidential_election
2022,1,Genial/Quaest[19],2022-09-24,2022-09-27,2022-09-27,2000,wikipedia_tabela_2,Gomes,6.0,0,9.0,https://en.wikipedia.org/wiki/Opinion_polling_for_the_2022_Brazilian_presidential_election
2022,1,Genial/Quaest[19],2022-09-24,2022-09-27,2022-09-27,2000,wikipedia_tabela_2,Tebet,5.0,0,9.0,https://en.wikipedia.org/wiki/Opinion_polling_for_the_2022_Brazilian_presidential_election
2022,1,Atlas[20],2022-09-22,2022-09-26,2022-09-26,4500,wikipedia_tabela_2,Lula,48.3,0,2.3,https://en.wikipedia.org/wiki/Opinion_polling_for_the_2022_Brazilian_presidential_election
2022,1,Atlas[20],2022-09-22,2022-09-26,2022-09-26,4500,wikipedia_tabela_2,Bolsonaro,41.0,0,2.3,https://en.wikipedia.org/wiki/Opinion_polling_for_the_2022_Brazilian_presidential_election
2022,1,Atlas[20],2022-09-22,2022-09-26,2022-09-26,4500,wikipedia_tabela_2,Gomes,3.5,0,2.3,https://en.wikipedia.org/wiki/Opinion_polling_for_the_2022_Brazilian_presidential_election
2022,1,Atlas[20],2022-09-22,2022-09-26,2022-09-26,4500,wikipedia_tabela_2,Tebet,2.1,0,2.3,https://en.wikipedia.org/wiki/Opinion_polling_for_the_2022_Brazilian_presidential_election
2022,1,Ipec[21],2022-09-25,2022-09-26,2022-09-26,3008,wikipedia_tabela_2,Lula,48.0,0,8.0,https://en.wikipedia.org/wiki/Opinion_polling_for_the_2022_Brazilian_presidential_election
2022,1,Ipec[21],2022-09-25,2022-09-26,2022-09-26,3008,wikipedia_tabela_2,Bolsonaro,31.0,0,8.0,https://en.wikipedia.org/wiki/Opinion_polling_for_the_2022_Brazilian_presidential_election
2022,1,Ipec[21],2022-09-25,2022-09-26,2022-09-26,3008,wikipedia_tabela_2,Gomes,6.0,0,8.0,https://en.wikipedia.org/wiki/Opinion_polling_for_the_2022_Brazilian_presidential_election
2022,1,Ipec[21],2022-09-25,2022-09-26,2022-09-26,3008,wikipedia_tabela_2,Tebet,5.0,0,8.0,https://en.wikipedia.org/wiki/Opinion_polling_for_the_2022_Brazilian_presidential_election
2022,1,BTG Pactual/FSB[22],2022-09-23,2022-09-25,2022-09-25,2000,wikipedia_tabela_2,Lula,45.0,0,6.0,https://en.wikipedia.org/wiki/Opinion_polling_for_the_2022_Brazilian_presidential_election
2022,1,BTG Pactual/FSB[22],2022-09-23,2022-09-25,2022-09-25,2000,wikipedia_tabela_2,Bolsonaro,35.0,0,6.0,https://en.wikipedia.org/wiki/Opinion_polling_for_the_2022_Brazilian_presidential_election
2022,1,BTG Pactual/FSB[22],2022-09-23,2022-09-25,2022-09-25,2000,wikipedia_tabela_2,Gomes,7.0,0,6.0,https://en.wikipedia.org/wiki/Opinion_polling_for_the_2022_Brazilian_presidential_election
2022,1,BTG Pactual/FSB[22],2022-09-23,2022-09-25,2022-09-25,2000,wikipedia_tabela_2,Tebet,4.0,0,6.0,https://en.wikipedia.org/wiki/Opinion_polling_for_the_2022_Brazilian_presidential_election
2022,1,24 Sep,2022-09-24,2022-09-24,2022-09-24,24,wikipedia_tabela_2,Lula,23.0,0,23.0,https://en.wikipedia.org/wiki/Opinion_polling_for_the_2022_Brazilian_presidential_election
2022,1,24 Sep,2022-09-24,2022-09-24,2022-09-24,24,wikipedia_tabela_2,Bolsonaro,23.0,0,23.0,https://en.wikipedia.org/wiki/Opinion_polling_for_the_2022_Brazilian_presidential_election
2022,1,24 Sep,2022-09-24,2022-09-24,2022-09-24,24,wikipedia_tabela_2,Gomes,23.0,0,23.0,https://en.wikipedia.org/wiki/Opinion_polling_for_the_2022_Brazilian_presidential_election
2022,1,24 Sep,2022-09-24,2022-09-24,2022-09-24,24,wikipedia_tabela_2,Tebet,23.0,0,23.0,https://en.wikipedia.org/wiki/Opinion_polling_for_the_2022_Brazilian_presidential_election
2022,1,Abrapel/Ipespe[24],2022-09-21,2022-09-23,2022-09-23,1100,wikipedia_tabela_2,Lula,46.0,0,9.0,https://en.wikipedia.org/wiki/Opinion_polling_for_the_2022_Brazilian_presidential_election
2022,1,Abrapel/Ipespe[24],2022-09-21,2022-09-23,2022-09-23,1100,wikipedia_tabela_2,Bolsonaro,35.0,0,9.0,https://en.wikipedia.org/wiki/Opinion_polling_for_the_2022_Brazilian_presidential_election
2022,1,Abrapel/Ipespe[24],2022-09-21,2022-09-23,2022-09-23,1100,wikipedia_tabela_2,Gomes,6.0,0,9.0,https://en.wikipedia.org/wiki/Opinion_polling_for_the_2022_Brazilian_presidential_election
2022,1,Abrapel/Ipespe[24],2022-09-21,2022-09-23,2022-09-23,1100,wikipedia_tabela_2,Tebet,4.0,0,9.0,https://en.wikipedia.org/wiki/Opinion_polling_for_the_2022_Brazilian_presidential_election
2022,1,Datafolha[25],2022-09-20,2022-09-22,2022-09-22,6754,wikipedia_tabela_2,Lula,47.0,0,6.0,https://en.wikipedia.org/wiki/Opinion_polling_for_the_2022_Brazilian_presidential_election
2022,1,Datafolha[25],2022-09-20,2022-09-22,2022-09-22,6754,wikipedia_tabela_2,Bolsonaro,33.0,0,6.0,https://en.wikipedia.org/wiki/Opinion_polling_for_the_2022_Brazilian_presidential_election
2022,1,Datafolha[25],2022-09-20,2022-09-22,2022-09-22,6754,wikipedia_tabela_2,Gomes,7.0,0,6.0,https://en.wikipedia.org/wiki/Opinion_polling_for_the_2022_Brazilian_presidential_election
2022,1,Datafolha[25],2022-09-20,2022-09-22,2022-09-22,6754,wikipedia_tabela_2,Tebet,5.0,0,6.0,https://en.wikipedia.org/wiki/Opinion_polling_for_the_2022_Brazilian_presidential_election
2022,1,XP/Ipespe[26],2022-09-19,2022-09-21,2022-09-21,2000,wikipedia_tabela_2,Lula,46.0,0,7.0,https://en.wikipedia.org/wiki/Opinion_polling_for_the_2022_Brazilian_presidential_election
2022,1,XP/Ipespe[26],2022-09-19,2022-09-21,2022-09-21,2000,wikipedia_tabela_2,Bolsonaro,35.0,0,7.0,https://en.wikipedia.org/wiki/Opinion_polling_for_the_2022_Brazilian_presidential_election
2022,1,XP/Ipespe[26],2022-09-19,2022-09-21,2022-09-21,2000,wikipedia_tabela_2,Gomes,7.0,0,7.0,https://en.wikipedia.org/wiki/Opinion_polling_for_the_2022_Brazilian_presidential_election
2022,1,XP/Ipespe[26],2022-09-19,2022-09-21,2022-09-21,2000,wikipedia_tabela_2,Tebet,4.0,0,7.0,https://en.wikipedia.org/wiki/Opinion_polling_for_the_2022_Brazilian_presidential_election
2022,1,PoderData[27],2022-09-18,2022-09-20,2022-09-20,3500,wikipedia_tabela_2,Lula,44.0,0,5.0,https://en.wikipedia.org/wiki/Opinion_polling_for_the_2022_Brazilian_presidential_election
2022,1,PoderData[27],2022-09-18,2022-09-20,2022-09-20,3500,wikipedia_tabela_2,Bolsonaro,37.0,0,5.0,https://en.wikipedia.org/wiki/Opinion_polling_for_the_2022_Brazilian_presidential_election
2022,1,PoderData[27],2022-09-18,2022-09-20,2022-09-20,3500,wikipedia_tabela_2,Gomes,7.0,0,5.0,https://en.wikipedia.org/wiki/Opinion_polling_for_the_2022_Brazilian_presidential_election
2022,1,PoderData[27],2022-09-18,2022-09-20,2022-09-20,3500,wikipedia_tabela_2,Tebet,4.0,0,5.0,https://en.wikipedia.org/wiki/Opinion_polling_for_the_2022_Brazilian_presidential_election
2022,1,Genial/Quaest[28],2022-09-17,2022-09-20,2022-09-20,2000,wikipedia_tabela_2,Lula,44.0,0,10.0,https://en.wikipedia.org/wiki/Opinion_polling_for_the_2022_Brazilian_presidential_election
2022,1,Genial/Quaest[28],2022-09-17,2022-09-20,2022-09-20,2000,wikipedia_tabela_2,Bolsonaro,34.0,0,10.0,https://en.wikipedia.org/wiki/Opinion_polling_for_the_2022_Brazilian_presidential_election
2022,1,Genial/Quaest[28],2022-09-17,2022-09-20,2022-09-20,2000,wikipedia_tabela_2,Gomes,6.0,0,10.0,https://en.wikipedia.org/wiki/Opinion_polling_for_the_2022_Brazilian_presidential_election
2022,1,Genial/Quaest[28],2022-09-17,2022-09-20,2022-09-20,2000,wikipedia_tabela_2,Tebet,5.0,0,10.0,https://en.wikipedia.org/wiki/Opinion_polling_for_the_2022_Brazilian_presidential_election
2022,1,Arko/Atlas[29],2022-09-16,2022-09-20,2022-09-20,7514,wikipedia_tabela_2,Lula,48.4,0,1.0,https://en.wikipedia.org/wiki/Opinion_polling_for_the_2022_Brazilian_presidential_election
2022,1,Arko/Atlas[29],2022-09-16,2022-09-20,2022-09-20,7514,wikipedia_tabela_2,Bolsonaro,38.6,0,1.0,https://en.wikipedia.org/wiki/Opinion_polling_for_the_2022_Brazilian_presidential_election
2022,1,Arko/Atlas[29],2022-09-16,2022-09-20,2022-09-20,7514,wikipedia_tabela_2,Gomes,6.3,0,1.0,https://en.wikipedia.org/wiki/Opinion_polling_for_the_2022_Brazilian_presidential_election
2022,1,Arko/Atlas[29],2022-09-16,2022-09-20,2022-09-20,7514,wikipedia_tabela_2,Tebet,4.0,0,1.0,https://en.wikipedia.org/wiki/Opinion_polling_for_the_2022_Brazilian_presidential_election
2022,1,Ipec[30],2022-09-17,2022-09-18,2022-09-18,3008,wikipedia_tabela_2,Lula,47.0,0,9.0,https://en.wikipedia.org/wiki/Opinion_polling_for_the_2022_Brazilian_presidential_election
2022,1,Ipec[30],2022-09-17,2022-09-18,2022-09-18,3008,wikipedia_tabela_2,Bolsonaro,31.0,0,9.0,https://en.wikipedia.org/wiki/Opinion_polling_for_the_2022_Brazilian_presidential_election
2022,1,Ipec[30],2022-09-17,2022-09-18,2022-09-18,3008,wikipedia_tabela_2,Gomes,7.0,0,9.0,https://en.wikipedia.org/wiki/Opinion_polling_for_the_2022_Brazilian_presidential_election
2022,1,Ipec[30],2022-09-17,2022-09-18,2022-09-18,3008,wikipedia_tabela_2,Tebet,5.0,0,9.0,https://en.wikipedia.org/wiki/Opinion_polling_for_the_2022_Brazilian_presidential_election
2022,1,BTG/FSB[31],2022-09-16,2022-09-18,2022-09-18,2000,wikipedia_tabela_2,Lula,44.0,0,7.0,https://en.wikipedia.org/wiki/Opinion_polling_for_the_2022_Brazilian_presidential_election
2022,1,BTG/FSB[31],2022-09-16,2022-09-18,2022-09-18,2000,wikipedia_tabela_2,Bolsonaro,35.0,0,7.0,https://en.wikipedia.org/wiki/Opinion_polling_for_the_2022_Brazilian_presidential_election
2022,1,BTG/FSB[31],2022-09-16,2022-09-18,2022-09-18,2000,wikipedia_tabela_2,Gomes,7.0,0,7.0,https://en.wikipedia.org/wiki/Opinion_polling_for_the_2022_Brazilian_presidential_election
2022,1,BTG/FSB[31],2022-09-16,2022-09-18,2022-09-18,2000,wikipedia_tabela_2,Tebet,5.0,0,7.0,https://en.wikipedia.org/wiki/Opinion_polling_for_the_2022_Brazilian_presidential_election
2022,1,Abrapel/Ipespe[32],2022-09-14,2022-09-16,2022-09-16,1100,wikipedia_tabela_2,Lula,45.0,0,5.0,https://en.wikipedia.org/wiki/Opinion_polling_for_the_2022_Brazilian_presidential_election
2022,1,Abrapel/Ipespe[32],2022-09-14,2022-09-16,2022-09-16,1100,wikipedia_tabela_2,Bolsonaro,35.0,0,5.0,https://en.wikipedia.org/wiki/Opinion_polling_for_the_2022_Brazilian_presidential_election
2022,1,Abrapel/Ipespe[32],2022-09-14,2022-09-16,2022-09-16,1100,wikipedia_tabela_2,Gomes,7.0,0,5.0,https://en.wikipedia.org/wiki/Opinion_polling_for_the_2022_Brazilian_presidential_election
2022,1,Abrapel/Ipespe[32],2022-09-14,2022-09-16,2022-09-16,1100,wikipedia_tabela_2,Tebet,5.0,0,5.0,https://en.wikipedia.org/wiki/Opinion_polling_for_the_2022_Brazilian_presidential_election
2022,1,Datafolha[33],2022-09-13,2022-09-15,2022-09-15,5926,wikipedia_tabela_2,Lula,45.0,0,6.0,https://en.wikipedia.org/wiki/Opinion_polling_for_the_2022_Brazilian_presidential_election
2022,1,Datafolha[33],2022-09-13,2022-09-15,2022-09-15,5926,wikipedia_tabela_2,Bolsonaro,33.0,0,6.0,https://en.wikipedia.org/wiki/Opinion_polling_for_the_2022_Brazilian_presidential_election
2022,1,Datafolha[33],2022-09-13,2022-09-15,2022-09-15,5926,wikipedia_tabela_2,Gomes,8.0,0,6.0,https://en.wikipedia.org/wiki/Opinion_polling_for_the_2022_Brazilian_presidential_election
2022,1,Datafolha[33],2022-09-13,2022-09-15,2022-09-15,5926,wikipedia_tabela_2,Tebet,5.0,0,6.0,https://en.wikipedia.org/wiki/Opinion_polling_for_the_2022_Brazilian_presidential_election
2022,1,PoderData[34],2022-09-11,2022-09-13,2022-09-13,3500,wikipedia_tabela_2,Lula,43.0,0,5.0,https://en.wikipedia.org/wiki/Opinion_polling_for_the_2022_Brazilian_presidential_election
2022,1,PoderData[34],2022-09-11,2022-09-13,2022-09-13,3500,wikipedia_tabela_2,Bolsonaro,37.0,0,5.0,https://en.wikipedia.org/wiki/Opinion_polling_for_the_2022_Brazilian_presidential_election
2022,1,PoderData[34],2022-09-11,2022-09-13,2022-09-13,3500,wikipedia_tabela_2,Gomes,8.0,0,5.0,https://en.wikipedia.org/wiki/Opinion_polling_for_the_2022_Brazilian_presidential_election
2022,1,PoderData[34],2022-09-11,2022-09-13,2022-09-13,3500,wikipedia_tabela_2,Tebet,5.0,0,5.0,https://en.wikipedia.org/wiki/Opinion_polling_for_the_2022_Brazilian_presidential_election
2022,1,Genial/Quaest[35],2022-09-10,2022-09-13,2022-09-13,2000,wikipedia_tabela_2,Lula,42.0,0,11.0,https://en.wikipedia.org/wiki/Opinion_polling_for_the_2022_Brazilian_presidential_election
2022,1,Genial/Quaest[35],2022-09-10,2022-09-13,2022-09-13,2000,wikipedia_tabela_2,Bolsonaro,34.0,0,11.0,https://en.wikipedia.org/wiki/Opinion_polling_for_the_2022_Brazilian_presidential_election
2022,1,Genial/Quaest[35],2022-09-10,2022-09-13,2022-09-13,2000,wikipedia_tabela_2,Gomes,7.0,0,11.0,https://en.wikipedia.org/wiki/Opinion_polling_for_the_2022_Brazilian_presidential_election
2022,1,Genial/Quaest[35],2022-09-10,2022-09-13,2022-09-13,2000,wikipedia_tabela_2,Tebet,4.0,0,11.0,https://en.wikipedia.org/wiki/Opinion_polling_for_the_2022_Brazilian_presidential_election
2022,1,Globo/Ipec[36],2022-09-09,2022-09-11,2022-09-11,2512,wikipedia_tabela_2,Lula,46.0,0,10.0,https://en.wikipedia.org/wiki/Opinion_polling_for_the_2022_Brazilian_presidential_election
2022,1,Globo/Ipec[36],2022-09-09,2022-09-11,2022-09-11,2512,wikipedia_tabela_2,Bolsonaro,31.0,0,10.0,https://en.wikipedia.org/wiki/Opinion_polling_for_the_2022_Brazilian_presidential_election
2022,1,Globo/Ipec[36],2022-09-09,2022-09-11,2022-09-11,2512,wikipedia_tabela_2,Gomes,7.0,0,10.0,https://en.wikipedia.org/wiki/Opinion_polling_for_the_2022_Brazilian_presidential_election
2022,1,Globo/Ipec[36],2022-09-09,2022-09-11,2022-09-11,2512,wikipedia_tabela_2,Tebet,4.0,0,10.0,https://en.wikipedia.org/wiki/Opinion_polling_for_the_2022_Brazilian_presidential_election
2022,1,BTG/FSB[37],2022-09-09,2022-09-11,2022-09-11,2000,wikipedia_tabela_2,Lula,41.0,0,6.0,https://en.wikipedia.org/wiki/Opinion_polling_for_the_2022_Brazilian_presidential_election
2022,1,BTG/FSB[37],2022-09-09,2022-09-11,2022-09-11,2000,wikipedia_tabela_2,Bolsonaro,35.0,0,6.0,https://en.wikipedia.org/wiki/Opinion_polling_for_the_2022_Brazilian_presidential_election
2022,1,BTG/FSB[37],2022-09-09,2022-09-11,2022-09-11,2000,wikipedia_tabela_2,Gomes,9.0,0,6.0,https://en.wikipedia.org/wiki/Opinion_polling_for_the_2022_Brazilian_presidential_election
2022,1,BTG/FSB[37],2022-09-09,2022-09-11,2022-09-11,2000,wikipedia_tabela_2,Tebet,7.0,0,6.0,https://en.wikipedia.org/wiki/Opinion_polling_for_the_2022_Brazilian_presidential_election
2022,1,Datafolha[38],2022-09-08,2022-09-09,2022-09-09,2676,wikipedia_tabela_2,Lula,45.0,0,7.0,https://en.wikipedia.org/wiki/Opinion_polling_for_the_2022_Brazilian_presidential_election
2022,1,Datafolha[38],2022-09-08,2022-09-09,2022-09-09,2676,wikipedia_tabela_2,Bolsonaro,34.0,0,7.0,https://en.wikipedia.org/wiki/Opinion_polling_for_the_2022_Brazilian_presidential_election
2022,1,Datafolha[38],2022-09-08,2022-09-09,2022-09-09,2676,wikipedia_tabela_2,Gomes,7.0,0,7.0,https://en.wikipedia.org/wiki/Opinion_polling_for_the_2022_Brazilian_presidential_election
2022,1,Datafolha[38],2022-09-08,2022-09-09,2022-09-09,2676,wikipedia_tabela_2,Tebet,5.0,0,7.0,https://en.wikipedia.org/wiki/Opinion_polling_for_the_2022_Brazilian_presidential_election
2022,1,Abrapel/Ipespe[39],2022-09-07,2022-09-09,2022-09-09,1100,wikipedia_tabela_2,Lula,44.0,0,5.0,https://en.wikipedia.org/wiki/Opinion_polling_for_the_2022_Brazilian_presidential_election
2022,1,Abrapel/Ipespe[39],2022-09-07,2022-09-09,2022-09-09,1100,wikipedia_tabela_2,Bolsonaro,36.0,0,5.0,https://en.wikipedia.org/wiki/Opinion_polling_for_the_2022_Brazilian_presidential_election
2022,1,Abrapel/Ipespe[39],2022-09-07,2022-09-09,2022-09-09,1100,wikipedia_tabela_2,Gomes,8.0,0,5.0,https://en.wikipedia.org/wiki/Opinion_polling_for_the_2022_Brazilian_presidential_election
2022,1,Abrapel/Ipespe[39],2022-09-07,2022-09-09,2022-09-09,1100,wikipedia_tabela_2,Tebet,5.0,0,5.0,https://en.wikipedia.org/wiki/Opinion_polling_for_the_2022_Brazilian_presidential_election
2022,1,BTG/FSB[40],2022-09-02,2022-09-04,2022-09-04,2000,wikipedia_tabela_2,Lula,42.0,0,7.0,https://en.wikipedia.org/wiki/Opinion_polling_for_the_2022_Brazilian_presidential_election
2022,1,BTG/FSB[40],2022-09-02,2022-09-04,2022-09-04,2000,wikipedia_tabela_2,Bolsonaro,34.0,0,7.0,https://en.wikipedia.org/wiki/Opinion_polling_for_the_2022_Brazilian_presidential_election
2022,1,BTG/FSB[40],2022-09-02,2022-09-04,2022-09-04,2000,wikipedia_tabela_2,Gomes,8.0,0,7.0,https://en.wikipedia.org/wiki/Opinion_polling_for_the_2022_Brazilian_presidential_election
2022,1,BTG/FSB[40],2022-09-02,2022-09-04,2022-09-04,2000,wikipedia_tabela_2,Tebet,6.0,0,7.0,https://en.wikipedia.org/wiki/Opinion_polling_for_the_2022_Brazilian_presidential_election
2022,1,Globo/Ipec[41],2022-09-02,2022-09-04,2022-09-04,2512,wikipedia_tabela_2,Lula,44.0,0,11.0,https://en.wikipedia.org/wiki/Opinion_polling_for_the_2022_Brazilian_presidential_election
2022,1,Globo/Ipec[41],2022-09-02,2022-09-04,2022-09-04,2512,wikipedia_tabela_2,Bolsonaro,31.0,0,11.0,https://en.wikipedia.org/wiki/Opinion_polling_for_the_2022_Brazilian_presidential_election
2022,1,Globo/Ipec[41],2022-09-02,2022-09-04,2022-09-04,2512,wikipedia_tabela_2,Gomes,8.0,0,11.0,https://en.wikipedia.org/wiki/Opinion_polling_for_the_2022_Brazilian_presidential_election
2022,1,Globo/Ipec[41],2022-09-02,2022-09-04,2022-09-04,2512,wikipedia_tabela_2,Tebet,4.0,0,11.0,https://en.wikipedia.org/wiki/Opinion_polling_for_the_2022_Brazilian_presidential_election
2022,1,Genial/Quaest[42],2022-09-01,2022-09-04,2022-09-04,2000,wikipedia_tabela_2,Lula,44.0,0,9.0,https://en.wikipedia.org/wiki/Opinion_polling_for_the_2022_Brazilian_presidential_election
2022,1,Genial/Quaest[42],2022-09-01,2022-09-04,2022-09-04,2000,wikipedia_tabela_2,Bolsonaro,34.0,0,9.0,https://en.wikipedia.org/wiki/Opinion_polling_for_the_2022_Brazilian_presidential_election
2022,1,Genial/Quaest[42],2022-09-01,2022-09-04,2022-09-04,2000,wikipedia_tabela_2,Gomes,7.0,0,9.0,https://en.wikipedia.org/wiki/Opinion_polling_for_the_2022_Brazilian_presidential_election
2022,1,Genial/Quaest[42],2022-09-01,2022-09-04,2022-09-04,2000,wikipedia_tabela_2,Tebet,4.0,0,9.0,https://en.wikipedia.org/wiki/Opinion_polling_for_the_2022_Brazilian_presidential_election
2022,1,Abrapel/Ipespe[43],2022-08-30,2022-09-01,2022-09-01,1100,wikipedia_tabela_2,Lula,44.0,0,5.0,https://en.wikipedia.org/wiki/Opinion_polling_for_the_2022_Brazilian_presidential_election
2022,1,Abrapel/Ipespe[43],2022-08-30,2022-09-01,2022-09-01,1100,wikipedia_tabela_2,Bolsonaro,35.0,0,5.0,https://en.wikipedia.org/wiki/Opinion_polling_for_the_2022_Brazilian_presidential_election
2022,1,Abrapel/Ipespe[43],2022-08-30,2022-09-01,2022-09-01,1100,wikipedia_tabela_2,Gomes,9.0,0,5.0,https://en.wikipedia.org/wiki/Opinion_polling_for_the_2022_Brazilian_presidential_election
2022,1,Abrapel/Ipespe[43],2022-08-30,2022-09-01,2022-09-01,1100,wikipedia_tabela_2,Tebet,5.0,0,5.0,https://en.wikipedia.org/wiki/Opinion_polling_for_the_2022_Brazilian_presidential_election
2022,1,Datafolha[44],2022-08-30,2022-09-01,2022-09-01,5734,wikipedia_tabela_2,Lula,45.0,0,6.0,https://en.wikipedia.org/wiki/Opinion_polling_for_the_2022_Brazilian_presidential_election
2022,1,Datafolha[44],2022-08-30,2022-09-01,2022-09-01,5734,wikipedia_tabela_2,Bolsonaro,32.0,0,6.0,https://en.wikipedia.org/wiki/Opinion_polling_for_the_2022_Brazilian_presidential_election
2022,1,Datafolha[44],2022-08-30,2022-09-01,2022-09-01,5734,wikipedia_tabela_2,Gomes,9.0,0,6.0,https://en.wikipedia.org/wiki/Opinion_polling_for_the_2022_Brazilian_presidential_election
2022,1,Datafolha[44],2022-08-30,2022-09-01,2022-09-01,5734,wikipedia_tabela_2,Tebet,5.0,0,6.0,https://en.wikipedia.org/wiki/Opinion_polling_for_the_2022_Brazilian_presidential_election
2022,1,PoderData[45],2022-08-28,2022-08-30,2022-08-30,3500,wikipedia_tabela_2,Lula,44.0,0,5.0,https://en.wikipedia.org/wiki/Opinion_polling_for_the_2022_Brazilian_presidential_election
2022,1,PoderData[45],2022-08-28,2022-08-30,2022-08-30,3500,wikipedia_tabela_2,Bolsonaro,36.0,0,5.0,https://en.wikipedia.org/wiki/Opinion_polling_for_the_2022_Brazilian_presidential_election
2022,1,PoderData[45],2022-08-28,2022-08-30,2022-08-30,3500,wikipedia_tabela_2,Gomes,8.0,0,5.0,https://en.wikipedia.org/wiki/Opinion_polling_for_the_2022_Brazilian_presidential_election
2022,1,PoderData[45],2022-08-28,2022-08-30,2022-08-30,3500,wikipedia_tabela_2,Tebet,4.0,0,5.0,https://en.wikipedia.org/wiki/Opinion_polling_for_the_2022_Brazilian_presidential_election
2022,1,Paraná Pesquisas[46],2022-08-26,2022-08-30,2022-08-30,2020,wikipedia_tabela_2,Lula,41.3,0,9.9,https://en.wikipedia.org/wiki/Opinion_polling_for_the_2022_Brazilian_presidential_election
2022,1,Paraná Pesquisas[46],2022-08-26,2022-08-30,2022-08-30,2020,wikipedia_tabela_2,Bolsonaro,37.1,0,9.9,https://en.wikipedia.org/wiki/Opinion_polling_for_the_2022_Brazilian_presidential_election
2022,1,Paraná Pesquisas[46],2022-08-26,2022-08-30,2022-08-30,2020,wikipedia_tabela_2,Gomes,7.7,0,9.9,https://en.wikipedia.org/wiki/Opinion_polling_for_the_2022_Brazilian_presidential_election
2022,1,Paraná Pesquisas[46],2022-08-26,2022-08-30,2022-08-30,2020,wikipedia_tabela_2,Tebet,2.4,0,9.9,https://en.wikipedia.org/wiki/Opinion_polling_for_the_2022_Brazilian_presidential_election
2022,1,XP/Ipespe[47],2022-08-26,2022-08-29,2022-08-29,2000,wikipedia_tabela_2,Lula,43.0,0,6.0,https://en.wikipedia.org/wiki/Opinion_polling_for_the_2022_Brazilian_presidential_election
2022,1,XP/Ipespe[47],2022-08-26,2022-08-29,2022-08-29,2000,wikipedia_tabela_2,Bolsonaro,35.0,0,6.0,https://en.wikipedia.org/wiki/Opinion_polling_for_the_2022_Brazilian_presidential_election
2022,1,XP/Ipespe[47],2022-08-26,2022-08-29,2022-08-29,2000,wikipedia_tabela_2,Gomes,9.0,0,6.0,https://en.wikipedia.org/wiki/Opinion_polling_for_the_2022_Brazilian_presidential_election
2022,1,XP/Ipespe[47],2022-08-26,2022-08-29,2022-08-29,2000,wikipedia_tabela_2,Tebet,5.0,0,6.0,https://en.wikipedia.org/wiki/Opinion_polling_for_the_2022_Brazilian_presidential_election
2022,1,28 Aug,2022-08-28,2022-08-28,2022-08-28,28,wikipedia_tabela_2,Lula,48.0,0,48.0,https://en.wikipedia.org/wiki/Opinion_polling_for_the_2022_Brazilian_presidential_election
2022,1,28 Aug,2022-08-28,2022-08-28,2022-08-28,28,wikipedia_tabela_2,Bolsonaro,48.0,0,48.0,https://en.wikipedia.org/wiki/Opinion_polling_for_the_2022_Brazilian_presidential_election
2022,1,28 Aug,2022-08-28,2022-08-28,2022-08-28,28,wikipedia_tabela_2,Gomes,48.0,0,48.0,https://en.wikipedia.org/wiki/Opinion_polling_for_the_2022_Brazilian_presidential_election
2022,1,28 Aug,2022-08-28,2022-08-28,2022-08-28,28,wikipedia_tabela_2,Tebet,48.0,0,48.0,https://en.wikipedia.org/wiki/Opinion_polling_for_the_2022_Brazilian_presidential_election
2022,1,BTG/FSB[49],2022-08-26,2022-08-28,2022-08-28,2000,wikipedia_tabela_2,Lula,43.0,0,7.0,https://en.wikipedia.org/wiki/Opinion_polling_for_the_2022_Brazilian_presidential_election
2022,1,BTG/FSB[49],2022-08-26,2022-08-28,2022-08-28,2000,wikipedia_tabela_2,Bolsonaro,36.0,0,7.0,https://en.wikipedia.org/wiki/Opinion_polling_for_the_2022_Brazilian_presidential_election
2022,1,BTG/FSB[49],2022-08-26,2022-08-28,2022-08-28,2000,wikipedia_tabela_2,Gomes,9.0,0,7.0,https://en.wikipedia.org/wiki/Opinion_polling_for_the_2022_Brazilian_presidential_election
2022,1,BTG/FSB[49],2022-08-26,2022-08-28,2022-08-28,2000,wikipedia_tabela_2,Tebet,4.0,0,7.0,https://en.wikipedia.org/wiki/Opinion_polling_for_the_2022_Brazilian_presidential_election
2022,1,Ipec[50],2022-08-26,2022-08-28,2022-08-28,2000,wikipedia_tabela_2,Lula,44.0,0,13.0,https://en.wikipedia.org/wiki/Opinion_polling_for_the_2022_Brazilian_presidential_election
2022,1,Ipec[50],2022-08-26,2022-08-28,2022-08-28,2000,wikipedia_tabela_2,Bolsonaro,32.0,0,13.0,https://en.wikipedia.org/wiki/Opinion_polling_for_the_2022_Brazilian_presidential_election
2022,1,Ipec[50],2022-08-26,2022-08-28,2022-08-28,2000,wikipedia_tabela_2,Gomes,7.0,0,13.0,https://en.wikipedia.org/wiki/Opinion_polling_for_the_2022_Brazilian_presidential_election
2022,1,Ipec[50],2022-08-26,2022-08-28,2022-08-28,2000,wikipedia_tabela_2,Tebet,3.0,0,13.0,https://en.wikipedia.org/wiki/Opinion_polling_for_the_2022_Brazilian_presidential_election
2022,1,Quaest[51],2022-08-25,2022-08-28,2022-08-28,2000,wikipedia_tabela_2,Lula,44.0,0,11.0,https://en.wikipedia.org/wiki/Opinion_polling_for_the_2022_Brazilian_presidential_election
2022,1,Quaest[51],2022-08-25,2022-08-28,2022-08-28,2000,wikipedia_tabela_2,Bolsonaro,32.0,0,11.0,https://en.wikipedia.org/wiki/Opinion_polling_for_the_2022_Brazilian_presidential_election
2022,1,Quaest[51],2022-08-25,2022-08-28,2022-08-28,2000,wikipedia_tabela_2,Gomes,8.0,0,11.0,https://en.wikipedia.org/wiki/Opinion_polling_for_the_2022_Brazilian_presidential_election
2022,1,Quaest[51],2022-08-25,2022-08-28,2022-08-28,2000,wikipedia_tabela_2,Tebet,3.0,0,11.0,https://en.wikipedia.org/wiki/Opinion_polling_for_the_2022_Brazilian_presidential_election
2022,1,CNT/MDA[52],2022-08-25,2022-08-28,2022-08-28,2002,wikipedia_tabela_2,Lula,42.3,0,12.8,https://en.wikipedia.org/wiki/Opinion_polling_for_the_2022_Brazilian_presidential_election
2022,1,CNT/MDA[52],2022-08-25,2022-08-28,2022-08-28,2002,wikipedia_tabela_2,Bolsonaro,34.1,0,12.8,https://en.wikipedia.org/wiki/Opinion_polling_for_the_2022_Brazilian_presidential_election
2022,1,CNT/MDA[52],2022-08-25,2022-08-28,2022-08-28,2002,wikipedia_tabela_2,Gomes,7.3,0,12.8,https://en.wikipedia.org/wiki/Opinion_polling_for_the_2022_Brazilian_presidential_election
2022,1,CNT/MDA[52],2022-08-25,2022-08-28,2022-08-28,2002,wikipedia_tabela_2,Tebet,2.1,0,12.8,https://en.wikipedia.org/wiki/Opinion_polling_for_the_2022_Brazilian_presidential_election
2022,1,Atlas[53],2022-08-20,2022-08-25,2022-08-25,7475,wikipedia_tabela_2,Lula,46.7,0,1.9,https://en.wikipedia.org/wiki/Opinion_polling_for_the_2022_Brazilian_presidential_election
2022,1,Atlas[53],2022-08-20,2022-08-25,2022-08-25,7475,wikipedia_tabela_2,Bolsonaro,38.3,0,1.9,https://en.wikipedia.org/wiki/Opinion_polling_for_the_2022_Brazilian_presidential_election
2022,1,Atlas[53],2022-08-20,2022-08-25,2022-08-25,7475,wikipedia_tabela_2,Gomes,6.4,0,1.9,https://en.wikipedia.org/wiki/Opinion_polling_for_the_2022_Brazilian_presidential_election
2022,1,Atlas[53],2022-08-20,2022-08-25,2022-08-25,7475,wikipedia_tabela_2,Tebet,3.6,0,1.9,https://en.wikipedia.org/wiki/Opinion_polling_for_the_2022_Brazilian_presidential_election
2022,1,Exame/Ideia[54],2022-08-19,2022-08-24,2022-08-24,1500,wikipedia_tabela_2,Lula,44.0,0,5.0,https://en.wikipedia.org/wiki/Opinion_polling_for_the_2022_Brazilian_presidential_election
2022,1,Exame/Ideia[54],2022-08-19,2022-08-24,2022-08-24,1500,wikipedia_tabela_2,Bolsonaro,36.0,0,5.0,https://en.wikipedia.org/wiki/Opinion_polling_for_the_2022_Brazilian_presidential_election
2022,1,Exame/Ideia[54],2022-08-19,2022-08-24,2022-08-24,1500,wikipedia_tabela_2,Gomes,9.0,0,5.0,https://en.wikipedia.org/wiki/Opinion_polling_for_the_2022_Brazilian_presidential_election
2022,1,Exame/Ideia[54],2022-08-19,2022-08-24,2022-08-24,1500,wikipedia_tabela_2,Tebet,4.0,0,5.0,https://en.wikipedia.org/wiki/Opinion_polling_for_the_2022_Brazilian_presidential_election
2022,1,Paraná Pesquisas[55],2022-08-19,2022-08-23,2022-08-23,2020,wikipedia_tabela_2,Lula,41.7,0,10.1,https://en.wikipedia.org/wiki/Opinion_polling_for_the_2022_Brazilian_presidential_election
2022,1,Paraná Pesquisas[55],2022-08-19,2022-08-23,2022-08-23,2020,wikipedia_tabela_2,Bolsonaro,37.0,0,10.1,https://en.wikipedia.org/wiki/Opinion_polling_for_the_2022_Brazilian_presidential_election
2022,1,Paraná Pesquisas[55],2022-08-19,2022-08-23,2022-08-23,2020,wikipedia_tabela_2,Gomes,7.3,0,10.1,https://en.wikipedia.org/wiki/Opinion_polling_for_the_2022_Brazilian_presidential_election
2022,1,Paraná Pesquisas[55],2022-08-19,2022-08-23,2022-08-23,2020,wikipedia_tabela_2,Tebet,2.7,0,10.1,https://en.wikipedia.org/wiki/Opinion_polling_for_the_2022_Brazilian_presidential_election
2022,1,BTG/FSB[56],2022-08-19,2022-08-21,2022-08-21,2000,wikipedia_tabela_2,Lula,45.0,0,9.0,https://en.wikipedia.org/wiki/Opinion_polling_for_the_2022_Brazilian_presidential_election
2022,1,BTG/FSB[56],2022-08-19,2022-08-21,2022-08-21,2000,wikipedia_tabela_2,Bolsonaro,36.0,0,9.0,https://en.wikipedia.org/wiki/Opinion_polling_for_the_2022_Brazilian_presidential_election
2022,1,BTG/FSB[56],2022-08-19,2022-08-21,2022-08-21,2000,wikipedia_tabela_2,Gomes,6.0,0,9.0,https://en.wikipedia.org/wiki/Opinion_polling_for_the_2022_Brazilian_presidential_election
2022,1,BTG/FSB[56],2022-08-19,2022-08-21,2022-08-21,2000,wikipedia_tabela_2,Tebet,3.0,0,9.0,https://en.wikipedia.org/wiki/Opinion_polling_for_the_2022_Brazilian_presidential_election
2022,1,Datafolha[57],2022-08-16,2022-08-18,2022-08-18,5744,wikipedia_tabela_2,Lula,47.0,0,8.0,https://en.wikipedia.org/wiki/Opinion_polling_for_the_2022_Brazilian_presidential_election
2022,1,Datafolha[57],2022-08-16,2022-08-18,2022-08-18,5744,wikipedia_tabela_2,Bolsonaro,32.0,0,8.0,https://en.wikipedia.org/wiki/Opinion_polling_for_the_2022_Brazilian_presidential_election
2022,1,Datafolha[57],2022-08-16,2022-08-18,2022-08-18,5744,wikipedia_tabela_2,Gomes,7.0,0,8.0,https://en.wikipedia.org/wiki/Opinion_polling_for_the_2022_Brazilian_presidential_election
2022,1,Datafolha[57],2022-08-16,2022-08-18,2022-08-18,5744,wikipedia_tabela_2,Tebet,2.0,0,8.0,https://en.wikipedia.org/wiki/Opinion_polling_for_the_2022_Brazilian_presidential_election
2022,1,PoderData[58],2022-08-14,2022-08-16,2022-08-16,3500,wikipedia_tabela_2,Lula,44.0,0,7.0,https://en.wikipedia.org/wiki/Opinion_polling_for_the_2022_Brazilian_presidential_election
2022,1,PoderData[58],2022-08-14,2022-08-16,2022-08-16,3500,wikipedia_tabela_2,Bolsonaro,37.0,0,7.0,https://en.wikipedia.org/wiki/Opinion_polling_for_the_2022_Brazilian_presidential_election
2022,1,PoderData[58],2022-08-14,2022-08-16,2022-08-16,3500,wikipedia_tabela_2,Gomes,6.0,0,7.0,https://en.wikipedia.org/wiki/Opinion_polling_for_the_2022_Brazilian_presidential_election
2022,1,PoderData[58],2022-08-14,2022-08-16,2022-08-16,3500,wikipedia_tabela_2,Tebet,4.0,0,7.0,https://en.wikipedia.org/wiki/Opinion_polling_for_the_2022_Brazilian_presidential_election
2022,1,IPEC[59],2022-08-12,2022-08-14,2022-08-14,2000,wikipedia_tabela_2,Lula,44.0,0,15.0,https://en.wikipedia.org/wiki/Opinion_polling_for_the_2022_Brazilian_presidential_election
2022,1,IPEC[59],2022-08-12,2022-08-14,2022-08-14,2000,wikipedia_tabela_2,Bolsonaro,32.0,0,15.0,https://en.wikipedia.org/wiki/Opinion_polling_for_the_2022_Brazilian_presidential_election
2022,1,IPEC[59],2022-08-12,2022-08-14,2022-08-14,2000,wikipedia_tabela_2,Gomes,6.0,0,15.0,https://en.wikipedia.org/wiki/Opinion_polling_for_the_2022_Brazilian_presidential_election
2022,1,IPEC[59],2022-08-12,2022-08-14,2022-08-14,2000,wikipedia_tabela_2,Tebet,2.0,0,15.0,https://en.wikipedia.org/wiki/Opinion_polling_for_the_2022_Brazilian_presidential_election
2022,1,FSB Comunicação[60],2022-08-12,2022-08-14,2022-08-14,2000,wikipedia_tabela_2,Lula,45.0,0,8.0,https://en.wikipedia.org/wiki/Opinion_polling_for_the_2022_Brazilian_presidential_election
2022,1,FSB Comunicação[60],2022-08-12,2022-08-14,2022-08-14,2000,wikipedia_tabela_2,Bolsonaro,34.0,0,8.0,https://en.wikipedia.org/wiki/Opinion_polling_for_the_2022_Brazilian_presidential_election
2022,1,FSB Comunicação[60],2022-08-12,2022-08-14,2022-08-14,2000,wikipedia_tabela_2,Gomes,8.0,0,8.0,https://en.wikipedia.org/wiki/Opinion_polling_for_the_2022_Brazilian_presidential_election
2022,1,FSB Comunicação[60],2022-08-12,2022-08-14,2022-08-14,2000,wikipedia_tabela_2,Tebet,2.0,0,8.0,https://en.wikipedia.org/wiki/Opinion_polling_for_the_2022_Brazilian_presidential_election
2022,1,Quaest/Genial[61],2022-08-11,2022-08-14,2022-08-14,2000,wikipedia_tabela_2,Lula,45.0,0,12.0,https://en.wikipedia.org/wiki/Opinion_polling_for_the_2022_Brazilian_presidential_election
2022,1,Quaest/Genial[61],2022-08-11,2022-08-14,2022-08-14,2000,wikipedia_tabela_2,Bolsonaro,33.0,0,12.0,https://en.wikipedia.org/wiki/Opinion_polling_for_the_2022_Brazilian_presidential_election
2022,1,Quaest/Genial[61],2022-08-11,2022-08-14,2022-08-14,2000,wikipedia_tabela_2,Gomes,6.0,0,12.0,https://en.wikipedia.org/wiki/Opinion_polling_for_the_2022_Brazilian_presidential_election
2022,1,Quaest/Genial[61],2022-08-11,2022-08-14,2022-08-14,2000,wikipedia_tabela_2,Tebet,3.0,0,12.0,https://en.wikipedia.org/wiki/Opinion_polling_for_the_2022_Brazilian_presidential_election
2022,1,FSB Comunicação[62],2022-08-05,2022-08-07,2022-08-07,2000,wikipedia_tabela_2,Lula,41.0,0,11.0,https://en.wikipedia.org/wiki/Opinion_polling_for_the_2022_Brazilian_presidential_election
2022,1,FSB Comunicação[62],2022-08-05,2022-08-07,2022-08-07,2000,wikipedia_tabela_2,Bolsonaro,34.0,0,11.0,https://en.wikipedia.org/wiki/Opinion_polling_for_the_2022_Brazilian_presidential_election
2022,1,FSB Comunicação[62],2022-08-05,2022-08-07,2022-08-07,2000,wikipedia_tabela_2,Gomes,7.0,0,11.0,https://en.wikipedia.org/wiki/Opinion_polling_for_the_2022_Brazilian_presidential_election
2022,1,FSB Comunicação[62],2022-08-05,2022-08-07,2022-08-07,2000,wikipedia_tabela_2,Tebet,3.0,0,11.0,https://en.wikipedia.org/wiki/Opinion_polling_for_the_2022_Brazilian_presidential_election
2022,1,5 Aug,2022-08-05,2022-08-05,2022-08-05,5,wikipedia_tabela_2,Lula,63.0,0,63.0,https://en.wikipedia.org/wiki/Opinion_polling_for_the_2022_Brazilian_presidential_election
2022,1,5 Aug,2022-08-05,2022-08-05,2022-08-05,5,wikipedia_tabela_2,Bolsonaro,63.0,0,63.0,https://en.wikipedia.org/wiki/Opinion_polling_for_the_2022_Brazilian_presidential_election
2022,1,5 Aug,2022-08-05,2022-08-05,2022-08-05,5,wikipedia_tabela_2,Gomes,63.0,0,63.0,https://en.wikipedia.org/wiki/Opinion_polling_for_the_2022_Brazilian_presidential_election
2022,1,5 Aug,2022-08-05,2022-08-05,2022-08-05,5,wikipedia_tabela_2,Tebet,63.0,0,63.0,https://en.wikipedia.org/wiki/Opinion_polling_for_the_2022_Brazilian_presidential_election
2022,1,4 Aug,2022-08-04,2022-08-04,2022-08-04,4,wikipedia_tabela_2,Lula,64.0,0,64.0,https://en.wikipedia.org/wiki/Opinion_polling_for_the_2022_Brazilian_presidential_election
2022,1,4 Aug,2022-08-04,2022-08-04,2022-08-04,4,wikipedia_tabela_2,Bolsonaro,64.0,0,64.0,https://en.wikipedia.org/wiki/Opinion_polling_for_the_2022_Brazilian_presidential_election
2022,1,4 Aug,2022-08-04,2022-08-04,2022-08-04,4,wikipedia_tabela_2,Gomes,64.0,0,64.0,https://en.wikipedia.org/wiki/Opinion_polling_for_the_2022_Brazilian_presidential_election
2022,1,4 Aug,2022-08-04,2022-08-04,2022-08-04,4,wikipedia_tabela_2,Tebet,64.0,0,64.0,https://en.wikipedia.org/wiki/Opinion_polling_for_the_2022_Brazilian_presidential_election
2022,1,PoderData[65],2022-07-31,2022-08-02,2022-08-02,3500,wikipedia_tabela_2,Lula,43.0,0,6.0,https://en.wikipedia.org/wiki/Opinion_polling_for_the_2022_Brazilian_presidential_election
2022,1,PoderData[65],2022-07-31,2022-08-02,2022-08-02,3500,wikipedia_tabela_2,Bolsonaro,35.0,0,6.0,https://en.wikipedia.org/wiki/Opinion_polling_for_the_2022_Brazilian_presidential_election
2022,1,PoderData[65],2022-07-31,2022-08-02,2022-08-02,3500,wikipedia_tabela_2,Gomes,7.0,0,6.0,https://en.wikipedia.org/wiki/Opinion_polling_for_the_2022_Brazilian_presidential_election
2022,1,PoderData[65],2022-07-31,2022-08-02,2022-08-02,3500,wikipedia_tabela_2,Tebet,4.0,0,6.0,https://en.wikipedia.org/wiki/Opinion_polling_for_the_2022_Brazilian_presidential_election
2022,1,Paraná Pesquisas[66],2022-07-28,2022-08-01,2022-08-01,2020,wikipedia_tabela_2,Lula,41.1,0,10.3,https://en.wikipedia.org/wiki/Opinion_polling_for_the_2022_Brazilian_presidential_election
2022,1,Paraná Pesquisas[66],2022-07-28,2022-08-01,2022-08-01,2020,wikipedia_tabela_2,Bolsonaro,35.6,0,10.3,https://en.wikipedia.org/wiki/Opinion_polling_for_the_2022_Brazilian_presidential_election
2022,1,Paraná Pesquisas[66],2022-07-28,2022-08-01,2022-08-01,2020,wikipedia_tabela_2,Gomes,7.9,0,10.3,https://en.wikipedia.org/wiki/Opinion_polling_for_the_2022_Brazilian_presidential_election
2022,1,Paraná Pesquisas[66],2022-07-28,2022-08-01,2022-08-01,2020,wikipedia_tabela_2,Tebet,1.8,0,10.3,https://en.wikipedia.org/wiki/Opinion_polling_for_the_2022_Brazilian_presidential_election
2022,1,31 Jul,2022-07-31,2022-07-31,2022-07-31,31,wikipedia_tabela_2,Lula,67.0,0,67.0,https://en.wikipedia.org/wiki/Opinion_polling_for_the_2022_Brazilian_presidential_election
2022,1,31 Jul,2022-07-31,2022-07-31,2022-07-31,31,wikipedia_tabela_2,Bolsonaro,67.0,0,67.0,https://en.wikipedia.org/wiki/Opinion_polling_for_the_2022_Brazilian_presidential_election
2022,1,31 Jul,2022-07-31,2022-07-31,2022-07-31,31,wikipedia_tabela_2,Gomes,67.0,0,67.0,https://en.wikipedia.org/wiki/Opinion_polling_for_the_2022_Brazilian_presidential_election
2022,1,31 Jul,2022-07-31,2022-07-31,2022-07-31,31,wikipedia_tabela_2,Tebet,67.0,0,67.0,https://en.wikipedia.org/wiki/Opinion_polling_for_the_2022_Brazilian_presidential_election
2022,1,Quaest/Genial[68],2022-07-28,2022-07-31,2022-07-31,2000,wikipedia_tabela_2,Lula,44.0,0,12.0,https://en.wikipedia.org/wiki/Opinion_polling_for_the_2022_Brazilian_presidential_election
2022,1,Quaest/Genial[68],2022-07-28,2022-07-31,2022-07-31,2000,wikipedia_tabela_2,Bolsonaro,32.0,0,12.0,https://en.wikipedia.org/wiki/Opinion_polling_for_the_2022_Brazilian_presidential_election
2022,1,Quaest/Genial[68],2022-07-28,2022-07-31,2022-07-31,2000,wikipedia_tabela_2,Gomes,5.0,0,12.0,https://en.wikipedia.org/wiki/Opinion_polling_for_the_2022_Brazilian_presidential_election
2022,1,Quaest/Genial[68],2022-07-28,2022-07-31,2022-07-31,2000,wikipedia_tabela_2,Tebet,2.0,0,12.0,https://en.wikipedia.org/wiki/Opinion_polling_for_the_2022_Brazilian_presidential_election
2022,1,Datafolha[69],2022-07-27,2022-07-28,2022-07-28,2566,wikipedia_tabela_2,Lula,47.0,0,9.0,https://en.wikipedia.org/wiki/Opinion_polling_for_the_2022_Brazilian_presidential_election
2022,1,Datafolha[69],2022-07-27,2022-07-28,2022-07-28,2566,wikipedia_tabela_2,Bolsonaro,29.0,0,9.0,https://en.wikipedia.org/wiki/Opinion_polling_for_the_2022_Brazilian_presidential_election
2022,1,Datafolha[69],2022-07-27,2022-07-28,2022-07-28,2566,wikipedia_tabela_2,Gomes,8.0,0,9.0,https://en.wikipedia.org/wiki/Opinion_polling_for_the_2022_Brazilian_presidential_election
2022,1,Datafolha[69],2022-07-27,2022-07-28,2022-07-28,2566,wikipedia_tabela_2,Tebet,2.0,0,9.0,https://en.wikipedia.org/wiki/Opinion_polling_for_the_2022_Brazilian_presidential_election
2022,1,BTG/FSB[70],2022-07-22,2022-07-24,2022-07-24,2000,wikipedia_tabela_2,Lula,44.0,0,10.0,https://en.wikipedia.org/wiki/Opinion_polling_for_the_2022_Brazilian_presidential_election
2022,1,BTG/FSB[70],2022-07-22,2022-07-24,2022-07-24,2000,wikipedia_tabela_2,Bolsonaro,31.0,0,10.0,https://en.wikipedia.org/wiki/Opinion_polling_for_the_2022_Brazilian_presidential_election
2022,1,BTG/FSB[70],2022-07-22,2022-07-24,2022-07-24,2000,wikipedia_tabela_2,Gomes,9.0,0,10.0,https://en.wikipedia.org/wiki/Opinion_polling_for_the_2022_Brazilian_presidential_election
2022,1,BTG/FSB[70],2022-07-22,2022-07-24,2022-07-24,2000,wikipedia_tabela_2,Tebet,2.0,0,10.0,https://en.wikipedia.org/wiki/Opinion_polling_for_the_2022_Brazilian_presidential_election
2022,1,XP/Ipespe[71],2022-07-20,2022-07-22,2022-07-22,2000,wikipedia_tabela_2,Lula,44.0,0,6.0,https://en.wikipedia.org/wiki/Opinion_polling_for_the_2022_Brazilian_presidential_election
2022,1,XP/Ipespe[71],2022-07-20,2022-07-22,2022-07-22,2000,wikipedia_tabela_2,Bolsonaro,35.0,0,6.0,https://en.wikipedia.org/wiki/Opinion_polling_for_the_2022_Brazilian_presidential_election
2022,1,XP/Ipespe[71],2022-07-20,2022-07-22,2022-07-22,2000,wikipedia_tabela_2,Gomes,9.0,0,6.0,https://en.wikipedia.org/wiki/Opinion_polling_for_the_2022_Brazilian_presidential_election
2022,1,XP/Ipespe[71],2022-07-20,2022-07-22,2022-07-22,2000,wikipedia_tabela_2,Tebet,4.0,0,6.0,https://en.wikipedia.org/wiki/Opinion_polling_for_the_2022_Brazilian_presidential_election
2022,1,20 Jul,2022-07-20,2022-07-20,2022-07-20,20,wikipedia_tabela_2,Lula,72.0,0,72.0,https://en.wikipedia.org/wiki/Opinion_polling_for_the_2022_Brazilian_presidential_election
2022,1,20 Jul,2022-07-20,2022-07-20,2022-07-20,20,wikipedia_tabela_2,Bolsonaro,72.0,0,72.0,https://en.wikipedia.org/wiki/Opinion_polling_for_the_2022_Brazilian_presidential_election
2022,1,20 Jul,2022-07-20,2022-07-20,2022-07-20,20,wikipedia_tabela_2,Gomes,72.0,0,72.0,https://en.wikipedia.org/wiki/Opinion_polling_for_the_2022_Brazilian_presidential_election
2022,1,20 Jul,2022-07-20,2022-07-20,2022-07-20,20,wikipedia_tabela_2,Tebet,72.0,0,72.0,https://en.wikipedia.org/wiki/Opinion_polling_for_the_2022_Brazilian_presidential_election
2022,1,Exame/Ideia[73],2022-07-15,2022-07-20,2022-07-20,1500,wikipedia_tabela_2,Lula,44.0,0,7.0,https://en.wikipedia.org/wiki/Opinion_polling_for_the_2022_Brazilian_presidential_election
2022,1,Exame/Ideia[73],2022-07-15,2022-07-20,2022-07-20,1500,wikipedia_tabela_2,Bolsonaro,33.0,0,7.0,https://en.wikipedia.org/wiki/Opinion_polling_for_the_2022_Brazilian_presidential_election
2022,1,Exame/Ideia[73],2022-07-15,2022-07-20,2022-07-20,1500,wikipedia_tabela_2,Gomes,8.0,0,7.0,https://en.wikipedia.org/wiki/Opinion_polling_for_the_2022_Brazilian_presidential_election
2022,1,Exame/Ideia[73],2022-07-15,2022-07-20,2022-07-20,1500,wikipedia_tabela_2,Tebet,4.0,0,7.0,https://en.wikipedia.org/wiki/Opinion_polling_for_the_2022_Brazilian_presidential_election
2022,1,PoderData[74],2022-07-17,2022-07-19,2022-07-19,3000,wikipedia_tabela_2,Lula,43.0,0,8.0,https://en.wikipedia.org/wiki/Opinion_polling_for_the_2022_Brazilian_presidential_election
2022,1,PoderData[74],2022-07-17,2022-07-19,2022-07-19,3000,wikipedia_tabela_2,Bolsonaro,37.0,0,8.0,https://en.wikipedia.org/wiki/Opinion_polling_for_the_2022_Brazilian_presidential_election
2022,1,PoderData[74],2022-07-17,2022-07-19,2022-07-19,3000,wikipedia_tabela_2,Gomes,6.0,0,8.0,https://en.wikipedia.org/wiki/Opinion_polling_for_the_2022_Brazilian_presidential_election
2022,1,PoderData[74],2022-07-17,2022-07-19,2022-07-19,3000,wikipedia_tabela_2,Tebet,3.0,0,8.0,https://en.wikipedia.org/wiki/Opinion_polling_for_the_2022_Brazilian_presidential_election
2022,1,BTG/FSB[75],2022-07-08,2022-07-10,2022-07-10,2000,wikipedia_tabela_2,Lula,41.0,0,8.0,https://en.wikipedia.org/wiki/Opinion_polling_for_the_2022_Brazilian_presidential_election
2022,1,BTG/FSB[75],2022-07-08,2022-07-10,2022-07-10,2000,wikipedia_tabela_2,Bolsonaro,32.0,0,8.0,https://en.wikipedia.org/wiki/Opinion_polling_for_the_2022_Brazilian_presidential_election
2022,1,BTG/FSB[75],2022-07-08,2022-07-10,2022-07-10,2000,wikipedia_tabela_2,Gomes,9.0,0,8.0,https://en.wikipedia.org/wiki/Opinion_polling_for_the_2022_Brazilian_presidential_election
2022,1,BTG/FSB[75],2022-07-08,2022-07-10,2022-07-10,2000,wikipedia_tabela_2,Tebet,4.0,0,8.0,https://en.wikipedia.org/wiki/Opinion_polling_for_the_2022_Brazilian_presidential_election
2022,1,BTG/FSB[75],2022-07-08,2022-07-10,2022-07-10,2000,wikipedia_tabela_2,Lula,42.0,0,9.0,https://en.wikipedia.org/wiki/Opinion_polling_for_the_2022_Brazilian_presidential_election
2022,1,BTG/FSB[75],2022-07-08,2022-07-10,2022-07-10,2000,wikipedia_tabela_2,Bolsonaro,32.0,0,9.0,https://en.wikipedia.org/wiki/Opinion_polling_for_the_2022_Brazilian_presidential_election
2022,1,BTG/FSB[75],2022-07-08,2022-07-10,2022-07-10,2000,wikipedia_tabela_2,Gomes,9.0,0,9.0,https://en.wikipedia.org/wiki/Opinion_polling_for_the_2022_Brazilian_presidential_election
2022,1,BTG/FSB[75],2022-07-08,2022-07-10,2022-07-10,2000,wikipedia_tabela_2,Tebet,4.0,0,9.0,https://en.wikipedia.org/wiki/Opinion_polling_for_the_2022_Brazilian_presidential_election
2022,1,PoderData[76],2022-07-03,2022-07-05,2022-07-05,3000,wikipedia_tabela_2,Lula,44.0,0,9.0,https://en.wikipedia.org/wiki/Opinion_polling_for_the_2022_Brazilian_presidential_election
2022,1,PoderData[76],2022-07-03,2022-07-05,2022-07-05,3000,wikipedia_tabela_2,Bolsonaro,36.0,0,9.0,https://en.wikipedia.org/wiki/Opinion_polling_for_the_2022_Brazilian_presidential_election
2022,1,PoderData[76],2022-07-03,2022-07-05,2022-07-05,3000,wikipedia_tabela_2,Gomes,5.0,0,9.0,https://en.wikipedia.org/wiki/Opinion_polling_for_the_2022_Brazilian_presidential_election
2022,1,PoderData[76],2022-07-03,2022-07-05,2022-07-05,3000,wikipedia_tabela_2,Tebet,3.0,0,9.0,https://en.wikipedia.org/wiki/Opinion_polling_for_the_2022_Brazilian_presidential_election
2022,1,Quaest/Genial[77],2022-06-29,2022-07-02,2022-07-02,2000,wikipedia_tabela_2,Lula,45.0,0,12.0,https://en.wikipedia.org/wiki/Opinion_polling_for_the_2022_Brazilian_presidential_election
2022,1,Quaest/Genial[77],2022-06-29,2022-07-02,2022-07-02,2000,wikipedia_tabela_2,Bolsonaro,31.0,0,12.0,https://en.wikipedia.org/wiki/Opinion_polling_for_the_2022_Brazilian_presidential_election
2022,1,Quaest/Genial[77],2022-06-29,2022-07-02,2022-07-02,2000,wikipedia_tabela_2,Gomes,6.0,0,12.0,https://en.wikipedia.org/wiki/Opinion_polling_for_the_2022_Brazilian_presidential_election
2022,1,Quaest/Genial[77],2022-06-29,2022-07-02,2022-07-02,2000,wikipedia_tabela_2,Tebet,2.0,0,12.0,https://en.wikipedia.org/wiki/Opinion_polling_for_the_2022_Brazilian_presidential_election
2022,1,Quaest/Genial[77],2022-06-29,2022-07-02,2022-07-02,2000,wikipedia_tabela_2,Lula,45.0,0,11.0,https://en.wikipedia.org/wiki/Opinion_polling_for_the_2022_Brazilian_presidential_election
2022,1,Quaest/Genial[77],2022-06-29,2022-07-02,2022-07-02,2000,wikipedia_tabela_2,Bolsonaro,31.0,0,11.0,https://en.wikipedia.org/wiki/Opinion_polling_for_the_2022_Brazilian_presidential_election
2022,1,Quaest/Genial[77],2022-06-29,2022-07-02,2022-07-02,2000,wikipedia_tabela_2,Gomes,7.0,0,11.0,https://en.wikipedia.org/wiki/Opinion_polling_for_the_2022_Brazilian_presidential_election
2022,1,Quaest/Genial[77],2022-06-29,2022-07-02,2022-07-02,2000,wikipedia_tabela_2,Tebet,3.0,0,11.0,https://en.wikipedia.org/wiki/Opinion_polling_for_the_2022_Brazilian_presidential_election
2022,1,Quaest/Genial[77],2022-06-29,2022-07-02,2022-07-02,2000,wikipedia_tabela_2,Lula,47.0,0,12.0,https://en.wikipedia.org/wiki/Opinion_polling_for_the_2022_Brazilian_presidential_election
2022,1,Quaest/Genial[77],2022-06-29,2022-07-02,2022-07-02,2000,wikipedia_tabela_2,Bolsonaro,31.0,0,12.0,https://en.wikipedia.org/wiki/Opinion_polling_for_the_2022_Brazilian_presidential_election
2022,1,Quaest/Genial[77],2022-06-29,2022-07-02,2022-07-02,2000,wikipedia_tabela_2,Gomes,8.0,0,12.0,https://en.wikipedia.org/wiki/Opinion_polling_for_the_2022_Brazilian_presidential_election
2022,1,Quaest/Genial[77],2022-06-29,2022-07-02,2022-07-02,2000,wikipedia_tabela_2,Tebet,3.0,0,12.0,https://en.wikipedia.org/wiki/Opinion_polling_for_the_2022_Brazilian_presidential_election
2022,1,BTG/FSB[78],2022-06-24,2022-06-26,2022-06-26,2000,wikipedia_tabela_3,Lula,43.0,0,9.0,https://en.wikipedia.org/wiki/Opinion_polling_for_the_2022_Brazilian_presidential_election
2022,1,BTG/FSB[78],2022-06-24,2022-06-26,2022-06-26,2000,wikipedia_tabela_3,Bolsonaro,33.0,0,9.0,https://en.wikipedia.org/wiki/Opinion_polling_for_the_2022_Brazilian_presidential_election
2022,1,BTG/FSB[78],2022-06-24,2022-06-26,2022-06-26,2000,wikipedia_tabela_3,Gomes,8.0,0,9.0,https://en.wikipedia.org/wiki/Opinion_polling_for_the_2022_Brazilian_presidential_election
2022,1,Modalmais/Futura[79],2022-06-20,2022-06-24,2022-06-24,2000,wikipedia_tabela_3,Lula,38.9,0,11.0,https://en.wikipedia.org/wiki/Opinion_polling_for_the_2022_Brazilian_presidential_election
2022,1,Modalmais/Futura[79],2022-06-20,2022-06-24,2022-06-24,2000,wikipedia_tabela_3,Bolsonaro,37.6,0,11.0,https://en.wikipedia.org/wiki/Opinion_polling_for_the_2022_Brazilian_presidential_election
2022,1,Modalmais/Futura[79],2022-06-20,2022-06-24,2022-06-24,2000,wikipedia_tabela_3,Gomes,7.3,0,11.0,https://en.wikipedia.org/wiki/Opinion_polling_for_the_2022_Brazilian_presidential_election
2022,1,Datafolha[80],2022-06-22,2022-06-23,2022-06-23,2556,wikipedia_tabela_3,Lula,47.0,0,11.0,https://en.wikipedia.org/wiki/Opinion_polling_for_the_2022_Brazilian_presidential_election
2022,1,Datafolha[80],2022-06-22,2022-06-23,2022-06-23,2556,wikipedia_tabela_3,Bolsonaro,28.0,0,11.0,https://en.wikipedia.org/wiki/Opinion_polling_for_the_2022_Brazilian_presidential_election
2022,1,Datafolha[80],2022-06-22,2022-06-23,2022-06-23,2556,wikipedia_tabela_3,Gomes,8.0,0,11.0,https://en.wikipedia.org/wiki/Opinion_polling_for_the_2022_Brazilian_presidential_election
2022,1,Exame/Ideia[81],2022-06-17,2022-06-22,2022-06-22,1500,wikipedia_tabela_3,Lula,45.0,0,7.0,https://en.wikipedia.org/wiki/Opinion_polling_for_the_2022_Brazilian_presidential_election
2022,1,Exame/Ideia[81],2022-06-17,2022-06-22,2022-06-22,1500,wikipedia_tabela_3,Bolsonaro,36.0,0,7.0,https://en.wikipedia.org/wiki/Opinion_polling_for_the_2022_Brazilian_presidential_election
2022,1,Exame/Ideia[81],2022-06-17,2022-06-22,2022-06-22,1500,wikipedia_tabela_3,Gomes,7.0,0,7.0,https://en.wikipedia.org/wiki/Opinion_polling_for_the_2022_Brazilian_presidential_election
2022,1,PoderData[82],2022-06-19,2022-06-21,2022-06-21,3000,wikipedia_tabela_3,Lula,44.0,0,9.0,https://en.wikipedia.org/wiki/Opinion_polling_for_the_2022_Brazilian_presidential_election
2022,1,PoderData[82],2022-06-19,2022-06-21,2022-06-21,3000,wikipedia_tabela_3,Bolsonaro,34.0,0,9.0,https://en.wikipedia.org/wiki/Opinion_polling_for_the_2022_Brazilian_presidential_election
2022,1,PoderData[82],2022-06-19,2022-06-21,2022-06-21,3000,wikipedia_tabela_3,Gomes,6.0,0,9.0,https://en.wikipedia.org/wiki/Opinion_polling_for_the_2022_Brazilian_presidential_election
2022,1,BTG/FSB[83],2022-06-10,2022-06-12,2022-06-12,2000,wikipedia_tabela_3,Lula,44.0,0,8.0,https://en.wikipedia.org/wiki/Opinion_polling_for_the_2022_Brazilian_presidential_election
2022,1,BTG/FSB[83],2022-06-10,2022-06-12,2022-06-12,2000,wikipedia_tabela_3,Bolsonaro,32.0,0,8.0,https://en.wikipedia.org/wiki/Opinion_polling_for_the_2022_Brazilian_presidential_election
2022,1,BTG/FSB[83],2022-06-10,2022-06-12,2022-06-12,2000,wikipedia_tabela_3,Gomes,9.0,0,8.0,https://en.wikipedia.org/wiki/Opinion_polling_for_the_2022_Brazilian_presidential_election
2022,1,PoderData[84],2022-06-05,2022-06-07,2022-06-07,3000,wikipedia_tabela_3,Lula,43.0,0,10.0,https://en.wikipedia.org/wiki/Opinion_polling_for_the_2022_Brazilian_presidential_election
2022,1,PoderData[84],2022-06-05,2022-06-07,2022-06-07,3000,wikipedia_tabela_3,Bolsonaro,35.0,0,10.0,https://en.wikipedia.org/wiki/Opinion_polling_for_the_2022_Brazilian_presidential_election
2022,1,PoderData[84],2022-06-05,2022-06-07,2022-06-07,3000,wikipedia_tabela_3,Gomes,6.0,0,10.0,https://en.wikipedia.org/wiki/Opinion_polling_for_the_2022_Brazilian_presidential_election
2022,1,Quaest/Genial[85],2022-06-02,2022-06-05,2022-06-05,2000,wikipedia_tabela_3,Lula,46.0,0,13.0,https://en.wikipedia.org/wiki/Opinion_polling_for_the_2022_Brazilian_presidential_election
2022,1,Quaest/Genial[85],2022-06-02,2022-06-05,2022-06-05,2000,wikipedia_tabela_3,Bolsonaro,30.0,0,13.0,https://en.wikipedia.org/wiki/Opinion_polling_for_the_2022_Brazilian_presidential_election
2022,1,Quaest/Genial[85],2022-06-02,2022-06-05,2022-06-05,2000,wikipedia_tabela_3,Gomes,7.0,0,13.0,https://en.wikipedia.org/wiki/Opinion_polling_for_the_2022_Brazilian_presidential_election
2022,1,Quaest/Genial[85],2022-06-02,2022-06-05,2022-06-05,2000,wikipedia_tabela_3,Lula,47.0,0,12.0,https://en.wikipedia.org/wiki/Opinion_polling_for_the_2022_Brazilian_presidential_election
2022,1,Quaest/Genial[85],2022-06-02,2022-06-05,2022-06-05,2000,wikipedia_tabela_3,Bolsonaro,29.0,0,12.0,https://en.wikipedia.org/wiki/Opinion_polling_for_the_2022_Brazilian_presidential_election
2022,1,Quaest/Genial[85],2022-06-02,2022-06-05,2022-06-05,2000,wikipedia_tabela_3,Gomes,9.0,0,12.0,https://en.wikipedia.org/wiki/Opinion_polling_for_the_2022_Brazilian_presidential_election
2022,1,Quaest/Genial[85],2022-06-02,2022-06-05,2022-06-05,2000,wikipedia_tabela_3,Lula,48.0,0,11.0,https://en.wikipedia.org/wiki/Opinion_polling_for_the_2022_Brazilian_presidential_election
2022,1,Quaest/Genial[85],2022-06-02,2022-06-05,2022-06-05,2000,wikipedia_tabela_3,Bolsonaro,30.0,0,11.0,https://en.wikipedia.org/wiki/Opinion_polling_for_the_2022_Brazilian_presidential_election
2022,1,Quaest/Genial[85],2022-06-02,2022-06-05,2022-06-05,2000,wikipedia_tabela_3,Gomes,9.0,0,11.0,https://en.wikipedia.org/wiki/Opinion_polling_for_the_2022_Brazilian_presidential_election
2022,1,Instituto GERP[86],2022-05-30,2022-06-03,2022-06-03,2095,wikipedia_tabela_3,Lula,39.0,0,10.0,https://en.wikipedia.org/wiki/Opinion_polling_for_the_2022_Brazilian_presidential_election
2022,1,Instituto GERP[86],2022-05-30,2022-06-03,2022-06-03,2095,wikipedia_tabela_3,Bolsonaro,37.0,0,10.0,https://en.wikipedia.org/wiki/Opinion_polling_for_the_2022_Brazilian_presidential_election
2022,1,Instituto GERP[86],2022-05-30,2022-06-03,2022-06-03,2095,wikipedia_tabela_3,Gomes,8.0,0,10.0,https://en.wikipedia.org/wiki/Opinion_polling_for_the_2022_Brazilian_presidential_election
2022,1,Instituto GERP[86],2022-05-30,2022-06-03,2022-06-03,2095,wikipedia_tabela_3,Lula,39.0,0,9.0,https://en.wikipedia.org/wiki/Opinion_polling_for_the_2022_Brazilian_presidential_election
2022,1,Instituto GERP[86],2022-05-30,2022-06-03,2022-06-03,2095,wikipedia_tabela_3,Bolsonaro,37.0,0,9.0,https://en.wikipedia.org/wiki/Opinion_polling_for_the_2022_Brazilian_presidential_election
2022,1,Instituto GERP[86],2022-05-30,2022-06-03,2022-06-03,2095,wikipedia_tabela_3,Gomes,7.0,0,9.0,https://en.wikipedia.org/wiki/Opinion_polling_for_the_2022_Brazilian_presidential_election
2022,1,XP/Ipespe[87],2022-05-30,2022-06-01,2022-06-01,1000,wikipedia_tabela_3,Lula,45.0,0,7.0,https://en.wikipedia.org/wiki/Opinion_polling_for_the_2022_Brazilian_presidential_election
2022,1,XP/Ipespe[87],2022-05-30,2022-06-01,2022-06-01,1000,wikipedia_tabela_3,Bolsonaro,34.0,0,7.0,https://en.wikipedia.org/wiki/Opinion_polling_for_the_2022_Brazilian_presidential_election
2022,1,XP/Ipespe[87],2022-05-30,2022-06-01,2022-06-01,1000,wikipedia_tabela_3,Gomes,9.0,0,7.0,https://en.wikipedia.org/wiki/Opinion_polling_for_the_2022_Brazilian_presidential_election
2022,1,Paraná Pesquisas[88],2022-05-26,2022-05-30,2022-05-30,2020,wikipedia_tabela_3,Lula,41.4,0,10.1,https://en.wikipedia.org/wiki/Opinion_polling_for_the_2022_Brazilian_presidential_election
2022,1,Paraná Pesquisas[88],2022-05-26,2022-05-30,2022-05-30,2020,wikipedia_tabela_3,Bolsonaro,35.3,0,10.1,https://en.wikipedia.org/wiki/Opinion_polling_for_the_2022_Brazilian_presidential_election
2022,1,Paraná Pesquisas[88],2022-05-26,2022-05-30,2022-05-30,2020,wikipedia_tabela_3,Gomes,7.7,0,10.1,https://en.wikipedia.org/wiki/Opinion_polling_for_the_2022_Brazilian_presidential_election
2022,1,BTG/FSB[89],2022-05-27,2022-05-29,2022-05-29,2000,wikipedia_tabela_3,Lula,46.0,0,8.0,https://en.wikipedia.org/wiki/Opinion_polling_for_the_2022_Brazilian_presidential_election
2022,1,BTG/FSB[89],2022-05-27,2022-05-29,2022-05-29,2000,wikipedia_tabela_3,Bolsonaro,32.0,0,8.0,https://en.wikipedia.org/wiki/Opinion_polling_for_the_2022_Brazilian_presidential_election
2022,1,BTG/FSB[89],2022-05-27,2022-05-29,2022-05-29,2000,wikipedia_tabela_3,Gomes,9.0,0,8.0,https://en.wikipedia.org/wiki/Opinion_polling_for_the_2022_Brazilian_presidential_election
2022,1,Datafolha[90],2022-05-25,2022-05-26,2022-05-26,2556,wikipedia_tabela_3,Lula,48.0,0,11.0,https://en.wikipedia.org/wiki/Opinion_polling_for_the_2022_Brazilian_presidential_election
2022,1,Datafolha[90],2022-05-25,2022-05-26,2022-05-26,2556,wikipedia_tabela_3,Bolsonaro,27.0,0,11.0,https://en.wikipedia.org/wiki/Opinion_polling_for_the_2022_Brazilian_presidential_election
2022,1,Datafolha[90],2022-05-25,2022-05-26,2022-05-26,2556,wikipedia_tabela_3,Gomes,7.0,0,11.0,https://en.wikipedia.org/wiki/Opinion_polling_for_the_2022_Brazilian_presidential_election
2022,1,XP/Ipespe[91],2022-05-23,2022-05-25,2022-05-25,1000,wikipedia_tabela_3,Lula,45.0,0,5.0,https://en.wikipedia.org/wiki/Opinion_polling_for_the_2022_Brazilian_presidential_election
2022,1,XP/Ipespe[91],2022-05-23,2022-05-25,2022-05-25,1000,wikipedia_tabela_3,Bolsonaro,34.0,0,5.0,https://en.wikipedia.org/wiki/Opinion_polling_for_the_2022_Brazilian_presidential_election
2022,1,XP/Ipespe[91],2022-05-23,2022-05-25,2022-05-25,1000,wikipedia_tabela_3,Gomes,8.0,0,5.0,https://en.wikipedia.org/wiki/Opinion_polling_for_the_2022_Brazilian_presidential_election
2022,1,CNN Brasil/Real Time Big Data[92],2022-05-23,2022-05-24,2022-05-24,3000,wikipedia_tabela_3,Lula,40.0,0,13.0,https://en.wikipedia.org/wiki/Opinion_polling_for_the_2022_Brazilian_presidential_election
2022,1,CNN Brasil/Real Time Big Data[92],2022-05-23,2022-05-24,2022-05-24,3000,wikipedia_tabela_3,Bolsonaro,32.0,0,13.0,https://en.wikipedia.org/wiki/Opinion_polling_for_the_2022_Brazilian_presidential_election
2022,1,CNN Brasil/Real Time Big Data[92],2022-05-23,2022-05-24,2022-05-24,3000,wikipedia_tabela_3,Gomes,9.0,0,13.0,https://en.wikipedia.org/wiki/Opinion_polling_for_the_2022_Brazilian_presidential_election
2022,1,PoderData[93],2022-05-22,2022-05-24,2022-05-24,3000,wikipedia_tabela_3,Lula,43.0,0,10.0,https://en.wikipedia.org/wiki/Opinion_polling_for_the_2022_Brazilian_presidential_election
2022,1,PoderData[93],2022-05-22,2022-05-24,2022-05-24,3000,wikipedia_tabela_3,Bolsonaro,35.0,0,10.0,https://en.wikipedia.org/wiki/Opinion_polling_for_the_2022_Brazilian_presidential_election
2022,1,PoderData[93],2022-05-22,2022-05-24,2022-05-24,3000,wikipedia_tabela_3,Gomes,5.0,0,10.0,https://en.wikipedia.org/wiki/Opinion_polling_for_the_2022_Brazilian_presidential_election
2022,1,23 May,2022-05-23,2022-05-23,2022-05-23,23,wikipedia_tabela_3,Lula,94.0,0,94.0,https://en.wikipedia.org/wiki/Opinion_polling_for_the_2022_Brazilian_presidential_election
2022,1,23 May,2022-05-23,2022-05-23,2022-05-23,23,wikipedia_tabela_3,Bolsonaro,94.0,0,94.0,https://en.wikipedia.org/wiki/Opinion_polling_for_the_2022_Brazilian_presidential_election
2022,1,23 May,2022-05-23,2022-05-23,2022-05-23,23,wikipedia_tabela_3,Gomes,94.0,0,94.0,https://en.wikipedia.org/wiki/Opinion_polling_for_the_2022_Brazilian_presidential_election
2022,1,Modalmais/Futura[96],2022-05-16,2022-05-19,2022-05-19,2000,wikipedia_tabela_3,Lula,41.0,0,10.8,https://en.wikipedia.org/wiki/Opinion_polling_for_the_2022_Brazilian_presidential_election
2022,1,Modalmais/Futura[96],2022-05-16,2022-05-19,2022-05-19,2000,wikipedia_tabela_3,Bolsonaro,36.0,0,10.8,https://en.wikipedia.org/wiki/Opinion_polling_for_the_2022_Brazilian_presidential_election
2022,1,Modalmais/Futura[96],2022-05-16,2022-05-19,2022-05-19,2000,wikipedia_tabela_3,Gomes,5.6,0,10.8,https://en.wikipedia.org/wiki/Opinion_polling_for_the_2022_Brazilian_presidential_election
2022,1,Exame/Ideia[97],2022-05-14,2022-05-19,2022-05-19,1500,wikipedia_tabela_3,Lula,41.0,0,12.0,https://en.wikipedia.org/wiki/Opinion_polling_for_the_2022_Brazilian_presidential_election
2022,1,Exame/Ideia[97],2022-05-14,2022-05-19,2022-05-19,1500,wikipedia_tabela_3,Bolsonaro,32.0,0,12.0,https://en.wikipedia.org/wiki/Opinion_polling_for_the_2022_Brazilian_presidential_election
2022,1,Exame/Ideia[97],2022-05-14,2022-05-19,2022-05-19,1500,wikipedia_tabela_3,Gomes,9.0,0,12.0,https://en.wikipedia.org/wiki/Opinion_polling_for_the_2022_Brazilian_presidential_election
2022,1,Exame/Ideia[97],2022-05-14,2022-05-19,2022-05-19,1500,wikipedia_tabela_3,Lula,40.0,0,14.0,https://en.wikipedia.org/wiki/Opinion_polling_for_the_2022_Brazilian_presidential_election
2022,1,Exame/Ideia[97],2022-05-14,2022-05-19,2022-05-19,1500,wikipedia_tabela_3,Bolsonaro,33.0,0,14.0,https://en.wikipedia.org/wiki/Opinion_polling_for_the_2022_Brazilian_presidential_election
2022,1,Exame/Ideia[97],2022-05-14,2022-05-19,2022-05-19,1500,wikipedia_tabela_3,Gomes,8.0,0,14.0,https://en.wikipedia.org/wiki/Opinion_polling_for_the_2022_Brazilian_presidential_election
2022,1,XP/Ipespe[98],2022-05-16,2022-05-18,2022-05-18,1000,wikipedia_tabela_3,Lula,44.0,0,8.0,https://en.wikipedia.org/wiki/Opinion_polling_for_the_2022_Brazilian_presidential_election
2022,1,XP/Ipespe[98],2022-05-16,2022-05-18,2022-05-18,1000,wikipedia_tabela_3,Bolsonaro,32.0,0,8.0,https://en.wikipedia.org/wiki/Opinion_polling_for_the_2022_Brazilian_presidential_election
2022,1,XP/Ipespe[98],2022-05-16,2022-05-18,2022-05-18,1000,wikipedia_tabela_3,Gomes,8.0,0,8.0,https://en.wikipedia.org/wiki/Opinion_polling_for_the_2022_Brazilian_presidential_election
2022,1,XP/Ipespe[99],2022-05-09,2022-05-11,2022-05-11,1000,wikipedia_tabela_3,Lula,44.0,0,10.0,https://en.wikipedia.org/wiki/Opinion_polling_for_the_2022_Brazilian_presidential_election
2022,1,XP/Ipespe[99],2022-05-09,2022-05-11,2022-05-11,1000,wikipedia_tabela_3,Bolsonaro,32.0,0,10.0,https://en.wikipedia.org/wiki/Opinion_polling_for_the_2022_Brazilian_presidential_election
2022,1,XP/Ipespe[99],2022-05-09,2022-05-11,2022-05-11,1000,wikipedia_tabela_3,Gomes,8.0,0,10.0,https://en.wikipedia.org/wiki/Opinion_polling_for_the_2022_Brazilian_presidential_election
2022,1,PoderData[100],2022-05-08,2022-05-10,2022-05-10,3000,wikipedia_tabela_3,Lula,42.0,0,9.0,https://en.wikipedia.org/wiki/Opinion_polling_for_the_2022_Brazilian_presidential_election
2022,1,PoderData[100],2022-05-08,2022-05-10,2022-05-10,3000,wikipedia_tabela_3,Bolsonaro,35.0,0,9.0,https://en.wikipedia.org/wiki/Opinion_polling_for_the_2022_Brazilian_presidential_election
2022,1,PoderData[100],2022-05-08,2022-05-10,2022-05-10,3000,wikipedia_tabela_3,Gomes,5.0,0,9.0,https://en.wikipedia.org/wiki/Opinion_polling_for_the_2022_Brazilian_presidential_election
2022,1,PoderData[100],2022-05-08,2022-05-10,2022-05-10,3000,wikipedia_tabela_3,Lula,42.0,0,7.0,https://en.wikipedia.org/wiki/Opinion_polling_for_the_2022_Brazilian_presidential_election
2022,1,PoderData[100],2022-05-08,2022-05-10,2022-05-10,3000,wikipedia_tabela_3,Bolsonaro,35.0,0,7.0,https://en.wikipedia.org/wiki/Opinion_polling_for_the_2022_Brazilian_presidential_election
2022,1,PoderData[100],2022-05-08,2022-05-10,2022-05-10,3000,wikipedia_tabela_3,Gomes,7.0,0,7.0,https://en.wikipedia.org/wiki/Opinion_polling_for_the_2022_Brazilian_presidential_election
2022,1,Quaest/Genial[101],2022-05-05,2022-05-08,2022-05-08,2000,wikipedia_tabela_3,Lula,46.0,0,9.0,https://en.wikipedia.org/wiki/Opinion_polling_for_the_2022_Brazilian_presidential_election
2022,1,Quaest/Genial[101],2022-05-05,2022-05-08,2022-05-08,2000,wikipedia_tabela_3,Bolsonaro,29.0,0,9.0,https://en.wikipedia.org/wiki/Opinion_polling_for_the_2022_Brazilian_presidential_election
2022,1,Quaest/Genial[101],2022-05-05,2022-05-08,2022-05-08,2000,wikipedia_tabela_3,Gomes,7.0,0,9.0,https://en.wikipedia.org/wiki/Opinion_polling_for_the_2022_Brazilian_presidential_election
2022,1,Quaest/Genial[101],2022-05-05,2022-05-08,2022-05-08,2000,wikipedia_tabela_3,Lula,46.0,0,10.0,https://en.wikipedia.org/wiki/Opinion_polling_for_the_2022_Brazilian_presidential_election
2022,1,Quaest/Genial[101],2022-05-05,2022-05-08,2022-05-08,2000,wikipedia_tabela_3,Bolsonaro,31.0,0,10.0,https://en.wikipedia.org/wiki/Opinion_polling_for_the_2022_Brazilian_presidential_election
2022,1,Quaest/Genial[101],2022-05-05,2022-05-08,2022-05-08,2000,wikipedia_tabela_3,Gomes,9.0,0,10.0,https://en.wikipedia.org/wiki/Opinion_polling_for_the_2022_Brazilian_presidential_election
2022,1,Quaest/Genial[101],2022-05-05,2022-05-08,2022-05-08,2000,wikipedia_tabela_3,Lula,50.0,0,12.0,https://en.wikipedia.org/wiki/Opinion_polling_for_the_2022_Brazilian_presidential_election
2022,1,Quaest/Genial[101],2022-05-05,2022-05-08,2022-05-08,2000,wikipedia_tabela_3,Bolsonaro,33.0,0,12.0,https://en.wikipedia.org/wiki/Opinion_polling_for_the_2022_Brazilian_presidential_election
2022,1,Quaest/Genial[101],2022-05-05,2022-05-08,2022-05-08,2000,wikipedia_tabela_3,Lula,48.0,0,10.0,https://en.wikipedia.org/wiki/Opinion_polling_for_the_2022_Brazilian_presidential_election
2022,1,Quaest/Genial[101],2022-05-05,2022-05-08,2022-05-08,2000,wikipedia_tabela_3,Bolsonaro,33.0,0,10.0,https://en.wikipedia.org/wiki/Opinion_polling_for_the_2022_Brazilian_presidential_election
2022,1,Quaest/Genial[101],2022-05-05,2022-05-08,2022-05-08,2000,wikipedia_tabela_3,Gomes,10.0,0,10.0,https://en.wikipedia.org/wiki/Opinion_polling_for_the_2022_Brazilian_presidential_election
2022,1,7 May,2022-05-07,2022-05-07,2022-05-07,7,wikipedia_tabela_3,Lula,102.0,0,102.0,https://en.wikipedia.org/wiki/Opinion_polling_for_the_2022_Brazilian_presidential_election
2022,1,7 May,2022-05-07,2022-05-07,2022-05-07,7,wikipedia_tabela_3,Bolsonaro,102.0,0,102.0,https://en.wikipedia.org/wiki/Opinion_polling_for_the_2022_Brazilian_presidential_election
2022,1,7 May,2022-05-07,2022-05-07,2022-05-07,7,wikipedia_tabela_3,Gomes,102.0,0,102.0,https://en.wikipedia.org/wiki/Opinion_polling_for_the_2022_Brazilian_presidential_election
2022,1,CNT/MDA[104],2022-05-04,2022-05-07,2022-05-07,2002,wikipedia_tabela_3,Lula,40.6,0,12.1,https://en.wikipedia.org/wiki/Opinion_polling_for_the_2022_Brazilian_presidential_election
2022,1,CNT/MDA[104],2022-05-04,2022-05-07,2022-05-07,2002,wikipedia_tabela_3,Bolsonaro,32.0,0,12.1,https://en.wikipedia.org/wiki/Opinion_polling_for_the_2022_Brazilian_presidential_election
2022,1,CNT/MDA[104],2022-05-04,2022-05-07,2022-05-07,2002,wikipedia_tabela_3,Gomes,7.1,0,12.1,https://en.wikipedia.org/wiki/Opinion_polling_for_the_2022_Brazilian_presidential_election
2022,1,XP/Ipespe[105],2022-05-02,2022-05-04,2022-05-04,1000,wikipedia_tabela_3,Lula,44.0,0,10.0,https://en.wikipedia.org/wiki/Opinion_polling_for_the_2022_Brazilian_presidential_election
2022,1,XP/Ipespe[105],2022-05-02,2022-05-04,2022-05-04,1000,wikipedia_tabela_3,Bolsonaro,31.0,0,10.0,https://en.wikipedia.org/wiki/Opinion_polling_for_the_2022_Brazilian_presidential_election
2022,1,XP/Ipespe[105],2022-05-02,2022-05-04,2022-05-04,1000,wikipedia_tabela_3,Gomes,8.0,0,10.0,https://en.wikipedia.org/wiki/Opinion_polling_for_the_2022_Brazilian_presidential_election
2022,1,Paraná Pesquisas[106],2022-04-28,2022-05-03,2022-05-03,2020,wikipedia_tabela_3,Lula,40.0,0,10.7,https://en.wikipedia.org/wiki/Opinion_polling_for_the_2022_Brazilian_presidential_election
2022,1,Paraná Pesquisas[106],2022-04-28,2022-05-03,2022-05-03,2020,wikipedia_tabela_3,Bolsonaro,35.2,0,10.7,https://en.wikipedia.org/wiki/Opinion_polling_for_the_2022_Brazilian_presidential_election
2022,1,Paraná Pesquisas[106],2022-04-28,2022-05-03,2022-05-03,2020,wikipedia_tabela_3,Gomes,7.4,0,10.7,https://en.wikipedia.org/wiki/Opinion_polling_for_the_2022_Brazilian_presidential_election
2022,1,Paraná Pesquisas[106],2022-04-28,2022-05-03,2022-05-03,2020,wikipedia_tabela_3,Lula,42.6,0,12.8,https://en.wikipedia.org/wiki/Opinion_polling_for_the_2022_Brazilian_presidential_election
2022,1,Paraná Pesquisas[106],2022-04-28,2022-05-03,2022-05-03,2020,wikipedia_tabela_3,Bolsonaro,35.7,0,12.8,https://en.wikipedia.org/wiki/Opinion_polling_for_the_2022_Brazilian_presidential_election
2022,1,PoderData[107],2022-04-24,2022-04-26,2022-04-26,3000,wikipedia_tabela_3,Lula,41.0,0,7.0,https://en.wikipedia.org/wiki/Opinion_polling_for_the_2022_Brazilian_presidential_election
2022,1,PoderData[107],2022-04-24,2022-04-26,2022-04-26,3000,wikipedia_tabela_3,Bolsonaro,36.0,0,7.0,https://en.wikipedia.org/wiki/Opinion_polling_for_the_2022_Brazilian_presidential_election
2022,1,PoderData[107],2022-04-24,2022-04-26,2022-04-26,3000,wikipedia_tabela_3,Gomes,6.0,0,7.0,https://en.wikipedia.org/wiki/Opinion_polling_for_the_2022_Brazilian_presidential_election
2022,1,BTG/FSB[108],2022-04-22,2022-04-24,2022-04-24,2000,wikipedia_tabela_3,Lula,41.0,0,9.0,https://en.wikipedia.org/wiki/Opinion_polling_for_the_2022_Brazilian_presidential_election
2022,1,BTG/FSB[108],2022-04-22,2022-04-24,2022-04-24,2000,wikipedia_tabela_3,Bolsonaro,32.0,0,9.0,https://en.wikipedia.org/wiki/Opinion_polling_for_the_2022_Brazilian_presidential_election
2022,1,BTG/FSB[108],2022-04-22,2022-04-24,2022-04-24,2000,wikipedia_tabela_3,Gomes,9.0,0,9.0,https://en.wikipedia.org/wiki/Opinion_polling_for_the_2022_Brazilian_presidential_election
2022,1,XP/Ipespe[109],2022-04-18,2022-04-20,2022-04-20,1000,wikipedia_tabela_3,Lula,45.0,0,10.0,https://en.wikipedia.org/wiki/Opinion_polling_for_the_2022_Brazilian_presidential_election
2022,1,XP/Ipespe[109],2022-04-18,2022-04-20,2022-04-20,1000,wikipedia_tabela_3,Bolsonaro,31.0,0,10.0,https://en.wikipedia.org/wiki/Opinion_polling_for_the_2022_Brazilian_presidential_election
2022,1,XP/Ipespe[109],2022-04-18,2022-04-20,2022-04-20,1000,wikipedia_tabela_3,Gomes,8.0,0,10.0,https://en.wikipedia.org/wiki/Opinion_polling_for_the_2022_Brazilian_presidential_election
2022,1,Exame/Ideia[110],2022-04-15,2022-04-20,2022-04-20,1500,wikipedia_tabela_3,Lula,42.0,0,7.0,https://en.wikipedia.org/wiki/Opinion_polling_for_the_2022_Brazilian_presidential_election
2022,1,Exame/Ideia[110],2022-04-15,2022-04-20,2022-04-20,1500,wikipedia_tabela_3,Bolsonaro,33.0,0,7.0,https://en.wikipedia.org/wiki/Opinion_polling_for_the_2022_Brazilian_presidential_election
2022,1,Exame/Ideia[110],2022-04-15,2022-04-20,2022-04-20,1500,wikipedia_tabela_3,Gomes,10.0,0,7.0,https://en.wikipedia.org/wiki/Opinion_polling_for_the_2022_Brazilian_presidential_election
2022,1,14 Apr,2022-04-14,2022-04-14,2022-04-14,14,wikipedia_tabela_3,Lula,111.0,0,111.0,https://en.wikipedia.org/wiki/Opinion_polling_for_the_2022_Brazilian_presidential_election
2022,1,14 Apr,2022-04-14,2022-04-14,2022-04-14,14,wikipedia_tabela_3,Bolsonaro,111.0,0,111.0,https://en.wikipedia.org/wiki/Opinion_polling_for_the_2022_Brazilian_presidential_election
2022,1,14 Apr,2022-04-14,2022-04-14,2022-04-14,14,wikipedia_tabela_3,Gomes,111.0,0,111.0,https://en.wikipedia.org/wiki/Opinion_polling_for_the_2022_Brazilian_presidential_election
2022,1,13 Apr,2022-04-13,2022-04-13,2022-04-13,13,wikipedia_tabela_3,Lula,112.0,0,112.0,https://en.wikipedia.org/wiki/Opinion_polling_for_the_2022_Brazilian_presidential_election
2022,1,13 Apr,2022-04-13,2022-04-13,2022-04-13,13,wikipedia_tabela_3,Bolsonaro,112.0,0,112.0,https://en.wikipedia.org/wiki/Opinion_polling_for_the_2022_Brazilian_presidential_election
2022,1,13 Apr,2022-04-13,2022-04-13,2022-04-13,13,wikipedia_tabela_3,Gomes,112.0,0,112.0,https://en.wikipedia.org/wiki/Opinion_polling_for_the_2022_Brazilian_presidential_election
2022,1,PoderData[113],2022-04-10,2022-04-12,2022-04-12,3000,wikipedia_tabela_3,Lula,40.0,0,11.0,https://en.wikipedia.org/wiki/Opinion_polling_for_the_2022_Brazilian_presidential_election
2022,1,PoderData[113],2022-04-10,2022-04-12,2022-04-12,3000,wikipedia_tabela_3,Bolsonaro,35.0,0,11.0,https://en.wikipedia.org/wiki/Opinion_polling_for_the_2022_Brazilian_presidential_election
2022,1,PoderData[113],2022-04-10,2022-04-12,2022-04-12,3000,wikipedia_tabela_3,Gomes,5.0,0,11.0,https://en.wikipedia.org/wiki/Opinion_polling_for_the_2022_Brazilian_presidential_election
2022,1,XP/Ipespe[114],2022-04-02,2022-04-05,2022-04-05,1000,wikipedia_tabela_3,Lula,44.0,0,12.0,https://en.wikipedia.org/wiki/Opinion_polling_for_the_2022_Brazilian_presidential_election
2022,1,XP/Ipespe[114],2022-04-02,2022-04-05,2022-04-05,1000,wikipedia_tabela_3,Bolsonaro,30.0,0,12.0,https://en.wikipedia.org/wiki/Opinion_polling_for_the_2022_Brazilian_presidential_election
2022,1,XP/Ipespe[114],2022-04-02,2022-04-05,2022-04-05,1000,wikipedia_tabela_3,Gomes,9.0,0,12.0,https://en.wikipedia.org/wiki/Opinion_polling_for_the_2022_Brazilian_presidential_election
2022,1,Paraná Pesquisas[115],2022-03-31,2022-04-05,2022-04-05,2020,wikipedia_tabela_3,Lula,41.5,0,13.1,https://en.wikipedia.org/wiki/Opinion_polling_for_the_2022_Brazilian_presidential_election
2022,1,Paraná Pesquisas[115],2022-03-31,2022-04-05,2022-04-05,2020,wikipedia_tabela_3,Bolsonaro,35.3,0,13.1,https://en.wikipedia.org/wiki/Opinion_polling_for_the_2022_Brazilian_presidential_election
2022,1,Paraná Pesquisas[115],2022-03-31,2022-04-05,2022-04-05,2020,wikipedia_tabela_3,Gomes,5.8,0,13.1,https://en.wikipedia.org/wiki/Opinion_polling_for_the_2022_Brazilian_presidential_election
2022,1,Quaest/Genial[116],2022-04-01,2022-04-03,2022-04-03,2000,wikipedia_tabela_3,Lula,45.0,0,12.0,https://en.wikipedia.org/wiki/Opinion_polling_for_the_2022_Brazilian_presidential_election
2022,1,Quaest/Genial[116],2022-04-01,2022-04-03,2022-04-03,2000,wikipedia_tabela_3,Bolsonaro,31.0,0,12.0,https://en.wikipedia.org/wiki/Opinion_polling_for_the_2022_Brazilian_presidential_election
2022,1,Quaest/Genial[116],2022-04-01,2022-04-03,2022-04-03,2000,wikipedia_tabela_3,Gomes,6.0,0,12.0,https://en.wikipedia.org/wiki/Opinion_polling_for_the_2022_Brazilian_presidential_election
2022,1,Instituto GERP[117],2022-03-31,2022-04-05,2022-04-05,2095,wikipedia_tabela_4,Lula,37.0,0,7.0,https://en.wikipedia.org/wiki/Opinion_polling_for_the_2022_Brazilian_presidential_election
2022,1,Instituto GERP[117],2022-03-31,2022-04-05,2022-04-05,2095,wikipedia_tabela_4,Bolsonaro,35.0,0,7.0,https://en.wikipedia.org/wiki/Opinion_polling_for_the_2022_Brazilian_presidential_election
2022,1,Instituto GERP[117],2022-03-31,2022-04-05,2022-04-05,2095,wikipedia_tabela_4,Gomes,5.0,0,7.0,https://en.wikipedia.org/wiki/Opinion_polling_for_the_2022_Brazilian_presidential_election
2022,1,31 Mar,2022-03-31,2022-03-31,2022-03-31,31,wikipedia_tabela_4,Lula,118.0,0,118.0,https://en.wikipedia.org/wiki/Opinion_polling_for_the_2022_Brazilian_presidential_election
2022,1,31 Mar,2022-03-31,2022-03-31,2022-03-31,31,wikipedia_tabela_4,Bolsonaro,118.0,0,118.0,https://en.wikipedia.org/wiki/Opinion_polling_for_the_2022_Brazilian_presidential_election
2022,1,31 Mar,2022-03-31,2022-03-31,2022-03-31,31,wikipedia_tabela_4,Gomes,118.0,0,118.0,https://en.wikipedia.org/wiki/Opinion_polling_for_the_2022_Brazilian_presidential_election
2022,1,PoderData[119],2022-03-27,2022-03-29,2022-03-29,3000,wikipedia_tabela_4,Lula,41.0,0,7.0,https://en.wikipedia.org/wiki/Opinion_polling_for_the_2022_Brazilian_presidential_election
2022,1,PoderData[119],2022-03-27,2022-03-29,2022-03-29,3000,wikipedia_tabela_4,Bolsonaro,32.0,0,7.0,https://en.wikipedia.org/wiki/Opinion_polling_for_the_2022_Brazilian_presidential_election
2022,1,PoderData[119],2022-03-27,2022-03-29,2022-03-29,3000,wikipedia_tabela_4,Gomes,7.0,0,7.0,https://en.wikipedia.org/wiki/Opinion_polling_for_the_2022_Brazilian_presidential_election
2022,1,Modalmais/Futura[120],2022-03-21,2022-03-25,2022-03-25,2000,wikipedia_tabela_4,Lula,38.5,0,9.4,https://en.wikipedia.org/wiki/Opinion_polling_for_the_2022_Brazilian_presidential_election
2022,1,Modalmais/Futura[120],2022-03-21,2022-03-25,2022-03-25,2000,wikipedia_tabela_4,Bolsonaro,35.5,0,9.4,https://en.wikipedia.org/wiki/Opinion_polling_for_the_2022_Brazilian_presidential_election
2022,1,Modalmais/Futura[120],2022-03-21,2022-03-25,2022-03-25,2000,wikipedia_tabela_4,Gomes,5.1,0,9.4,https://en.wikipedia.org/wiki/Opinion_polling_for_the_2022_Brazilian_presidential_election
2022,1,Datafolha[121],2022-03-22,2022-03-23,2022-03-23,2556,wikipedia_tabela_4,Lula,43.0,0,8.0,https://en.wikipedia.org/wiki/Opinion_polling_for_the_2022_Brazilian_presidential_election
2022,1,Datafolha[121],2022-03-22,2022-03-23,2022-03-23,2556,wikipedia_tabela_4,Bolsonaro,26.0,0,8.0,https://en.wikipedia.org/wiki/Opinion_polling_for_the_2022_Brazilian_presidential_election
2022,1,Datafolha[121],2022-03-22,2022-03-23,2022-03-23,2556,wikipedia_tabela_4,Gomes,6.0,0,8.0,https://en.wikipedia.org/wiki/Opinion_polling_for_the_2022_Brazilian_presidential_election
2022,1,Datafolha[121],2022-03-22,2022-03-23,2022-03-23,2556,wikipedia_tabela_4,Lula,43.0,0,10.0,https://en.wikipedia.org/wiki/Opinion_polling_for_the_2022_Brazilian_presidential_election
2022,1,Datafolha[121],2022-03-22,2022-03-23,2022-03-23,2556,wikipedia_tabela_4,Bolsonaro,26.0,0,10.0,https://en.wikipedia.org/wiki/Opinion_polling_for_the_2022_Brazilian_presidential_election
2022,1,Datafolha[121],2022-03-22,2022-03-23,2022-03-23,2556,wikipedia_tabela_4,Gomes,7.0,0,10.0,https://en.wikipedia.org/wiki/Opinion_polling_for_the_2022_Brazilian_presidential_election
2022,1,Datafolha[121],2022-03-22,2022-03-23,2022-03-23,2556,wikipedia_tabela_4,Lula,44.0,0,8.0,https://en.wikipedia.org/wiki/Opinion_polling_for_the_2022_Brazilian_presidential_election
2022,1,Datafolha[121],2022-03-22,2022-03-23,2022-03-23,2556,wikipedia_tabela_4,Bolsonaro,26.0,0,8.0,https://en.wikipedia.org/wiki/Opinion_polling_for_the_2022_Brazilian_presidential_election
2022,1,Datafolha[121],2022-03-22,2022-03-23,2022-03-23,2556,wikipedia_tabela_4,Gomes,7.0,0,8.0,https://en.wikipedia.org/wiki/Opinion_polling_for_the_2022_Brazilian_presidential_election
2022,1,Datafolha[121],2022-03-22,2022-03-23,2022-03-23,2556,wikipedia_tabela_4,Lula,43.0,0,9.0,https://en.wikipedia.org/wiki/Opinion_polling_for_the_2022_Brazilian_presidential_election
2022,1,Datafolha[121],2022-03-22,2022-03-23,2022-03-23,2556,wikipedia_tabela_4,Bolsonaro,26.0,0,9.0,https://en.wikipedia.org/wiki/Opinion_polling_for_the_2022_Brazilian_presidential_election
2022,1,Datafolha[121],2022-03-22,2022-03-23,2022-03-23,2556,wikipedia_tabela_4,Gomes,8.0,0,9.0,https://en.wikipedia.org/wiki/Opinion_polling_for_the_2022_Brazilian_presidential_election
2022,1,XP/Ipespe[122],2022-03-21,2022-03-23,2022-03-23,1000,wikipedia_tabela_4,Lula,44.0,0,9.0,https://en.wikipedia.org/wiki/Opinion_polling_for_the_2022_Brazilian_presidential_election
2022,1,XP/Ipespe[122],2022-03-21,2022-03-23,2022-03-23,1000,wikipedia_tabela_4,Bolsonaro,26.0,0,9.0,https://en.wikipedia.org/wiki/Opinion_polling_for_the_2022_Brazilian_presidential_election
2022,1,XP/Ipespe[122],2022-03-21,2022-03-23,2022-03-23,1000,wikipedia_tabela_4,Gomes,7.0,0,9.0,https://en.wikipedia.org/wiki/Opinion_polling_for_the_2022_Brazilian_presidential_election
2022,1,Exame/Ideia[123],2022-03-18,2022-03-23,2022-03-23,1500,wikipedia_tabela_4,Lula,40.0,0,6.0,https://en.wikipedia.org/wiki/Opinion_polling_for_the_2022_Brazilian_presidential_election
2022,1,Exame/Ideia[123],2022-03-18,2022-03-23,2022-03-23,1500,wikipedia_tabela_4,Bolsonaro,29.0,0,6.0,https://en.wikipedia.org/wiki/Opinion_polling_for_the_2022_Brazilian_presidential_election
2022,1,Exame/Ideia[123],2022-03-18,2022-03-23,2022-03-23,1500,wikipedia_tabela_4,Gomes,9.0,0,6.0,https://en.wikipedia.org/wiki/Opinion_polling_for_the_2022_Brazilian_presidential_election
2022,1,FSB[124],2022-03-18,2022-03-20,2022-03-20,2000,wikipedia_tabela_4,Lula,43.0,0,5.0,https://en.wikipedia.org/wiki/Opinion_polling_for_the_2022_Brazilian_presidential_election
2022,1,FSB[124],2022-03-18,2022-03-20,2022-03-20,2000,wikipedia_tabela_4,Bolsonaro,29.0,0,5.0,https://en.wikipedia.org/wiki/Opinion_polling_for_the_2022_Brazilian_presidential_election
2022,1,FSB[124],2022-03-18,2022-03-20,2022-03-20,2000,wikipedia_tabela_4,Gomes,9.0,0,5.0,https://en.wikipedia.org/wiki/Opinion_polling_for_the_2022_Brazilian_presidential_election
2022,1,PoderData[125],2022-03-13,2022-03-15,2022-03-15,3000,wikipedia_tabela_4,Lula,40.0,0,8.0,https://en.wikipedia.org/wiki/Opinion_polling_for_the_2022_Brazilian_presidential_election
2022,1,PoderData[125],2022-03-13,2022-03-15,2022-03-15,3000,wikipedia_tabela_4,Bolsonaro,30.0,0,8.0,https://en.wikipedia.org/wiki/Opinion_polling_for_the_2022_Brazilian_presidential_election
2022,1,PoderData[125],2022-03-13,2022-03-15,2022-03-15,3000,wikipedia_tabela_4,Gomes,7.0,0,8.0,https://en.wikipedia.org/wiki/Opinion_polling_for_the_2022_Brazilian_presidential_election
2022,1,Quaest/Genial[126],2022-03-10,2022-03-13,2022-03-13,2000,wikipedia_tabela_4,Lula,44.0,0,13.0,https://en.wikipedia.org/wiki/Opinion_polling_for_the_2022_Brazilian_presidential_election
2022,1,Quaest/Genial[126],2022-03-10,2022-03-13,2022-03-13,2000,wikipedia_tabela_4,Bolsonaro,26.0,0,13.0,https://en.wikipedia.org/wiki/Opinion_polling_for_the_2022_Brazilian_presidential_election
2022,1,Quaest/Genial[126],2022-03-10,2022-03-13,2022-03-13,2000,wikipedia_tabela_4,Gomes,7.0,0,13.0,https://en.wikipedia.org/wiki/Opinion_polling_for_the_2022_Brazilian_presidential_election
2022,1,Quaest/Genial[126],2022-03-10,2022-03-13,2022-03-13,2000,wikipedia_tabela_4,Lula,45.0,0,10.0,https://en.wikipedia.org/wiki/Opinion_polling_for_the_2022_Brazilian_presidential_election
2022,1,Quaest/Genial[126],2022-03-10,2022-03-13,2022-03-13,2000,wikipedia_tabela_4,Bolsonaro,25.0,0,10.0,https://en.wikipedia.org/wiki/Opinion_polling_for_the_2022_Brazilian_presidential_election
2022,1,Quaest/Genial[126],2022-03-10,2022-03-13,2022-03-13,2000,wikipedia_tabela_4,Gomes,7.0,0,10.0,https://en.wikipedia.org/wiki/Opinion_polling_for_the_2022_Brazilian_presidential_election
2022,1,Quaest/Genial[126],2022-03-10,2022-03-13,2022-03-13,2000,wikipedia_tabela_4,Lula,48.0,0,12.0,https://en.wikipedia.org/wiki/Opinion_polling_for_the_2022_Brazilian_presidential_election
2022,1,Quaest/Genial[126],2022-03-10,2022-03-13,2022-03-13,2000,wikipedia_tabela_4,Bolsonaro,28.0,0,12.0,https://en.wikipedia.org/wiki/Opinion_polling_for_the_2022_Brazilian_presidential_election
2022,1,Quaest/Genial[126],2022-03-10,2022-03-13,2022-03-13,2000,wikipedia_tabela_4,Gomes,8.0,0,12.0,https://en.wikipedia.org/wiki/Opinion_polling_for_the_2022_Brazilian_presidential_election
2022,1,Ranking Brasil[127],2022-03-07,2022-03-12,2022-03-12,3000,wikipedia_tabela_4,Lula,39.0,0,10.5,https://en.wikipedia.org/wiki/Opinion_polling_for_the_2022_Brazilian_presidential_election
2022,1,Ranking Brasil[127],2022-03-07,2022-03-12,2022-03-12,3000,wikipedia_tabela_4,Bolsonaro,32.4,0,10.5,https://en.wikipedia.org/wiki/Opinion_polling_for_the_2022_Brazilian_presidential_election
2022,1,Ranking Brasil[127],2022-03-07,2022-03-12,2022-03-12,3000,wikipedia_tabela_4,Gomes,6.5,0,10.5,https://en.wikipedia.org/wiki/Opinion_polling_for_the_2022_Brazilian_presidential_election
2022,1,Instituto GERP[126],2022-03-07,2022-03-10,2022-03-10,2095,wikipedia_tabela_4,Lula,38.0,0,8.0,https://en.wikipedia.org/wiki/Opinion_polling_for_the_2022_Brazilian_presidential_election
2022,1,Instituto GERP[126],2022-03-07,2022-03-10,2022-03-10,2095,wikipedia_tabela_4,Bolsonaro,31.0,0,8.0,https://en.wikipedia.org/wiki/Opinion_polling_for_the_2022_Brazilian_presidential_election
2022,1,Instituto GERP[126],2022-03-07,2022-03-10,2022-03-10,2095,wikipedia_tabela_4,Gomes,5.0,0,8.0,https://en.wikipedia.org/wiki/Opinion_polling_for_the_2022_Brazilian_presidential_election
2022,1,9 Mar,2022-03-09,2022-03-09,2022-03-09,9,wikipedia_tabela_4,Lula,128.0,0,128.0,https://en.wikipedia.org/wiki/Opinion_polling_for_the_2022_Brazilian_presidential_election
2022,1,9 Mar,2022-03-09,2022-03-09,2022-03-09,9,wikipedia_tabela_4,Bolsonaro,128.0,0,128.0,https://en.wikipedia.org/wiki/Opinion_polling_for_the_2022_Brazilian_presidential_election
2022,1,9 Mar,2022-03-09,2022-03-09,2022-03-09,9,wikipedia_tabela_4,Gomes,128.0,0,128.0,https://en.wikipedia.org/wiki/Opinion_polling_for_the_2022_Brazilian_presidential_election
2022,1,XP/Ipespe[129],2022-03-07,2022-03-09,2022-03-09,1000,wikipedia_tabela_4,Lula,43.0,0,9.0,https://en.wikipedia.org/wiki/Opinion_polling_for_the_2022_Brazilian_presidential_election
2022,1,XP/Ipespe[129],2022-03-07,2022-03-09,2022-03-09,1000,wikipedia_tabela_4,Bolsonaro,28.0,0,9.0,https://en.wikipedia.org/wiki/Opinion_polling_for_the_2022_Brazilian_presidential_election
2022,1,XP/Ipespe[129],2022-03-07,2022-03-09,2022-03-09,1000,wikipedia_tabela_4,Gomes,8.0,0,9.0,https://en.wikipedia.org/wiki/Opinion_polling_for_the_2022_Brazilian_presidential_election
2022,1,Paraná Pesquisas[130],2022-03-03,2022-03-08,2022-03-08,2020,wikipedia_tabela_4,Lula,38.9,0,11.2,https://en.wikipedia.org/wiki/Opinion_polling_for_the_2022_Brazilian_presidential_election
2022,1,Paraná Pesquisas[130],2022-03-03,2022-03-08,2022-03-08,2020,wikipedia_tabela_4,Bolsonaro,30.9,0,11.2,https://en.wikipedia.org/wiki/Opinion_polling_for_the_2022_Brazilian_presidential_election
2022,1,Paraná Pesquisas[130],2022-03-03,2022-03-08,2022-03-08,2020,wikipedia_tabela_4,Gomes,6.8,0,11.2,https://en.wikipedia.org/wiki/Opinion_polling_for_the_2022_Brazilian_presidential_election
2022,1,PoderData[131],2022-02-27,2022-03-01,2022-03-01,3000,wikipedia_tabela_4,Lula,40.0,0,8.0,https://en.wikipedia.org/wiki/Opinion_polling_for_the_2022_Brazilian_presidential_election
2022,1,PoderData[131],2022-02-27,2022-03-01,2022-03-01,3000,wikipedia_tabela_4,Bolsonaro,32.0,0,8.0,https://en.wikipedia.org/wiki/Opinion_polling_for_the_2022_Brazilian_presidential_election
2022,1,PoderData[131],2022-02-27,2022-03-01,2022-03-01,3000,wikipedia_tabela_4,Gomes,7.0,0,8.0,https://en.wikipedia.org/wiki/Opinion_polling_for_the_2022_Brazilian_presidential_election
2022,1,Ipespe[132],2022-02-21,2022-02-23,2022-02-23,1000,wikipedia_tabela_4,Lula,43.0,0,9.0,https://en.wikipedia.org/wiki/Opinion_polling_for_the_2022_Brazilian_presidential_election
2022,1,Ipespe[132],2022-02-21,2022-02-23,2022-02-23,1000,wikipedia_tabela_4,Bolsonaro,26.0,0,9.0,https://en.wikipedia.org/wiki/Opinion_polling_for_the_2022_Brazilian_presidential_election
2022,1,Ipespe[132],2022-02-21,2022-02-23,2022-02-23,1000,wikipedia_tabela_4,Gomes,7.0,0,9.0,https://en.wikipedia.org/wiki/Opinion_polling_for_the_2022_Brazilian_presidential_election
2022,1,Exame/Ideia[133],2022-02-18,2022-02-22,2022-02-22,1500,wikipedia_tabela_4,Lula,42.0,0,6.0,https://en.wikipedia.org/wiki/Opinion_polling_for_the_2022_Brazilian_presidential_election
2022,1,Exame/Ideia[133],2022-02-18,2022-02-22,2022-02-22,1500,wikipedia_tabela_4,Bolsonaro,27.0,0,6.0,https://en.wikipedia.org/wiki/Opinion_polling_for_the_2022_Brazilian_presidential_election
2022,1,Exame/Ideia[133],2022-02-18,2022-02-22,2022-02-22,1500,wikipedia_tabela_4,Gomes,8.0,0,6.0,https://en.wikipedia.org/wiki/Opinion_polling_for_the_2022_Brazilian_presidential_election
2022,1,CNT/MDA[134],2022-02-16,2022-02-19,2022-02-19,2002,wikipedia_tabela_4,Lula,42.2,0,12.2,https://en.wikipedia.org/wiki/Opinion_polling_for_the_2022_Brazilian_presidential_election
2022,1,CNT/MDA[134],2022-02-16,2022-02-19,2022-02-19,2002,wikipedia_tabela_4,Bolsonaro,28.0,0,12.2,https://en.wikipedia.org/wiki/Opinion_polling_for_the_2022_Brazilian_presidential_election
2022,1,CNT/MDA[134],2022-02-16,2022-02-19,2022-02-19,2002,wikipedia_tabela_4,Gomes,6.7,0,12.2,https://en.wikipedia.org/wiki/Opinion_polling_for_the_2022_Brazilian_presidential_election
2022,1,Modalmais/Futura[120],2022-02-14,2022-02-17,2022-02-17,2000,wikipedia_tabela_4,Lula,35.0,0,10.5,https://en.wikipedia.org/wiki/Opinion_polling_for_the_2022_Brazilian_presidential_election
2022,1,Modalmais/Futura[120],2022-02-14,2022-02-17,2022-02-17,2000,wikipedia_tabela_4,Bolsonaro,34.7,0,10.5,https://en.wikipedia.org/wiki/Opinion_polling_for_the_2022_Brazilian_presidential_election
2022,1,Modalmais/Futura[120],2022-02-14,2022-02-17,2022-02-17,2000,wikipedia_tabela_4,Gomes,5.8,0,10.5,https://en.wikipedia.org/wiki/Opinion_polling_for_the_2022_Brazilian_presidential_election
2022,1,PoderData[135],2022-02-13,2022-02-15,2022-02-15,3000,wikipedia_tabela_4,Lula,40.0,0,8.0,https://en.wikipedia.org/wiki/Opinion_polling_for_the_2022_Brazilian_presidential_election
2022,1,PoderData[135],2022-02-13,2022-02-15,2022-02-15,3000,wikipedia_tabela_4,Bolsonaro,31.0,0,8.0,https://en.wikipedia.org/wiki/Opinion_polling_for_the_2022_Brazilian_presidential_election
2022,1,PoderData[135],2022-02-13,2022-02-15,2022-02-15,3000,wikipedia_tabela_4,Gomes,4.0,0,8.0,https://en.wikipedia.org/wiki/Opinion_polling_for_the_2022_Brazilian_presidential_election
2022,1,XP/Ipespe[136],2022-02-07,2022-02-09,2022-02-09,1000,wikipedia_tabela_4,Lula,43.0,0,12.0,https://en.wikipedia.org/wiki/Opinion_polling_for_the_2022_Brazilian_presidential_election
2022,1,XP/Ipespe[136],2022-02-07,2022-02-09,2022-02-09,1000,wikipedia_tabela_4,Bolsonaro,25.0,0,12.0,https://en.wikipedia.org/wiki/Opinion_polling_for_the_2022_Brazilian_presidential_election
2022,1,XP/Ipespe[136],2022-02-07,2022-02-09,2022-02-09,1000,wikipedia_tabela_4,Gomes,8.0,0,12.0,https://en.wikipedia.org/wiki/Opinion_polling_for_the_2022_Brazilian_presidential_election
2022,1,Quaest/Genial[137],2022-02-03,2022-02-06,2022-02-06,2000,wikipedia_tabela_4,Lula,45.0,0,13.0,https://en.wikipedia.org/wiki/Opinion_polling_for_the_2022_Brazilian_presidential_election
2022,1,Quaest/Genial[137],2022-02-03,2022-02-06,2022-02-06,2000,wikipedia_tabela_4,Bolsonaro,23.0,0,13.0,https://en.wikipedia.org/wiki/Opinion_polling_for_the_2022_Brazilian_presidential_election
2022,1,Quaest/Genial[137],2022-02-03,2022-02-06,2022-02-06,2000,wikipedia_tabela_4,Gomes,7.0,0,13.0,https://en.wikipedia.org/wiki/Opinion_polling_for_the_2022_Brazilian_presidential_election
2022,1,Paraná Pesquisas[138],2022-01-27,2022-02-01,2022-02-01,2020,wikipedia_tabela_4,Lula,40.1,0,10.3,https://en.wikipedia.org/wiki/Opinion_polling_for_the_2022_Brazilian_presidential_election
2022,1,Paraná Pesquisas[138],2022-01-27,2022-02-01,2022-02-01,2020,wikipedia_tabela_4,Bolsonaro,29.1,0,10.3,https://en.wikipedia.org/wiki/Opinion_polling_for_the_2022_Brazilian_presidential_election
2022,1,Paraná Pesquisas[138],2022-01-27,2022-02-01,2022-02-01,2020,wikipedia_tabela_4,Gomes,5.6,0,10.3,https://en.wikipedia.org/wiki/Opinion_polling_for_the_2022_Brazilian_presidential_election
2022,1,PoderData[139],2022-01-31,2022-02-01,2022-02-01,3000,wikipedia_tabela_4,Lula,41.0,0,8.0,https://en.wikipedia.org/wiki/Opinion_polling_for_the_2022_Brazilian_presidential_election
2022,1,PoderData[139],2022-01-31,2022-02-01,2022-02-01,3000,wikipedia_tabela_4,Bolsonaro,30.0,0,8.0,https://en.wikipedia.org/wiki/Opinion_polling_for_the_2022_Brazilian_presidential_election
2022,1,PoderData[139],2022-01-31,2022-02-01,2022-02-01,3000,wikipedia_tabela_4,Gomes,7.0,0,8.0,https://en.wikipedia.org/wiki/Opinion_polling_for_the_2022_Brazilian_presidential_election
2022,1,XP/Ipespe[140],2022-01-24,2022-01-25,2022-01-25,1000,wikipedia_tabela_4,Lula,44.0,0,12.0,https://en.wikipedia.org/wiki/Opinion_polling_for_the_2022_Brazilian_presidential_election
2022,1,XP/Ipespe[140],2022-01-24,2022-01-25,2022-01-25,1000,wikipedia_tabela_4,Bolsonaro,24.0,0,12.0,https://en.wikipedia.org/wiki/Opinion_polling_for_the_2022_Brazilian_presidential_election
2022,1,XP/Ipespe[140],2022-01-24,2022-01-25,2022-01-25,1000,wikipedia_tabela_4,Gomes,8.0,0,12.0,https://en.wikipedia.org/wiki/Opinion_polling_for_the_2022_Brazilian_presidential_election
2022,1,Modalmais/Futura[141],2022-01-17,2022-01-21,2022-01-21,2000,wikipedia_tabela_4,Lula,39.5,0,8.2,https://en.wikipedia.org/wiki/Opinion_polling_for_the_2022_Brazilian_presidential_election
2022,1,Modalmais/Futura[141],2022-01-17,2022-01-21,2022-01-21,2000,wikipedia_tabela_4,Bolsonaro,33.2,0,8.2,https://en.wikipedia.org/wiki/Opinion_polling_for_the_2022_Brazilian_presidential_election
2022,1,Modalmais/Futura[141],2022-01-17,2022-01-21,2022-01-21,2000,wikipedia_tabela_4,Gomes,7.5,0,8.2,https://en.wikipedia.org/wiki/Opinion_polling_for_the_2022_Brazilian_presidential_election
2022,1,PoderData[142],2022-01-16,2022-01-18,2022-01-18,3000,wikipedia_tabela_4,Lula,42.0,0,12.0,https://en.wikipedia.org/wiki/Opinion_polling_for_the_2022_Brazilian_presidential_election
2022,1,PoderData[142],2022-01-16,2022-01-18,2022-01-18,3000,wikipedia_tabela_4,Bolsonaro,28.0,0,12.0,https://en.wikipedia.org/wiki/Opinion_polling_for_the_2022_Brazilian_presidential_election
2022,1,PoderData[142],2022-01-16,2022-01-18,2022-01-18,3000,wikipedia_tabela_4,Gomes,3.0,0,12.0,https://en.wikipedia.org/wiki/Opinion_polling_for_the_2022_Brazilian_presidential_election
2022,1,Exame/Ideia[143],2022-01-09,2022-01-13,2022-01-13,1500,wikipedia_tabela_4,Lula,41.0,0,11.0,https://en.wikipedia.org/wiki/Opinion_polling_for_the_2022_Brazilian_presidential_election
2022,1,Exame/Ideia[143],2022-01-09,2022-01-13,2022-01-13,1500,wikipedia_tabela_4,Bolsonaro,24.0,0,11.0,https://en.wikipedia.org/wiki/Opinion_polling_for_the_2022_Brazilian_presidential_election
2022,1,Exame/Ideia[143],2022-01-09,2022-01-13,2022-01-13,1500,wikipedia_tabela_4,Gomes,7.0,0,11.0,https://en.wikipedia.org/wiki/Opinion_polling_for_the_2022_Brazilian_presidential_election
2022,1,XP/Ipespe[144],2022-01-10,2022-01-12,2022-01-12,1000,wikipedia_tabela_4,Lula,44.0,0,13.0,https://en.wikipedia.org/wiki/Opinion_polling_for_the_2022_Brazilian_presidential_election
2022,1,XP/Ipespe[144],2022-01-10,2022-01-12,2022-01-12,1000,wikipedia_tabela_4,Bolsonaro,24.0,0,13.0,https://en.wikipedia.org/wiki/Opinion_polling_for_the_2022_Brazilian_presidential_election
2022,1,XP/Ipespe[144],2022-01-10,2022-01-12,2022-01-12,1000,wikipedia_tabela_4,Gomes,7.0,0,13.0,https://en.wikipedia.org/wiki/Opinion_polling_for_the_2022_Brazilian_presidential_election
2022,1,Quaest/Genial[145],2022-01-06,2022-01-09,2022-01-09,2000,wikipedia_tabela_4,Lula,45.0,0,12.0,https://en.wikipedia.org/wiki/Opinion_polling_for_the_2022_Brazilian_presidential_election
2022,1,Quaest/Genial[145],2022-01-06,2022-01-09,2022-01-09,2000,wikipedia_tabela_4,Bolsonaro,23.0,0,12.0,https://en.wikipedia.org/wiki/Opinion_polling_for_the_2022_Brazilian_presidential_election
2022,1,Quaest/Genial[145],2022-01-06,2022-01-09,2022-01-09,2000,wikipedia_tabela_4,Gomes,5.0,0,12.0,https://en.wikipedia.org/wiki/Opinion_polling_for_the_2022_Brazilian_presidential_election
2022,1,PoderData[146],2022-12-19,2022-12-21,2022-12-21,3000,wikipedia_tabela_5,Lula,40.0,0,11.0,https://en.wikipedia.org/wiki/Opinion_polling_for_the_2022_Brazilian_presidential_election
2022,1,PoderData[146],2022-12-19,2022-12-21,2022-12-21,3000,wikipedia_tabela_5,Bolsonaro,30.0,0,11.0,https://en.wikipedia.org/wiki/Opinion_polling_for_the_2022_Brazilian_presidential_election
2022,1,PoderData[146],2022-12-19,2022-12-21,2022-12-21,3000,wikipedia_tabela_5,Gomes,4.0,0,11.0,https://en.wikipedia.org/wiki/Opinion_polling_for_the_2022_Brazilian_presidential_election
2022,1,PoderData[146],2022-12-19,2022-12-21,2022-12-21,3000,wikipedia_tabela_5,Tebet,1.0,0,11.0,https://en.wikipedia.org/wiki/Opinion_polling_for_the_2022_Brazilian_presidential_election
2022,1,Ipespe[147],2022-12-14,2022-12-16,2022-12-16,1000,wikipedia_tabela_5,Lula,44.0,0,12.0,https://en.wikipedia.org/wiki/Opinion_polling_for_the_2022_Brazilian_presidential_election
2022,1,Ipespe[147],2022-12-14,2022-12-16,2022-12-16,1000,wikipedia_tabela_5,Bolsonaro,24.0,0,12.0,https://en.wikipedia.org/wiki/Opinion_polling_for_the_2022_Brazilian_presidential_election
2022,1,Ipespe[147],2022-12-14,2022-12-16,2022-12-16,1000,wikipedia_tabela_5,Gomes,7.0,0,12.0,https://en.wikipedia.org/wiki/Opinion_polling_for_the_2022_Brazilian_presidential_election
2022,1,Ipespe[147],2022-12-14,2022-12-16,2022-12-16,1000,wikipedia_tabela_5,Lula,43.0,0,9.0,https://en.wikipedia.org/wiki/Opinion_polling_for_the_2022_Brazilian_presidential_election
2022,1,Ipespe[147],2022-12-14,2022-12-16,2022-12-16,1000,wikipedia_tabela_5,Bolsonaro,23.0,0,9.0,https://en.wikipedia.org/wiki/Opinion_polling_for_the_2022_Brazilian_presidential_election
2022,1,Ipespe[147],2022-12-14,2022-12-16,2022-12-16,1000,wikipedia_tabela_5,Gomes,7.0,0,9.0,https://en.wikipedia.org/wiki/Opinion_polling_for_the_2022_Brazilian_presidential_election
2022,1,Ipespe[147],2022-12-14,2022-12-16,2022-12-16,1000,wikipedia_tabela_5,Tebet,1.0,0,9.0,https://en.wikipedia.org/wiki/Opinion_polling_for_the_2022_Brazilian_presidential_election
2022,1,Datafolha[148],2022-12-13,2022-12-16,2022-12-16,3666,wikipedia_tabela_5,Lula,48.0,0,10.0,https://en.wikipedia.org/wiki/Opinion_polling_for_the_2022_Brazilian_presidential_election
2022,1,Datafolha[148],2022-12-13,2022-12-16,2022-12-16,3666,wikipedia_tabela_5,Bolsonaro,22.0,0,10.0,https://en.wikipedia.org/wiki/Opinion_polling_for_the_2022_Brazilian_presidential_election
2022,1,Datafolha[148],2022-12-13,2022-12-16,2022-12-16,3666,wikipedia_tabela_5,Gomes,7.0,0,10.0,https://en.wikipedia.org/wiki/Opinion_polling_for_the_2022_Brazilian_presidential_election
2022,1,Ipec[149],2022-12-09,2022-12-13,2022-12-13,2002,wikipedia_tabela_5,Lula,49.0,0,13.0,https://en.wikipedia.org/wiki/Opinion_polling_for_the_2022_Brazilian_presidential_election
2022,1,Ipec[149],2022-12-09,2022-12-13,2022-12-13,2002,wikipedia_tabela_5,Bolsonaro,22.0,0,13.0,https://en.wikipedia.org/wiki/Opinion_polling_for_the_2022_Brazilian_presidential_election
2022,1,Ipec[149],2022-12-09,2022-12-13,2022-12-13,2002,wikipedia_tabela_5,Gomes,5.0,0,13.0,https://en.wikipedia.org/wiki/Opinion_polling_for_the_2022_Brazilian_presidential_election
2022,1,Ipec[149],2022-12-09,2022-12-13,2022-12-13,2002,wikipedia_tabela_5,Lula,48.0,0,14.0,https://en.wikipedia.org/wiki/Opinion_polling_for_the_2022_Brazilian_presidential_election
2022,1,Ipec[149],2022-12-09,2022-12-13,2022-12-13,2002,wikipedia_tabela_5,Bolsonaro,21.0,0,14.0,https://en.wikipedia.org/wiki/Opinion_polling_for_the_2022_Brazilian_presidential_election
2022,1,Ipec[149],2022-12-09,2022-12-13,2022-12-13,2002,wikipedia_tabela_5,Gomes,5.0,0,14.0,https://en.wikipedia.org/wiki/Opinion_polling_for_the_2022_Brazilian_presidential_election
2022,1,Ipec[149],2022-12-09,2022-12-13,2022-12-13,2002,wikipedia_tabela_5,Tebet,1.0,0,14.0,https://en.wikipedia.org/wiki/Opinion_polling_for_the_2022_Brazilian_presidential_election
2022,1,Exame/Ideia[150],2022-12-06,2022-12-09,2022-12-09,1200,wikipedia_tabela_5,Lula,37.0,0,10.0,https://en.wikipedia.org/wiki/Opinion_polling_for_the_2022_Brazilian_presidential_election
2022,1,Exame/Ideia[150],2022-12-06,2022-12-09,2022-12-09,1200,wikipedia_tabela_5,Bolsonaro,27.0,0,10.0,https://en.wikipedia.org/wiki/Opinion_polling_for_the_2022_Brazilian_presidential_election
2022,1,Exame/Ideia[150],2022-12-06,2022-12-09,2022-12-09,1200,wikipedia_tabela_5,Gomes,6.0,0,10.0,https://en.wikipedia.org/wiki/Opinion_polling_for_the_2022_Brazilian_presidential_election
2022,1,8 Dec,2022-12-08,2022-12-08,2022-12-08,8,wikipedia_tabela_5,Lula,152.0,0,152.0,https://en.wikipedia.org/wiki/Opinion_polling_for_the_2022_Brazilian_presidential_election
2022,1,8 Dec,2022-12-08,2022-12-08,2022-12-08,8,wikipedia_tabela_5,Bolsonaro,152.0,0,152.0,https://en.wikipedia.org/wiki/Opinion_polling_for_the_2022_Brazilian_presidential_election
2022,1,8 Dec,2022-12-08,2022-12-08,2022-12-08,8,wikipedia_tabela_5,Gomes,152.0,0,152.0,https://en.wikipedia.org/wiki/Opinion_polling_for_the_2022_Brazilian_presidential_election
2022,1,8 Dec,2022-12-08,2022-12-08,2022-12-08,8,wikipedia_tabela_5,Tebet,152.0,0,152.0,https://en.wikipedia.org/wiki/Opinion_polling_for_the_2022_Brazilian_presidential_election
2022,1,Quaest/Genial[153],2022-12-02,2022-12-05,2022-12-05,2037,wikipedia_tabela_5,Lula,46.0,0,11.0,https://en.wikipedia.org/wiki/Opinion_polling_for_the_2022_Brazilian_presidential_election
2022,1,Quaest/Genial[153],2022-12-02,2022-12-05,2022-12-05,2037,wikipedia_tabela_5,Bolsonaro,23.0,0,11.0,https://en.wikipedia.org/wiki/Opinion_polling_for_the_2022_Brazilian_presidential_election
2022,1,Quaest/Genial[153],2022-12-02,2022-12-05,2022-12-05,2037,wikipedia_tabela_5,Gomes,5.0,0,11.0,https://en.wikipedia.org/wiki/Opinion_polling_for_the_2022_Brazilian_presidential_election
2022,1,Quaest/Genial[153],2022-12-02,2022-12-05,2022-12-05,2037,wikipedia_tabela_5,Tebet,1.0,0,11.0,https://en.wikipedia.org/wiki/Opinion_polling_for_the_2022_Brazilian_presidential_election
2022,1,30 Nov,2022-11-30,2022-11-30,2022-11-30,30,wikipedia_tabela_5,Lula,154.0,0,154.0,https://en.wikipedia.org/wiki/Opinion_polling_for_the_2022_Brazilian_presidential_election
2022,1,30 Nov,2022-11-30,2022-11-30,2022-11-30,30,wikipedia_tabela_5,Bolsonaro,154.0,0,154.0,https://en.wikipedia.org/wiki/Opinion_polling_for_the_2022_Brazilian_presidential_election
2022,1,30 Nov,2022-11-30,2022-11-30,2022-11-30,30,wikipedia_tabela_5,Gomes,154.0,0,154.0,https://en.wikipedia.org/wiki/Opinion_polling_for_the_2022_Brazilian_presidential_election
2022,1,30 Nov,2022-11-30,2022-11-30,2022-11-30,30,wikipedia_tabela_5,Tebet,154.0,0,154.0,https://en.wikipedia.org/wiki/Opinion_polling_for_the_2022_Brazilian_presidential_election
2022,1,Atlas Político[155],2022-11-27,2022-11-29,2022-11-29,4401,wikipedia_tabela_5,Lula,42.8,0,3.2,https://en.wikipedia.org/wiki/Opinion_polling_for_the_2022_Brazilian_presidential_election
2022,1,Atlas Político[155],2022-11-27,2022-11-29,2022-11-29,4401,wikipedia_tabela_5,Bolsonaro,31.5,0,3.2,https://en.wikipedia.org/wiki/Opinion_polling_for_the_2022_Brazilian_presidential_election
2022,1,Atlas Político[155],2022-11-27,2022-11-29,2022-11-29,4401,wikipedia_tabela_5,Gomes,6.1,0,3.2,https://en.wikipedia.org/wiki/Opinion_polling_for_the_2022_Brazilian_presidential_election
2022,1,Atlas Político[155],2022-11-27,2022-11-29,2022-11-29,4401,wikipedia_tabela_5,Tebet,0.9,0,3.2,https://en.wikipedia.org/wiki/Opinion_polling_for_the_2022_Brazilian_presidential_election
2022,1,27 Nov,2022-11-27,2022-11-27,2022-11-27,27,wikipedia_tabela_5,Lula,156.0,0,156.0,https://en.wikipedia.org/wiki/Opinion_polling_for_the_2022_Brazilian_presidential_election
2022,1,27 Nov,2022-11-27,2022-11-27,2022-11-27,27,wikipedia_tabela_5,Bolsonaro,156.0,0,156.0,https://en.wikipedia.org/wiki/Opinion_polling_for_the_2022_Brazilian_presidential_election
2022,1,27 Nov,2022-11-27,2022-11-27,2022-11-27,27,wikipedia_tabela_5,Gomes,156.0,0,156.0,https://en.wikipedia.org/wiki/Opinion_polling_for_the_2022_Brazilian_presidential_election
2022,1,27 Nov,2022-11-27,2022-11-27,2022-11-27,27,wikipedia_tabela_5,Tebet,156.0,0,156.0,https://en.wikipedia.org/wiki/Opinion_polling_for_the_2022_Brazilian_presidential_election
2022,1,Ipespe[157],2022-11-22,2022-11-24,2022-11-24,1000,wikipedia_tabela_5,Lula,42.0,0,3.0,https://en.wikipedia.org/wiki/Opinion_polling_for_the_2022_Brazilian_presidential_election
2022,1,Ipespe[157],2022-11-22,2022-11-24,2022-11-24,1000,wikipedia_tabela_5,Bolsonaro,25.0,0,3.0,https://en.wikipedia.org/wiki/Opinion_polling_for_the_2022_Brazilian_presidential_election
2022,1,Ipespe[157],2022-11-22,2022-11-24,2022-11-24,1000,wikipedia_tabela_5,Gomes,9.0,0,3.0,https://en.wikipedia.org/wiki/Opinion_polling_for_the_2022_Brazilian_presidential_election
2022,1,Ipespe[157],2022-11-22,2022-11-24,2022-11-24,1000,wikipedia_tabela_5,Tebet,1.0,0,3.0,https://en.wikipedia.org/wiki/Opinion_polling_for_the_2022_Brazilian_presidential_election
2022,1,Ipespe[157],2022-11-22,2022-11-24,2022-11-24,1000,wikipedia_tabela_5,Lula,42.0,0,8.0,https://en.wikipedia.org/wiki/Opinion_polling_for_the_2022_Brazilian_presidential_election
2022,1,Ipespe[157],2022-11-22,2022-11-24,2022-11-24,1000,wikipedia_tabela_5,Bolsonaro,24.0,0,8.0,https://en.wikipedia.org/wiki/Opinion_polling_for_the_2022_Brazilian_presidential_election
2022,1,Ipespe[157],2022-11-22,2022-11-24,2022-11-24,1000,wikipedia_tabela_5,Gomes,9.0,0,8.0,https://en.wikipedia.org/wiki/Opinion_polling_for_the_2022_Brazilian_presidential_election
2022,1,Ipespe[157],2022-11-22,2022-11-24,2022-11-24,1000,wikipedia_tabela_5,Tebet,2.0,0,8.0,https://en.wikipedia.org/wiki/Opinion_polling_for_the_2022_Brazilian_presidential_election
2022,1,PoderData[158],2022-11-22,2022-11-24,2022-11-24,2500,wikipedia_tabela_5,Lula,34.0,0,9.0,https://en.wikipedia.org/wiki/Opinion_polling_for_the_2022_Brazilian_presidential_election
2022,1,PoderData[158],2022-11-22,2022-11-24,2022-11-24,2500,wikipedia_tabela_5,Bolsonaro,29.0,0,9.0,https://en.wikipedia.org/wiki/Opinion_polling_for_the_2022_Brazilian_presidential_election
2022,1,PoderData[158],2022-11-22,2022-11-24,2022-11-24,2500,wikipedia_tabela_5,Gomes,7.0,0,9.0,https://en.wikipedia.org/wiki/Opinion_polling_for_the_2022_Brazilian_presidential_election
2022,1,PoderData[158],2022-11-22,2022-11-24,2022-11-24,2500,wikipedia_tabela_5,Lula,36.0,0,8.0,https://en.wikipedia.org/wiki/Opinion_polling_for_the_2022_Brazilian_presidential_election
2022,1,PoderData[158],2022-11-22,2022-11-24,2022-11-24,2500,wikipedia_tabela_5,Bolsonaro,27.0,0,8.0,https://en.wikipedia.org/wiki/Opinion_polling_for_the_2022_Brazilian_presidential_election
2022,1,PoderData[158],2022-11-22,2022-11-24,2022-11-24,2500,wikipedia_tabela_5,Gomes,9.0,0,8.0,https://en.wikipedia.org/wiki/Opinion_polling_for_the_2022_Brazilian_presidential_election
2022,1,Futura/ModalMais[159],2022-11-16,2022-11-20,2022-11-20,2000,wikipedia_tabela_5,Lula,37.0,0,7.1,https://en.wikipedia.org/wiki/Opinion_polling_for_the_2022_Brazilian_presidential_election
2022,1,Futura/ModalMais[159],2022-11-16,2022-11-20,2022-11-20,2000,wikipedia_tabela_5,Bolsonaro,30.8,0,7.1,https://en.wikipedia.org/wiki/Opinion_polling_for_the_2022_Brazilian_presidential_election
2022,1,Futura/ModalMais[159],2022-11-16,2022-11-20,2022-11-20,2000,wikipedia_tabela_5,Gomes,7.5,0,7.1,https://en.wikipedia.org/wiki/Opinion_polling_for_the_2022_Brazilian_presidential_election
2022,1,Paraná Pesquisas[160],2022-11-16,2022-11-19,2022-11-19,2020,wikipedia_tabela_5,Lula,34.9,0,13.4,https://en.wikipedia.org/wiki/Opinion_polling_for_the_2022_Brazilian_presidential_election
2022,1,Paraná Pesquisas[160],2022-11-16,2022-11-19,2022-11-19,2020,wikipedia_tabela_5,Bolsonaro,29.2,0,13.4,https://en.wikipedia.org/wiki/Opinion_polling_for_the_2022_Brazilian_presidential_election
2022,1,Paraná Pesquisas[160],2022-11-16,2022-11-19,2022-11-19,2020,wikipedia_tabela_5,Gomes,6.1,0,13.4,https://en.wikipedia.org/wiki/Opinion_polling_for_the_2022_Brazilian_presidential_election
2022,1,Paraná Pesquisas[160],2022-11-16,2022-11-19,2022-11-19,2020,wikipedia_tabela_5,Tebet,0.4,0,13.4,https://en.wikipedia.org/wiki/Opinion_polling_for_the_2022_Brazilian_presidential_election
2022,1,Paraná Pesquisas[160],2022-11-16,2022-11-19,2022-11-19,2020,wikipedia_tabela_5,Lula,35.1,0,13.6,https://en.wikipedia.org/wiki/Opinion_polling_for_the_2022_Brazilian_presidential_election
2022,1,Paraná Pesquisas[160],2022-11-16,2022-11-19,2022-11-19,2020,wikipedia_tabela_5,Bolsonaro,29.8,0,13.6,https://en.wikipedia.org/wiki/Opinion_polling_for_the_2022_Brazilian_presidential_election
2022,1,Paraná Pesquisas[160],2022-11-16,2022-11-19,2022-11-19,2020,wikipedia_tabela_5,Gomes,6.1,0,13.6,https://en.wikipedia.org/wiki/Opinion_polling_for_the_2022_Brazilian_presidential_election
2022,1,Paraná Pesquisas[160],2022-11-16,2022-11-19,2022-11-19,2020,wikipedia_tabela_5,Tebet,0.6,0,13.6,https://en.wikipedia.org/wiki/Opinion_polling_for_the_2022_Brazilian_presidential_election
2022,1,Ponteio Política[161],2022-11-16,2022-11-18,2022-11-18,1000,wikipedia_tabela_5,Lula,37.0,0,31.0,https://en.wikipedia.org/wiki/Opinion_polling_for_the_2022_Brazilian_presidential_election
2022,1,Ponteio Política[161],2022-11-16,2022-11-18,2022-11-18,1000,wikipedia_tabela_5,Gomes,11.0,0,31.0,https://en.wikipedia.org/wiki/Opinion_polling_for_the_2022_Brazilian_presidential_election
2022,1,Ponteio Política[161],2022-11-16,2022-11-18,2022-11-18,1000,wikipedia_tabela_5,Lula,37.0,0,17.0,https://en.wikipedia.org/wiki/Opinion_polling_for_the_2022_Brazilian_presidential_election
2022,1,Ponteio Política[161],2022-11-16,2022-11-18,2022-11-18,1000,wikipedia_tabela_5,Bolsonaro,24.0,0,17.0,https://en.wikipedia.org/wiki/Opinion_polling_for_the_2022_Brazilian_presidential_election
2022,1,Ponteio Política[161],2022-11-16,2022-11-18,2022-11-18,1000,wikipedia_tabela_5,Gomes,8.0,0,17.0,https://en.wikipedia.org/wiki/Opinion_polling_for_the_2022_Brazilian_presidential_election
2022,1,Exame/Ideia[162],2022-11-09,2022-11-11,2022-11-11,1200,wikipedia_tabela_5,Lula,35.0,0,20.0,https://en.wikipedia.org/wiki/Opinion_polling_for_the_2022_Brazilian_presidential_election
2022,1,Exame/Ideia[162],2022-11-09,2022-11-11,2022-11-11,1200,wikipedia_tabela_5,Bolsonaro,25.0,0,20.0,https://en.wikipedia.org/wiki/Opinion_polling_for_the_2022_Brazilian_presidential_election
2022,1,Exame/Ideia[162],2022-11-09,2022-11-11,2022-11-11,1200,wikipedia_tabela_5,Gomes,7.0,0,20.0,https://en.wikipedia.org/wiki/Opinion_polling_for_the_2022_Brazilian_presidential_election
2022,1,Exame/Ideia[162],2022-11-09,2022-11-11,2022-11-11,1200,wikipedia_tabela_5,Tebet,1.0,0,20.0,https://en.wikipedia.org/wiki/Opinion_polling_for_the_2022_Brazilian_presidential_election
2022,1,Quaest/Genial[163],2022-11-03,2022-11-06,2022-11-06,2063,wikipedia_tabela_5,Lula,48.0,0,14.0,https://en.wikipedia.org/wiki/Opinion_polling_for_the_2022_Brazilian_presidential_election
2022,1,Quaest/Genial[163],2022-11-03,2022-11-06,2022-11-06,2063,wikipedia_tabela_5,Bolsonaro,21.0,0,14.0,https://en.wikipedia.org/wiki/Opinion_polling_for_the_2022_Brazilian_presidential_election
2022,1,Quaest/Genial[163],2022-11-03,2022-11-06,2022-11-06,2063,wikipedia_tabela_5,Gomes,6.0,0,14.0,https://en.wikipedia.org/wiki/Opinion_polling_for_the_2022_Brazilian_presidential_election
2022,1,Quaest/Genial[163],2022-11-03,2022-11-06,2022-11-06,2063,wikipedia_tabela_5,Tebet,1.0,0,14.0,https://en.wikipedia.org/wiki/Opinion_polling_for_the_2022_Brazilian_presidential_election
2022,1,Quaest/Genial[163],2022-11-03,2022-11-06,2022-11-06,2063,wikipedia_tabela_5,Lula,47.0,0,14.0,https://en.wikipedia.org/wiki/Opinion_polling_for_the_2022_Brazilian_presidential_election
2022,1,Quaest/Genial[163],2022-11-03,2022-11-06,2022-11-06,2063,wikipedia_tabela_5,Bolsonaro,21.0,0,14.0,https://en.wikipedia.org/wiki/Opinion_polling_for_the_2022_Brazilian_presidential_election
2022,1,Quaest/Genial[163],2022-11-03,2022-11-06,2022-11-06,2063,wikipedia_tabela_5,Gomes,7.0,0,14.0,https://en.wikipedia.org/wiki/Opinion_polling_for_the_2022_Brazilian_presidential_election
2022,1,Quaest/Genial[163],2022-11-03,2022-11-06,2022-11-06,2063,wikipedia_tabela_5,Tebet,1.0,0,14.0,https://en.wikipedia.org/wiki/Opinion_polling_for_the_2022_Brazilian_presidential_election
2022,1,Vox Populi[164],2022-10-30,2022-11-04,2022-11-04,2000,wikipedia_tabela_5,Lula,44.0,0,22.0,https://en.wikipedia.org/wiki/Opinion_polling_for_the_2022_Brazilian_presidential_election
2022,1,Vox Populi[164],2022-10-30,2022-11-04,2022-11-04,2000,wikipedia_tabela_5,Bolsonaro,21.0,0,22.0,https://en.wikipedia.org/wiki/Opinion_polling_for_the_2022_Brazilian_presidential_election
2022,1,Vox Populi[164],2022-10-30,2022-11-04,2022-11-04,2000,wikipedia_tabela_5,Gomes,4.0,0,22.0,https://en.wikipedia.org/wiki/Opinion_polling_for_the_2022_Brazilian_presidential_election
2022,1,Vox Populi[164],2022-10-30,2022-11-04,2022-11-04,2000,wikipedia_tabela_5,Lula,45.0,0,21.0,https://en.wikipedia.org/wiki/Opinion_polling_for_the_2022_Brazilian_presidential_election
2022,1,Vox Populi[164],2022-10-30,2022-11-04,2022-11-04,2000,wikipedia_tabela_5,Bolsonaro,21.0,0,21.0,https://en.wikipedia.org/wiki/Opinion_polling_for_the_2022_Brazilian_presidential_election
2022,1,Vox Populi[164],2022-10-30,2022-11-04,2022-11-04,2000,wikipedia_tabela_5,Gomes,5.0,0,21.0,https://en.wikipedia.org/wiki/Opinion_polling_for_the_2022_Brazilian_presidential_election
2022,1,XP/Ipespe[165],2022-10-25,2022-10-28,2022-10-28,1000,wikipedia_tabela_5,Lula,42.0,0,10.0,https://en.wikipedia.org/wiki/Opinion_polling_for_the_2022_Brazilian_presidential_election
2022,1,XP/Ipespe[165],2022-10-25,2022-10-28,2022-10-28,1000,wikipedia_tabela_5,Bolsonaro,28.0,0,10.0,https://en.wikipedia.org/wiki/Opinion_polling_for_the_2022_Brazilian_presidential_election
2022,1,XP/Ipespe[165],2022-10-25,2022-10-28,2022-10-28,1000,wikipedia_tabela_5,Gomes,11.0,0,10.0,https://en.wikipedia.org/wiki/Opinion_polling_for_the_2022_Brazilian_presidential_election
2022,1,XP/Ipespe[165],2022-10-25,2022-10-28,2022-10-28,1000,wikipedia_tabela_5,Tebet,2.0,0,10.0,https://en.wikipedia.org/wiki/Opinion_polling_for_the_2022_Brazilian_presidential_election
2022,1,XP/Ipespe[165],2022-10-25,2022-10-28,2022-10-28,1000,wikipedia_tabela_5,Lula,41.0,0,5.0,https://en.wikipedia.org/wiki/Opinion_polling_for_the_2022_Brazilian_presidential_election
2022,1,XP/Ipespe[165],2022-10-25,2022-10-28,2022-10-28,1000,wikipedia_tabela_5,Bolsonaro,25.0,0,5.0,https://en.wikipedia.org/wiki/Opinion_polling_for_the_2022_Brazilian_presidential_election
2022,1,XP/Ipespe[165],2022-10-25,2022-10-28,2022-10-28,1000,wikipedia_tabela_5,Gomes,9.0,0,5.0,https://en.wikipedia.org/wiki/Opinion_polling_for_the_2022_Brazilian_presidential_election
2022,1,XP/Ipespe[165],2022-10-25,2022-10-28,2022-10-28,1000,wikipedia_tabela_5,Tebet,2.0,0,5.0,https://en.wikipedia.org/wiki/Opinion_polling_for_the_2022_Brazilian_presidential_election
2022,1,PoderData[166],2022-10-25,2022-10-27,2022-10-27,2500,wikipedia_tabela_5,Lula,35.0,0,9.0,https://en.wikipedia.org/wiki/Opinion_polling_for_the_2022_Brazilian_presidential_election
2022,1,PoderData[166],2022-10-25,2022-10-27,2022-10-27,2500,wikipedia_tabela_5,Bolsonaro,28.0,0,9.0,https://en.wikipedia.org/wiki/Opinion_polling_for_the_2022_Brazilian_presidential_election
2022,1,PoderData[166],2022-10-25,2022-10-27,2022-10-27,2500,wikipedia_tabela_5,Gomes,5.0,0,9.0,https://en.wikipedia.org/wiki/Opinion_polling_for_the_2022_Brazilian_presidential_election
2022,1,PoderData[166],2022-10-25,2022-10-27,2022-10-27,2500,wikipedia_tabela_5,Tebet,1.0,0,9.0,https://en.wikipedia.org/wiki/Opinion_polling_for_the_2022_Brazilian_presidential_election
2022,1,PoderData[166],2022-10-25,2022-10-27,2022-10-27,2500,wikipedia_tabela_5,Lula,34.0,0,7.0,https://en.wikipedia.org/wiki/Opinion_polling_for_the_2022_Brazilian_presidential_election
2022,1,PoderData[166],2022-10-25,2022-10-27,2022-10-27,2500,wikipedia_tabela_5,Bolsonaro,30.0,0,7.0,https://en.wikipedia.org/wiki/Opinion_polling_for_the_2022_Brazilian_presidential_election
2022,1,PoderData[166],2022-10-25,2022-10-27,2022-10-27,2500,wikipedia_tabela_5,Gomes,7.0,0,7.0,https://en.wikipedia.org/wiki/Opinion_polling_for_the_2022_Brazilian_presidential_election
2022,1,PoderData[166],2022-10-25,2022-10-27,2022-10-27,2500,wikipedia_tabela_5,Tebet,1.0,0,7.0,https://en.wikipedia.org/wiki/Opinion_polling_for_the_2022_Brazilian_presidential_election
2022,1,23 Oct,2022-10-23,2022-10-23,2022-10-23,23,wikipedia_tabela_5,Lula,167.0,0,167.0,https://en.wikipedia.org/wiki/Opinion_polling_for_the_2022_Brazilian_presidential_election
2022,1,23 Oct,2022-10-23,2022-10-23,2022-10-23,23,wikipedia_tabela_5,Bolsonaro,167.0,0,167.0,https://en.wikipedia.org/wiki/Opinion_polling_for_the_2022_Brazilian_presidential_election
2022,1,23 Oct,2022-10-23,2022-10-23,2022-10-23,23,wikipedia_tabela_5,Gomes,167.0,0,167.0,https://en.wikipedia.org/wiki/Opinion_polling_for_the_2022_Brazilian_presidential_election
2022,1,23 Oct,2022-10-23,2022-10-23,2022-10-23,23,wikipedia_tabela_5,Tebet,167.0,0,167.0,https://en.wikipedia.org/wiki/Opinion_polling_for_the_2022_Brazilian_presidential_election
2022,1,22 Oct,2022-10-22,2022-10-22,2022-10-22,22,wikipedia_tabela_5,Lula,168.0,0,168.0,https://en.wikipedia.org/wiki/Opinion_polling_for_the_2022_Brazilian_presidential_election
2022,1,22 Oct,2022-10-22,2022-10-22,2022-10-22,22,wikipedia_tabela_5,Bolsonaro,168.0,0,168.0,https://en.wikipedia.org/wiki/Opinion_polling_for_the_2022_Brazilian_presidential_election
2022,1,22 Oct,2022-10-22,2022-10-22,2022-10-22,22,wikipedia_tabela_5,Gomes,168.0,0,168.0,https://en.wikipedia.org/wiki/Opinion_polling_for_the_2022_Brazilian_presidential_election
2022,1,22 Oct,2022-10-22,2022-10-22,2022-10-22,22,wikipedia_tabela_5,Tebet,168.0,0,168.0,https://en.wikipedia.org/wiki/Opinion_polling_for_the_2022_Brazilian_presidential_election
2022,1,Quaest/Genial[169],2022-09-30,2022-10-03,2022-10-03,2048,wikipedia_tabela_5,Lula,43.0,0,12.0,https://en.wikipedia.org/wiki/Opinion_polling_for_the_2022_Brazilian_presidential_election
2022,1,Quaest/Genial[169],2022-09-30,2022-10-03,2022-10-03,2048,wikipedia_tabela_5,Bolsonaro,24.0,0,12.0,https://en.wikipedia.org/wiki/Opinion_polling_for_the_2022_Brazilian_presidential_election
2022,1,Quaest/Genial[169],2022-09-30,2022-10-03,2022-10-03,2048,wikipedia_tabela_5,Gomes,10.0,0,12.0,https://en.wikipedia.org/wiki/Opinion_polling_for_the_2022_Brazilian_presidential_election
2022,1,Quaest/Genial[169],2022-09-30,2022-10-03,2022-10-03,2048,wikipedia_tabela_5,Lula,44.0,0,12.0,https://en.wikipedia.org/wiki/Opinion_polling_for_the_2022_Brazilian_presidential_election
2022,1,Quaest/Genial[169],2022-09-30,2022-10-03,2022-10-03,2048,wikipedia_tabela_5,Bolsonaro,24.0,0,12.0,https://en.wikipedia.org/wiki/Opinion_polling_for_the_2022_Brazilian_presidential_election
2022,1,Quaest/Genial[169],2022-09-30,2022-10-03,2022-10-03,2048,wikipedia_tabela_5,Gomes,9.0,0,12.0,https://en.wikipedia.org/wiki/Opinion_polling_for_the_2022_Brazilian_presidential_election
2022,1,Quaest/Genial[169],2022-09-30,2022-10-03,2022-10-03,2048,wikipedia_tabela_5,Lula,45.0,0,13.0,https://en.wikipedia.org/wiki/Opinion_polling_for_the_2022_Brazilian_presidential_election
2022,1,Quaest/Genial[169],2022-09-30,2022-10-03,2022-10-03,2048,wikipedia_tabela_5,Bolsonaro,26.0,0,13.0,https://en.wikipedia.org/wiki/Opinion_polling_for_the_2022_Brazilian_presidential_election
2022,1,Quaest/Genial[169],2022-09-30,2022-10-03,2022-10-03,2048,wikipedia_tabela_5,Gomes,10.0,0,13.0,https://en.wikipedia.org/wiki/Opinion_polling_for_the_2022_Brazilian_presidential_election
2022,1,PoderData[170],2022-09-27,2022-09-29,2022-09-29,2500,wikipedia_tabela_5,Lula,40.0,0,11.0,https://en.wikipedia.org/wiki/Opinion_polling_for_the_2022_Brazilian_presidential_election
2022,1,PoderData[170],2022-09-27,2022-09-29,2022-09-29,2500,wikipedia_tabela_5,Bolsonaro,30.0,0,11.0,https://en.wikipedia.org/wiki/Opinion_polling_for_the_2022_Brazilian_presidential_election
2022,1,PoderData[170],2022-09-27,2022-09-29,2022-09-29,2500,wikipedia_tabela_5,Gomes,5.0,0,11.0,https://en.wikipedia.org/wiki/Opinion_polling_for_the_2022_Brazilian_presidential_election
2022,1,PoderData[170],2022-09-27,2022-09-29,2022-09-29,2500,wikipedia_tabela_5,Tebet,2.0,0,11.0,https://en.wikipedia.org/wiki/Opinion_polling_for_the_2022_Brazilian_presidential_election
2022,1,PoderData[170],2022-09-27,2022-09-29,2022-09-29,2500,wikipedia_tabela_5,Lula,43.0,0,11.0,https://en.wikipedia.org/wiki/Opinion_polling_for_the_2022_Brazilian_presidential_election
2022,1,PoderData[170],2022-09-27,2022-09-29,2022-09-29,2500,wikipedia_tabela_5,Bolsonaro,28.0,0,11.0,https://en.wikipedia.org/wiki/Opinion_polling_for_the_2022_Brazilian_presidential_election
2022,1,PoderData[170],2022-09-27,2022-09-29,2022-09-29,2500,wikipedia_tabela_5,Gomes,5.0,0,11.0,https://en.wikipedia.org/wiki/Opinion_polling_for_the_2022_Brazilian_presidential_election
2022,1,PoderData[170],2022-09-27,2022-09-29,2022-09-29,2500,wikipedia_tabela_5,Tebet,1.0,0,11.0,https://en.wikipedia.org/wiki/Opinion_polling_for_the_2022_Brazilian_presidential_election
2022,1,Ipespe[171],2022-09-22,2022-09-24,2022-09-24,1000,wikipedia_tabela_5,Lula,43.0,0,7.0,https://en.wikipedia.org/wiki/Opinion_polling_for_the_2022_Brazilian_presidential_election
2022,1,Ipespe[171],2022-09-22,2022-09-24,2022-09-24,1000,wikipedia_tabela_5,Bolsonaro,28.0,0,7.0,https://en.wikipedia.org/wiki/Opinion_polling_for_the_2022_Brazilian_presidential_election
2022,1,Ipespe[171],2022-09-22,2022-09-24,2022-09-24,1000,wikipedia_tabela_5,Gomes,11.0,0,7.0,https://en.wikipedia.org/wiki/Opinion_polling_for_the_2022_Brazilian_presidential_election
2022,1,Ipespe[171],2022-09-22,2022-09-24,2022-09-24,1000,wikipedia_tabela_5,Tebet,2.0,0,7.0,https://en.wikipedia.org/wiki/Opinion_polling_for_the_2022_Brazilian_presidential_election
2022,1,Ipespe[171],2022-09-22,2022-09-24,2022-09-24,1000,wikipedia_tabela_5,Lula,42.0,0,6.0,https://en.wikipedia.org/wiki/Opinion_polling_for_the_2022_Brazilian_presidential_election
2022,1,Ipespe[171],2022-09-22,2022-09-24,2022-09-24,1000,wikipedia_tabela_5,Bolsonaro,25.0,0,6.0,https://en.wikipedia.org/wiki/Opinion_polling_for_the_2022_Brazilian_presidential_election
2022,1,Ipespe[171],2022-09-22,2022-09-24,2022-09-24,1000,wikipedia_tabela_5,Gomes,9.0,0,6.0,https://en.wikipedia.org/wiki/Opinion_polling_for_the_2022_Brazilian_presidential_election
2022,1,Ipespe[171],2022-09-22,2022-09-24,2022-09-24,1000,wikipedia_tabela_5,Tebet,1.0,0,6.0,https://en.wikipedia.org/wiki/Opinion_polling_for_the_2022_Brazilian_presidential_election
2022,1,Ipec[172],2022-09-16,2022-09-20,2022-09-20,2002,wikipedia_tabela_5,Lula,48.0,0,14.0,https://en.wikipedia.org/wiki/Opinion_polling_for_the_2022_Brazilian_presidential_election
2022,1,Ipec[172],2022-09-16,2022-09-20,2022-09-20,2002,wikipedia_tabela_5,Bolsonaro,23.0,0,14.0,https://en.wikipedia.org/wiki/Opinion_polling_for_the_2022_Brazilian_presidential_election
2022,1,Ipec[172],2022-09-16,2022-09-20,2022-09-20,2002,wikipedia_tabela_5,Gomes,8.0,0,14.0,https://en.wikipedia.org/wiki/Opinion_polling_for_the_2022_Brazilian_presidential_election
2022,1,Ipec[172],2022-09-16,2022-09-20,2022-09-20,2002,wikipedia_tabela_5,Lula,45.0,0,14.0,https://en.wikipedia.org/wiki/Opinion_polling_for_the_2022_Brazilian_presidential_election
2022,1,Ipec[172],2022-09-16,2022-09-20,2022-09-20,2002,wikipedia_tabela_5,Bolsonaro,22.0,0,14.0,https://en.wikipedia.org/wiki/Opinion_polling_for_the_2022_Brazilian_presidential_election
2022,1,Ipec[172],2022-09-16,2022-09-20,2022-09-20,2002,wikipedia_tabela_5,Gomes,6.0,0,14.0,https://en.wikipedia.org/wiki/Opinion_polling_for_the_2022_Brazilian_presidential_election
2022,1,Ipec[172],2022-09-16,2022-09-20,2022-09-20,2002,wikipedia_tabela_5,Tebet,1.0,0,14.0,https://en.wikipedia.org/wiki/Opinion_polling_for_the_2022_Brazilian_presidential_election
2022,1,Datatempo[173],2022-09-09,2022-09-15,2022-09-15,2025,wikipedia_tabela_5,Lula,36.0,0,14.2,https://en.wikipedia.org/wiki/Opinion_polling_for_the_2022_Brazilian_presidential_election
2022,1,Datatempo[173],2022-09-09,2022-09-15,2022-09-15,2025,wikipedia_tabela_5,Bolsonaro,22.0,0,14.2,https://en.wikipedia.org/wiki/Opinion_polling_for_the_2022_Brazilian_presidential_election
2022,1,Datatempo[173],2022-09-09,2022-09-15,2022-09-15,2025,wikipedia_tabela_5,Gomes,7.8,0,14.2,https://en.wikipedia.org/wiki/Opinion_polling_for_the_2022_Brazilian_presidential_election
2022,1,Datafolha[174],2022-09-13,2022-09-15,2022-09-15,3667,wikipedia_tabela_5,Lula,44.0,0,12.0,https://en.wikipedia.org/wiki/Opinion_polling_for_the_2022_Brazilian_presidential_election
2022,1,Datafolha[174],2022-09-13,2022-09-15,2022-09-15,3667,wikipedia_tabela_5,Bolsonaro,26.0,0,12.0,https://en.wikipedia.org/wiki/Opinion_polling_for_the_2022_Brazilian_presidential_election
2022,1,Datafolha[174],2022-09-13,2022-09-15,2022-09-15,3667,wikipedia_tabela_5,Gomes,9.0,0,12.0,https://en.wikipedia.org/wiki/Opinion_polling_for_the_2022_Brazilian_presidential_election
2022,1,Datafolha[174],2022-09-13,2022-09-15,2022-09-15,3667,wikipedia_tabela_5,Lula,42.0,0,13.0,https://en.wikipedia.org/wiki/Opinion_polling_for_the_2022_Brazilian_presidential_election
2022,1,Datafolha[174],2022-09-13,2022-09-15,2022-09-15,3667,wikipedia_tabela_5,Bolsonaro,25.0,0,13.0,https://en.wikipedia.org/wiki/Opinion_polling_for_the_2022_Brazilian_presidential_election
2022,1,Datafolha[174],2022-09-13,2022-09-15,2022-09-15,3667,wikipedia_tabela_5,Gomes,12.0,0,13.0,https://en.wikipedia.org/wiki/Opinion_polling_for_the_2022_Brazilian_presidential_election
2022,1,Datafolha[174],2022-09-13,2022-09-15,2022-09-15,3667,wikipedia_tabela_5,Lula,44.0,0,12.0,https://en.wikipedia.org/wiki/Opinion_polling_for_the_2022_Brazilian_presidential_election
2022,1,Datafolha[174],2022-09-13,2022-09-15,2022-09-15,3667,wikipedia_tabela_5,Bolsonaro,25.0,0,12.0,https://en.wikipedia.org/wiki/Opinion_polling_for_the_2022_Brazilian_presidential_election
2022,1,Datafolha[174],2022-09-13,2022-09-15,2022-09-15,3667,wikipedia_tabela_5,Gomes,11.0,0,12.0,https://en.wikipedia.org/wiki/Opinion_polling_for_the_2022_Brazilian_presidential_election
2022,1,Datafolha[174],2022-09-13,2022-09-15,2022-09-15,3667,wikipedia_tabela_5,Lula,42.0,0,12.0,https://en.wikipedia.org/wiki/Opinion_polling_for_the_2022_Brazilian_presidential_election
2022,1,Datafolha[174],2022-09-13,2022-09-15,2022-09-15,3667,wikipedia_tabela_5,Bolsonaro,24.0,0,12.0,https://en.wikipedia.org/wiki/Opinion_polling_for_the_2022_Brazilian_presidential_election
2022,1,Datafolha[174],2022-09-13,2022-09-15,2022-09-15,3667,wikipedia_tabela_5,Gomes,10.0,0,12.0,https://en.wikipedia.org/wiki/Opinion_polling_for_the_2022_Brazilian_presidential_election
2022,1,Datafolha[174],2022-09-13,2022-09-15,2022-09-15,3667,wikipedia_tabela_5,Tebet,1.0,0,12.0,https://en.wikipedia.org/wiki/Opinion_polling_for_the_2022_Brazilian_presidential_election
2022,1,Paraná Pesquisas[175],2022-09-01,2022-09-05,2022-09-05,2012,wikipedia_tabela_5,Lula,35.5,0,16.5,https://en.wikipedia.org/wiki/Opinion_polling_for_the_2022_Brazilian_presidential_election
2022,1,Paraná Pesquisas[175],2022-09-01,2022-09-05,2022-09-05,2012,wikipedia_tabela_5,Bolsonaro,30.9,0,16.5,https://en.wikipedia.org/wiki/Opinion_polling_for_the_2022_Brazilian_presidential_election
2022,1,Paraná Pesquisas[175],2022-09-01,2022-09-05,2022-09-05,2012,wikipedia_tabela_5,Gomes,9.7,0,16.5,https://en.wikipedia.org/wiki/Opinion_polling_for_the_2022_Brazilian_presidential_election
2022,1,PoderData[176],2022-08-30,2022-09-01,2022-09-01,2500,wikipedia_tabela_5,Lula,37.0,0,11.0,https://en.wikipedia.org/wiki/Opinion_polling_for_the_2022_Brazilian_presidential_election
2022,1,PoderData[176],2022-08-30,2022-09-01,2022-09-01,2500,wikipedia_tabela_5,Bolsonaro,28.0,0,11.0,https://en.wikipedia.org/wiki/Opinion_polling_for_the_2022_Brazilian_presidential_election
2022,1,PoderData[176],2022-08-30,2022-09-01,2022-09-01,2500,wikipedia_tabela_5,Gomes,8.0,0,11.0,https://en.wikipedia.org/wiki/Opinion_polling_for_the_2022_Brazilian_presidential_election
2022,1,PoderData[176],2022-08-30,2022-09-01,2022-09-01,2500,wikipedia_tabela_5,Tebet,4.0,0,11.0,https://en.wikipedia.org/wiki/Opinion_polling_for_the_2022_Brazilian_presidential_election
2022,1,Quaest/Genial[177],2022-08-26,2022-08-29,2022-08-29,2000,wikipedia_tabela_5,Lula,47.0,0,13.0,https://en.wikipedia.org/wiki/Opinion_polling_for_the_2022_Brazilian_presidential_election
2022,1,Quaest/Genial[177],2022-08-26,2022-08-29,2022-08-29,2000,wikipedia_tabela_5,Bolsonaro,26.0,0,13.0,https://en.wikipedia.org/wiki/Opinion_polling_for_the_2022_Brazilian_presidential_election
2022,1,Quaest/Genial[177],2022-08-26,2022-08-29,2022-08-29,2000,wikipedia_tabela_5,Gomes,8.0,0,13.0,https://en.wikipedia.org/wiki/Opinion_polling_for_the_2022_Brazilian_presidential_election
2022,1,XP/Ipespe[178],2022-08-11,2022-08-14,2022-08-14,1000,wikipedia_tabela_5,Lula,40.0,0,9.0,https://en.wikipedia.org/wiki/Opinion_polling_for_the_2022_Brazilian_presidential_election
2022,1,XP/Ipespe[178],2022-08-11,2022-08-14,2022-08-14,1000,wikipedia_tabela_5,Bolsonaro,24.0,0,9.0,https://en.wikipedia.org/wiki/Opinion_polling_for_the_2022_Brazilian_presidential_election
2022,1,XP/Ipespe[178],2022-08-11,2022-08-14,2022-08-14,1000,wikipedia_tabela_5,Gomes,10.0,0,9.0,https://en.wikipedia.org/wiki/Opinion_polling_for_the_2022_Brazilian_presidential_election
2022,1,XP/Ipespe[178],2022-08-11,2022-08-14,2022-08-14,1000,wikipedia_tabela_5,Lula,37.0,0,13.0,https://en.wikipedia.org/wiki/Opinion_polling_for_the_2022_Brazilian_presidential_election
2022,1,XP/Ipespe[178],2022-08-11,2022-08-14,2022-08-14,1000,wikipedia_tabela_5,Bolsonaro,28.0,0,13.0,https://en.wikipedia.org/wiki/Opinion_polling_for_the_2022_Brazilian_presidential_election
2022,1,XP/Ipespe[178],2022-08-11,2022-08-14,2022-08-14,1000,wikipedia_tabela_5,Gomes,11.0,0,13.0,https://en.wikipedia.org/wiki/Opinion_polling_for_the_2022_Brazilian_presidential_election
2022,1,XP/Ipespe[178],2022-08-11,2022-08-14,2022-08-14,1000,wikipedia_tabela_5,Tebet,1.0,0,13.0,https://en.wikipedia.org/wiki/Opinion_polling_for_the_2022_Brazilian_presidential_election
2022,1,PoderData[179],2022-08-02,2022-08-04,2022-08-04,2500,wikipedia_tabela_5,Lula,39.0,0,11.0,https://en.wikipedia.org/wiki/Opinion_polling_for_the_2022_Brazilian_presidential_election
2022,1,PoderData[179],2022-08-02,2022-08-04,2022-08-04,2500,wikipedia_tabela_5,Bolsonaro,25.0,0,11.0,https://en.wikipedia.org/wiki/Opinion_polling_for_the_2022_Brazilian_presidential_election
2022,1,PoderData[179],2022-08-02,2022-08-04,2022-08-04,2500,wikipedia_tabela_5,Gomes,8.0,0,11.0,https://en.wikipedia.org/wiki/Opinion_polling_for_the_2022_Brazilian_presidential_election
2022,1,Quaest/Genial[180],2022-07-29,2022-08-01,2022-08-01,1500,wikipedia_tabela_5,Lula,46.0,0,13.0,https://en.wikipedia.org/wiki/Opinion_polling_for_the_2022_Brazilian_presidential_election
2022,1,Quaest/Genial[180],2022-07-29,2022-08-01,2022-08-01,1500,wikipedia_tabela_5,Bolsonaro,29.0,0,13.0,https://en.wikipedia.org/wiki/Opinion_polling_for_the_2022_Brazilian_presidential_election
2022,1,Quaest/Genial[180],2022-07-29,2022-08-01,2022-08-01,1500,wikipedia_tabela_5,Gomes,12.0,0,13.0,https://en.wikipedia.org/wiki/Opinion_polling_for_the_2022_Brazilian_presidential_election
2022,1,Quaest/Genial[180],2022-07-29,2022-08-01,2022-08-01,1500,wikipedia_tabela_5,Lula,44.0,0,10.0,https://en.wikipedia.org/wiki/Opinion_polling_for_the_2022_Brazilian_presidential_election
2022,1,Quaest/Genial[180],2022-07-29,2022-08-01,2022-08-01,1500,wikipedia_tabela_5,Bolsonaro,27.0,0,10.0,https://en.wikipedia.org/wiki/Opinion_polling_for_the_2022_Brazilian_presidential_election
2022,1,Quaest/Genial[180],2022-07-29,2022-08-01,2022-08-01,1500,wikipedia_tabela_5,Gomes,10.0,0,10.0,https://en.wikipedia.org/wiki/Opinion_polling_for_the_2022_Brazilian_presidential_election
2022,1,Paraná Pesquisas[181],2022-07-24,2022-07-28,2022-07-28,2010,wikipedia_tabela_5,Lula,33.7,0,12.7,https://en.wikipedia.org/wiki/Opinion_polling_for_the_2022_Brazilian_presidential_election
2022,1,Paraná Pesquisas[181],2022-07-24,2022-07-28,2022-07-28,2010,wikipedia_tabela_5,Bolsonaro,32.7,0,12.7,https://en.wikipedia.org/wiki/Opinion_polling_for_the_2022_Brazilian_presidential_election
2022,1,Paraná Pesquisas[181],2022-07-24,2022-07-28,2022-07-28,2010,wikipedia_tabela_5,Gomes,6.8,0,12.7,https://en.wikipedia.org/wiki/Opinion_polling_for_the_2022_Brazilian_presidential_election
2022,1,Paraná Pesquisas[181],2022-07-24,2022-07-28,2022-07-28,2010,wikipedia_tabela_5,Tebet,0.8,0,12.7,https://en.wikipedia.org/wiki/Opinion_polling_for_the_2022_Brazilian_presidential_election
2022,1,Datafolha[182],2022-07-07,2022-07-08,2022-07-08,2074,wikipedia_tabela_5,Lula,46.0,0,12.0,https://en.wikipedia.org/wiki/Opinion_polling_for_the_2022_Brazilian_presidential_election
2022,1,Datafolha[182],2022-07-07,2022-07-08,2022-07-08,2074,wikipedia_tabela_5,Bolsonaro,25.0,0,12.0,https://en.wikipedia.org/wiki/Opinion_polling_for_the_2022_Brazilian_presidential_election
2022,1,Datafolha[182],2022-07-07,2022-07-08,2022-07-08,2074,wikipedia_tabela_5,Gomes,8.0,0,12.0,https://en.wikipedia.org/wiki/Opinion_polling_for_the_2022_Brazilian_presidential_election
2022,1,XP/Ipespe[183],2022-07-05,2022-07-07,2022-07-07,1000,wikipedia_tabela_5,Lula,38.0,0,13.0,https://en.wikipedia.org/wiki/Opinion_polling_for_the_2022_Brazilian_presidential_election
2022,1,XP/Ipespe[183],2022-07-05,2022-07-07,2022-07-07,1000,wikipedia_tabela_5,Bolsonaro,26.0,0,13.0,https://en.wikipedia.org/wiki/Opinion_polling_for_the_2022_Brazilian_presidential_election
2022,1,XP/Ipespe[183],2022-07-05,2022-07-07,2022-07-07,1000,wikipedia_tabela_5,Gomes,10.0,0,13.0,https://en.wikipedia.org/wiki/Opinion_polling_for_the_2022_Brazilian_presidential_election
2022,1,XP/Ipespe[183],2022-07-05,2022-07-07,2022-07-07,1000,wikipedia_tabela_5,Lula,35.0,0,13.0,https://en.wikipedia.org/wiki/Opinion_polling_for_the_2022_Brazilian_presidential_election
2022,1,XP/Ipespe[183],2022-07-05,2022-07-07,2022-07-07,1000,wikipedia_tabela_5,Bolsonaro,27.0,0,13.0,https://en.wikipedia.org/wiki/Opinion_polling_for_the_2022_Brazilian_presidential_election
2022,1,XP/Ipespe[183],2022-07-05,2022-07-07,2022-07-07,1000,wikipedia_tabela_5,Gomes,11.0,0,13.0,https://en.wikipedia.org/wiki/Opinion_polling_for_the_2022_Brazilian_presidential_election
2022,1,Exame/Ideia[184],2022-06-22,2022-06-24,2022-06-24,1200,wikipedia_tabela_6,Lula,39.0,0,8.0,https://en.wikipedia.org/wiki/Opinion_polling_for_the_2022_Brazilian_presidential_election
2022,1,Exame/Ideia[184],2022-06-22,2022-06-24,2022-06-24,1200,wikipedia_tabela_6,Bolsonaro,31.0,0,8.0,https://en.wikipedia.org/wiki/Opinion_polling_for_the_2022_Brazilian_presidential_election
2022,1,Exame/Ideia[184],2022-06-22,2022-06-24,2022-06-24,1200,wikipedia_tabela_6,Gomes,14.0,0,8.0,https://en.wikipedia.org/wiki/Opinion_polling_for_the_2022_Brazilian_presidential_election
2022,1,Instituto Ipec[185],2022-06-17,2022-06-21,2022-06-21,2002,wikipedia_tabela_6,Lula,49.0,0,13.0,https://en.wikipedia.org/wiki/Opinion_polling_for_the_2022_Brazilian_presidential_election
2022,1,Instituto Ipec[185],2022-06-17,2022-06-21,2022-06-21,2002,wikipedia_tabela_6,Bolsonaro,23.0,0,13.0,https://en.wikipedia.org/wiki/Opinion_polling_for_the_2022_Brazilian_presidential_election
2022,1,Instituto Ipec[185],2022-06-17,2022-06-21,2022-06-21,2002,wikipedia_tabela_6,Gomes,7.0,0,13.0,https://en.wikipedia.org/wiki/Opinion_polling_for_the_2022_Brazilian_presidential_election
2022,1,16 Jun,2022-06-16,2022-06-16,2022-06-16,16,wikipedia_tabela_6,Lula,186.0,0,186.0,https://en.wikipedia.org/wiki/Opinion_polling_for_the_2022_Brazilian_presidential_election
2022,1,16 Jun,2022-06-16,2022-06-16,2022-06-16,16,wikipedia_tabela_6,Bolsonaro,186.0,0,186.0,https://en.wikipedia.org/wiki/Opinion_polling_for_the_2022_Brazilian_presidential_election
2022,1,16 Jun,2022-06-16,2022-06-16,2022-06-16,16,wikipedia_tabela_6,Gomes,186.0,0,186.0,https://en.wikipedia.org/wiki/Opinion_polling_for_the_2022_Brazilian_presidential_election
2022,1,Instituto Mapa[187],2022-05-18,2022-05-20,2022-05-20,2000,wikipedia_tabela_6,Lula,36.8,0,13.5,https://en.wikipedia.org/wiki/Opinion_polling_for_the_2022_Brazilian_presidential_election
2022,1,Instituto Mapa[187],2022-05-18,2022-05-20,2022-05-20,2000,wikipedia_tabela_6,Bolsonaro,26.8,0,13.5,https://en.wikipedia.org/wiki/Opinion_polling_for_the_2022_Brazilian_presidential_election
2022,1,Instituto Mapa[187],2022-05-18,2022-05-20,2022-05-20,2000,wikipedia_tabela_6,Gomes,5.0,0,13.5,https://en.wikipedia.org/wiki/Opinion_polling_for_the_2022_Brazilian_presidential_election
2022,1,Vox Populi[188],2022-05-12,2022-05-16,2022-05-16,2000,wikipedia_tabela_6,Lula,43.0,0,14.0,https://en.wikipedia.org/wiki/Opinion_polling_for_the_2022_Brazilian_presidential_election
2022,1,Vox Populi[188],2022-05-12,2022-05-16,2022-05-16,2000,wikipedia_tabela_6,Bolsonaro,24.0,0,14.0,https://en.wikipedia.org/wiki/Opinion_polling_for_the_2022_Brazilian_presidential_election
2022,1,Vox Populi[188],2022-05-12,2022-05-16,2022-05-16,2000,wikipedia_tabela_6,Gomes,5.0,0,14.0,https://en.wikipedia.org/wiki/Opinion_polling_for_the_2022_Brazilian_presidential_election
2022,1,Datafolha[189],2022-05-11,2022-05-12,2022-05-12,2071,wikipedia_tabela_6,Lula,41.0,0,13.0,https://en.wikipedia.org/wiki/Opinion_polling_for_the_2022_Brazilian_presidential_election
2022,1,Datafolha[189],2022-05-11,2022-05-12,2022-05-12,2071,wikipedia_tabela_6,Bolsonaro,23.0,0,13.0,https://en.wikipedia.org/wiki/Opinion_polling_for_the_2022_Brazilian_presidential_election
2022,1,Datafolha[189],2022-05-11,2022-05-12,2022-05-12,2071,wikipedia_tabela_6,Gomes,6.0,0,13.0,https://en.wikipedia.org/wiki/Opinion_polling_for_the_2022_Brazilian_presidential_election
2022,1,Exame/Ideia[190],2022-04-19,2022-04-22,2022-04-22,1200,wikipedia_tabela_6,Lula,33.0,0,9.0,https://en.wikipedia.org/wiki/Opinion_polling_for_the_2022_Brazilian_presidential_election
2022,1,Exame/Ideia[190],2022-04-19,2022-04-22,2022-04-22,1200,wikipedia_tabela_6,Bolsonaro,32.0,0,9.0,https://en.wikipedia.org/wiki/Opinion_polling_for_the_2022_Brazilian_presidential_election
2022,1,Exame/Ideia[190],2022-04-19,2022-04-22,2022-04-22,1200,wikipedia_tabela_6,Gomes,9.0,0,9.0,https://en.wikipedia.org/wiki/Opinion_polling_for_the_2022_Brazilian_presidential_election
2022,1,PoderData[191],2022-04-12,2022-04-14,2022-04-14,3500,wikipedia_tabela_6,Lula,34.0,0,9.0,https://en.wikipedia.org/wiki/Opinion_polling_for_the_2022_Brazilian_presidential_election
2022,1,PoderData[191],2022-04-12,2022-04-14,2022-04-14,3500,wikipedia_tabela_6,Bolsonaro,31.0,0,9.0,https://en.wikipedia.org/wiki/Opinion_polling_for_the_2022_Brazilian_presidential_election
2022,1,PoderData[191],2022-04-12,2022-04-14,2022-04-14,3500,wikipedia_tabela_6,Gomes,6.0,0,9.0,https://en.wikipedia.org/wiki/Opinion_polling_for_the_2022_Brazilian_presidential_election
2022,1,XP/Ipespe[192],2022-03-29,2022-03-31,2022-03-31,1000,wikipedia_tabela_6,Lula,29.0,0,12.0,https://en.wikipedia.org/wiki/Opinion_polling_for_the_2022_Brazilian_presidential_election
2022,1,XP/Ipespe[192],2022-03-29,2022-03-31,2022-03-31,1000,wikipedia_tabela_6,Bolsonaro,28.0,0,12.0,https://en.wikipedia.org/wiki/Opinion_polling_for_the_2022_Brazilian_presidential_election
2022,1,XP/Ipespe[192],2022-03-29,2022-03-31,2022-03-31,1000,wikipedia_tabela_6,Gomes,9.0,0,12.0,https://en.wikipedia.org/wiki/Opinion_polling_for_the_2022_Brazilian_presidential_election
2022,1,PoderData[193],2022-03-15,2022-03-17,2022-03-17,3500,wikipedia_tabela_6,Lula,34.0,0,13.0,https://en.wikipedia.org/wiki/Opinion_polling_for_the_2022_Brazilian_presidential_election
2022,1,PoderData[193],2022-03-15,2022-03-17,2022-03-17,3500,wikipedia_tabela_6,Bolsonaro,30.0,0,13.0,https://en.wikipedia.org/wiki/Opinion_polling_for_the_2022_Brazilian_presidential_election
2022,1,PoderData[193],2022-03-15,2022-03-17,2022-03-17,3500,wikipedia_tabela_6,Gomes,5.0,0,13.0,https://en.wikipedia.org/wiki/Opinion_polling_for_the_2022_Brazilian_presidential_election
2022,1,Revista Fórum/Offerwise[194],2022-03-11,2022-03-15,2022-03-15,1000,wikipedia_tabela_6,Lula,31.2,0,24.3,https://en.wikipedia.org/wiki/Opinion_polling_for_the_2022_Brazilian_presidential_election
2022,1,Revista Fórum/Offerwise[194],2022-03-11,2022-03-15,2022-03-15,1000,wikipedia_tabela_6,Bolsonaro,30.7,0,24.3,https://en.wikipedia.org/wiki/Opinion_polling_for_the_2022_Brazilian_presidential_election
2022,1,Revista Fórum/Offerwise[194],2022-03-11,2022-03-15,2022-03-15,1000,wikipedia_tabela_6,Gomes,7.4,0,24.3,https://en.wikipedia.org/wiki/Opinion_polling_for_the_2022_Brazilian_presidential_election
2022,1,Revista Fórum/Offerwise[194],2022-03-11,2022-03-15,2022-03-15,1000,wikipedia_tabela_6,Lula,27.1,0,14.6,https://en.wikipedia.org/wiki/Opinion_polling_for_the_2022_Brazilian_presidential_election
2022,1,Revista Fórum/Offerwise[194],2022-03-11,2022-03-15,2022-03-15,1000,wikipedia_tabela_6,Bolsonaro,29.2,0,14.6,https://en.wikipedia.org/wiki/Opinion_polling_for_the_2022_Brazilian_presidential_election
2022,1,Revista Fórum/Offerwise[194],2022-03-11,2022-03-15,2022-03-15,1000,wikipedia_tabela_6,Gomes,6.1,0,14.6,https://en.wikipedia.org/wiki/Opinion_polling_for_the_2022_Brazilian_presidential_election
2022,1,Revista Fórum/Offerwise[194],2022-03-11,2022-03-15,2022-03-15,1000,wikipedia_tabela_6,Bolsonaro,31.2,0,28.8,https://en.wikipedia.org/wiki/Opinion_polling_for_the_2022_Brazilian_presidential_election
2022,1,Revista Fórum/Offerwise[194],2022-03-11,2022-03-15,2022-03-15,1000,wikipedia_tabela_6,Gomes,7.7,0,28.8,https://en.wikipedia.org/wiki/Opinion_polling_for_the_2022_Brazilian_presidential_election
2022,1,XP/Ipespe[195],2022-03-09,2022-03-11,2022-03-11,1000,wikipedia_tabela_6,Lula,25.0,0,13.0,https://en.wikipedia.org/wiki/Opinion_polling_for_the_2022_Brazilian_presidential_election
2022,1,XP/Ipespe[195],2022-03-09,2022-03-11,2022-03-11,1000,wikipedia_tabela_6,Bolsonaro,27.0,0,13.0,https://en.wikipedia.org/wiki/Opinion_polling_for_the_2022_Brazilian_presidential_election
2022,1,XP/Ipespe[195],2022-03-09,2022-03-11,2022-03-11,1000,wikipedia_tabela_6,Gomes,9.0,0,13.0,https://en.wikipedia.org/wiki/Opinion_polling_for_the_2022_Brazilian_presidential_election
2022,1,XP/Ipespe[195],2022-03-09,2022-03-11,2022-03-11,1000,wikipedia_tabela_6,Bolsonaro,28.0,0,17.0,https://en.wikipedia.org/wiki/Opinion_polling_for_the_2022_Brazilian_presidential_election
2022,1,XP/Ipespe[195],2022-03-09,2022-03-11,2022-03-11,1000,wikipedia_tabela_6,Gomes,11.0,0,17.0,https://en.wikipedia.org/wiki/Opinion_polling_for_the_2022_Brazilian_presidential_election
2022,1,Exame/Ideia[196],2022-03-10,2022-03-11,2022-03-11,1000,wikipedia_tabela_6,Lula,18.0,0,7.0,https://en.wikipedia.org/wiki/Opinion_polling_for_the_2022_Brazilian_presidential_election
2022,1,Exame/Ideia[196],2022-03-10,2022-03-11,2022-03-11,1000,wikipedia_tabela_6,Bolsonaro,33.0,0,7.0,https://en.wikipedia.org/wiki/Opinion_polling_for_the_2022_Brazilian_presidential_election
2022,1,Exame/Ideia[196],2022-03-10,2022-03-11,2022-03-11,1000,wikipedia_tabela_6,Gomes,9.0,0,7.0,https://en.wikipedia.org/wiki/Opinion_polling_for_the_2022_Brazilian_presidential_election
2022,1,Atlas[197],2022-03-08,2022-03-10,2022-03-10,3721,wikipedia_tabela_6,Lula,27.4,0,6.1,https://en.wikipedia.org/wiki/Opinion_polling_for_the_2022_Brazilian_presidential_election
2022,1,Atlas[197],2022-03-08,2022-03-10,2022-03-10,3721,wikipedia_tabela_6,Bolsonaro,32.7,0,6.1,https://en.wikipedia.org/wiki/Opinion_polling_for_the_2022_Brazilian_presidential_election
2022,1,Atlas[197],2022-03-08,2022-03-10,2022-03-10,3721,wikipedia_tabela_6,Gomes,7.5,0,6.1,https://en.wikipedia.org/wiki/Opinion_polling_for_the_2022_Brazilian_presidential_election
2022,1,Atlas[197],2022-03-08,2022-03-10,2022-03-10,3721,wikipedia_tabela_6,Bolsonaro,32.3,0,7.1,https://en.wikipedia.org/wiki/Opinion_polling_for_the_2022_Brazilian_presidential_election
2022,1,Atlas[197],2022-03-08,2022-03-10,2022-03-10,3721,wikipedia_tabela_6,Gomes,11.6,0,7.1,https://en.wikipedia.org/wiki/Opinion_polling_for_the_2022_Brazilian_presidential_election
2022,1,CNN Brasil/Real Time Big Data[198],2022-03-08,2022-03-09,2022-03-09,1200,wikipedia_tabela_6,Lula,21.0,0,15.0,https://en.wikipedia.org/wiki/Opinion_polling_for_the_2022_Brazilian_presidential_election
2022,1,CNN Brasil/Real Time Big Data[198],2022-03-08,2022-03-09,2022-03-09,1200,wikipedia_tabela_6,Bolsonaro,31.0,0,15.0,https://en.wikipedia.org/wiki/Opinion_polling_for_the_2022_Brazilian_presidential_election
2022,1,CNN Brasil/Real Time Big Data[198],2022-03-08,2022-03-09,2022-03-09,1200,wikipedia_tabela_6,Gomes,9.0,0,15.0,https://en.wikipedia.org/wiki/Opinion_polling_for_the_2022_Brazilian_presidential_election
2022,1,8 Mar,2022-03-08,2022-03-08,2022-03-08,8,wikipedia_tabela_6,Lula,199.0,0,199.0,https://en.wikipedia.org/wiki/Opinion_polling_for_the_2022_Brazilian_presidential_election
2022,1,8 Mar,2022-03-08,2022-03-08,2022-03-08,8,wikipedia_tabela_6,Bolsonaro,199.0,0,199.0,https://en.wikipedia.org/wiki/Opinion_polling_for_the_2022_Brazilian_presidential_election
2022,1,8 Mar,2022-03-08,2022-03-08,2022-03-08,8,wikipedia_tabela_6,Gomes,199.0,0,199.0,https://en.wikipedia.org/wiki/Opinion_polling_for_the_2022_Brazilian_presidential_election
2022,1,Paraná Pesquisas[200],2022-02-28,2022-03-01,2022-03-01,2080,wikipedia_tabela_6,Bolsonaro,37.6,0,21.5,https://en.wikipedia.org/wiki/Opinion_polling_for_the_2022_Brazilian_presidential_election
2022,1,Paraná Pesquisas[200],2022-02-28,2022-03-01,2022-03-01,2080,wikipedia_tabela_6,Gomes,13.0,0,21.5,https://en.wikipedia.org/wiki/Opinion_polling_for_the_2022_Brazilian_presidential_election
2022,1,Paraná Pesquisas[200],2022-02-28,2022-03-01,2022-03-01,2080,wikipedia_tabela_6,Lula,18.0,0,16.3,https://en.wikipedia.org/wiki/Opinion_polling_for_the_2022_Brazilian_presidential_election
2022,1,Paraná Pesquisas[200],2022-02-28,2022-03-01,2022-03-01,2080,wikipedia_tabela_6,Bolsonaro,32.2,0,16.3,https://en.wikipedia.org/wiki/Opinion_polling_for_the_2022_Brazilian_presidential_election
2022,1,Paraná Pesquisas[200],2022-02-28,2022-03-01,2022-03-01,2080,wikipedia_tabela_6,Gomes,8.7,0,16.3,https://en.wikipedia.org/wiki/Opinion_polling_for_the_2022_Brazilian_presidential_election
2022,1,Paraná Pesquisas[200],2022-02-28,2022-03-01,2022-03-01,2080,wikipedia_tabela_6,Bolsonaro,32.9,0,17.2,https://en.wikipedia.org/wiki/Opinion_polling_for_the_2022_Brazilian_presidential_election
2022,1,Paraná Pesquisas[200],2022-02-28,2022-03-01,2022-03-01,2080,wikipedia_tabela_6,Gomes,10.3,0,17.2,https://en.wikipedia.org/wiki/Opinion_polling_for_the_2022_Brazilian_presidential_election
2022,1,Paraná Pesquisas[200],2022-02-28,2022-03-01,2022-03-01,2080,wikipedia_tabela_6,Bolsonaro,33.9,0,18.6,https://en.wikipedia.org/wiki/Opinion_polling_for_the_2022_Brazilian_presidential_election
2022,1,Paraná Pesquisas[200],2022-02-28,2022-03-01,2022-03-01,2080,wikipedia_tabela_6,Gomes,10.7,0,18.6,https://en.wikipedia.org/wiki/Opinion_polling_for_the_2022_Brazilian_presidential_election
2022,1,Paraná Pesquisas[200],2022-02-28,2022-03-01,2022-03-01,2080,wikipedia_tabela_6,Bolsonaro,31.9,0,16.8,https://en.wikipedia.org/wiki/Opinion_polling_for_the_2022_Brazilian_presidential_election
2022,1,Paraná Pesquisas[200],2022-02-28,2022-03-01,2022-03-01,2080,wikipedia_tabela_6,Gomes,10.0,0,16.8,https://en.wikipedia.org/wiki/Opinion_polling_for_the_2022_Brazilian_presidential_election
2022,1,Exame/ideia[201],2022-01-24,2022-01-28,2022-01-28,1200,wikipedia_tabela_6,Lula,17.0,0,22.0,https://en.wikipedia.org/wiki/Opinion_polling_for_the_2022_Brazilian_presidential_election
2022,1,Exame/ideia[201],2022-01-24,2022-01-28,2022-01-28,1200,wikipedia_tabela_6,Bolsonaro,36.0,0,22.0,https://en.wikipedia.org/wiki/Opinion_polling_for_the_2022_Brazilian_presidential_election
2022,1,Exame/ideia[201],2022-01-24,2022-01-28,2022-01-28,1200,wikipedia_tabela_6,Gomes,11.0,0,22.0,https://en.wikipedia.org/wiki/Opinion_polling_for_the_2022_Brazilian_presidential_election
2022,1,Exame/ideia[201],2022-01-24,2022-01-28,2022-01-28,1200,wikipedia_tabela_6,Lula,15.0,0,26.0,https://en.wikipedia.org/wiki/Opinion_polling_for_the_2022_Brazilian_presidential_election
2022,1,Exame/ideia[201],2022-01-24,2022-01-28,2022-01-28,1200,wikipedia_tabela_6,Bolsonaro,33.0,0,26.0,https://en.wikipedia.org/wiki/Opinion_polling_for_the_2022_Brazilian_presidential_election
2022,1,Exame/ideia[201],2022-01-24,2022-01-28,2022-01-28,1200,wikipedia_tabela_6,Gomes,10.0,0,26.0,https://en.wikipedia.org/wiki/Opinion_polling_for_the_2022_Brazilian_presidential_election
2022,1,Exame/ideia[201],2022-01-24,2022-01-28,2022-01-28,1200,wikipedia_tabela_6,Lula,17.0,0,15.0,https://en.wikipedia.org/wiki/Opinion_polling_for_the_2022_Brazilian_presidential_election
2022,1,Exame/ideia[201],2022-01-24,2022-01-28,2022-01-28,1200,wikipedia_tabela_6,Bolsonaro,32.0,0,15.0,https://en.wikipedia.org/wiki/Opinion_polling_for_the_2022_Brazilian_presidential_election
2022,1,Exame/ideia[201],2022-01-24,2022-01-28,2022-01-28,1200,wikipedia_tabela_6,Gomes,10.0,0,15.0,https://en.wikipedia.org/wiki/Opinion_polling_for_the_2022_Brazilian_presidential_election
2022,1,Paraná Pesquisas[202],2022-01-22,2022-01-26,2022-01-26,2002,wikipedia_tabela_6,Bolsonaro,30.5,0,17.4,https://en.wikipedia.org/wiki/Opinion_polling_for_the_2022_Brazilian_presidential_election
2022,1,Paraná Pesquisas[202],2022-01-22,2022-01-26,2022-01-26,2002,wikipedia_tabela_6,Gomes,10.6,0,17.4,https://en.wikipedia.org/wiki/Opinion_polling_for_the_2022_Brazilian_presidential_election
2022,1,Paraná Pesquisas[202],2022-01-22,2022-01-26,2022-01-26,2002,wikipedia_tabela_6,Lula,17.3,0,15.8,https://en.wikipedia.org/wiki/Opinion_polling_for_the_2022_Brazilian_presidential_election
2022,1,Paraná Pesquisas[202],2022-01-22,2022-01-26,2022-01-26,2002,wikipedia_tabela_6,Bolsonaro,31.0,0,15.8,https://en.wikipedia.org/wiki/Opinion_polling_for_the_2022_Brazilian_presidential_election
2022,1,Paraná Pesquisas[202],2022-01-22,2022-01-26,2022-01-26,2002,wikipedia_tabela_6,Gomes,9.2,0,15.8,https://en.wikipedia.org/wiki/Opinion_polling_for_the_2022_Brazilian_presidential_election
2022,1,Paraná Pesquisas[202],2022-01-22,2022-01-26,2022-01-26,2002,wikipedia_tabela_6,Bolsonaro,33.7,0,19.1,https://en.wikipedia.org/wiki/Opinion_polling_for_the_2022_Brazilian_presidential_election
2022,1,Paraná Pesquisas[202],2022-01-22,2022-01-26,2022-01-26,2002,wikipedia_tabela_6,Gomes,12.1,0,19.1,https://en.wikipedia.org/wiki/Opinion_polling_for_the_2022_Brazilian_presidential_election
2022,1,Atlas[203],2022-01-20,2022-01-24,2022-01-24,3073,wikipedia_tabela_6,Bolsonaro,34.4,0,19.9,https://en.wikipedia.org/wiki/Opinion_polling_for_the_2022_Brazilian_presidential_election
2022,1,Atlas[203],2022-01-20,2022-01-24,2022-01-24,3073,wikipedia_tabela_6,Gomes,11.6,0,19.9,https://en.wikipedia.org/wiki/Opinion_polling_for_the_2022_Brazilian_presidential_election
2022,1,Atlas[203],2022-01-20,2022-01-24,2022-01-24,3073,wikipedia_tabela_6,Lula,22.3,0,12.8,https://en.wikipedia.org/wiki/Opinion_polling_for_the_2022_Brazilian_presidential_election
2022,1,Atlas[203],2022-01-20,2022-01-24,2022-01-24,3073,wikipedia_tabela_6,Bolsonaro,34.5,0,12.8,https://en.wikipedia.org/wiki/Opinion_polling_for_the_2022_Brazilian_presidential_election
2022,1,Atlas[203],2022-01-20,2022-01-24,2022-01-24,3073,wikipedia_tabela_6,Gomes,8.8,0,12.8,https://en.wikipedia.org/wiki/Opinion_polling_for_the_2022_Brazilian_presidential_election
2022,1,XP/Ipespe[204],2022-01-11,2022-01-14,2022-01-14,1000,wikipedia_tabela_6,Bolsonaro,28.0,0,18.0,https://en.wikipedia.org/wiki/Opinion_polling_for_the_2022_Brazilian_presidential_election
2022,1,XP/Ipespe[204],2022-01-11,2022-01-14,2022-01-14,1000,wikipedia_tabela_6,Gomes,11.0,0,18.0,https://en.wikipedia.org/wiki/Opinion_polling_for_the_2022_Brazilian_presidential_election
2022,1,PoderData[205],2022-12-21,2022-12-23,2022-12-23,2500,wikipedia_tabela_7,Bolsonaro,36.0,0,12.0,https://en.wikipedia.org/wiki/Opinion_polling_for_the_2022_Brazilian_presidential_election
2022,1,PoderData[205],2022-12-21,2022-12-23,2022-12-23,2500,wikipedia_tabela_7,Gomes,10.0,0,12.0,https://en.wikipedia.org/wiki/Opinion_polling_for_the_2022_Brazilian_presidential_election
2022,1,XP/Ipespe[206],2022-12-07,2022-12-09,2022-12-09,1000,wikipedia_tabela_7,Bolsonaro,29.0,0,19.0,https://en.wikipedia.org/wiki/Opinion_polling_for_the_2022_Brazilian_presidential_election
2022,1,XP/Ipespe[206],2022-12-07,2022-12-09,2022-12-09,1000,wikipedia_tabela_7,Gomes,9.0,0,19.0,https://en.wikipedia.org/wiki/Opinion_polling_for_the_2022_Brazilian_presidential_election
2022,1,Exame/Ideia[207],2022-11-30,2022-12-03,2022-12-03,1200,wikipedia_tabela_7,Lula,16.0,0,24.0,https://en.wikipedia.org/wiki/Opinion_polling_for_the_2022_Brazilian_presidential_election
2022,1,Exame/Ideia[207],2022-11-30,2022-12-03,2022-12-03,1200,wikipedia_tabela_7,Bolsonaro,28.0,0,24.0,https://en.wikipedia.org/wiki/Opinion_polling_for_the_2022_Brazilian_presidential_election
2022,1,Exame/Ideia[207],2022-11-30,2022-12-03,2022-12-03,1200,wikipedia_tabela_7,Gomes,7.0,0,24.0,https://en.wikipedia.org/wiki/Opinion_polling_for_the_2022_Brazilian_presidential_election
2022,1,Paraná Pesquisas[208],2022-11-28,2022-12-01,2022-12-01,2036,wikipedia_tabela_7,Bolsonaro,33.3,0,16.0,https://en.wikipedia.org/wiki/Opinion_polling_for_the_2022_Brazilian_presidential_election
2022,1,Paraná Pesquisas[208],2022-11-28,2022-12-01,2022-12-01,2036,wikipedia_tabela_7,Gomes,10.0,0,16.0,https://en.wikipedia.org/wiki/Opinion_polling_for_the_2022_Brazilian_presidential_election
2022,1,Paraná Pesquisas[208],2022-11-28,2022-12-01,2022-12-01,2036,wikipedia_tabela_7,Lula,17.8,0,15.2,https://en.wikipedia.org/wiki/Opinion_polling_for_the_2022_Brazilian_presidential_election
2022,1,Paraná Pesquisas[208],2022-11-28,2022-12-01,2022-12-01,2036,wikipedia_tabela_7,Bolsonaro,32.9,0,15.2,https://en.wikipedia.org/wiki/Opinion_polling_for_the_2022_Brazilian_presidential_election
2022,1,Paraná Pesquisas[208],2022-11-28,2022-12-01,2022-12-01,2036,wikipedia_tabela_7,Gomes,7.7,0,15.2,https://en.wikipedia.org/wiki/Opinion_polling_for_the_2022_Brazilian_presidential_election
2022,1,Paraná Pesquisas[208],2022-11-28,2022-12-01,2022-12-01,2036,wikipedia_tabela_7,Bolsonaro,35.8,0,19.1,https://en.wikipedia.org/wiki/Opinion_polling_for_the_2022_Brazilian_presidential_election
2022,1,Paraná Pesquisas[208],2022-11-28,2022-12-01,2022-12-01,2036,wikipedia_tabela_7,Gomes,12.1,0,19.1,https://en.wikipedia.org/wiki/Opinion_polling_for_the_2022_Brazilian_presidential_election
2022,1,XP/Ipespe[206],2022-11-18,2022-11-20,2022-11-20,1,wikipedia_tabela_7,Bolsonaro,29.0,0,19.0,https://en.wikipedia.org/wiki/Opinion_polling_for_the_2022_Brazilian_presidential_election
2022,1,XP/Ipespe[206],2022-11-18,2022-11-20,2022-11-20,1,wikipedia_tabela_7,Gomes,8.0,0,19.0,https://en.wikipedia.org/wiki/Opinion_polling_for_the_2022_Brazilian_presidential_election
2022,1,XP/Ipespe[209],2022-10-08,2022-10-11,2022-10-11,1000,wikipedia_tabela_7,Bolsonaro,31.0,0,20.0,https://en.wikipedia.org/wiki/Opinion_polling_for_the_2022_Brazilian_presidential_election
2022,1,XP/Ipespe[209],2022-10-08,2022-10-11,2022-10-11,1000,wikipedia_tabela_7,Gomes,10.0,0,20.0,https://en.wikipedia.org/wiki/Opinion_polling_for_the_2022_Brazilian_presidential_election
2022,1,Exame/Ideia[210],2022-10-05,2022-10-08,2022-10-08,1200,wikipedia_tabela_7,Lula,18.0,0,19.0,https://en.wikipedia.org/wiki/Opinion_polling_for_the_2022_Brazilian_presidential_election
2022,1,Exame/Ideia[210],2022-10-05,2022-10-08,2022-10-08,1200,wikipedia_tabela_7,Bolsonaro,30.0,0,19.0,https://en.wikipedia.org/wiki/Opinion_polling_for_the_2022_Brazilian_presidential_election
2022,1,Exame/Ideia[210],2022-10-05,2022-10-08,2022-10-08,1200,wikipedia_tabela_7,Gomes,9.0,0,19.0,https://en.wikipedia.org/wiki/Opinion_polling_for_the_2022_Brazilian_presidential_election
2022,1,PoderData[211],2022-09-14,2022-09-16,2022-09-16,2500,wikipedia_tabela_7,Bolsonaro,35.0,0,19.0,https://en.wikipedia.org/wiki/Opinion_polling_for_the_2022_Brazilian_presidential_election
2022,1,PoderData[211],2022-09-14,2022-09-16,2022-09-16,2500,wikipedia_tabela_7,Gomes,7.0,0,19.0,https://en.wikipedia.org/wiki/Opinion_polling_for_the_2022_Brazilian_presidential_election
2022,1,PoderData[211],2022-09-14,2022-09-16,2022-09-16,2500,wikipedia_tabela_7,Lula,21.0,0,18.0,https://en.wikipedia.org/wiki/Opinion_polling_for_the_2022_Brazilian_presidential_election
2022,1,PoderData[211],2022-09-14,2022-09-16,2022-09-16,2500,wikipedia_tabela_7,Bolsonaro,35.0,0,18.0,https://en.wikipedia.org/wiki/Opinion_polling_for_the_2022_Brazilian_presidential_election
2022,1,PoderData[211],2022-09-14,2022-09-16,2022-09-16,2500,wikipedia_tabela_7,Gomes,3.0,0,18.0,https://en.wikipedia.org/wiki/Opinion_polling_for_the_2022_Brazilian_presidential_election
2022,1,Exame/Ideia[212],2022-08-24,2022-08-31,2022-08-31,1235,wikipedia_tabela_7,Lula,17.0,0,14.0,https://en.wikipedia.org/wiki/Opinion_polling_for_the_2022_Brazilian_presidential_election
2022,1,Exame/Ideia[212],2022-08-24,2022-08-31,2022-08-31,1235,wikipedia_tabela_7,Bolsonaro,31.0,0,14.0,https://en.wikipedia.org/wiki/Opinion_polling_for_the_2022_Brazilian_presidential_election
2022,1,Exame/Ideia[212],2022-08-24,2022-08-31,2022-08-31,1235,wikipedia_tabela_7,Gomes,6.0,0,14.0,https://en.wikipedia.org/wiki/Opinion_polling_for_the_2022_Brazilian_presidential_election
2022,1,Revista Fórum/Offerwise[213],2022-08-21,2022-08-24,2022-08-24,1000,wikipedia_tabela_7,Bolsonaro,41.7,0,0.0,https://en.wikipedia.org/wiki/Opinion_polling_for_the_2022_Brazilian_presidential_election
2022,1,Revista Fórum/Offerwise[213],2022-08-21,2022-08-24,2022-08-24,1000,wikipedia_tabela_7,Gomes,7.7,0,0.0,https://en.wikipedia.org/wiki/Opinion_polling_for_the_2022_Brazilian_presidential_election
2022,1,PoderData[214],2022-08-03,2022-08-05,2022-08-05,2500,wikipedia_tabela_7,Bolsonaro,38.0,0,20.0,https://en.wikipedia.org/wiki/Opinion_polling_for_the_2022_Brazilian_presidential_election
2022,1,PoderData[214],2022-08-03,2022-08-05,2022-08-05,2500,wikipedia_tabela_7,Gomes,6.0,0,20.0,https://en.wikipedia.org/wiki/Opinion_polling_for_the_2022_Brazilian_presidential_election
2022,1,Paraná Pesquisas[215],2022-07-18,2022-07-21,2022-07-21,2030,wikipedia_tabela_7,Bolsonaro,29.0,0,14.9,https://en.wikipedia.org/wiki/Opinion_polling_for_the_2022_Brazilian_presidential_election
2022,1,Paraná Pesquisas[215],2022-07-18,2022-07-21,2022-07-21,2030,wikipedia_tabela_7,Gomes,9.9,0,14.9,https://en.wikipedia.org/wiki/Opinion_polling_for_the_2022_Brazilian_presidential_election
2022,1,Paraná Pesquisas[215],2022-07-18,2022-07-21,2022-07-21,2030,wikipedia_tabela_7,Lula,21.9,0,14.1,https://en.wikipedia.org/wiki/Opinion_polling_for_the_2022_Brazilian_presidential_election
2022,1,Paraná Pesquisas[215],2022-07-18,2022-07-21,2022-07-21,2030,wikipedia_tabela_7,Bolsonaro,27.5,0,14.1,https://en.wikipedia.org/wiki/Opinion_polling_for_the_2022_Brazilian_presidential_election
2022,1,Paraná Pesquisas[215],2022-07-18,2022-07-21,2022-07-21,2030,wikipedia_tabela_7,Gomes,8.3,0,14.1,https://en.wikipedia.org/wiki/Opinion_polling_for_the_2022_Brazilian_presidential_election
2022,1,Paraná Pesquisas[215],2022-07-18,2022-07-21,2022-07-21,2030,wikipedia_tabela_7,Bolsonaro,30.7,0,18.9,https://en.wikipedia.org/wiki/Opinion_polling_for_the_2022_Brazilian_presidential_election
2022,1,Paraná Pesquisas[215],2022-07-18,2022-07-21,2022-07-21,2030,wikipedia_tabela_7,Gomes,10.7,0,18.9,https://en.wikipedia.org/wiki/Opinion_polling_for_the_2022_Brazilian_presidential_election
2022,1,Quaest[216],2022-06-14,2022-06-17,2022-06-17,1000,wikipedia_tabela_7,Bolsonaro,22.0,0,23.0,https://en.wikipedia.org/wiki/Opinion_polling_for_the_2022_Brazilian_presidential_election
2022,1,Quaest[216],2022-06-14,2022-06-17,2022-06-17,1000,wikipedia_tabela_7,Gomes,12.0,0,23.0,https://en.wikipedia.org/wiki/Opinion_polling_for_the_2022_Brazilian_presidential_election
2022,1,Paraná Pesquisas[217],2022-04-27,2022-04-29,2022-04-29,2006,wikipedia_tabela_7,Bolsonaro,27.0,0,14.6,https://en.wikipedia.org/wiki/Opinion_polling_for_the_2022_Brazilian_presidential_election
2022,1,Paraná Pesquisas[217],2022-04-27,2022-04-29,2022-04-29,2006,wikipedia_tabela_7,Gomes,10.3,0,14.6,https://en.wikipedia.org/wiki/Opinion_polling_for_the_2022_Brazilian_presidential_election
2022,1,Paraná Pesquisas[217],2022-04-27,2022-04-29,2022-04-29,2006,wikipedia_tabela_7,Lula,23.1,0,13.0,https://en.wikipedia.org/wiki/Opinion_polling_for_the_2022_Brazilian_presidential_election
2022,1,Paraná Pesquisas[217],2022-04-27,2022-04-29,2022-04-29,2006,wikipedia_tabela_7,Bolsonaro,26.3,0,13.0,https://en.wikipedia.org/wiki/Opinion_polling_for_the_2022_Brazilian_presidential_election
2022,1,Paraná Pesquisas[217],2022-04-27,2022-04-29,2022-04-29,2006,wikipedia_tabela_7,Gomes,8.1,0,13.0,https://en.wikipedia.org/wiki/Opinion_polling_for_the_2022_Brazilian_presidential_election
2022,1,Paraná Pesquisas[217],2022-04-27,2022-04-29,2022-04-29,2006,wikipedia_tabela_7,Bolsonaro,29.1,0,18.1,https://en.wikipedia.org/wiki/Opinion_polling_for_the_2022_Brazilian_presidential_election
2022,1,Paraná Pesquisas[217],2022-04-27,2022-04-29,2022-04-29,2006,wikipedia_tabela_7,Gomes,11.1,0,18.1,https://en.wikipedia.org/wiki/Opinion_polling_for_the_2022_Brazilian_presidential_election
2022,1,Veja/FSB[218],2022-02-07,2022-02-10,2022-02-10,2000,wikipedia_tabela_7,Bolsonaro,37.0,0,21.0,https://en.wikipedia.org/wiki/Opinion_polling_for_the_2022_Brazilian_presidential_election
2022,1,Veja/FSB[218],2022-02-07,2022-02-10,2022-02-10,2000,wikipedia_tabela_7,Gomes,11.0,0,21.0,https://en.wikipedia.org/wiki/Opinion_polling_for_the_2022_Brazilian_presidential_election
2022,1,Veja/FSB[218],2022-02-07,2022-02-10,2022-02-10,2000,wikipedia_tabela_7,Lula,28.0,0,12.0,https://en.wikipedia.org/wiki/Opinion_polling_for_the_2022_Brazilian_presidential_election
2022,1,Veja/FSB[218],2022-02-07,2022-02-10,2022-02-10,2000,wikipedia_tabela_7,Bolsonaro,31.0,0,12.0,https://en.wikipedia.org/wiki/Opinion_polling_for_the_2022_Brazilian_presidential_election
2022,1,Veja/FSB[218],2022-02-07,2022-02-10,2022-02-10,2000,wikipedia_tabela_7,Gomes,8.0,0,12.0,https://en.wikipedia.org/wiki/Opinion_polling_for_the_2022_Brazilian_presidential_election
2022,1,Veja/FSB[218],2022-02-07,2022-02-10,2022-02-10,2000,wikipedia_tabela_7,Bolsonaro,28.0,0,12.0,https://en.wikipedia.org/wiki/Opinion_polling_for_the_2022_Brazilian_presidential_election
2022,1,Veja/FSB[218],2022-02-07,2022-02-10,2022-02-10,2000,wikipedia_tabela_7,Gomes,9.0,0,12.0,https://en.wikipedia.org/wiki/Opinion_polling_for_the_2022_Brazilian_presidential_election
2022,1,Veja/FSB[218],2022-02-07,2022-02-10,2022-02-10,2000,wikipedia_tabela_7,Gomes,12.0,0,19.0,https://en.wikipedia.org/wiki/Opinion_polling_for_the_2022_Brazilian_presidential_election
2022,1,Veja/FSB[218],2022-02-07,2022-02-10,2022-02-10,2000,wikipedia_tabela_7,Lula,28.0,0,13.0,https://en.wikipedia.org/wiki/Opinion_polling_for_the_2022_Brazilian_presidential_election
2022,1,Veja/FSB[218],2022-02-07,2022-02-10,2022-02-10,2000,wikipedia_tabela_7,Gomes,9.0,0,13.0,https://en.wikipedia.org/wiki/Opinion_polling_for_the_2022_Brazilian_presidential_election
2022,1,Atlas Político[219],2022-02-07,2022-02-09,2022-02-09,2000,wikipedia_tabela_7,Bolsonaro,41.0,0,27.0,https://en.wikipedia.org/wiki/Opinion_polling_for_the_2022_Brazilian_presidential_election
2022,1,Atlas Político[219],2022-02-07,2022-02-09,2022-02-09,2000,wikipedia_tabela_7,Lula,28.0,0,9.0,https://en.wikipedia.org/wiki/Opinion_polling_for_the_2022_Brazilian_presidential_election
2022,1,Atlas Político[219],2022-02-07,2022-02-09,2022-02-09,2000,wikipedia_tabela_7,Bolsonaro,32.0,0,9.0,https://en.wikipedia.org/wiki/Opinion_polling_for_the_2022_Brazilian_presidential_election
2022,1,CNT/MDA[220],2022-01-15,2022-01-18,2022-01-18,2002,wikipedia_tabela_7,Lula,17.0,0,30.2,https://en.wikipedia.org/wiki/Opinion_polling_for_the_2022_Brazilian_presidential_election
2022,1,CNT/MDA[220],2022-01-15,2022-01-18,2022-01-18,2002,wikipedia_tabela_7,Bolsonaro,29.1,0,30.2,https://en.wikipedia.org/wiki/Opinion_polling_for_the_2022_Brazilian_presidential_election
2022,1,CNT/MDA[220],2022-01-15,2022-01-18,2022-01-18,2002,wikipedia_tabela_7,Gomes,3.5,0,30.2,https://en.wikipedia.org/wiki/Opinion_polling_for_the_2022_Brazilian_presidential_election
2022,1,Veja/FSB[221],2022-11-11,2022-12-02,2022-12-02,2000,wikipedia_tabela_8,Bolsonaro,33.0,0,22.0,https://en.wikipedia.org/wiki/Opinion_polling_for_the_2022_Brazilian_presidential_election
2022,1,Veja/FSB[221],2022-11-11,2022-12-02,2022-12-02,2000,wikipedia_tabela_8,Gomes,11.0,0,22.0,https://en.wikipedia.org/wiki/Opinion_polling_for_the_2022_Brazilian_presidential_election
2022,1,Veja/FSB[221],2022-11-11,2022-12-02,2022-12-02,2000,wikipedia_tabela_8,Lula,29.0,0,12.0,https://en.wikipedia.org/wiki/Opinion_polling_for_the_2022_Brazilian_presidential_election
2022,1,Veja/FSB[221],2022-11-11,2022-12-02,2022-12-02,2000,wikipedia_tabela_8,Bolsonaro,32.0,0,12.0,https://en.wikipedia.org/wiki/Opinion_polling_for_the_2022_Brazilian_presidential_election
2022,1,Veja/FSB[221],2022-11-11,2022-12-02,2022-12-02,2000,wikipedia_tabela_8,Gomes,9.0,0,12.0,https://en.wikipedia.org/wiki/Opinion_polling_for_the_2022_Brazilian_presidential_election
2022,1,Veja/FSB[221],2022-11-11,2022-12-02,2022-12-02,2000,wikipedia_tabela_8,Bolsonaro,28.0,0,12.0,https://en.wikipedia.org/wiki/Opinion_polling_for_the_2022_Brazilian_presidential_election
2022,1,Veja/FSB[221],2022-11-11,2022-12-02,2022-12-02,2000,wikipedia_tabela_8,Gomes,11.0,0,12.0,https://en.wikipedia.org/wiki/Opinion_polling_for_the_2022_Brazilian_presidential_election
2022,1,Veja/FSB[221],2022-11-11,2022-12-02,2022-12-02,2000,wikipedia_tabela_8,Gomes,12.0,0,17.0,https://en.wikipedia.org/wiki/Opinion_polling_for_the_2022_Brazilian_presidential_election
2022,1,Veja/FSB[221],2022-11-11,2022-12-02,2022-12-02,2000,wikipedia_tabela_8,Lula,29.0,0,11.0,https://en.wikipedia.org/wiki/Opinion_polling_for_the_2022_Brazilian_presidential_election
2022,1,Veja/FSB[221],2022-11-11,2022-12-02,2022-12-02,2000,wikipedia_tabela_8,Gomes,9.0,0,11.0,https://en.wikipedia.org/wiki/Opinion_polling_for_the_2022_Brazilian_presidential_election
2022,1,Veja/FSB[222],2022-10-11,2022-10-14,2022-10-14,2000,wikipedia_tabela_8,Bolsonaro,34.0,0,21.0,https://en.wikipedia.org/wiki/Opinion_polling_for_the_2022_Brazilian_presidential_election
2022,1,Veja/FSB[222],2022-10-11,2022-10-14,2022-10-14,2000,wikipedia_tabela_8,Gomes,9.0,0,21.0,https://en.wikipedia.org/wiki/Opinion_polling_for_the_2022_Brazilian_presidential_election
2022,1,Veja/FSB[222],2022-10-11,2022-10-14,2022-10-14,2000,wikipedia_tabela_8,Bolsonaro,24.0,0,13.0,https://en.wikipedia.org/wiki/Opinion_polling_for_the_2022_Brazilian_presidential_election
2022,1,Veja/FSB[222],2022-10-11,2022-10-14,2022-10-14,2000,wikipedia_tabela_8,Gomes,10.0,0,13.0,https://en.wikipedia.org/wiki/Opinion_polling_for_the_2022_Brazilian_presidential_election
2022,1,Veja/FSB[222],2022-10-11,2022-10-14,2022-10-14,2000,wikipedia_tabela_8,Gomes,11.0,0,17.0,https://en.wikipedia.org/wiki/Opinion_polling_for_the_2022_Brazilian_presidential_election
2022,1,Veja/FSB[223],2022-08-16,2022-08-18,2022-08-18,2000,wikipedia_tabela_8,Bolsonaro,35.0,0,18.0,https://en.wikipedia.org/wiki/Opinion_polling_for_the_2022_Brazilian_presidential_election
2022,1,Veja/FSB[223],2022-08-16,2022-08-18,2022-08-18,2000,wikipedia_tabela_8,Gomes,11.0,0,18.0,https://en.wikipedia.org/wiki/Opinion_polling_for_the_2022_Brazilian_presidential_election
2022,1,Veja/FSB[223],2022-08-16,2022-08-18,2022-08-18,2000,wikipedia_tabela_8,Gomes,13.0,0,19.0,https://en.wikipedia.org/wiki/Opinion_polling_for_the_2022_Brazilian_presidential_election
2022,1,Datafolha[226],2022-10-28,2022-10-29,2022-10-29,8308,wikipedia_tabela_10,Lula,49.0,0,7.0,https://en.wikipedia.org/wiki/Opinion_polling_for_the_2022_Brazilian_presidential_election
2022,1,Datafolha[226],2022-10-28,2022-10-29,2022-10-29,8308,wikipedia_tabela_10,Bolsonaro,45.0,0,7.0,https://en.wikipedia.org/wiki/Opinion_polling_for_the_2022_Brazilian_presidential_election
2022,1,Genial/Quaest[227],2022-10-27,2022-10-29,2022-10-29,2000,wikipedia_tabela_10,Lula,45.0,0,13.0,https://en.wikipedia.org/wiki/Opinion_polling_for_the_2022_Brazilian_presidential_election
2022,1,Genial/Quaest[227],2022-10-27,2022-10-29,2022-10-29,2000,wikipedia_tabela_10,Bolsonaro,42.0,0,13.0,https://en.wikipedia.org/wiki/Opinion_polling_for_the_2022_Brazilian_presidential_election
2022,1,Ipec[228],2022-10-27,2022-10-29,2022-10-29,4272,wikipedia_tabela_10,Lula,50.0,0,7.0,https://en.wikipedia.org/wiki/Opinion_polling_for_the_2022_Brazilian_presidential_election
2022,1,Ipec[228],2022-10-27,2022-10-29,2022-10-29,4272,wikipedia_tabela_10,Bolsonaro,43.0,0,7.0,https://en.wikipedia.org/wiki/Opinion_polling_for_the_2022_Brazilian_presidential_election
2022,1,Atlas[229],2022-10-26,2022-10-29,2022-10-29,7500,wikipedia_tabela_10,Lula,52.4,0,1.9,https://en.wikipedia.org/wiki/Opinion_polling_for_the_2022_Brazilian_presidential_election
2022,1,Atlas[229],2022-10-26,2022-10-29,2022-10-29,7500,wikipedia_tabela_10,Bolsonaro,45.7,0,1.9,https://en.wikipedia.org/wiki/Opinion_polling_for_the_2022_Brazilian_presidential_election
2022,1,CNT/MDA[230],2022-10-26,2022-10-28,2022-10-28,2002,wikipedia_tabela_10,Lula,46.9,0,8.2,https://en.wikipedia.org/wiki/Opinion_polling_for_the_2022_Brazilian_presidential_election
2022,1,CNT/MDA[230],2022-10-26,2022-10-28,2022-10-28,2002,wikipedia_tabela_10,Bolsonaro,44.9,0,8.2,https://en.wikipedia.org/wiki/Opinion_polling_for_the_2022_Brazilian_presidential_election
2022,1,Paraná Pesquisas[231],2022-10-26,2022-10-28,2022-10-28,2400,wikipedia_tabela_10,Lula,47.1,0,6.6,https://en.wikipedia.org/wiki/Opinion_polling_for_the_2022_Brazilian_presidential_election
2022,1,Paraná Pesquisas[231],2022-10-26,2022-10-28,2022-10-28,2400,wikipedia_tabela_10,Bolsonaro,46.3,0,6.6,https://en.wikipedia.org/wiki/Opinion_polling_for_the_2022_Brazilian_presidential_election
2022,1,Datafolha[232],2022-10-25,2022-10-27,2022-10-27,4580,wikipedia_tabela_10,Lula,49.0,0,7.0,https://en.wikipedia.org/wiki/Opinion_polling_for_the_2022_Brazilian_presidential_election
2022,1,Datafolha[232],2022-10-25,2022-10-27,2022-10-27,4580,wikipedia_tabela_10,Bolsonaro,44.0,0,7.0,https://en.wikipedia.org/wiki/Opinion_polling_for_the_2022_Brazilian_presidential_election
2022,1,ModalMais/Futura[233],2022-10-24,2022-10-26,2022-10-26,2000,wikipedia_tabela_10,Lula,46.6,0,6.1,https://en.wikipedia.org/wiki/Opinion_polling_for_the_2022_Brazilian_presidential_election
2022,1,ModalMais/Futura[233],2022-10-24,2022-10-26,2022-10-26,2000,wikipedia_tabela_10,Bolsonaro,47.2,0,6.1,https://en.wikipedia.org/wiki/Opinion_polling_for_the_2022_Brazilian_presidential_election
2022,1,Gerp[234],2022-10-21,2022-10-26,2022-10-26,2095,wikipedia_tabela_10,Lula,43.0,0,9.0,https://en.wikipedia.org/wiki/Opinion_polling_for_the_2022_Brazilian_presidential_election
2022,1,Gerp[234],2022-10-21,2022-10-26,2022-10-26,2095,wikipedia_tabela_10,Bolsonaro,47.0,0,9.0,https://en.wikipedia.org/wiki/Opinion_polling_for_the_2022_Brazilian_presidential_election
2022,1,PoderData[235],2022-10-23,2022-10-25,2022-10-25,5000,wikipedia_tabela_10,Lula,49.0,0,7.0,https://en.wikipedia.org/wiki/Opinion_polling_for_the_2022_Brazilian_presidential_election
2022,1,PoderData[235],2022-10-23,2022-10-25,2022-10-25,5000,wikipedia_tabela_10,Bolsonaro,44.0,0,7.0,https://en.wikipedia.org/wiki/Opinion_polling_for_the_2022_Brazilian_presidential_election
2022,1,Genial/Quaest[236],2022-10-23,2022-10-25,2022-10-25,2000,wikipedia_tabela_10,Lula,48.0,0,10.0,https://en.wikipedia.org/wiki/Opinion_polling_for_the_2022_Brazilian_presidential_election
2022,1,Genial/Quaest[236],2022-10-23,2022-10-25,2022-10-25,2000,wikipedia_tabela_10,Bolsonaro,42.0,0,10.0,https://en.wikipedia.org/wiki/Opinion_polling_for_the_2022_Brazilian_presidential_election
2022,1,Abrapel/Ipespe[237],2022-10-22,2022-10-24,2022-10-24,1100,wikipedia_tabela_10,Lula,50.0,0,6.0,https://en.wikipedia.org/wiki/Opinion_polling_for_the_2022_Brazilian_presidential_election
2022,1,Abrapel/Ipespe[237],2022-10-22,2022-10-24,2022-10-24,1100,wikipedia_tabela_10,Bolsonaro,44.0,0,6.0,https://en.wikipedia.org/wiki/Opinion_polling_for_the_2022_Brazilian_presidential_election
2022,1,Ipec[238],2022-10-22,2022-10-24,2022-10-24,3008,wikipedia_tabela_10,Lula,50.0,0,7.0,https://en.wikipedia.org/wiki/Opinion_polling_for_the_2022_Brazilian_presidential_election
2022,1,Ipec[238],2022-10-22,2022-10-24,2022-10-24,3008,wikipedia_tabela_10,Bolsonaro,43.0,0,7.0,https://en.wikipedia.org/wiki/Opinion_polling_for_the_2022_Brazilian_presidential_election
2022,1,Paraná Pesquisas[239],2022-10-20,2022-10-24,2022-10-24,2020,wikipedia_tabela_10,Lula,46.3,0,7.8,https://en.wikipedia.org/wiki/Opinion_polling_for_the_2022_Brazilian_presidential_election
2022,1,Paraná Pesquisas[239],2022-10-20,2022-10-24,2022-10-24,2020,wikipedia_tabela_10,Bolsonaro,45.9,0,7.8,https://en.wikipedia.org/wiki/Opinion_polling_for_the_2022_Brazilian_presidential_election
2022,1,Atlas[240],2022-10-18,2022-10-22,2022-10-22,4500,wikipedia_tabela_10,Lula,52.0,0,1.8,https://en.wikipedia.org/wiki/Opinion_polling_for_the_2022_Brazilian_presidential_election
2022,1,Atlas[240],2022-10-18,2022-10-22,2022-10-22,4500,wikipedia_tabela_10,Bolsonaro,46.2,0,1.8,https://en.wikipedia.org/wiki/Opinion_polling_for_the_2022_Brazilian_presidential_election
2022,1,ModalMais/Futura[241],2022-10-17,2022-10-19,2022-10-19,2000,wikipedia_tabela_10,Lula,45.9,0,7.1,https://en.wikipedia.org/wiki/Opinion_polling_for_the_2022_Brazilian_presidential_election
2022,1,ModalMais/Futura[241],2022-10-17,2022-10-19,2022-10-19,2000,wikipedia_tabela_10,Bolsonaro,46.9,0,7.1,https://en.wikipedia.org/wiki/Opinion_polling_for_the_2022_Brazilian_presidential_election
2022,1,Datafolha[242],2022-10-17,2022-10-19,2022-10-19,2912,wikipedia_tabela_10,Lula,49.0,0,5.0,https://en.wikipedia.org/wiki/Opinion_polling_for_the_2022_Brazilian_presidential_election
2022,1,Datafolha[242],2022-10-17,2022-10-19,2022-10-19,2912,wikipedia_tabela_10,Bolsonaro,45.0,0,5.0,https://en.wikipedia.org/wiki/Opinion_polling_for_the_2022_Brazilian_presidential_election
2022,1,Paraná Pesquisas[243],2022-10-15,2022-10-19,2022-10-19,2020,wikipedia_tabela_10,Lula,46.9,0,8.6,https://en.wikipedia.org/wiki/Opinion_polling_for_the_2022_Brazilian_presidential_election
2022,1,Paraná Pesquisas[243],2022-10-15,2022-10-19,2022-10-19,2020,wikipedia_tabela_10,Bolsonaro,44.5,0,8.6,https://en.wikipedia.org/wiki/Opinion_polling_for_the_2022_Brazilian_presidential_election
2022,1,Ideia[244],2022-10-14,2022-10-19,2022-10-19,1500,wikipedia_tabela_10,Lula,50.0,0,4.0,https://en.wikipedia.org/wiki/Opinion_polling_for_the_2022_Brazilian_presidential_election
2022,1,Ideia[244],2022-10-14,2022-10-19,2022-10-19,1500,wikipedia_tabela_10,Bolsonaro,46.0,0,4.0,https://en.wikipedia.org/wiki/Opinion_polling_for_the_2022_Brazilian_presidential_election
2022,1,Abrapel/Ipespe[245],2022-10-17,2022-10-18,2022-10-18,1100,wikipedia_tabela_10,Lula,49.0,0,8.0,https://en.wikipedia.org/wiki/Opinion_polling_for_the_2022_Brazilian_presidential_election
2022,1,Abrapel/Ipespe[245],2022-10-17,2022-10-18,2022-10-18,1100,wikipedia_tabela_10,Bolsonaro,43.0,0,8.0,https://en.wikipedia.org/wiki/Opinion_polling_for_the_2022_Brazilian_presidential_election
2022,1,PoderData[246],2022-10-16,2022-10-18,2022-10-18,5000,wikipedia_tabela_10,Lula,48.0,0,8.0,https://en.wikipedia.org/wiki/Opinion_polling_for_the_2022_Brazilian_presidential_election
2022,1,PoderData[246],2022-10-16,2022-10-18,2022-10-18,5000,wikipedia_tabela_10,Bolsonaro,44.0,0,8.0,https://en.wikipedia.org/wiki/Opinion_polling_for_the_2022_Brazilian_presidential_election
2022,1,Genial/Quaest[247],2022-10-16,2022-10-18,2022-10-18,2000,wikipedia_tabela_10,Lula,47.0,0,11.0,https://en.wikipedia.org/wiki/Opinion_polling_for_the_2022_Brazilian_presidential_election
2022,1,Genial/Quaest[247],2022-10-16,2022-10-18,2022-10-18,2000,wikipedia_tabela_10,Bolsonaro,42.0,0,11.0,https://en.wikipedia.org/wiki/Opinion_polling_for_the_2022_Brazilian_presidential_election
2022,1,Ipec[248],2022-10-11,2022-10-17,2022-10-17,3008,wikipedia_tabela_10,Lula,50.0,0,7.0,https://en.wikipedia.org/wiki/Opinion_polling_for_the_2022_Brazilian_presidential_election
2022,1,Ipec[248],2022-10-11,2022-10-17,2022-10-17,3008,wikipedia_tabela_10,Bolsonaro,43.0,0,7.0,https://en.wikipedia.org/wiki/Opinion_polling_for_the_2022_Brazilian_presidential_election
2022,1,CNT/MDA[249],2022-10-14,2022-10-16,2022-10-16,2002,wikipedia_tabela_10,Lula,48.1,0,10.1,https://en.wikipedia.org/wiki/Opinion_polling_for_the_2022_Brazilian_presidential_election
2022,1,CNT/MDA[249],2022-10-14,2022-10-16,2022-10-16,2002,wikipedia_tabela_10,Bolsonaro,41.8,0,10.1,https://en.wikipedia.org/wiki/Opinion_polling_for_the_2022_Brazilian_presidential_election
2022,1,Datafolha[250],2022-10-13,2022-10-14,2022-10-14,2898,wikipedia_tabela_10,Lula,49.0,0,6.0,https://en.wikipedia.org/wiki/Opinion_polling_for_the_2022_Brazilian_presidential_election
2022,1,Datafolha[250],2022-10-13,2022-10-14,2022-10-14,2898,wikipedia_tabela_10,Bolsonaro,45.0,0,6.0,https://en.wikipedia.org/wiki/Opinion_polling_for_the_2022_Brazilian_presidential_election
2022,1,ModalMais/Futura[251],2022-10-10,2022-10-12,2022-10-12,2000,wikipedia_tabela_10,Lula,46.9,0,6.6,https://en.wikipedia.org/wiki/Opinion_polling_for_the_2022_Brazilian_presidential_election
2022,1,ModalMais/Futura[251],2022-10-10,2022-10-12,2022-10-12,2000,wikipedia_tabela_10,Bolsonaro,46.5,0,6.6,https://en.wikipedia.org/wiki/Opinion_polling_for_the_2022_Brazilian_presidential_election
2022,1,Abrapel/Ipespe[252],2022-10-10,2022-10-12,2022-10-12,2000,wikipedia_tabela_10,Lula,49.0,0,8.0,https://en.wikipedia.org/wiki/Opinion_polling_for_the_2022_Brazilian_presidential_election
2022,1,Abrapel/Ipespe[252],2022-10-10,2022-10-12,2022-10-12,2000,wikipedia_tabela_10,Bolsonaro,43.0,0,8.0,https://en.wikipedia.org/wiki/Opinion_polling_for_the_2022_Brazilian_presidential_election
2022,1,Atlas[253],2022-10-08,2022-10-12,2022-10-12,4500,wikipedia_tabela_10,Lula,51.1,0,3.3,https://en.wikipedia.org/wiki/Opinion_polling_for_the_2022_Brazilian_presidential_election
2022,1,Atlas[253],2022-10-08,2022-10-12,2022-10-12,4500,wikipedia_tabela_10,Bolsonaro,46.5,0,3.3,https://en.wikipedia.org/wiki/Opinion_polling_for_the_2022_Brazilian_presidential_election
2022,1,Paraná Pesquisas[254],2022-10-08,2022-10-12,2022-10-12,2020,wikipedia_tabela_10,Lula,47.6,0,8.4,https://en.wikipedia.org/wiki/Opinion_polling_for_the_2022_Brazilian_presidential_election
2022,1,Paraná Pesquisas[254],2022-10-08,2022-10-12,2022-10-12,2020,wikipedia_tabela_10,Bolsonaro,44.1,0,8.4,https://en.wikipedia.org/wiki/Opinion_polling_for_the_2022_Brazilian_presidential_election
2022,1,PoderData[255],2022-10-09,2022-10-11,2022-10-11,5000,wikipedia_tabela_10,Lula,48.0,0,8.0,https://en.wikipedia.org/wiki/Opinion_polling_for_the_2022_Brazilian_presidential_election
2022,1,PoderData[255],2022-10-09,2022-10-11,2022-10-11,5000,wikipedia_tabela_10,Bolsonaro,44.0,0,8.0,https://en.wikipedia.org/wiki/Opinion_polling_for_the_2022_Brazilian_presidential_election
2022,1,Gerp[256],2022-10-06,2022-10-11,2022-10-11,2095,wikipedia_tabela_10,Lula,48.0,0,6.0,https://en.wikipedia.org/wiki/Opinion_polling_for_the_2022_Brazilian_presidential_election
2022,1,Gerp[256],2022-10-06,2022-10-11,2022-10-11,2095,wikipedia_tabela_10,Bolsonaro,46.0,0,6.0,https://en.wikipedia.org/wiki/Opinion_polling_for_the_2022_Brazilian_presidential_election
2022,1,Abrapel/Ipespe[257],2022-10-08,2022-10-10,2022-10-10,1100,wikipedia_tabela_10,Lula,50.0,0,7.0,https://en.wikipedia.org/wiki/Opinion_polling_for_the_2022_Brazilian_presidential_election
2022,1,Abrapel/Ipespe[257],2022-10-08,2022-10-10,2022-10-10,1100,wikipedia_tabela_10,Bolsonaro,43.0,0,7.0,https://en.wikipedia.org/wiki/Opinion_polling_for_the_2022_Brazilian_presidential_election
2022,1,IPEC[258],2022-10-08,2022-10-10,2022-10-10,2000,wikipedia_tabela_10,Lula,51.0,0,7.0,https://en.wikipedia.org/wiki/Opinion_polling_for_the_2022_Brazilian_presidential_election
2022,1,IPEC[258],2022-10-08,2022-10-10,2022-10-10,2000,wikipedia_tabela_10,Bolsonaro,42.0,0,7.0,https://en.wikipedia.org/wiki/Opinion_polling_for_the_2022_Brazilian_presidential_election
2022,1,Datafolha[259],2022-10-05,2022-10-07,2022-10-07,2884,wikipedia_tabela_10,Lula,49.0,0,7.0,https://en.wikipedia.org/wiki/Opinion_polling_for_the_2022_Brazilian_presidential_election
2022,1,Datafolha[259],2022-10-05,2022-10-07,2022-10-07,2884,wikipedia_tabela_10,Bolsonaro,44.0,0,7.0,https://en.wikipedia.org/wiki/Opinion_polling_for_the_2022_Brazilian_presidential_election
2022,1,Genial/Quaest[260],2022-10-03,2022-10-05,2022-10-05,2000,wikipedia_tabela_10,Lula,48.0,0,11.0,https://en.wikipedia.org/wiki/Opinion_polling_for_the_2022_Brazilian_presidential_election
2022,1,Genial/Quaest[260],2022-10-03,2022-10-05,2022-10-05,2000,wikipedia_tabela_10,Bolsonaro,41.0,0,11.0,https://en.wikipedia.org/wiki/Opinion_polling_for_the_2022_Brazilian_presidential_election
2022,1,PoderData[261],2022-10-03,2022-10-05,2022-10-05,3500,wikipedia_tabela_10,Lula,48.0,0,8.0,https://en.wikipedia.org/wiki/Opinion_polling_for_the_2022_Brazilian_presidential_election
2022,1,PoderData[261],2022-10-03,2022-10-05,2022-10-05,3500,wikipedia_tabela_10,Bolsonaro,44.0,0,8.0,https://en.wikipedia.org/wiki/Opinion_polling_for_the_2022_Brazilian_presidential_election
2022,1,IPEC[262],2022-10-03,2022-10-05,2022-10-05,2000,wikipedia_tabela_10,Lula,51.0,0,6.0,https://en.wikipedia.org/wiki/Opinion_polling_for_the_2022_Brazilian_presidential_election
2022,1,IPEC[262],2022-10-03,2022-10-05,2022-10-05,2000,wikipedia_tabela_10,Bolsonaro,43.0,0,6.0,https://en.wikipedia.org/wiki/Opinion_polling_for_the_2022_Brazilian_presidential_election
2022,1,ModalMais/Futura[263],2022-10-03,2022-10-04,2022-10-04,2000,wikipedia_tabela_10,Lula,49.3,0,4.7,https://en.wikipedia.org/wiki/Opinion_polling_for_the_2022_Brazilian_presidential_election
2022,1,ModalMais/Futura[263],2022-10-03,2022-10-04,2022-10-04,2000,wikipedia_tabela_10,Bolsonaro,46.0,0,4.7,https://en.wikipedia.org/wiki/Opinion_polling_for_the_2022_Brazilian_presidential_election
2022,1,Datafolha[264],2022-09-30,2022-10-01,2022-10-01,12800,wikipedia_tabela_11,Lula,54.0,0,8.0,https://en.wikipedia.org/wiki/Opinion_polling_for_the_2022_Brazilian_presidential_election
2022,1,Datafolha[264],2022-09-30,2022-10-01,2022-10-01,12800,wikipedia_tabela_11,Bolsonaro,38.0,0,8.0,https://en.wikipedia.org/wiki/Opinion_polling_for_the_2022_Brazilian_presidential_election
2022,1,IPEC[12],2022-09-29,2022-10-01,2022-10-01,3008,wikipedia_tabela_11,Lula,52.0,0,11.0,https://en.wikipedia.org/wiki/Opinion_polling_for_the_2022_Brazilian_presidential_election
2022,1,IPEC[12],2022-09-29,2022-10-01,2022-10-01,3008,wikipedia_tabela_11,Bolsonaro,37.0,0,11.0,https://en.wikipedia.org/wiki/Opinion_polling_for_the_2022_Brazilian_presidential_election
2022,1,Abrapel/Ipespe[13],2022-09-30,2022-09-30,2022-09-30,1100,wikipedia_tabela_11,Lula,55.0,0,7.0,https://en.wikipedia.org/wiki/Opinion_polling_for_the_2022_Brazilian_presidential_election
2022,1,Abrapel/Ipespe[13],2022-09-30,2022-09-30,2022-09-30,1100,wikipedia_tabela_11,Bolsonaro,38.0,0,7.0,https://en.wikipedia.org/wiki/Opinion_polling_for_the_2022_Brazilian_presidential_election
2022,1,Atlas[14],2022-09-28,2022-09-30,2022-09-30,4500,wikipedia_tabela_11,Lula,53.1,0,4.1,https://en.wikipedia.org/wiki/Opinion_polling_for_the_2022_Brazilian_presidential_election
2022,1,Atlas[14],2022-09-28,2022-09-30,2022-09-30,4500,wikipedia_tabela_11,Bolsonaro,42.8,0,4.1,https://en.wikipedia.org/wiki/Opinion_polling_for_the_2022_Brazilian_presidential_election
2022,1,CNT/MDA[15],2022-09-28,2022-09-30,2022-09-30,2002,wikipedia_tabela_11,Lula,50.4,0,8.4,https://en.wikipedia.org/wiki/Opinion_polling_for_the_2022_Brazilian_presidential_election
2022,1,CNT/MDA[15],2022-09-28,2022-09-30,2022-09-30,2002,wikipedia_tabela_11,Bolsonaro,41.2,0,8.4,https://en.wikipedia.org/wiki/Opinion_polling_for_the_2022_Brazilian_presidential_election
2022,1,Atlas[17],2022-09-24,2022-09-28,2022-09-28,4500,wikipedia_tabela_11,Lula,51.8,0,5.8,https://en.wikipedia.org/wiki/Opinion_polling_for_the_2022_Brazilian_presidential_election
2022,1,Atlas[17],2022-09-24,2022-09-28,2022-09-28,4500,wikipedia_tabela_11,Bolsonaro,42.4,0,5.8,https://en.wikipedia.org/wiki/Opinion_polling_for_the_2022_Brazilian_presidential_election
2022,1,Exame/Ideia[18],2022-09-23,2022-09-28,2022-09-28,1500,wikipedia_tabela_11,Lula,52.0,0,7.0,https://en.wikipedia.org/wiki/Opinion_polling_for_the_2022_Brazilian_presidential_election
2022,1,Exame/Ideia[18],2022-09-23,2022-09-28,2022-09-28,1500,wikipedia_tabela_11,Bolsonaro,41.0,0,7.0,https://en.wikipedia.org/wiki/Opinion_polling_for_the_2022_Brazilian_presidential_election
2022,1,Genial/Quaest[19],2022-09-24,2022-09-27,2022-09-27,2000,wikipedia_tabela_11,Lula,52.0,0,10.0,https://en.wikipedia.org/wiki/Opinion_polling_for_the_2022_Brazilian_presidential_election
2022,1,Genial/Quaest[19],2022-09-24,2022-09-27,2022-09-27,2000,wikipedia_tabela_11,Bolsonaro,38.0,0,10.0,https://en.wikipedia.org/wiki/Opinion_polling_for_the_2022_Brazilian_presidential_election
2022,1,Atlas[20],2022-09-22,2022-09-26,2022-09-26,4500,wikipedia_tabela_11,Lula,51.3,0,5.0,https://en.wikipedia.org/wiki/Opinion_polling_for_the_2022_Brazilian_presidential_election
2022,1,Atlas[20],2022-09-22,2022-09-26,2022-09-26,4500,wikipedia_tabela_11,Bolsonaro,43.7,0,5.0,https://en.wikipedia.org/wiki/Opinion_polling_for_the_2022_Brazilian_presidential_election
2022,1,Ipec[21],2022-09-25,2022-09-26,2022-09-26,3008,wikipedia_tabela_11,Lula,54.0,0,14.0,https://en.wikipedia.org/wiki/Opinion_polling_for_the_2022_Brazilian_presidential_election
2022,1,Ipec[21],2022-09-25,2022-09-26,2022-09-26,3008,wikipedia_tabela_11,Bolsonaro,35.0,0,14.0,https://en.wikipedia.org/wiki/Opinion_polling_for_the_2022_Brazilian_presidential_election
2022,1,BTG Pactual/FSB[22],2022-09-23,2022-09-25,2022-09-25,2000,wikipedia_tabela_11,Lula,52.0,0,8.0,https://en.wikipedia.org/wiki/Opinion_polling_for_the_2022_Brazilian_presidential_election
2022,1,BTG Pactual/FSB[22],2022-09-23,2022-09-25,2022-09-25,2000,wikipedia_tabela_11,Bolsonaro,40.0,0,8.0,https://en.wikipedia.org/wiki/Opinion_polling_for_the_2022_Brazilian_presidential_election
2022,1,Abrapel/Ipespe[24],2022-09-21,2022-09-23,2022-09-23,1100,wikipedia_tabela_11,Lula,54.0,0,8.0,https://en.wikipedia.org/wiki/Opinion_polling_for_the_2022_Brazilian_presidential_election
2022,1,Abrapel/Ipespe[24],2022-09-21,2022-09-23,2022-09-23,1100,wikipedia_tabela_11,Bolsonaro,38.0,0,8.0,https://en.wikipedia.org/wiki/Opinion_polling_for_the_2022_Brazilian_presidential_election
2022,1,Datafolha[25],2022-09-20,2022-09-22,2022-09-22,6754,wikipedia_tabela_11,Lula,54.0,0,9.0,https://en.wikipedia.org/wiki/Opinion_polling_for_the_2022_Brazilian_presidential_election
2022,1,Datafolha[25],2022-09-20,2022-09-22,2022-09-22,6754,wikipedia_tabela_11,Bolsonaro,38.0,0,9.0,https://en.wikipedia.org/wiki/Opinion_polling_for_the_2022_Brazilian_presidential_election
2022,1,XP/Ipespe[26],2022-09-19,2022-09-21,2022-09-21,2000,wikipedia_tabela_11,Lula,54.0,0,9.0,https://en.wikipedia.org/wiki/Opinion_polling_for_the_2022_Brazilian_presidential_election
2022,1,XP/Ipespe[26],2022-09-19,2022-09-21,2022-09-21,2000,wikipedia_tabela_11,Bolsonaro,37.0,0,9.0,https://en.wikipedia.org/wiki/Opinion_polling_for_the_2022_Brazilian_presidential_election
2022,1,PoderData[265],2022-09-18,2022-09-20,2022-09-20,3500,wikipedia_tabela_11,Lula,50.0,0,8.0,https://en.wikipedia.org/wiki/Opinion_polling_for_the_2022_Brazilian_presidential_election
2022,1,PoderData[265],2022-09-18,2022-09-20,2022-09-20,3500,wikipedia_tabela_11,Bolsonaro,42.0,0,8.0,https://en.wikipedia.org/wiki/Opinion_polling_for_the_2022_Brazilian_presidential_election
2022,1,Genial/Quaest[28],2022-09-17,2022-09-20,2022-09-20,2000,wikipedia_tabela_11,Lula,50.0,0,10.0,https://en.wikipedia.org/wiki/Opinion_polling_for_the_2022_Brazilian_presidential_election
2022,1,Genial/Quaest[28],2022-09-17,2022-09-20,2022-09-20,2000,wikipedia_tabela_11,Bolsonaro,40.0,0,10.0,https://en.wikipedia.org/wiki/Opinion_polling_for_the_2022_Brazilian_presidential_election
2022,1,Arko/Atlas[29],2022-09-16,2022-09-20,2022-09-20,7514,wikipedia_tabela_11,Lula,53.1,0,5.5,https://en.wikipedia.org/wiki/Opinion_polling_for_the_2022_Brazilian_presidential_election
2022,1,Arko/Atlas[29],2022-09-16,2022-09-20,2022-09-20,7514,wikipedia_tabela_11,Bolsonaro,41.4,0,5.5,https://en.wikipedia.org/wiki/Opinion_polling_for_the_2022_Brazilian_presidential_election
2022,1,Ipec[266],2022-09-17,2022-09-18,2022-09-18,3008,wikipedia_tabela_11,Lula,54.0,0,11.0,https://en.wikipedia.org/wiki/Opinion_polling_for_the_2022_Brazilian_presidential_election
2022,1,Ipec[266],2022-09-17,2022-09-18,2022-09-18,3008,wikipedia_tabela_11,Bolsonaro,35.0,0,11.0,https://en.wikipedia.org/wiki/Opinion_polling_for_the_2022_Brazilian_presidential_election
2022,1,BTG/FSB[31],2022-09-16,2022-09-18,2022-09-18,2000,wikipedia_tabela_11,Lula,52.0,0,9.0,https://en.wikipedia.org/wiki/Opinion_polling_for_the_2022_Brazilian_presidential_election
2022,1,BTG/FSB[31],2022-09-16,2022-09-18,2022-09-18,2000,wikipedia_tabela_11,Bolsonaro,39.0,0,9.0,https://en.wikipedia.org/wiki/Opinion_polling_for_the_2022_Brazilian_presidential_election
2022,1,Aprapel/Ipespe[32],2022-09-14,2022-09-16,2022-09-16,1100,wikipedia_tabela_11,Lula,53.0,0,9.0,https://en.wikipedia.org/wiki/Opinion_polling_for_the_2022_Brazilian_presidential_election
2022,1,Aprapel/Ipespe[32],2022-09-14,2022-09-16,2022-09-16,1100,wikipedia_tabela_11,Bolsonaro,38.0,0,9.0,https://en.wikipedia.org/wiki/Opinion_polling_for_the_2022_Brazilian_presidential_election
2022,1,Datafolha[33],2022-09-13,2022-09-15,2022-09-15,5926,wikipedia_tabela_11,Lula,54.0,0,8.0,https://en.wikipedia.org/wiki/Opinion_polling_for_the_2022_Brazilian_presidential_election
2022,1,Datafolha[33],2022-09-13,2022-09-15,2022-09-15,5926,wikipedia_tabela_11,Bolsonaro,38.0,0,8.0,https://en.wikipedia.org/wiki/Opinion_polling_for_the_2022_Brazilian_presidential_election
2022,1,PoderData[267],2022-09-11,2022-09-13,2022-09-13,3500,wikipedia_tabela_11,Lula,51.0,0,6.0,https://en.wikipedia.org/wiki/Opinion_polling_for_the_2022_Brazilian_presidential_election
2022,1,PoderData[267],2022-09-11,2022-09-13,2022-09-13,3500,wikipedia_tabela_11,Bolsonaro,42.0,0,6.0,https://en.wikipedia.org/wiki/Opinion_polling_for_the_2022_Brazilian_presidential_election
2022,1,Genial/Quaest[35],2022-09-10,2022-09-13,2022-09-13,2000,wikipedia_tabela_11,Lula,48.0,0,12.0,https://en.wikipedia.org/wiki/Opinion_polling_for_the_2022_Brazilian_presidential_election
2022,1,Genial/Quaest[35],2022-09-10,2022-09-13,2022-09-13,2000,wikipedia_tabela_11,Bolsonaro,40.0,0,12.0,https://en.wikipedia.org/wiki/Opinion_polling_for_the_2022_Brazilian_presidential_election
2022,1,Globo/Ipec[36],2022-09-09,2022-09-11,2022-09-11,2512,wikipedia_tabela_11,Lula,53.0,0,12.0,https://en.wikipedia.org/wiki/Opinion_polling_for_the_2022_Brazilian_presidential_election
2022,1,Globo/Ipec[36],2022-09-09,2022-09-11,2022-09-11,2512,wikipedia_tabela_11,Bolsonaro,36.0,0,12.0,https://en.wikipedia.org/wiki/Opinion_polling_for_the_2022_Brazilian_presidential_election
2022,1,BTG/FSB[37],2022-09-09,2022-09-11,2022-09-11,2000,wikipedia_tabela_11,Lula,51.0,0,11.0,https://en.wikipedia.org/wiki/Opinion_polling_for_the_2022_Brazilian_presidential_election
2022,1,BTG/FSB[37],2022-09-09,2022-09-11,2022-09-11,2000,wikipedia_tabela_11,Bolsonaro,38.0,0,11.0,https://en.wikipedia.org/wiki/Opinion_polling_for_the_2022_Brazilian_presidential_election
2022,1,Datafolha[38],2022-09-08,2022-09-09,2022-09-09,2676,wikipedia_tabela_11,Lula,53.0,0,9.0,https://en.wikipedia.org/wiki/Opinion_polling_for_the_2022_Brazilian_presidential_election
2022,1,Datafolha[38],2022-09-08,2022-09-09,2022-09-09,2676,wikipedia_tabela_11,Bolsonaro,39.0,0,9.0,https://en.wikipedia.org/wiki/Opinion_polling_for_the_2022_Brazilian_presidential_election
2022,1,Abrapel/Ipespe[39],2022-09-07,2022-09-09,2022-09-09,1100,wikipedia_tabela_11,Lula,52.0,0,9.0,https://en.wikipedia.org/wiki/Opinion_polling_for_the_2022_Brazilian_presidential_election
2022,1,Abrapel/Ipespe[39],2022-09-07,2022-09-09,2022-09-09,1100,wikipedia_tabela_11,Bolsonaro,39.0,0,9.0,https://en.wikipedia.org/wiki/Opinion_polling_for_the_2022_Brazilian_presidential_election
2022,1,BTG/FSB[40],2022-09-02,2022-09-04,2022-09-04,2000,wikipedia_tabela_11,Lula,53.0,0,8.0,https://en.wikipedia.org/wiki/Opinion_polling_for_the_2022_Brazilian_presidential_election
2022,1,BTG/FSB[40],2022-09-02,2022-09-04,2022-09-04,2000,wikipedia_tabela_11,Bolsonaro,40.0,0,8.0,https://en.wikipedia.org/wiki/Opinion_polling_for_the_2022_Brazilian_presidential_election
2022,1,Globo/Ipec[41],2022-09-02,2022-09-04,2022-09-04,2512,wikipedia_tabela_11,Lula,52.0,0,12.0,https://en.wikipedia.org/wiki/Opinion_polling_for_the_2022_Brazilian_presidential_election
2022,1,Globo/Ipec[41],2022-09-02,2022-09-04,2022-09-04,2512,wikipedia_tabela_11,Bolsonaro,36.0,0,12.0,https://en.wikipedia.org/wiki/Opinion_polling_for_the_2022_Brazilian_presidential_election
2022,1,Genial/Quaest[42],2022-09-01,2022-09-04,2022-09-04,2000,wikipedia_tabela_11,Lula,51.0,0,10.0,https://en.wikipedia.org/wiki/Opinion_polling_for_the_2022_Brazilian_presidential_election
2022,1,Genial/Quaest[42],2022-09-01,2022-09-04,2022-09-04,2000,wikipedia_tabela_11,Bolsonaro,39.0,0,10.0,https://en.wikipedia.org/wiki/Opinion_polling_for_the_2022_Brazilian_presidential_election
2022,1,Abrapel/Ipespe[43],2022-08-30,2022-09-01,2022-09-01,1100,wikipedia_tabela_11,Lula,53.0,0,9.0,https://en.wikipedia.org/wiki/Opinion_polling_for_the_2022_Brazilian_presidential_election
2022,1,Abrapel/Ipespe[43],2022-08-30,2022-09-01,2022-09-01,1100,wikipedia_tabela_11,Bolsonaro,38.0,0,9.0,https://en.wikipedia.org/wiki/Opinion_polling_for_the_2022_Brazilian_presidential_election
2022,1,PoderData[45],2022-08-28,2022-08-30,2022-08-30,3500,wikipedia_tabela_11,Lula,50.0,0,9.0,https://en.wikipedia.org/wiki/Opinion_polling_for_the_2022_Brazilian_presidential_election
2022,1,PoderData[45],2022-08-28,2022-08-30,2022-08-30,3500,wikipedia_tabela_11,Bolsonaro,41.0,0,9.0,https://en.wikipedia.org/wiki/Opinion_polling_for_the_2022_Brazilian_presidential_election
2022,1,Paraná Pesquisas[46],2022-08-26,2022-08-30,2022-08-30,2020,wikipedia_tabela_11,Lula,47.8,0,11.4,https://en.wikipedia.org/wiki/Opinion_polling_for_the_2022_Brazilian_presidential_election
2022,1,Paraná Pesquisas[46],2022-08-26,2022-08-30,2022-08-30,2020,wikipedia_tabela_11,Bolsonaro,40.8,0,11.4,https://en.wikipedia.org/wiki/Opinion_polling_for_the_2022_Brazilian_presidential_election
2022,1,XP/Ipespe[47],2022-08-26,2022-08-29,2022-08-29,2000,wikipedia_tabela_11,Lula,53.0,0,9.0,https://en.wikipedia.org/wiki/Opinion_polling_for_the_2022_Brazilian_presidential_election
2022,1,XP/Ipespe[47],2022-08-26,2022-08-29,2022-08-29,2000,wikipedia_tabela_11,Bolsonaro,38.0,0,9.0,https://en.wikipedia.org/wiki/Opinion_polling_for_the_2022_Brazilian_presidential_election
2022,1,BTG/FSB[49],2022-08-26,2022-08-28,2022-08-28,2000,wikipedia_tabela_11,Lula,52.0,0,9.0,https://en.wikipedia.org/wiki/Opinion_polling_for_the_2022_Brazilian_presidential_election
2022,1,BTG/FSB[49],2022-08-26,2022-08-28,2022-08-28,2000,wikipedia_tabela_11,Bolsonaro,39.0,0,9.0,https://en.wikipedia.org/wiki/Opinion_polling_for_the_2022_Brazilian_presidential_election
2022,1,Ipec[50],2022-08-26,2022-08-28,2022-08-28,2000,wikipedia_tabela_11,Lula,50.0,0,13.0,https://en.wikipedia.org/wiki/Opinion_polling_for_the_2022_Brazilian_presidential_election
2022,1,Ipec[50],2022-08-26,2022-08-28,2022-08-28,2000,wikipedia_tabela_11,Bolsonaro,37.0,0,13.0,https://en.wikipedia.org/wiki/Opinion_polling_for_the_2022_Brazilian_presidential_election
2022,1,Quaest[51],2022-08-25,2022-08-28,2022-08-28,2000,wikipedia_tabela_11,Lula,51.0,0,13.0,https://en.wikipedia.org/wiki/Opinion_polling_for_the_2022_Brazilian_presidential_election
2022,1,Quaest[51],2022-08-25,2022-08-28,2022-08-28,2000,wikipedia_tabela_11,Bolsonaro,37.0,0,13.0,https://en.wikipedia.org/wiki/Opinion_polling_for_the_2022_Brazilian_presidential_election
2022,1,CNT/MDA[52],2022-08-25,2022-08-28,2022-08-28,2002,wikipedia_tabela_11,Lula,50.1,0,11.1,https://en.wikipedia.org/wiki/Opinion_polling_for_the_2022_Brazilian_presidential_election
2022,1,CNT/MDA[52],2022-08-25,2022-08-28,2022-08-28,2002,wikipedia_tabela_11,Bolsonaro,38.8,0,11.1,https://en.wikipedia.org/wiki/Opinion_polling_for_the_2022_Brazilian_presidential_election
2022,1,Modalmais/Futura[268],2022-08-24,2022-08-25,2022-08-25,2000,wikipedia_tabela_11,Lula,45.3,0,10.9,https://en.wikipedia.org/wiki/Opinion_polling_for_the_2022_Brazilian_presidential_election
2022,1,Modalmais/Futura[268],2022-08-24,2022-08-25,2022-08-25,2000,wikipedia_tabela_11,Bolsonaro,43.8,0,10.9,https://en.wikipedia.org/wiki/Opinion_polling_for_the_2022_Brazilian_presidential_election
2022,1,Atlas[53],2022-08-20,2022-08-25,2022-08-25,7475,wikipedia_tabela_11,Lula,51.8,0,7.4,https://en.wikipedia.org/wiki/Opinion_polling_for_the_2022_Brazilian_presidential_election
2022,1,Atlas[53],2022-08-20,2022-08-25,2022-08-25,7475,wikipedia_tabela_11,Bolsonaro,40.8,0,7.4,https://en.wikipedia.org/wiki/Opinion_polling_for_the_2022_Brazilian_presidential_election
2022,1,Exame/Ideia[54],2022-08-19,2022-08-24,2022-08-24,1500,wikipedia_tabela_11,Lula,49.0,0,11.0,https://en.wikipedia.org/wiki/Opinion_polling_for_the_2022_Brazilian_presidential_election
2022,1,Exame/Ideia[54],2022-08-19,2022-08-24,2022-08-24,1500,wikipedia_tabela_11,Bolsonaro,40.0,0,11.0,https://en.wikipedia.org/wiki/Opinion_polling_for_the_2022_Brazilian_presidential_election
2022,1,BTG/FSB[269],2022-08-19,2022-08-21,2022-08-21,2000,wikipedia_tabela_11,Lula,52.0,0,9.0,https://en.wikipedia.org/wiki/Opinion_polling_for_the_2022_Brazilian_presidential_election
2022,1,BTG/FSB[269],2022-08-19,2022-08-21,2022-08-21,2000,wikipedia_tabela_11,Bolsonaro,39.0,0,9.0,https://en.wikipedia.org/wiki/Opinion_polling_for_the_2022_Brazilian_presidential_election
2022,1,Datafolha[270],2022-08-16,2022-08-18,2022-08-18,5744,wikipedia_tabela_11,Lula,54.0,0,10.0,https://en.wikipedia.org/wiki/Opinion_polling_for_the_2022_Brazilian_presidential_election
2022,1,Datafolha[270],2022-08-16,2022-08-18,2022-08-18,5744,wikipedia_tabela_11,Bolsonaro,37.0,0,10.0,https://en.wikipedia.org/wiki/Opinion_polling_for_the_2022_Brazilian_presidential_election
2022,1,PoderData[58],2022-08-14,2022-08-16,2022-08-16,3500,wikipedia_tabela_11,Lula,52.0,0,10.0,https://en.wikipedia.org/wiki/Opinion_polling_for_the_2022_Brazilian_presidential_election
2022,1,PoderData[58],2022-08-14,2022-08-16,2022-08-16,3500,wikipedia_tabela_11,Bolsonaro,38.0,0,10.0,https://en.wikipedia.org/wiki/Opinion_polling_for_the_2022_Brazilian_presidential_election
2022,1,Ipec[59],2022-08-12,2022-08-14,2022-08-14,2000,wikipedia_tabela_11,Lula,51.0,0,14.0,https://en.wikipedia.org/wiki/Opinion_polling_for_the_2022_Brazilian_presidential_election
2022,1,Ipec[59],2022-08-12,2022-08-14,2022-08-14,2000,wikipedia_tabela_11,Bolsonaro,35.0,0,14.0,https://en.wikipedia.org/wiki/Opinion_polling_for_the_2022_Brazilian_presidential_election
2022,1,FSB Comunicação[60],2022-08-12,2022-08-14,2022-08-14,2000,wikipedia_tabela_11,Lula,53.0,0,10.0,https://en.wikipedia.org/wiki/Opinion_polling_for_the_2022_Brazilian_presidential_election
2022,1,FSB Comunicação[60],2022-08-12,2022-08-14,2022-08-14,2000,wikipedia_tabela_11,Bolsonaro,38.0,0,10.0,https://en.wikipedia.org/wiki/Opinion_polling_for_the_2022_Brazilian_presidential_election
2022,1,Quaest/Genial[61],2022-08-11,2022-08-14,2022-08-14,2000,wikipedia_tabela_11,Lula,51.0,0,11.0,https://en.wikipedia.org/wiki/Opinion_polling_for_the_2022_Brazilian_presidential_election
2022,1,Quaest/Genial[61],2022-08-11,2022-08-14,2022-08-14,2000,wikipedia_tabela_11,Bolsonaro,38.0,0,11.0,https://en.wikipedia.org/wiki/Opinion_polling_for_the_2022_Brazilian_presidential_election
2022,1,FSB Comunicação[62],2022-08-05,2022-08-07,2022-08-07,3500,wikipedia_tabela_11,Lula,51.0,0,10.0,https://en.wikipedia.org/wiki/Opinion_polling_for_the_2022_Brazilian_presidential_election
2022,1,FSB Comunicação[62],2022-08-05,2022-08-07,2022-08-07,3500,wikipedia_tabela_11,Bolsonaro,39.0,0,10.0,https://en.wikipedia.org/wiki/Opinion_polling_for_the_2022_Brazilian_presidential_election
2022,1,PoderData[271],2022-07-31,2022-08-02,2022-08-02,3500,wikipedia_tabela_11,Lula,50.0,0,9.0,https://en.wikipedia.org/wiki/Opinion_polling_for_the_2022_Brazilian_presidential_election
2022,1,PoderData[271],2022-07-31,2022-08-02,2022-08-02,3500,wikipedia_tabela_11,Bolsonaro,40.0,0,9.0,https://en.wikipedia.org/wiki/Opinion_polling_for_the_2022_Brazilian_presidential_election
2022,1,Datafolha[69],2022-07-22,2022-07-24,2022-07-24,2566,wikipedia_tabela_11,Lula,55.0,0,9.0,https://en.wikipedia.org/wiki/Opinion_polling_for_the_2022_Brazilian_presidential_election
2022,1,Datafolha[69],2022-07-22,2022-07-24,2022-07-24,2566,wikipedia_tabela_11,Bolsonaro,35.0,0,9.0,https://en.wikipedia.org/wiki/Opinion_polling_for_the_2022_Brazilian_presidential_election
2022,1,BTG/FSB[70],2022-07-22,2022-07-24,2022-07-24,2000,wikipedia_tabela_11,Lula,54.0,0,9.0,https://en.wikipedia.org/wiki/Opinion_polling_for_the_2022_Brazilian_presidential_election
2022,1,BTG/FSB[70],2022-07-22,2022-07-24,2022-07-24,2000,wikipedia_tabela_11,Bolsonaro,36.0,0,9.0,https://en.wikipedia.org/wiki/Opinion_polling_for_the_2022_Brazilian_presidential_election
2022,1,Exame/Ideia[73],2022-07-15,2022-07-20,2022-07-20,1500,wikipedia_tabela_11,Lula,47.0,0,11.0,https://en.wikipedia.org/wiki/Opinion_polling_for_the_2022_Brazilian_presidential_election
2022,1,Exame/Ideia[73],2022-07-15,2022-07-20,2022-07-20,1500,wikipedia_tabela_11,Bolsonaro,37.0,0,11.0,https://en.wikipedia.org/wiki/Opinion_polling_for_the_2022_Brazilian_presidential_election
2022,1,PoderData[272],2022-07-17,2022-07-19,2022-07-19,3000,wikipedia_tabela_11,Lula,51.0,0,12.0,https://en.wikipedia.org/wiki/Opinion_polling_for_the_2022_Brazilian_presidential_election
2022,1,PoderData[272],2022-07-17,2022-07-19,2022-07-19,3000,wikipedia_tabela_11,Bolsonaro,38.0,0,12.0,https://en.wikipedia.org/wiki/Opinion_polling_for_the_2022_Brazilian_presidential_election
2022,1,BTG/FSB[75],2022-07-08,2022-07-10,2022-07-10,2000,wikipedia_tabela_11,Lula,53.0,0,10.0,https://en.wikipedia.org/wiki/Opinion_polling_for_the_2022_Brazilian_presidential_election
2022,1,BTG/FSB[75],2022-07-08,2022-07-10,2022-07-10,2000,wikipedia_tabela_11,Bolsonaro,37.0,0,10.0,https://en.wikipedia.org/wiki/Opinion_polling_for_the_2022_Brazilian_presidential_election
2022,1,PoderData[273],2022-07-03,2022-07-05,2022-07-05,3000,wikipedia_tabela_11,Lula,50.0,0,12.0,https://en.wikipedia.org/wiki/Opinion_polling_for_the_2022_Brazilian_presidential_election
2022,1,PoderData[273],2022-07-03,2022-07-05,2022-07-05,3000,wikipedia_tabela_11,Bolsonaro,38.0,0,12.0,https://en.wikipedia.org/wiki/Opinion_polling_for_the_2022_Brazilian_presidential_election
2022,1,Quaest/Genial[77],2022-06-29,2022-07-02,2022-07-02,2000,wikipedia_tabela_11,Lula,53.0,0,13.0,https://en.wikipedia.org/wiki/Opinion_polling_for_the_2022_Brazilian_presidential_election
2022,1,Quaest/Genial[77],2022-06-29,2022-07-02,2022-07-02,2000,wikipedia_tabela_11,Bolsonaro,34.0,0,13.0,https://en.wikipedia.org/wiki/Opinion_polling_for_the_2022_Brazilian_presidential_election
2022,1,BTG/FSB[78],2022-06-24,2022-06-26,2022-06-26,2000,wikipedia_tabela_11,Lula,52.0,0,10.0,https://en.wikipedia.org/wiki/Opinion_polling_for_the_2022_Brazilian_presidential_election
2022,1,BTG/FSB[78],2022-06-24,2022-06-26,2022-06-26,2000,wikipedia_tabela_11,Bolsonaro,37.0,0,10.0,https://en.wikipedia.org/wiki/Opinion_polling_for_the_2022_Brazilian_presidential_election
2022,1,Datafolha[80],2022-06-22,2022-06-23,2022-06-23,2556,wikipedia_tabela_11,Lula,57.0,0,9.0,https://en.wikipedia.org/wiki/Opinion_polling_for_the_2022_Brazilian_presidential_election
2022,1,Datafolha[80],2022-06-22,2022-06-23,2022-06-23,2556,wikipedia_tabela_11,Bolsonaro,34.0,0,9.0,https://en.wikipedia.org/wiki/Opinion_polling_for_the_2022_Brazilian_presidential_election
2022,1,Exame/Ideia[81],2022-06-17,2022-06-22,2022-06-22,1500,wikipedia_tabela_11,Lula,48.0,0,10.0,https://en.wikipedia.org/wiki/Opinion_polling_for_the_2022_Brazilian_presidential_election
2022,1,Exame/Ideia[81],2022-06-17,2022-06-22,2022-06-22,1500,wikipedia_tabela_11,Bolsonaro,41.0,0,10.0,https://en.wikipedia.org/wiki/Opinion_polling_for_the_2022_Brazilian_presidential_election
2022,1,PoderData[82],2022-06-19,2022-06-21,2022-06-21,3000,wikipedia_tabela_11,Lula,52.0,0,13.0,https://en.wikipedia.org/wiki/Opinion_polling_for_the_2022_Brazilian_presidential_election
2022,1,PoderData[82],2022-06-19,2022-06-21,2022-06-21,3000,wikipedia_tabela_11,Bolsonaro,35.0,0,13.0,https://en.wikipedia.org/wiki/Opinion_polling_for_the_2022_Brazilian_presidential_election
2022,1,BTG/FSB[83],2022-06-10,2022-06-12,2022-06-12,2000,wikipedia_tabela_11,Lula,54.0,0,8.0,https://en.wikipedia.org/wiki/Opinion_polling_for_the_2022_Brazilian_presidential_election
2022,1,BTG/FSB[83],2022-06-10,2022-06-12,2022-06-12,2000,wikipedia_tabela_11,Bolsonaro,36.0,0,8.0,https://en.wikipedia.org/wiki/Opinion_polling_for_the_2022_Brazilian_presidential_election
2022,1,PoderData[274],2022-06-05,2022-06-07,2022-06-07,3000,wikipedia_tabela_11,Lula,50.0,0,10.0,https://en.wikipedia.org/wiki/Opinion_polling_for_the_2022_Brazilian_presidential_election
2022,1,PoderData[274],2022-06-05,2022-06-07,2022-06-07,3000,wikipedia_tabela_11,Bolsonaro,40.0,0,10.0,https://en.wikipedia.org/wiki/Opinion_polling_for_the_2022_Brazilian_presidential_election
2022,1,Quaest/Genial[85],2022-06-02,2022-06-05,2022-06-05,2000,wikipedia_tabela_11,Lula,54.0,0,12.0,https://en.wikipedia.org/wiki/Opinion_polling_for_the_2022_Brazilian_presidential_election
2022,1,Quaest/Genial[85],2022-06-02,2022-06-05,2022-06-05,2000,wikipedia_tabela_11,Bolsonaro,32.0,0,12.0,https://en.wikipedia.org/wiki/Opinion_polling_for_the_2022_Brazilian_presidential_election
2022,1,XP/Ipespe[87],2022-05-30,2022-06-01,2022-06-01,1000,wikipedia_tabela_11,Lula,53.0,0,12.0,https://en.wikipedia.org/wiki/Opinion_polling_for_the_2022_Brazilian_presidential_election
2022,1,XP/Ipespe[87],2022-05-30,2022-06-01,2022-06-01,1000,wikipedia_tabela_11,Bolsonaro,35.0,0,12.0,https://en.wikipedia.org/wiki/Opinion_polling_for_the_2022_Brazilian_presidential_election
2022,1,Paraná Pesquisas[88],2022-05-26,2022-05-30,2022-05-30,2020,wikipedia_tabela_11,Lula,47.3,0,13.5,https://en.wikipedia.org/wiki/Opinion_polling_for_the_2022_Brazilian_presidential_election
2022,1,Paraná Pesquisas[88],2022-05-26,2022-05-30,2022-05-30,2020,wikipedia_tabela_11,Bolsonaro,39.2,0,13.5,https://en.wikipedia.org/wiki/Opinion_polling_for_the_2022_Brazilian_presidential_election
2022,1,BTG/FSB[89],2022-05-27,2022-05-29,2022-05-29,2000,wikipedia_tabela_11,Lula,54.0,0,11.0,https://en.wikipedia.org/wiki/Opinion_polling_for_the_2022_Brazilian_presidential_election
2022,1,BTG/FSB[89],2022-05-27,2022-05-29,2022-05-29,2000,wikipedia_tabela_11,Bolsonaro,35.0,0,11.0,https://en.wikipedia.org/wiki/Opinion_polling_for_the_2022_Brazilian_presidential_election
2022,1,Datafolha[90],2022-05-25,2022-05-26,2022-05-26,2556,wikipedia_tabela_11,Lula,58.0,0,9.0,https://en.wikipedia.org/wiki/Opinion_polling_for_the_2022_Brazilian_presidential_election
2022,1,Datafolha[90],2022-05-25,2022-05-26,2022-05-26,2556,wikipedia_tabela_11,Bolsonaro,33.0,0,9.0,https://en.wikipedia.org/wiki/Opinion_polling_for_the_2022_Brazilian_presidential_election
2022,1,XP/Ipespe[91],2022-05-23,2022-05-25,2022-05-25,1000,wikipedia_tabela_11,Lula,53.0,0,12.0,https://en.wikipedia.org/wiki/Opinion_polling_for_the_2022_Brazilian_presidential_election
2022,1,XP/Ipespe[91],2022-05-23,2022-05-25,2022-05-25,1000,wikipedia_tabela_11,Bolsonaro,35.0,0,12.0,https://en.wikipedia.org/wiki/Opinion_polling_for_the_2022_Brazilian_presidential_election
2022,1,PoderData[93],2022-05-22,2022-05-24,2022-05-24,3000,wikipedia_tabela_11,Lula,50.0,0,11.0,https://en.wikipedia.org/wiki/Opinion_polling_for_the_2022_Brazilian_presidential_election
2022,1,PoderData[93],2022-05-22,2022-05-24,2022-05-24,3000,wikipedia_tabela_11,Bolsonaro,39.0,0,11.0,https://en.wikipedia.org/wiki/Opinion_polling_for_the_2022_Brazilian_presidential_election
2022,1,Modalmais/Futura[96],2022-05-16,2022-05-19,2022-05-19,2000,wikipedia_tabela_11,Lula,49.0,0,10.9,https://en.wikipedia.org/wiki/Opinion_polling_for_the_2022_Brazilian_presidential_election
2022,1,Modalmais/Futura[96],2022-05-16,2022-05-19,2022-05-19,2000,wikipedia_tabela_11,Bolsonaro,40.1,0,10.9,https://en.wikipedia.org/wiki/Opinion_polling_for_the_2022_Brazilian_presidential_election
2022,1,Exame/Ideia,2022-05-14,2022-05-19,2022-05-19,1500,wikipedia_tabela_11,Lula,46.0,0,15.0,https://en.wikipedia.org/wiki/Opinion_polling_for_the_2022_Brazilian_presidential_election
2022,1,Exame/Ideia,2022-05-14,2022-05-19,2022-05-19,1500,wikipedia_tabela_11,Bolsonaro,39.0,0,15.0,https://en.wikipedia.org/wiki/Opinion_polling_for_the_2022_Brazilian_presidential_election
2022,1,XP/Ipespe[98],2022-05-17,2022-05-18,2022-05-18,1000,wikipedia_tabela_11,Lula,53.0,0,13.0,https://en.wikipedia.org/wiki/Opinion_polling_for_the_2022_Brazilian_presidential_election
2022,1,XP/Ipespe[98],2022-05-17,2022-05-18,2022-05-18,1000,wikipedia_tabela_11,Bolsonaro,34.0,0,13.0,https://en.wikipedia.org/wiki/Opinion_polling_for_the_2022_Brazilian_presidential_election
2022,1,XP/Ipespe[99],2022-05-09,2022-05-11,2022-05-11,1000,wikipedia_tabela_11,Lula,54.0,0,10.0,https://en.wikipedia.org/wiki/Opinion_polling_for_the_2022_Brazilian_presidential_election
2022,1,XP/Ipespe[99],2022-05-09,2022-05-11,2022-05-11,1000,wikipedia_tabela_11,Bolsonaro,35.0,0,10.0,https://en.wikipedia.org/wiki/Opinion_polling_for_the_2022_Brazilian_presidential_election
2022,1,PoderData[100],2022-05-08,2022-05-10,2022-05-10,3000,wikipedia_tabela_11,Lula,49.0,0,13.0,https://en.wikipedia.org/wiki/Opinion_polling_for_the_2022_Brazilian_presidential_election
2022,1,PoderData[100],2022-05-08,2022-05-10,2022-05-10,3000,wikipedia_tabela_11,Bolsonaro,38.0,0,13.0,https://en.wikipedia.org/wiki/Opinion_polling_for_the_2022_Brazilian_presidential_election
2022,1,Quaest/Genial[101],2022-05-05,2022-05-08,2022-05-08,2000,wikipedia_tabela_11,Lula,54.0,0,11.0,https://en.wikipedia.org/wiki/Opinion_polling_for_the_2022_Brazilian_presidential_election
2022,1,Quaest/Genial[101],2022-05-05,2022-05-08,2022-05-08,2000,wikipedia_tabela_11,Bolsonaro,34.0,0,11.0,https://en.wikipedia.org/wiki/Opinion_polling_for_the_2022_Brazilian_presidential_election
2022,1,CNT/MDA[104],2022-05-04,2022-05-07,2022-05-07,2002,wikipedia_tabela_11,Lula,50.8,0,12.4,https://en.wikipedia.org/wiki/Opinion_polling_for_the_2022_Brazilian_presidential_election
2022,1,CNT/MDA[104],2022-05-04,2022-05-07,2022-05-07,2002,wikipedia_tabela_11,Bolsonaro,36.8,0,12.4,https://en.wikipedia.org/wiki/Opinion_polling_for_the_2022_Brazilian_presidential_election
2022,1,XP/Ipespe[105],2022-05-02,2022-05-04,2022-05-04,1000,wikipedia_tabela_11,Lula,54.0,0,12.0,https://en.wikipedia.org/wiki/Opinion_polling_for_the_2022_Brazilian_presidential_election
2022,1,XP/Ipespe[105],2022-05-02,2022-05-04,2022-05-04,1000,wikipedia_tabela_11,Bolsonaro,34.0,0,12.0,https://en.wikipedia.org/wiki/Opinion_polling_for_the_2022_Brazilian_presidential_election
2022,1,Paraná Pesquisas[106],2022-05-28,2022-05-03,2022-05-03,2020,wikipedia_tabela_11,Lula,46.4,0,15.0,https://en.wikipedia.org/wiki/Opinion_polling_for_the_2022_Brazilian_presidential_election
2022,1,Paraná Pesquisas[106],2022-05-28,2022-05-03,2022-05-03,2020,wikipedia_tabela_11,Bolsonaro,38.7,0,15.0,https://en.wikipedia.org/wiki/Opinion_polling_for_the_2022_Brazilian_presidential_election
2022,1,PoderData[275],2022-04-24,2022-04-26,2022-04-26,3000,wikipedia_tabela_11,Lula,48.0,0,13.0,https://en.wikipedia.org/wiki/Opinion_polling_for_the_2022_Brazilian_presidential_election
2022,1,PoderData[275],2022-04-24,2022-04-26,2022-04-26,3000,wikipedia_tabela_11,Bolsonaro,39.0,0,13.0,https://en.wikipedia.org/wiki/Opinion_polling_for_the_2022_Brazilian_presidential_election
2022,1,BTG/FSB[108],2022-04-22,2022-04-24,2022-04-24,2000,wikipedia_tabela_11,Lula,52.0,0,10.0,https://en.wikipedia.org/wiki/Opinion_polling_for_the_2022_Brazilian_presidential_election
2022,1,BTG/FSB[108],2022-04-22,2022-04-24,2022-04-24,2000,wikipedia_tabela_11,Bolsonaro,37.0,0,10.0,https://en.wikipedia.org/wiki/Opinion_polling_for_the_2022_Brazilian_presidential_election
2022,1,XP/Ipespe[109],2022-04-18,2022-04-20,2022-04-20,1000,wikipedia_tabela_11,Lula,54.0,0,12.0,https://en.wikipedia.org/wiki/Opinion_polling_for_the_2022_Brazilian_presidential_election
2022,1,XP/Ipespe[109],2022-04-18,2022-04-20,2022-04-20,1000,wikipedia_tabela_11,Bolsonaro,34.0,0,12.0,https://en.wikipedia.org/wiki/Opinion_polling_for_the_2022_Brazilian_presidential_election
2022,1,Exame/Ideia[110],2022-04-15,2022-04-20,2022-04-20,1500,wikipedia_tabela_11,Lula,48.0,0,13.0,https://en.wikipedia.org/wiki/Opinion_polling_for_the_2022_Brazilian_presidential_election
2022,1,Exame/Ideia[110],2022-04-15,2022-04-20,2022-04-20,1500,wikipedia_tabela_11,Bolsonaro,39.0,0,13.0,https://en.wikipedia.org/wiki/Opinion_polling_for_the_2022_Brazilian_presidential_election
2022,1,PoderData[276],2022-04-10,2022-04-12,2022-04-12,3000,wikipedia_tabela_11,Lula,47.0,0,15.0,https://en.wikipedia.org/wiki/Opinion_polling_for_the_2022_Brazilian_presidential_election
2022,1,PoderData[276],2022-04-10,2022-04-12,2022-04-12,3000,wikipedia_tabela_11,Bolsonaro,38.0,0,15.0,https://en.wikipedia.org/wiki/Opinion_polling_for_the_2022_Brazilian_presidential_election
2022,1,XP/Ipespe[114],2022-04-02,2022-04-05,2022-04-05,1000,wikipedia_tabela_11,Lula,53.0,0,14.0,https://en.wikipedia.org/wiki/Opinion_polling_for_the_2022_Brazilian_presidential_election
2022,1,XP/Ipespe[114],2022-04-02,2022-04-05,2022-04-05,1000,wikipedia_tabela_11,Bolsonaro,33.0,0,14.0,https://en.wikipedia.org/wiki/Opinion_polling_for_the_2022_Brazilian_presidential_election
2022,1,Quaest/Genial[116],2022-04-01,2022-04-03,2022-04-03,2000,wikipedia_tabela_11,Lula,55.0,0,11.0,https://en.wikipedia.org/wiki/Opinion_polling_for_the_2022_Brazilian_presidential_election
2022,1,Quaest/Genial[116],2022-04-01,2022-04-03,2022-04-03,2000,wikipedia_tabela_11,Bolsonaro,34.0,0,11.0,https://en.wikipedia.org/wiki/Opinion_polling_for_the_2022_Brazilian_presidential_election
2022,1,PoderData[119],2022-03-27,2022-03-29,2022-03-29,3000,wikipedia_tabela_11,Lula,50.0,0,12.0,https://en.wikipedia.org/wiki/Opinion_polling_for_the_2022_Brazilian_presidential_election
2022,1,PoderData[119],2022-03-27,2022-03-29,2022-03-29,3000,wikipedia_tabela_11,Bolsonaro,38.0,0,12.0,https://en.wikipedia.org/wiki/Opinion_polling_for_the_2022_Brazilian_presidential_election
2022,1,Futura/Modalmais[120],2022-03-21,2022-03-25,2022-03-25,2000,wikipedia_tabela_11,Lula,48.6,0,9.8,https://en.wikipedia.org/wiki/Opinion_polling_for_the_2022_Brazilian_presidential_election
2022,1,Futura/Modalmais[120],2022-03-21,2022-03-25,2022-03-25,2000,wikipedia_tabela_11,Bolsonaro,41.6,0,9.8,https://en.wikipedia.org/wiki/Opinion_polling_for_the_2022_Brazilian_presidential_election
2022,1,Datafolha[277],2022-03-22,2022-03-23,2022-03-23,2556,wikipedia_tabela_11,Lula,55.0,0,11.0,https://en.wikipedia.org/wiki/Opinion_polling_for_the_2022_Brazilian_presidential_election
2022,1,Datafolha[277],2022-03-22,2022-03-23,2022-03-23,2556,wikipedia_tabela_11,Bolsonaro,34.0,0,11.0,https://en.wikipedia.org/wiki/Opinion_polling_for_the_2022_Brazilian_presidential_election
2022,1,Exame/Ideia[123],2022-03-18,2022-03-23,2022-03-23,1500,wikipedia_tabela_11,Lula,50.0,0,13.0,https://en.wikipedia.org/wiki/Opinion_polling_for_the_2022_Brazilian_presidential_election
2022,1,Exame/Ideia[123],2022-03-18,2022-03-23,2022-03-23,1500,wikipedia_tabela_11,Bolsonaro,37.0,0,13.0,https://en.wikipedia.org/wiki/Opinion_polling_for_the_2022_Brazilian_presidential_election
2022,1,FSB[124],2022-03-18,2022-03-20,2022-03-20,2000,wikipedia_tabela_11,Lula,54.0,0,11.0,https://en.wikipedia.org/wiki/Opinion_polling_for_the_2022_Brazilian_presidential_election
2022,1,FSB[124],2022-03-18,2022-03-20,2022-03-20,2000,wikipedia_tabela_11,Bolsonaro,35.0,0,11.0,https://en.wikipedia.org/wiki/Opinion_polling_for_the_2022_Brazilian_presidential_election
2022,1,PoderData[125],2022-03-13,2022-03-15,2022-03-15,3000,wikipedia_tabela_11,Lula,50.0,0,14.0,https://en.wikipedia.org/wiki/Opinion_polling_for_the_2022_Brazilian_presidential_election
2022,1,PoderData[125],2022-03-13,2022-03-15,2022-03-15,3000,wikipedia_tabela_11,Bolsonaro,36.0,0,14.0,https://en.wikipedia.org/wiki/Opinion_polling_for_the_2022_Brazilian_presidential_election
2022,1,Quaest/Genial[126],2022-03-10,2022-03-13,2022-03-13,2000,wikipedia_tabela_11,Lula,54.0,0,13.0,https://en.wikipedia.org/wiki/Opinion_polling_for_the_2022_Brazilian_presidential_election
2022,1,Quaest/Genial[126],2022-03-10,2022-03-13,2022-03-13,2000,wikipedia_tabela_11,Bolsonaro,32.0,0,13.0,https://en.wikipedia.org/wiki/Opinion_polling_for_the_2022_Brazilian_presidential_election
2022,1,Ranking Brasil[127],2022-03-07,2022-03-12,2022-03-12,3000,wikipedia_tabela_11,Lula,45.0,0,16.7,https://en.wikipedia.org/wiki/Opinion_polling_for_the_2022_Brazilian_presidential_election
2022,1,Ranking Brasil[127],2022-03-07,2022-03-12,2022-03-12,3000,wikipedia_tabela_11,Bolsonaro,38.3,0,16.7,https://en.wikipedia.org/wiki/Opinion_polling_for_the_2022_Brazilian_presidential_election
2022,1,XP/Ipespe[136],2022-03-07,2022-03-09,2022-03-09,1000,wikipedia_tabela_11,Lula,53.0,0,14.0,https://en.wikipedia.org/wiki/Opinion_polling_for_the_2022_Brazilian_presidential_election
2022,1,XP/Ipespe[136],2022-03-07,2022-03-09,2022-03-09,1000,wikipedia_tabela_11,Bolsonaro,33.0,0,14.0,https://en.wikipedia.org/wiki/Opinion_polling_for_the_2022_Brazilian_presidential_election
2022,1,Paraná Pesquisas[130],2022-03-03,2022-03-08,2022-03-08,2020,wikipedia_tabela_11,Lula,46.0,0,16.7,https://en.wikipedia.org/wiki/Opinion_polling_for_the_2022_Brazilian_presidential_election
2022,1,Paraná Pesquisas[130],2022-03-03,2022-03-08,2022-03-08,2020,wikipedia_tabela_11,Bolsonaro,37.3,0,16.7,https://en.wikipedia.org/wiki/Opinion_polling_for_the_2022_Brazilian_presidential_election
2022,1,PoderData[278],2022-03-27,2022-03-01,2022-03-01,3000,wikipedia_tabela_11,Lula,51.0,0,11.0,https://en.wikipedia.org/wiki/Opinion_polling_for_the_2022_Brazilian_presidential_election
2022,1,PoderData[278],2022-03-27,2022-03-01,2022-03-01,3000,wikipedia_tabela_11,Bolsonaro,37.0,0,11.0,https://en.wikipedia.org/wiki/Opinion_polling_for_the_2022_Brazilian_presidential_election
2022,1,Ipespe[132],2022-02-21,2022-02-23,2022-02-23,1000,wikipedia_tabela_11,Lula,54.0,0,14.0,https://en.wikipedia.org/wiki/Opinion_polling_for_the_2022_Brazilian_presidential_election
2022,1,Ipespe[132],2022-02-21,2022-02-23,2022-02-23,1000,wikipedia_tabela_11,Bolsonaro,32.0,0,14.0,https://en.wikipedia.org/wiki/Opinion_polling_for_the_2022_Brazilian_presidential_election
2022,1,Exame/Ideia[133],2022-02-18,2022-02-22,2022-02-22,1500,wikipedia_tabela_11,Lula,49.0,0,16.0,https://en.wikipedia.org/wiki/Opinion_polling_for_the_2022_Brazilian_presidential_election
2022,1,Exame/Ideia[133],2022-02-18,2022-02-22,2022-02-22,1500,wikipedia_tabela_11,Bolsonaro,35.0,0,16.0,https://en.wikipedia.org/wiki/Opinion_polling_for_the_2022_Brazilian_presidential_election
2022,1,CNT/MDA[134],2022-02-16,2022-02-19,2022-02-19,2002,wikipedia_tabela_11,Lula,53.2,0,17.9,https://en.wikipedia.org/wiki/Opinion_polling_for_the_2022_Brazilian_presidential_election
2022,1,CNT/MDA[134],2022-02-16,2022-02-19,2022-02-19,2002,wikipedia_tabela_11,Bolsonaro,35.3,0,17.9,https://en.wikipedia.org/wiki/Opinion_polling_for_the_2022_Brazilian_presidential_election
2022,1,Futura/Modalmais[120],2022-02-14,2022-02-17,2022-02-17,2000,wikipedia_tabela_11,Lula,48.0,0,11.9,https://en.wikipedia.org/wiki/Opinion_polling_for_the_2022_Brazilian_presidential_election
2022,1,Futura/Modalmais[120],2022-02-14,2022-02-17,2022-02-17,2000,wikipedia_tabela_11,Bolsonaro,40.1,0,11.9,https://en.wikipedia.org/wiki/Opinion_polling_for_the_2022_Brazilian_presidential_election
2022,1,PoderData[135],2022-02-13,2022-02-15,2022-02-15,3000,wikipedia_tabela_11,Lula,50.0,0,15.0,https://en.wikipedia.org/wiki/Opinion_polling_for_the_2022_Brazilian_presidential_election
2022,1,PoderData[135],2022-02-13,2022-02-15,2022-02-15,3000,wikipedia_tabela_11,Bolsonaro,35.0,0,15.0,https://en.wikipedia.org/wiki/Opinion_polling_for_the_2022_Brazilian_presidential_election
2022,1,XP/Ipespe[136],2022-02-07,2022-02-09,2022-02-09,1000,wikipedia_tabela_11,Lula,54.0,0,15.0,https://en.wikipedia.org/wiki/Opinion_polling_for_the_2022_Brazilian_presidential_election
2022,1,XP/Ipespe[136],2022-02-07,2022-02-09,2022-02-09,1000,wikipedia_tabela_11,Bolsonaro,31.0,0,15.0,https://en.wikipedia.org/wiki/Opinion_polling_for_the_2022_Brazilian_presidential_election
2022,1,Quaest/Genial[137],2022-02-03,2022-02-06,2022-02-06,2000,wikipedia_tabela_11,Lula,54.0,0,16.0,https://en.wikipedia.org/wiki/Opinion_polling_for_the_2022_Brazilian_presidential_election
2022,1,Quaest/Genial[137],2022-02-03,2022-02-06,2022-02-06,2000,wikipedia_tabela_11,Bolsonaro,30.0,0,16.0,https://en.wikipedia.org/wiki/Opinion_polling_for_the_2022_Brazilian_presidential_election
2022,1,Paraná Pesquisas[138],2022-02-27,2022-02-01,2022-02-01,2020,wikipedia_tabela_11,Lula,48.8,0,16.8,https://en.wikipedia.org/wiki/Opinion_polling_for_the_2022_Brazilian_presidential_election
2022,1,Paraná Pesquisas[138],2022-02-27,2022-02-01,2022-02-01,2020,wikipedia_tabela_11,Bolsonaro,34.4,0,16.8,https://en.wikipedia.org/wiki/Opinion_polling_for_the_2022_Brazilian_presidential_election
2022,1,XP/Ipespe[140],2022-01-24,2022-01-25,2022-01-25,1000,wikipedia_tabela_11,Lula,54.0,0,16.0,https://en.wikipedia.org/wiki/Opinion_polling_for_the_2022_Brazilian_presidential_election
2022,1,XP/Ipespe[140],2022-01-24,2022-01-25,2022-01-25,1000,wikipedia_tabela_11,Bolsonaro,30.0,0,16.0,https://en.wikipedia.org/wiki/Opinion_polling_for_the_2022_Brazilian_presidential_election
2022,1,Futura/Modalmais[141],2022-01-17,2022-01-21,2022-01-21,2000,wikipedia_tabela_11,Lula,50.4,0,11.8,https://en.wikipedia.org/wiki/Opinion_polling_for_the_2022_Brazilian_presidential_election
2022,1,Futura/Modalmais[141],2022-01-17,2022-01-21,2022-01-21,2000,wikipedia_tabela_11,Bolsonaro,37.8,0,11.8,https://en.wikipedia.org/wiki/Opinion_polling_for_the_2022_Brazilian_presidential_election
2022,1,PoderData[142],2022-01-16,2022-01-18,2022-01-18,3000,wikipedia_tabela_11,Lula,54.0,0,14.0,https://en.wikipedia.org/wiki/Opinion_polling_for_the_2022_Brazilian_presidential_election
2022,1,PoderData[142],2022-01-16,2022-01-18,2022-01-18,3000,wikipedia_tabela_11,Bolsonaro,32.0,0,14.0,https://en.wikipedia.org/wiki/Opinion_polling_for_the_2022_Brazilian_presidential_election
2022,1,Exame/Ideia[143],2022-01-09,2022-01-13,2022-01-13,1500,wikipedia_tabela_11,Lula,49.0,0,18.0,https://en.wikipedia.org/wiki/Opinion_polling_for_the_2022_Brazilian_presidential_election
2022,1,Exame/Ideia[143],2022-01-09,2022-01-13,2022-01-13,1500,wikipedia_tabela_11,Bolsonaro,33.0,0,18.0,https://en.wikipedia.org/wiki/Opinion_polling_for_the_2022_Brazilian_presidential_election
2022,1,XP/Ipespe[144],2022-01-10,2022-01-12,2022-01-12,1000,wikipedia_tabela_11,Lula,56.0,0,13.0,https://en.wikipedia.org/wiki/Opinion_polling_for_the_2022_Brazilian_presidential_election
2022,1,XP/Ipespe[144],2022-01-10,2022-01-12,2022-01-12,1000,wikipedia_tabela_11,Bolsonaro,31.0,0,13.0,https://en.wikipedia.org/wiki/Opinion_polling_for_the_2022_Brazilian_presidential_election
2022,1,Quaest/Genial[145],2022-01-06,2022-01-09,2022-01-09,2000,wikipedia_tabela_11,Lula,54.0,0,16.0,https://en.wikipedia.org/wiki/Opinion_polling_for_the_2022_Brazilian_presidential_election
2022,1,Quaest/Genial[145],2022-01-06,2022-01-09,2022-01-09,2000,wikipedia_tabela_11,Bolsonaro,30.0,0,16.0,https://en.wikipedia.org/wiki/Opinion_polling_for_the_2022_Brazilian_presidential_election
2022,1,PoderData[146],2021-12-19,2021-12-21,2021-12-21,3000,wikipedia_tabela_11,Lula,54.0,0,12.0,https://en.wikipedia.org/wiki/Opinion_polling_for_the_2022_Brazilian_presidential_election
2022,1,PoderData[146],2021-12-19,2021-12-21,2021-12-21,3000,wikipedia_tabela_11,Bolsonaro,34.0,0,12.0,https://en.wikipedia.org/wiki/Opinion_polling_for_the_2022_Brazilian_presidential_election
2022,1,Ipespe[147],2021-12-14,2021-12-16,2021-12-16,1000,wikipedia_tabela_11,Lula,53.0,0,16.0,https://en.wikipedia.org/wiki/Opinion_polling_for_the_2022_Brazilian_presidential_election
2022,1,Ipespe[147],2021-12-14,2021-12-16,2021-12-16,1000,wikipedia_tabela_11,Bolsonaro,31.0,0,16.0,https://en.wikipedia.org/wiki/Opinion_polling_for_the_2022_Brazilian_presidential_election
2022,1,Ipespe[157],2021-11-22,2021-11-24,2021-11-24,1000,wikipedia_tabela_11,Lula,52.0,0,16.0,https://en.wikipedia.org/wiki/Opinion_polling_for_the_2022_Brazilian_presidential_election
2022,1,Ipespe[157],2021-11-22,2021-11-24,2021-11-24,1000,wikipedia_tabela_11,Bolsonaro,32.0,0,16.0,https://en.wikipedia.org/wiki/Opinion_polling_for_the_2022_Brazilian_presidential_election
2022,1,PoderData[158],2021-11-22,2021-11-24,2021-11-24,2500,wikipedia_tabela_11,Lula,54.0,0,15.0,https://en.wikipedia.org/wiki/Opinion_polling_for_the_2022_Brazilian_presidential_election
2022,1,PoderData[158],2021-11-22,2021-11-24,2021-11-24,2500,wikipedia_tabela_11,Bolsonaro,31.0,0,15.0,https://en.wikipedia.org/wiki/Opinion_polling_for_the_2022_Brazilian_presidential_election
2022,1,Paraná Pesquisas[160],2021-11-16,2021-11-19,2021-11-19,2020,wikipedia_tabela_11,Lula,42.5,0,21.9,https://en.wikipedia.org/wiki/Opinion_polling_for_the_2022_Brazilian_presidential_election
2022,1,Paraná Pesquisas[160],2021-11-16,2021-11-19,2021-11-19,2020,wikipedia_tabela_11,Bolsonaro,35.6,0,21.9,https://en.wikipedia.org/wiki/Opinion_polling_for_the_2022_Brazilian_presidential_election
2022,1,Ponteio Política[161],2021-11-16,2021-11-18,2021-11-18,1000,wikipedia_tabela_11,Lula,50.0,0,18.0,https://en.wikipedia.org/wiki/Opinion_polling_for_the_2022_Brazilian_presidential_election
2022,1,Ponteio Política[161],2021-11-16,2021-11-18,2021-11-18,1000,wikipedia_tabela_11,Bolsonaro,32.0,0,18.0,https://en.wikipedia.org/wiki/Opinion_polling_for_the_2022_Brazilian_presidential_election
2022,1,Exame/Ideia[162],2021-11-09,2021-11-11,2021-11-11,1200,wikipedia_tabela_11,Lula,48.0,0,21.0,https://en.wikipedia.org/wiki/Opinion_polling_for_the_2022_Brazilian_presidential_election
2022,1,Exame/Ideia[162],2021-11-09,2021-11-11,2021-11-11,1200,wikipedia_tabela_11,Bolsonaro,31.0,0,21.0,https://en.wikipedia.org/wiki/Opinion_polling_for_the_2022_Brazilian_presidential_election
2022,1,Quaest/Genial[163],2021-11-03,2021-11-06,2021-11-06,2063,wikipedia_tabela_11,Lula,57.0,0,13.0,https://en.wikipedia.org/wiki/Opinion_polling_for_the_2022_Brazilian_presidential_election
2022,1,Quaest/Genial[163],2021-11-03,2021-11-06,2021-11-06,2063,wikipedia_tabela_11,Bolsonaro,27.0,0,13.0,https://en.wikipedia.org/wiki/Opinion_polling_for_the_2022_Brazilian_presidential_election
2022,1,XP/Ipespe[279],2021-10-25,2021-10-28,2021-10-28,1000,wikipedia_tabela_11,Lula,50.0,0,18.0,https://en.wikipedia.org/wiki/Opinion_polling_for_the_2022_Brazilian_presidential_election
2022,1,XP/Ipespe[279],2021-10-25,2021-10-28,2021-10-28,1000,wikipedia_tabela_11,Bolsonaro,32.0,0,18.0,https://en.wikipedia.org/wiki/Opinion_polling_for_the_2022_Brazilian_presidential_election
2022,1,PoderData[166],2021-10-25,2021-10-27,2021-10-27,2500,wikipedia_tabela_11,Lula,52.0,0,11.0,https://en.wikipedia.org/wiki/Opinion_polling_for_the_2022_Brazilian_presidential_election
2022,1,PoderData[166],2021-10-25,2021-10-27,2021-10-27,2500,wikipedia_tabela_11,Bolsonaro,37.0,0,11.0,https://en.wikipedia.org/wiki/Opinion_polling_for_the_2022_Brazilian_presidential_election
2022,1,PoderData[170],2021-09-27,2021-09-29,2021-09-29,2500,wikipedia_tabela_11,Lula,56.0,0,11.0,https://en.wikipedia.org/wiki/Opinion_polling_for_the_2022_Brazilian_presidential_election
2022,1,PoderData[170],2021-09-27,2021-09-29,2021-09-29,2500,wikipedia_tabela_11,Bolsonaro,33.0,0,11.0,https://en.wikipedia.org/wiki/Opinion_polling_for_the_2022_Brazilian_presidential_election
2022,1,Datatempo[173],2021-09-09,2021-09-15,2021-09-15,2025,wikipedia_tabela_11,Lula,53.1,0,16.8,https://en.wikipedia.org/wiki/Opinion_polling_for_the_2022_Brazilian_presidential_election
2022,1,Datatempo[173],2021-09-09,2021-09-15,2021-09-15,2025,wikipedia_tabela_11,Bolsonaro,30.1,0,16.8,https://en.wikipedia.org/wiki/Opinion_polling_for_the_2022_Brazilian_presidential_election
2022,1,Datafolha[174],2021-09-13,2021-09-15,2021-09-15,3667,wikipedia_tabela_11,Lula,56.0,0,14.0,https://en.wikipedia.org/wiki/Opinion_polling_for_the_2022_Brazilian_presidential_election
2022,1,Datafolha[174],2021-09-13,2021-09-15,2021-09-15,3667,wikipedia_tabela_11,Bolsonaro,31.0,0,14.0,https://en.wikipedia.org/wiki/Opinion_polling_for_the_2022_Brazilian_presidential_election
2022,1,PoderData[176],2021-09-30,2021-09-01,2021-09-01,2500,wikipedia_tabela_11,Lula,55.0,0,15.0,https://en.wikipedia.org/wiki/Opinion_polling_for_the_2022_Brazilian_presidential_election
2022,1,PoderData[176],2021-09-30,2021-09-01,2021-09-01,2500,wikipedia_tabela_11,Bolsonaro,30.0,0,15.0,https://en.wikipedia.org/wiki/Opinion_polling_for_the_2022_Brazilian_presidential_election
2022,1,Quaest/Genial[177],2021-08-26,2021-08-29,2021-08-29,2000,wikipedia_tabela_11,Lula,55.0,0,15.0,https://en.wikipedia.org/wiki/Opinion_polling_for_the_2022_Brazilian_presidential_election
2022,1,Quaest/Genial[177],2021-08-26,2021-08-29,2021-08-29,2000,wikipedia_tabela_11,Bolsonaro,30.0,0,15.0,https://en.wikipedia.org/wiki/Opinion_polling_for_the_2022_Brazilian_presidential_election
2022,1,XP/Ipespe[178],2021-08-11,2021-08-14,2021-08-14,1000,wikipedia_tabela_11,Lula,51.0,0,17.0,https://en.wikipedia.org/wiki/Opinion_polling_for_the_2022_Brazilian_presidential_election
2022,1,XP/Ipespe[178],2021-08-11,2021-08-14,2021-08-14,1000,wikipedia_tabela_11,Bolsonaro,32.0,0,17.0,https://en.wikipedia.org/wiki/Opinion_polling_for_the_2022_Brazilian_presidential_election
2022,1,PoderData[179],2021-08-02,2021-08-04,2021-08-04,2500,wikipedia_tabela_11,Lula,52.0,0,16.0,https://en.wikipedia.org/wiki/Opinion_polling_for_the_2022_Brazilian_presidential_election
2022,1,PoderData[179],2021-08-02,2021-08-04,2021-08-04,2500,wikipedia_tabela_11,Bolsonaro,32.0,0,16.0,https://en.wikipedia.org/wiki/Opinion_polling_for_the_2022_Brazilian_presidential_election
2022,1,XP/Ipespe[183],2021-07-05,2021-07-07,2021-07-07,1000,wikipedia_tabela_11,Lula,49.0,0,17.0,https://en.wikipedia.org/wiki/Opinion_polling_for_the_2022_Brazilian_presidential_election
2022,1,XP/Ipespe[183],2021-07-05,2021-07-07,2021-07-07,1000,wikipedia_tabela_11,Bolsonaro,35.0,0,17.0,https://en.wikipedia.org/wiki/Opinion_polling_for_the_2022_Brazilian_presidential_election
2022,1,Datafolha[182],2022-07-07,2022-07-08,2022-07-08,2074,wikipedia_tabela_12,Lula,58.0,0,11.0,https://en.wikipedia.org/wiki/Opinion_polling_for_the_2022_Brazilian_presidential_election
2022,1,Datafolha[182],2022-07-07,2022-07-08,2022-07-08,2074,wikipedia_tabela_12,Bolsonaro,31.0,0,11.0,https://en.wikipedia.org/wiki/Opinion_polling_for_the_2022_Brazilian_presidential_election
2022,1,Datafolha[182],2022-07-07,2022-07-08,2022-07-08,2074,wikipedia_tabela_12,Lula,56.0,0,21.0,https://en.wikipedia.org/wiki/Opinion_polling_for_the_2022_Brazilian_presidential_election
2022,1,Vox Populi[188],2022-05-12,2022-05-16,2022-05-16,2000,wikipedia_tabela_12,Lula,55.0,0,17.0,https://en.wikipedia.org/wiki/Opinion_polling_for_the_2022_Brazilian_presidential_election
2022,1,Vox Populi[188],2022-05-12,2022-05-16,2022-05-16,2000,wikipedia_tabela_12,Bolsonaro,28.0,0,17.0,https://en.wikipedia.org/wiki/Opinion_polling_for_the_2022_Brazilian_presidential_election
2022,1,Vox Populi[188],2022-05-12,2022-05-16,2022-05-16,2000,wikipedia_tabela_12,Lula,52.0,0,29.0,https://en.wikipedia.org/wiki/Opinion_polling_for_the_2022_Brazilian_presidential_election
2022,1,Vox Populi[188],2022-05-12,2022-05-16,2022-05-16,2000,wikipedia_tabela_12,Gomes,19.0,0,29.0,https://en.wikipedia.org/wiki/Opinion_polling_for_the_2022_Brazilian_presidential_election
2022,1,Vox Populi[188],2022-05-12,2022-05-16,2022-05-16,2000,wikipedia_tabela_12,Lula,56.0,0,30.0,https://en.wikipedia.org/wiki/Opinion_polling_for_the_2022_Brazilian_presidential_election
2022,1,Datafolha[189],2022-05-11,2022-05-12,2022-05-12,2071,wikipedia_tabela_12,Lula,55.0,0,13.0,https://en.wikipedia.org/wiki/Opinion_polling_for_the_2022_Brazilian_presidential_election
2022,1,Datafolha[189],2022-05-11,2022-05-12,2022-05-12,2071,wikipedia_tabela_12,Bolsonaro,32.0,0,13.0,https://en.wikipedia.org/wiki/Opinion_polling_for_the_2022_Brazilian_presidential_election
2022,1,Datafolha[189],2022-05-11,2022-05-12,2022-05-12,2071,wikipedia_tabela_12,Lula,53.0,0,14.0,https://en.wikipedia.org/wiki/Opinion_polling_for_the_2022_Brazilian_presidential_election
2022,1,Datafolha[189],2022-05-11,2022-05-12,2022-05-12,2071,wikipedia_tabela_12,Lula,57.0,0,22.0,https://en.wikipedia.org/wiki/Opinion_polling_for_the_2022_Brazilian_presidential_election
2022,1,Datafolha[189],2022-05-11,2022-05-12,2022-05-12,2071,wikipedia_tabela_12,Bolsonaro,36.0,0,17.0,https://en.wikipedia.org/wiki/Opinion_polling_for_the_2022_Brazilian_presidential_election
2022,1,Datafolha[189],2022-05-11,2022-05-12,2022-05-12,2071,wikipedia_tabela_12,Gomes,48.0,0,17.0,https://en.wikipedia.org/wiki/Opinion_polling_for_the_2022_Brazilian_presidential_election
2022,1,Datafolha[189],2022-05-11,2022-05-12,2022-05-12,2071,wikipedia_tabela_12,Bolsonaro,39.0,0,22.0,https://en.wikipedia.org/wiki/Opinion_polling_for_the_2022_Brazilian_presidential_election
2022,1,Exame/Ideia[190],2022-04-19,2022-04-22,2022-04-22,1200,wikipedia_tabela_12,Lula,40.0,0,23.0,https://en.wikipedia.org/wiki/Opinion_polling_for_the_2022_Brazilian_presidential_election
2022,1,Exame/Ideia[190],2022-04-19,2022-04-22,2022-04-22,1200,wikipedia_tabela_12,Bolsonaro,38.0,0,23.0,https://en.wikipedia.org/wiki/Opinion_polling_for_the_2022_Brazilian_presidential_election
2022,1,PoderData[191],2022-04-12,2022-04-14,2022-04-14,3500,wikipedia_tabela_12,Lula,52.0,0,14.0,https://en.wikipedia.org/wiki/Opinion_polling_for_the_2022_Brazilian_presidential_election
2022,1,PoderData[191],2022-04-12,2022-04-14,2022-04-14,3500,wikipedia_tabela_12,Bolsonaro,34.0,0,14.0,https://en.wikipedia.org/wiki/Opinion_polling_for_the_2022_Brazilian_presidential_election
2022,1,PoderData[191],2022-04-12,2022-04-14,2022-04-14,3500,wikipedia_tabela_12,Bolsonaro,35.0,0,17.0,https://en.wikipedia.org/wiki/Opinion_polling_for_the_2022_Brazilian_presidential_election
2022,1,PoderData[191],2022-04-12,2022-04-14,2022-04-14,3500,wikipedia_tabela_12,Bolsonaro,38.0,0,25.0,https://en.wikipedia.org/wiki/Opinion_polling_for_the_2022_Brazilian_presidential_election
2022,1,PoderData[191],2022-04-12,2022-04-14,2022-04-14,3500,wikipedia_tabela_12,Bolsonaro,38.0,0,25.0,https://en.wikipedia.org/wiki/Opinion_polling_for_the_2022_Brazilian_presidential_election
2022,1,PoderData[191],2022-04-12,2022-04-14,2022-04-14,3500,wikipedia_tabela_12,Bolsonaro,38.0,0,24.0,https://en.wikipedia.org/wiki/Opinion_polling_for_the_2022_Brazilian_presidential_election
2022,1,PoderData[191],2022-04-12,2022-04-14,2022-04-14,3500,wikipedia_tabela_12,Gomes,38.0,0,24.0,https://en.wikipedia.org/wiki/Opinion_polling_for_the_2022_Brazilian_presidential_election
2022,1,XP/Ipespe[192],2022-03-29,2022-03-31,2022-03-31,1000,wikipedia_tabela_12,Lula,41.0,0,20.0,https://en.wikipedia.org/wiki/Opinion_polling_for_the_2022_Brazilian_presidential_election
2022,1,XP/Ipespe[192],2022-03-29,2022-03-31,2022-03-31,1000,wikipedia_tabela_12,Bolsonaro,38.0,0,20.0,https://en.wikipedia.org/wiki/Opinion_polling_for_the_2022_Brazilian_presidential_election
2022,1,XP/Ipespe[192],2022-03-29,2022-03-31,2022-03-31,1000,wikipedia_tabela_12,Bolsonaro,30.0,0,40.0,https://en.wikipedia.org/wiki/Opinion_polling_for_the_2022_Brazilian_presidential_election
2022,1,XP/Ipespe[192],2022-03-29,2022-03-31,2022-03-31,1000,wikipedia_tabela_12,Bolsonaro,38.0,0,33.0,https://en.wikipedia.org/wiki/Opinion_polling_for_the_2022_Brazilian_presidential_election
2022,1,XP/Ipespe[192],2022-03-29,2022-03-31,2022-03-31,1000,wikipedia_tabela_12,Gomes,38.0,0,33.0,https://en.wikipedia.org/wiki/Opinion_polling_for_the_2022_Brazilian_presidential_election
2022,1,XP/Ipespe[192],2022-03-29,2022-03-31,2022-03-31,1000,wikipedia_tabela_12,Bolsonaro,35.0,0,33.0,https://en.wikipedia.org/wiki/Opinion_polling_for_the_2022_Brazilian_presidential_election
2022,1,XP/Ipespe[192],2022-03-29,2022-03-31,2022-03-31,1000,wikipedia_tabela_12,Bolsonaro,38.0,0,32.0,https://en.wikipedia.org/wiki/Opinion_polling_for_the_2022_Brazilian_presidential_election
2022,1,XP/Ipespe[192],2022-03-29,2022-03-31,2022-03-31,1000,wikipedia_tabela_12,Bolsonaro,37.0,0,33.0,https://en.wikipedia.org/wiki/Opinion_polling_for_the_2022_Brazilian_presidential_election
2022,1,XP/Ipespe[192],2022-03-29,2022-03-31,2022-03-31,1000,wikipedia_tabela_12,Lula,41.0,0,23.0,https://en.wikipedia.org/wiki/Opinion_polling_for_the_2022_Brazilian_presidential_election
2022,1,PoderData[193],2022-03-15,2022-03-17,2022-03-17,3500,wikipedia_tabela_12,Lula,41.0,0,23.0,https://en.wikipedia.org/wiki/Opinion_polling_for_the_2022_Brazilian_presidential_election
2022,1,PoderData[193],2022-03-15,2022-03-17,2022-03-17,3500,wikipedia_tabela_12,Bolsonaro,36.0,0,23.0,https://en.wikipedia.org/wiki/Opinion_polling_for_the_2022_Brazilian_presidential_election
2022,1,PoderData[193],2022-03-15,2022-03-17,2022-03-17,3500,wikipedia_tabela_12,Bolsonaro,34.0,0,27.0,https://en.wikipedia.org/wiki/Opinion_polling_for_the_2022_Brazilian_presidential_election
2022,1,PoderData[193],2022-03-15,2022-03-17,2022-03-17,3500,wikipedia_tabela_12,Gomes,39.0,0,27.0,https://en.wikipedia.org/wiki/Opinion_polling_for_the_2022_Brazilian_presidential_election
2022,1,PoderData[193],2022-03-15,2022-03-17,2022-03-17,3500,wikipedia_tabela_12,Bolsonaro,37.0,0,23.0,https://en.wikipedia.org/wiki/Opinion_polling_for_the_2022_Brazilian_presidential_election
2022,1,PoderData[193],2022-03-15,2022-03-17,2022-03-17,3500,wikipedia_tabela_12,Bolsonaro,41.0,0,28.0,https://en.wikipedia.org/wiki/Opinion_polling_for_the_2022_Brazilian_presidential_election
2022,1,PoderData[193],2022-03-15,2022-03-17,2022-03-17,3500,wikipedia_tabela_12,Bolsonaro,38.0,0,31.0,https://en.wikipedia.org/wiki/Opinion_polling_for_the_2022_Brazilian_presidential_election
2022,1,Revista Fórum/Offerwise[194],2022-03-11,2022-03-15,2022-03-15,1000,wikipedia_tabela_12,Lula,38.0,0,28.3,https://en.wikipedia.org/wiki/Opinion_polling_for_the_2022_Brazilian_presidential_election
2022,1,Revista Fórum/Offerwise[194],2022-03-11,2022-03-15,2022-03-15,1000,wikipedia_tabela_12,Bolsonaro,33.8,0,28.3,https://en.wikipedia.org/wiki/Opinion_polling_for_the_2022_Brazilian_presidential_election
2022,1,Revista Fórum/Offerwise[194],2022-03-11,2022-03-15,2022-03-15,1000,wikipedia_tabela_12,Lula,33.6,0,49.6,https://en.wikipedia.org/wiki/Opinion_polling_for_the_2022_Brazilian_presidential_election
2022,1,Revista Fórum/Offerwise[194],2022-03-11,2022-03-15,2022-03-15,1000,wikipedia_tabela_12,Gomes,16.7,0,49.6,https://en.wikipedia.org/wiki/Opinion_polling_for_the_2022_Brazilian_presidential_election
2022,1,Revista Fórum/Offerwise[194],2022-03-11,2022-03-15,2022-03-15,1000,wikipedia_tabela_12,Lula,36.9,0,49.8,https://en.wikipedia.org/wiki/Opinion_polling_for_the_2022_Brazilian_presidential_election
2022,1,Revista Fórum/Offerwise[194],2022-03-11,2022-03-15,2022-03-15,1000,wikipedia_tabela_12,Lula,35.4,0,47.2,https://en.wikipedia.org/wiki/Opinion_polling_for_the_2022_Brazilian_presidential_election
2022,1,Revista Fórum/Offerwise[194],2022-03-11,2022-03-15,2022-03-15,1000,wikipedia_tabela_12,Lula,35.7,0,39.8,https://en.wikipedia.org/wiki/Opinion_polling_for_the_2022_Brazilian_presidential_election
2022,1,XP/Ipespe[195],2022-03-09,2022-03-11,2022-03-11,1000,wikipedia_tabela_12,Lula,40.0,0,19.0,https://en.wikipedia.org/wiki/Opinion_polling_for_the_2022_Brazilian_presidential_election
2022,1,XP/Ipespe[195],2022-03-09,2022-03-11,2022-03-11,1000,wikipedia_tabela_12,Bolsonaro,41.0,0,19.0,https://en.wikipedia.org/wiki/Opinion_polling_for_the_2022_Brazilian_presidential_election
2022,1,XP/Ipespe[195],2022-03-09,2022-03-11,2022-03-11,1000,wikipedia_tabela_12,Bolsonaro,40.0,0,24.0,https://en.wikipedia.org/wiki/Opinion_polling_for_the_2022_Brazilian_presidential_election
2022,1,XP/Ipespe[195],2022-03-09,2022-03-11,2022-03-11,1000,wikipedia_tabela_12,Bolsonaro,31.0,0,35.0,https://en.wikipedia.org/wiki/Opinion_polling_for_the_2022_Brazilian_presidential_election
2022,1,XP/Ipespe[195],2022-03-09,2022-03-11,2022-03-11,1000,wikipedia_tabela_12,Bolsonaro,37.0,0,30.0,https://en.wikipedia.org/wiki/Opinion_polling_for_the_2022_Brazilian_presidential_election
2022,1,XP/Ipespe[195],2022-03-09,2022-03-11,2022-03-11,1000,wikipedia_tabela_12,Bolsonaro,39.0,0,25.0,https://en.wikipedia.org/wiki/Opinion_polling_for_the_2022_Brazilian_presidential_election
2022,1,XP/Ipespe[195],2022-03-09,2022-03-11,2022-03-11,1000,wikipedia_tabela_12,Gomes,37.0,0,25.0,https://en.wikipedia.org/wiki/Opinion_polling_for_the_2022_Brazilian_presidential_election
2022,1,XP/Ipespe[195],2022-03-09,2022-03-11,2022-03-11,1000,wikipedia_tabela_12,Bolsonaro,40.0,0,30.0,https://en.wikipedia.org/wiki/Opinion_polling_for_the_2022_Brazilian_presidential_election
2022,1,XP/Ipespe[195],2022-03-09,2022-03-11,2022-03-11,1000,wikipedia_tabela_12,Bolsonaro,39.0,0,32.0,https://en.wikipedia.org/wiki/Opinion_polling_for_the_2022_Brazilian_presidential_election
2022,1,Exame/Ideia[196],2022-03-10,2022-03-11,2022-03-11,1000,wikipedia_tabela_12,Lula,37.0,0,19.0,https://en.wikipedia.org/wiki/Opinion_polling_for_the_2022_Brazilian_presidential_election
2022,1,Exame/Ideia[196],2022-03-10,2022-03-11,2022-03-11,1000,wikipedia_tabela_12,Bolsonaro,44.0,0,19.0,https://en.wikipedia.org/wiki/Opinion_polling_for_the_2022_Brazilian_presidential_election
2022,1,Exame/Ideia[196],2022-03-10,2022-03-11,2022-03-11,1000,wikipedia_tabela_12,Bolsonaro,45.0,0,21.0,https://en.wikipedia.org/wiki/Opinion_polling_for_the_2022_Brazilian_presidential_election
2022,1,Exame/Ideia[196],2022-03-10,2022-03-11,2022-03-11,1000,wikipedia_tabela_12,Gomes,34.0,0,21.0,https://en.wikipedia.org/wiki/Opinion_polling_for_the_2022_Brazilian_presidential_election
2022,1,Exame/Ideia[196],2022-03-10,2022-03-11,2022-03-11,1000,wikipedia_tabela_12,Bolsonaro,47.0,0,26.0,https://en.wikipedia.org/wiki/Opinion_polling_for_the_2022_Brazilian_presidential_election
2022,1,Exame/Ideia[196],2022-03-10,2022-03-11,2022-03-11,1000,wikipedia_tabela_12,Bolsonaro,46.0,0,17.0,https://en.wikipedia.org/wiki/Opinion_polling_for_the_2022_Brazilian_presidential_election
2022,1,CNN Brasil/Real Time Big Data[198],2022-03-08,2022-03-09,2022-03-09,1200,wikipedia_tabela_12,Lula,39.0,0,18.0,https://en.wikipedia.org/wiki/Opinion_polling_for_the_2022_Brazilian_presidential_election
2022,1,CNN Brasil/Real Time Big Data[198],2022-03-08,2022-03-09,2022-03-09,1200,wikipedia_tabela_12,Bolsonaro,43.0,0,18.0,https://en.wikipedia.org/wiki/Opinion_polling_for_the_2022_Brazilian_presidential_election
2022,1,CNN Brasil/Real Time Big Data[198],2022-03-08,2022-03-09,2022-03-09,1200,wikipedia_tabela_12,Bolsonaro,43.0,0,21.0,https://en.wikipedia.org/wiki/Opinion_polling_for_the_2022_Brazilian_presidential_election
2022,1,CNN Brasil/Real Time Big Data[198],2022-03-08,2022-03-09,2022-03-09,1200,wikipedia_tabela_12,Gomes,36.0,0,21.0,https://en.wikipedia.org/wiki/Opinion_polling_for_the_2022_Brazilian_presidential_election
2022,1,CNN Brasil/Real Time Big Data[198],2022-03-08,2022-03-09,2022-03-09,1200,wikipedia_tabela_12,Bolsonaro,41.0,0,21.0,https://en.wikipedia.org/wiki/Opinion_polling_for_the_2022_Brazilian_presidential_election
2022,1,CNN Brasil/Real Time Big Data[198],2022-03-08,2022-03-09,2022-03-09,1200,wikipedia_tabela_12,Bolsonaro,46.0,0,23.0,https://en.wikipedia.org/wiki/Opinion_polling_for_the_2022_Brazilian_presidential_election
2022,1,Exame/Ideia[201],2022-01-24,2022-01-28,2022-01-28,1200,wikipedia_tabela_12,Lula,28.0,0,26.0,https://en.wikipedia.org/wiki/Opinion_polling_for_the_2022_Brazilian_presidential_election
2022,1,Exame/Ideia[201],2022-01-24,2022-01-28,2022-01-28,1200,wikipedia_tabela_12,Bolsonaro,45.0,0,26.0,https://en.wikipedia.org/wiki/Opinion_polling_for_the_2022_Brazilian_presidential_election
2022,1,Exame/Ideia[201],2022-01-24,2022-01-28,2022-01-28,1200,wikipedia_tabela_12,Bolsonaro,41.0,0,26.0,https://en.wikipedia.org/wiki/Opinion_polling_for_the_2022_Brazilian_presidential_election
2022,1,Exame/Ideia[201],2022-01-24,2022-01-28,2022-01-28,1200,wikipedia_tabela_12,Gomes,34.0,0,26.0,https://en.wikipedia.org/wiki/Opinion_polling_for_the_2022_Brazilian_presidential_election
2022,1,Exame/Ideia[201],2022-01-24,2022-01-28,2022-01-28,1200,wikipedia_tabela_12,Bolsonaro,45.0,0,24.0,https://en.wikipedia.org/wiki/Opinion_polling_for_the_2022_Brazilian_presidential_election
2022,1,Exame/Ideia[201],2022-01-24,2022-01-28,2022-01-28,1200,wikipedia_tabela_12,Bolsonaro,41.0,0,21.0,https://en.wikipedia.org/wiki/Opinion_polling_for_the_2022_Brazilian_presidential_election
2022,1,Paraná Pesquisas[202],2022-01-22,2022-01-26,2022-01-26,2002,wikipedia_tabela_12,Lula,35.7,0,21.9,https://en.wikipedia.org/wiki/Opinion_polling_for_the_2022_Brazilian_presidential_election
2022,1,Paraná Pesquisas[202],2022-01-22,2022-01-26,2022-01-26,2002,wikipedia_tabela_12,Bolsonaro,42.4,0,21.9,https://en.wikipedia.org/wiki/Opinion_polling_for_the_2022_Brazilian_presidential_election
2022,1,Paraná Pesquisas[202],2022-01-22,2022-01-26,2022-01-26,2002,wikipedia_tabela_12,Bolsonaro,39.1,0,23.3,https://en.wikipedia.org/wiki/Opinion_polling_for_the_2022_Brazilian_presidential_election
2022,1,Paraná Pesquisas[202],2022-01-22,2022-01-26,2022-01-26,2002,wikipedia_tabela_12,Bolsonaro,43.7,0,22.1,https://en.wikipedia.org/wiki/Opinion_polling_for_the_2022_Brazilian_presidential_election
2022,1,Paraná Pesquisas[202],2022-01-22,2022-01-26,2022-01-26,2002,wikipedia_tabela_12,Gomes,34.3,0,22.1,https://en.wikipedia.org/wiki/Opinion_polling_for_the_2022_Brazilian_presidential_election
2022,1,Paraná Pesquisas[202],2022-01-22,2022-01-26,2022-01-26,2002,wikipedia_tabela_12,Bolsonaro,44.9,0,25.8,https://en.wikipedia.org/wiki/Opinion_polling_for_the_2022_Brazilian_presidential_election
2022,1,Paraná Pesquisas[202],2022-01-22,2022-01-26,2022-01-26,2002,wikipedia_tabela_12,Bolsonaro,42.7,0,24.1,https://en.wikipedia.org/wiki/Opinion_polling_for_the_2022_Brazilian_presidential_election
2022,1,XP/Ipespe[204],2022-01-11,2022-01-14,2022-01-14,1000,wikipedia_tabela_12,Bolsonaro,38.0,0,28.0,https://en.wikipedia.org/wiki/Opinion_polling_for_the_2022_Brazilian_presidential_election
2022,1,XP/Ipespe[204],2022-01-11,2022-01-14,2022-01-14,1000,wikipedia_tabela_12,Bolsonaro,33.0,0,31.0,https://en.wikipedia.org/wiki/Opinion_polling_for_the_2022_Brazilian_presidential_election
2022,1,XP/Ipespe[204],2022-01-11,2022-01-14,2022-01-14,1000,wikipedia_tabela_12,Bolsonaro,40.0,0,23.0,https://en.wikipedia.org/wiki/Opinion_polling_for_the_2022_Brazilian_presidential_election
2022,1,XP/Ipespe[204],2022-01-11,2022-01-14,2022-01-14,1000,wikipedia_tabela_12,Gomes,37.0,0,23.0,https://en.wikipedia.org/wiki/Opinion_polling_for_the_2022_Brazilian_presidential_election
2022,1,XP/Ipespe[204],2022-01-11,2022-01-14,2022-01-14,1000,wikipedia_tabela_12,Bolsonaro,44.0,0,25.0,https://en.wikipedia.org/wiki/Opinion_polling_for_the_2022_Brazilian_presidential_election
2022,1,XP/Ipespe[204],2022-01-11,2022-01-14,2022-01-14,1000,wikipedia_tabela_12,Bolsonaro,42.0,0,22.0,https://en.wikipedia.org/wiki/Opinion_polling_for_the_2022_Brazilian_presidential_election
2022,1,PoderData[205],2022-12-21,2022-12-23,2022-12-23,2500,wikipedia_tabela_13,Bolsonaro,44.0,0,18.0,https://en.wikipedia.org/wiki/Opinion_polling_for_the_2022_Brazilian_presidential_election
2022,1,PoderData[205],2022-12-21,2022-12-23,2022-12-23,2500,wikipedia_tabela_13,Bolsonaro,43.0,0,21.0,https://en.wikipedia.org/wiki/Opinion_polling_for_the_2022_Brazilian_presidential_election
2022,1,PoderData[205],2022-12-21,2022-12-23,2022-12-23,2500,wikipedia_tabela_13,Bolsonaro,44.0,0,21.0,https://en.wikipedia.org/wiki/Opinion_polling_for_the_2022_Brazilian_presidential_election
2022,1,PoderData[205],2022-12-21,2022-12-23,2022-12-23,2500,wikipedia_tabela_13,Gomes,35.0,0,21.0,https://en.wikipedia.org/wiki/Opinion_polling_for_the_2022_Brazilian_presidential_election
2022,1,PoderData[205],2022-12-21,2022-12-23,2022-12-23,2500,wikipedia_tabela_13,Bolsonaro,46.0,0,20.0,https://en.wikipedia.org/wiki/Opinion_polling_for_the_2022_Brazilian_presidential_election
2022,1,PoderData[205],2022-12-21,2022-12-23,2022-12-23,2500,wikipedia_tabela_13,Bolsonaro,48.0,0,17.0,https://en.wikipedia.org/wiki/Opinion_polling_for_the_2022_Brazilian_presidential_election
2022,1,PoderData[205],2022-12-21,2022-12-23,2022-12-23,2500,wikipedia_tabela_13,Bolsonaro,46.0,0,23.0,https://en.wikipedia.org/wiki/Opinion_polling_for_the_2022_Brazilian_presidential_election
2022,1,XP/Ipespe[206],2022-12-07,2022-12-09,2022-12-09,1000,wikipedia_tabela_13,Bolsonaro,36.0,0,30.0,https://en.wikipedia.org/wiki/Opinion_polling_for_the_2022_Brazilian_presidential_election
2022,1,XP/Ipespe[206],2022-12-07,2022-12-09,2022-12-09,1000,wikipedia_tabela_13,Bolsonaro,45.0,0,21.0,https://en.wikipedia.org/wiki/Opinion_polling_for_the_2022_Brazilian_presidential_election
2022,1,XP/Ipespe[206],2022-12-07,2022-12-09,2022-12-09,1000,wikipedia_tabela_13,Bolsonaro,40.0,0,27.0,https://en.wikipedia.org/wiki/Opinion_polling_for_the_2022_Brazilian_presidential_election
2022,1,XP/Ipespe[206],2022-12-07,2022-12-09,2022-12-09,1000,wikipedia_tabela_13,Bolsonaro,43.0,0,22.0,https://en.wikipedia.org/wiki/Opinion_polling_for_the_2022_Brazilian_presidential_election
2022,1,XP/Ipespe[206],2022-12-07,2022-12-09,2022-12-09,1000,wikipedia_tabela_13,Gomes,36.0,0,22.0,https://en.wikipedia.org/wiki/Opinion_polling_for_the_2022_Brazilian_presidential_election
2022,1,XP/Ipespe[206],2022-12-07,2022-12-09,2022-12-09,1000,wikipedia_tabela_13,Bolsonaro,47.0,0,22.0,https://en.wikipedia.org/wiki/Opinion_polling_for_the_2022_Brazilian_presidential_election
2022,1,Exame/Ideia[207],2022-11-30,2022-12-03,2022-12-03,1200,wikipedia_tabela_13,Lula,32.0,0,31.0,https://en.wikipedia.org/wiki/Opinion_polling_for_the_2022_Brazilian_presidential_election
2022,1,Exame/Ideia[207],2022-11-30,2022-12-03,2022-12-03,1200,wikipedia_tabela_13,Bolsonaro,37.0,0,31.0,https://en.wikipedia.org/wiki/Opinion_polling_for_the_2022_Brazilian_presidential_election
2022,1,Exame/Ideia[207],2022-11-30,2022-12-03,2022-12-03,1200,wikipedia_tabela_13,Bolsonaro,44.0,0,27.0,https://en.wikipedia.org/wiki/Opinion_polling_for_the_2022_Brazilian_presidential_election
2022,1,Exame/Ideia[207],2022-11-30,2022-12-03,2022-12-03,1200,wikipedia_tabela_13,Bolsonaro,38.0,0,40.0,https://en.wikipedia.org/wiki/Opinion_polling_for_the_2022_Brazilian_presidential_election
2022,1,Exame/Ideia[207],2022-11-30,2022-12-03,2022-12-03,1200,wikipedia_tabela_13,Bolsonaro,37.0,0,27.0,https://en.wikipedia.org/wiki/Opinion_polling_for_the_2022_Brazilian_presidential_election
2022,1,Exame/Ideia[207],2022-11-30,2022-12-03,2022-12-03,1200,wikipedia_tabela_13,Gomes,36.0,0,27.0,https://en.wikipedia.org/wiki/Opinion_polling_for_the_2022_Brazilian_presidential_election
2022,1,Exame/Ideia[207],2022-11-30,2022-12-03,2022-12-03,1200,wikipedia_tabela_13,Bolsonaro,36.0,0,32.0,https://en.wikipedia.org/wiki/Opinion_polling_for_the_2022_Brazilian_presidential_election
2022,1,Paraná Pesquisas[208],2022-11-28,2022-12-01,2022-12-01,2036,wikipedia_tabela_13,Lula,33.4,0,19.7,https://en.wikipedia.org/wiki/Opinion_polling_for_the_2022_Brazilian_presidential_election
2022,1,Paraná Pesquisas[208],2022-11-28,2022-12-01,2022-12-01,2036,wikipedia_tabela_13,Bolsonaro,47.0,0,19.7,https://en.wikipedia.org/wiki/Opinion_polling_for_the_2022_Brazilian_presidential_election
2022,1,Paraná Pesquisas[208],2022-11-28,2022-12-01,2022-12-01,2036,wikipedia_tabela_13,Bolsonaro,44.9,0,20.5,https://en.wikipedia.org/wiki/Opinion_polling_for_the_2022_Brazilian_presidential_election
2022,1,Paraná Pesquisas[208],2022-11-28,2022-12-01,2022-12-01,2036,wikipedia_tabela_13,Bolsonaro,48.5,0,20.6,https://en.wikipedia.org/wiki/Opinion_polling_for_the_2022_Brazilian_presidential_election
2022,1,Paraná Pesquisas[208],2022-11-28,2022-12-01,2022-12-01,2036,wikipedia_tabela_13,Gomes,31.0,0,20.6,https://en.wikipedia.org/wiki/Opinion_polling_for_the_2022_Brazilian_presidential_election
2022,1,Paraná Pesquisas[208],2022-11-28,2022-12-01,2022-12-01,2036,wikipedia_tabela_13,Bolsonaro,51.1,0,25.1,https://en.wikipedia.org/wiki/Opinion_polling_for_the_2022_Brazilian_presidential_election
2022,1,Paraná Pesquisas[208],2022-11-28,2022-12-01,2022-12-01,2036,wikipedia_tabela_13,Bolsonaro,48.6,0,21.7,https://en.wikipedia.org/wiki/Opinion_polling_for_the_2022_Brazilian_presidential_election
2022,1,XP/Ipespe[206],2022-11-18,2022-11-20,2022-11-20,1,wikipedia_tabela_13,Bolsonaro,33.0,0,28.0,https://en.wikipedia.org/wiki/Opinion_polling_for_the_2022_Brazilian_presidential_election
2022,1,XP/Ipespe[206],2022-11-18,2022-11-20,2022-11-20,1,wikipedia_tabela_13,Bolsonaro,43.0,0,20.0,https://en.wikipedia.org/wiki/Opinion_polling_for_the_2022_Brazilian_presidential_election
2022,1,XP/Ipespe[206],2022-11-18,2022-11-20,2022-11-20,1,wikipedia_tabela_13,Bolsonaro,40.0,0,27.0,https://en.wikipedia.org/wiki/Opinion_polling_for_the_2022_Brazilian_presidential_election
2022,1,XP/Ipespe[206],2022-11-18,2022-11-20,2022-11-20,1,wikipedia_tabela_13,Bolsonaro,42.0,0,19.0,https://en.wikipedia.org/wiki/Opinion_polling_for_the_2022_Brazilian_presidential_election
2022,1,XP/Ipespe[206],2022-11-18,2022-11-20,2022-11-20,1,wikipedia_tabela_13,Gomes,39.0,0,19.0,https://en.wikipedia.org/wiki/Opinion_polling_for_the_2022_Brazilian_presidential_election
2022,1,XP/Ipespe[206],2022-11-18,2022-11-20,2022-11-20,1,wikipedia_tabela_13,Bolsonaro,45.0,0,24.0,https://en.wikipedia.org/wiki/Opinion_polling_for_the_2022_Brazilian_presidential_election
2022,1,XP/Ipespe[209],2022-10-08,2022-10-11,2022-10-11,1000,wikipedia_tabela_13,Bolsonaro,42.0,0,28.0,https://en.wikipedia.org/wiki/Opinion_polling_for_the_2022_Brazilian_presidential_election
2022,1,XP/Ipespe[209],2022-10-08,2022-10-11,2022-10-11,1000,wikipedia_tabela_13,Bolsonaro,43.0,0,22.0,https://en.wikipedia.org/wiki/Opinion_polling_for_the_2022_Brazilian_presidential_election
2022,1,XP/Ipespe[209],2022-10-08,2022-10-11,2022-10-11,1000,wikipedia_tabela_13,Gomes,35.0,0,22.0,https://en.wikipedia.org/wiki/Opinion_polling_for_the_2022_Brazilian_presidential_election
2022,1,XP/Ipespe[209],2022-10-08,2022-10-11,2022-10-11,1000,wikipedia_tabela_13,Bolsonaro,42.0,0,30.0,https://en.wikipedia.org/wiki/Opinion_polling_for_the_2022_Brazilian_presidential_election
2022,1,XP/Ipespe[209],2022-10-08,2022-10-11,2022-10-11,1000,wikipedia_tabela_13,Bolsonaro,43.0,0,22.0,https://en.wikipedia.org/wiki/Opinion_polling_for_the_2022_Brazilian_presidential_election
2022,1,XP/Ipespe[209],2022-10-08,2022-10-11,2022-10-11,1000,wikipedia_tabela_13,Bolsonaro,35.0,0,29.0,https://en.wikipedia.org/wiki/Opinion_polling_for_the_2022_Brazilian_presidential_election
2022,1,Exame/Ideia[210],2022-10-05,2022-10-08,2022-10-08,1200,wikipedia_tabela_13,Lula,33.0,0,25.0,https://en.wikipedia.org/wiki/Opinion_polling_for_the_2022_Brazilian_presidential_election
2022,1,Exame/Ideia[210],2022-10-05,2022-10-08,2022-10-08,1200,wikipedia_tabela_13,Bolsonaro,43.0,0,25.0,https://en.wikipedia.org/wiki/Opinion_polling_for_the_2022_Brazilian_presidential_election
2022,1,Exame/Ideia[210],2022-10-05,2022-10-08,2022-10-08,1200,wikipedia_tabela_13,Bolsonaro,42.0,0,38.0,https://en.wikipedia.org/wiki/Opinion_polling_for_the_2022_Brazilian_presidential_election
2022,1,Exame/Ideia[210],2022-10-05,2022-10-08,2022-10-08,1200,wikipedia_tabela_13,Bolsonaro,41.0,0,25.0,https://en.wikipedia.org/wiki/Opinion_polling_for_the_2022_Brazilian_presidential_election
2022,1,PoderData[211],2022-09-14,2022-09-16,2022-09-16,2500,wikipedia_tabela_13,Bolsonaro,45.0,0,23.0,https://en.wikipedia.org/wiki/Opinion_polling_for_the_2022_Brazilian_presidential_election
2022,1,PoderData[211],2022-09-14,2022-09-16,2022-09-16,2500,wikipedia_tabela_13,Bolsonaro,48.0,0,19.0,https://en.wikipedia.org/wiki/Opinion_polling_for_the_2022_Brazilian_presidential_election
2022,1,PoderData[211],2022-09-14,2022-09-16,2022-09-16,2500,wikipedia_tabela_13,Gomes,33.0,0,19.0,https://en.wikipedia.org/wiki/Opinion_polling_for_the_2022_Brazilian_presidential_election
2022,1,PoderData[211],2022-09-14,2022-09-16,2022-09-16,2500,wikipedia_tabela_13,Bolsonaro,40.0,0,23.0,https://en.wikipedia.org/wiki/Opinion_polling_for_the_2022_Brazilian_presidential_election
2022,1,PoderData[211],2022-09-14,2022-09-16,2022-09-16,2500,wikipedia_tabela_13,Bolsonaro,45.0,0,17.0,https://en.wikipedia.org/wiki/Opinion_polling_for_the_2022_Brazilian_presidential_election
2022,1,PoderData[211],2022-09-14,2022-09-16,2022-09-16,2500,wikipedia_tabela_13,Lula,41.0,0,18.0,https://en.wikipedia.org/wiki/Opinion_polling_for_the_2022_Brazilian_presidential_election
2022,1,PoderData[211],2022-09-14,2022-09-16,2022-09-16,2500,wikipedia_tabela_13,Bolsonaro,41.0,0,18.0,https://en.wikipedia.org/wiki/Opinion_polling_for_the_2022_Brazilian_presidential_election
2022,1,Exame/Ideia[212],2022-08-24,2022-08-31,2022-08-31,1235,wikipedia_tabela_13,Lula,31.0,0,27.0,https://en.wikipedia.org/wiki/Opinion_polling_for_the_2022_Brazilian_presidential_election
2022,1,Exame/Ideia[212],2022-08-24,2022-08-31,2022-08-31,1235,wikipedia_tabela_13,Bolsonaro,42.0,0,27.0,https://en.wikipedia.org/wiki/Opinion_polling_for_the_2022_Brazilian_presidential_election
2022,1,Exame/Ideia[212],2022-08-24,2022-08-31,2022-08-31,1235,wikipedia_tabela_13,Bolsonaro,41.0,0,42.0,https://en.wikipedia.org/wiki/Opinion_polling_for_the_2022_Brazilian_presidential_election
2022,1,Exame/Ideia[212],2022-08-24,2022-08-31,2022-08-31,1235,wikipedia_tabela_13,Bolsonaro,38.0,0,31.0,https://en.wikipedia.org/wiki/Opinion_polling_for_the_2022_Brazilian_presidential_election
2022,1,PoderData[280],2022-08-03,2022-08-05,2022-08-05,2500,wikipedia_tabela_13,Bolsonaro,44.0,0,26.0,https://en.wikipedia.org/wiki/Opinion_polling_for_the_2022_Brazilian_presidential_election
2022,1,PoderData[280],2022-08-03,2022-08-05,2022-08-05,2500,wikipedia_tabela_13,Bolsonaro,42.0,0,24.0,https://en.wikipedia.org/wiki/Opinion_polling_for_the_2022_Brazilian_presidential_election
2022,1,PoderData[280],2022-08-03,2022-08-05,2022-08-05,2500,wikipedia_tabela_13,Bolsonaro,41.0,0,18.0,https://en.wikipedia.org/wiki/Opinion_polling_for_the_2022_Brazilian_presidential_election
2022,1,Paraná Pesquisas[215],2022-07-18,2022-07-21,2022-07-21,2030,wikipedia_tabela_13,Bolsonaro,46.6,0,21.4,https://en.wikipedia.org/wiki/Opinion_polling_for_the_2022_Brazilian_presidential_election
2022,1,Paraná Pesquisas[215],2022-07-18,2022-07-21,2022-07-21,2030,wikipedia_tabela_13,Bolsonaro,44.7,0,20.2,https://en.wikipedia.org/wiki/Opinion_polling_for_the_2022_Brazilian_presidential_election
2022,1,Paraná Pesquisas[215],2022-07-18,2022-07-21,2022-07-21,2030,wikipedia_tabela_13,Lula,36.4,0,18.0,https://en.wikipedia.org/wiki/Opinion_polling_for_the_2022_Brazilian_presidential_election
2022,1,Paraná Pesquisas[215],2022-07-18,2022-07-21,2022-07-21,2030,wikipedia_tabela_13,Bolsonaro,45.6,0,18.0,https://en.wikipedia.org/wiki/Opinion_polling_for_the_2022_Brazilian_presidential_election
2022,1,Paraná Pesquisas[215],2022-07-18,2022-07-21,2022-07-21,2030,wikipedia_tabela_13,Bolsonaro,48.1,0,20.9,https://en.wikipedia.org/wiki/Opinion_polling_for_the_2022_Brazilian_presidential_election
2022,1,Paraná Pesquisas[215],2022-07-18,2022-07-21,2022-07-21,2030,wikipedia_tabela_13,Gomes,31.1,0,20.9,https://en.wikipedia.org/wiki/Opinion_polling_for_the_2022_Brazilian_presidential_election
2022,1,Paraná Pesquisas[215],2022-07-18,2022-07-21,2022-07-21,2030,wikipedia_tabela_13,Bolsonaro,51.7,0,25.4,https://en.wikipedia.org/wiki/Opinion_polling_for_the_2022_Brazilian_presidential_election
2022,1,Paraná Pesquisas[215],2022-07-18,2022-07-21,2022-07-21,2030,wikipedia_tabela_13,Bolsonaro,50.8,0,21.6,https://en.wikipedia.org/wiki/Opinion_polling_for_the_2022_Brazilian_presidential_election
2022,1,Veja/FSB[218],2022-02-07,2022-02-10,2022-02-10,2000,wikipedia_tabela_13,Bolsonaro,51.0,0,16.0,https://en.wikipedia.org/wiki/Opinion_polling_for_the_2022_Brazilian_presidential_election
2022,1,Veja/FSB[218],2022-02-07,2022-02-10,2022-02-10,2000,wikipedia_tabela_13,Bolsonaro,50.0,0,26.0,https://en.wikipedia.org/wiki/Opinion_polling_for_the_2022_Brazilian_presidential_election
2022,1,Veja/FSB[218],2022-02-07,2022-02-10,2022-02-10,2000,wikipedia_tabela_13,Bolsonaro,45.0,0,17.0,https://en.wikipedia.org/wiki/Opinion_polling_for_the_2022_Brazilian_presidential_election
2022,1,Veja/FSB[218],2022-02-07,2022-02-10,2022-02-10,2000,wikipedia_tabela_13,Lula,40.0,0,11.0,https://en.wikipedia.org/wiki/Opinion_polling_for_the_2022_Brazilian_presidential_election
2022,1,Veja/FSB[218],2022-02-07,2022-02-10,2022-02-10,2000,wikipedia_tabela_13,Bolsonaro,48.0,0,11.0,https://en.wikipedia.org/wiki/Opinion_polling_for_the_2022_Brazilian_presidential_election
2022,1,Veja/FSB[218],2022-02-07,2022-02-10,2022-02-10,2000,wikipedia_tabela_13,Bolsonaro,37.0,0,25.0,https://en.wikipedia.org/wiki/Opinion_polling_for_the_2022_Brazilian_presidential_election
2022,1,Veja/FSB[218],2022-02-07,2022-02-10,2022-02-10,2000,wikipedia_tabela_13,Lula,40.0,0,12.0,https://en.wikipedia.org/wiki/Opinion_polling_for_the_2022_Brazilian_presidential_election
2022,1,Quaest[281],2022-12-26,2022-12-27,2022-12-27,1000,wikipedia_tabela_14,Lula,32.0,0,22.0,https://en.wikipedia.org/wiki/Opinion_polling_for_the_2022_Brazilian_presidential_election
2022,1,Quaest[281],2022-12-26,2022-12-27,2022-12-27,1000,wikipedia_tabela_14,Bolsonaro,46.0,0,22.0,https://en.wikipedia.org/wiki/Opinion_polling_for_the_2022_Brazilian_presidential_election
2022,1,Veja/FSB[221],2022-11-11,2022-12-02,2022-12-02,2000,wikipedia_tabela_14,Lula,40.0,0,16.0,https://en.wikipedia.org/wiki/Opinion_polling_for_the_2022_Brazilian_presidential_election
2022,1,Veja/FSB[221],2022-11-11,2022-12-02,2022-12-02,2000,wikipedia_tabela_14,Bolsonaro,45.0,0,16.0,https://en.wikipedia.org/wiki/Opinion_polling_for_the_2022_Brazilian_presidential_election
2022,1,Veja/FSB[221],2022-11-11,2022-12-02,2022-12-02,2000,wikipedia_tabela_14,Bolsonaro,47.0,0,21.0,https://en.wikipedia.org/wiki/Opinion_polling_for_the_2022_Brazilian_presidential_election
2022,1,Veja/FSB[221],2022-11-11,2022-12-02,2022-12-02,2000,wikipedia_tabela_14,Bolsonaro,45.0,0,28.0,https://en.wikipedia.org/wiki/Opinion_polling_for_the_2022_Brazilian_presidential_election
2022,1,Veja/FSB[221],2022-11-11,2022-12-02,2022-12-02,2000,wikipedia_tabela_14,Bolsonaro,44.0,0,19.0,https://en.wikipedia.org/wiki/Opinion_polling_for_the_2022_Brazilian_presidential_election
2022,1,Veja/FSB[221],2022-11-11,2022-12-02,2022-12-02,2000,wikipedia_tabela_14,Bolsonaro,36.0,0,28.0,https://en.wikipedia.org/wiki/Opinion_polling_for_the_2022_Brazilian_presidential_election
2022,1,Veja/FSB[221],2022-11-11,2022-12-02,2022-12-02,2000,wikipedia_tabela_14,Lula,39.0,0,12.0,https://en.wikipedia.org/wiki/Opinion_polling_for_the_2022_Brazilian_presidential_election
2022,1,Veja/FSB[222],2022-10-11,2022-10-14,2022-10-14,2000,wikipedia_tabela_14,Bolsonaro,47.0,0,20.0,https://en.wikipedia.org/wiki/Opinion_polling_for_the_2022_Brazilian_presidential_election
2022,1,Veja/FSB[222],2022-10-11,2022-10-14,2022-10-14,2000,wikipedia_tabela_14,Bolsonaro,46.0,0,29.0,https://en.wikipedia.org/wiki/Opinion_polling_for_the_2022_Brazilian_presidential_election
2022,1,Veja/FSB[222],2022-10-11,2022-10-14,2022-10-14,2000,wikipedia_tabela_14,Lula,38.0,0,17.0,https://en.wikipedia.org/wiki/Opinion_polling_for_the_2022_Brazilian_presidential_election
2022,1,Veja/FSB[222],2022-10-11,2022-10-14,2022-10-14,2000,wikipedia_tabela_14,Bolsonaro,46.0,0,17.0,https://en.wikipedia.org/wiki/Opinion_polling_for_the_2022_Brazilian_presidential_election
2022,1,Veja/FSB[222],2022-10-11,2022-10-14,2022-10-14,2000,wikipedia_tabela_14,Bolsonaro,43.0,0,19.0,https://en.wikipedia.org/wiki/Opinion_polling_for_the_2022_Brazilian_presidential_election
2022,1,Veja/FSB[223],2022-08-16,2022-08-18,2022-08-18,2000,wikipedia_tabela_14,Bolsonaro,48.0,0,18.0,https://en.wikipedia.org/wiki/Opinion_polling_for_the_2022_Brazilian_presidential_election
2022,1,Veja/FSB[223],2022-08-16,2022-08-18,2022-08-18,2000,wikipedia_tabela_14,Bolsonaro,45.0,0,23.0,https://en.wikipedia.org/wiki/Opinion_polling_for_the_2022_Brazilian_presidential_election
2018,1,Instituto Veritá 2018-10-07 at the Wayback Machine,2018-10-02,2018-10-05,2018-10-05,5208,wikipedia_tabela_1,Bolsonaro,41.5,0,19.0,https://en.wikipedia.org/wiki/Opinion_polling_for_the_2018_Brazilian_presidential_election
2018,1,Instituto Veritá 2018-10-07 at the Wayback Machine,2018-10-02,2018-10-05,2018-10-05,5208,wikipedia_tabela_1,Haddad,18.8,0,19.0,https://en.wikipedia.org/wiki/Opinion_polling_for_the_2018_Brazilian_presidential_election
2018,1,Instituto Veritá 2018-10-07 at the Wayback Machine,2018-10-02,2018-10-05,2018-10-05,5208,wikipedia_tabela_1,Ciro,8.4,0,19.0,https://en.wikipedia.org/wiki/Opinion_polling_for_the_2018_Brazilian_presidential_election
2018,1,Instituto Veritá 2018-10-07 at the Wayback Machine,2018-10-02,2018-10-05,2018-10-05,5208,wikipedia_tabela_1,Alckmin,4.2,0,19.0,https://en.wikipedia.org/wiki/Opinion_polling_for_the_2018_Brazilian_presidential_election
2018,1,Instituto Veritá 2018-10-07 at the Wayback Machine,2018-10-02,2018-10-05,2018-10-05,5208,wikipedia_tabela_1,Amoêdo,2.9,0,19.0,https://en.wikipedia.org/wiki/Opinion_polling_for_the_2018_Brazilian_presidential_election
2018,1,CNT/MDA,2018-10-04,2018-10-05,2018-10-05,2002,wikipedia_tabela_1,Bolsonaro,36.7,0,13.8,https://en.wikipedia.org/wiki/Opinion_polling_for_the_2018_Brazilian_presidential_election
2018,1,CNT/MDA,2018-10-04,2018-10-05,2018-10-05,2002,wikipedia_tabela_1,Haddad,24.0,0,13.8,https://en.wikipedia.org/wiki/Opinion_polling_for_the_2018_Brazilian_presidential_election
2018,1,CNT/MDA,2018-10-04,2018-10-05,2018-10-05,2002,wikipedia_tabela_1,Ciro,9.9,0,13.8,https://en.wikipedia.org/wiki/Opinion_polling_for_the_2018_Brazilian_presidential_election
2018,1,CNT/MDA,2018-10-04,2018-10-05,2018-10-05,2002,wikipedia_tabela_1,Alckmin,5.8,0,13.8,https://en.wikipedia.org/wiki/Opinion_polling_for_the_2018_Brazilian_presidential_election
2018,1,CNT/MDA,2018-10-04,2018-10-05,2018-10-05,2002,wikipedia_tabela_1,Amoêdo,2.3,0,13.8,https://en.wikipedia.org/wiki/Opinion_polling_for_the_2018_Brazilian_presidential_election
2018,1,DataPoder360,2018-10-03,2018-10-04,2018-10-04,4000,wikipedia_tabela_1,Bolsonaro,30.0,0,0.0,https://en.wikipedia.org/wiki/Opinion_polling_for_the_2018_Brazilian_presidential_election
2018,1,DataPoder360,2018-10-03,2018-10-04,2018-10-04,4000,wikipedia_tabela_1,Haddad,25.0,0,0.0,https://en.wikipedia.org/wiki/Opinion_polling_for_the_2018_Brazilian_presidential_election
2018,1,DataPoder360,2018-10-03,2018-10-04,2018-10-04,4000,wikipedia_tabela_1,Ciro,15.0,0,0.0,https://en.wikipedia.org/wiki/Opinion_polling_for_the_2018_Brazilian_presidential_election
2018,1,DataPoder360,2018-10-03,2018-10-04,2018-10-04,4000,wikipedia_tabela_1,Alckmin,7.0,0,0.0,https://en.wikipedia.org/wiki/Opinion_polling_for_the_2018_Brazilian_presidential_election
2018,1,DataPoder360,2018-10-03,2018-10-04,2018-10-04,4000,wikipedia_tabela_1,Amoêdo,2.0,0,0.0,https://en.wikipedia.org/wiki/Opinion_polling_for_the_2018_Brazilian_presidential_election
2018,1,Datafolha,2018-10-03,2018-10-04,2018-10-04,19552,wikipedia_tabela_1,Bolsonaro,36.0,0,10.0,https://en.wikipedia.org/wiki/Opinion_polling_for_the_2018_Brazilian_presidential_election
2018,1,Datafolha,2018-10-03,2018-10-04,2018-10-04,19552,wikipedia_tabela_1,Haddad,22.0,0,10.0,https://en.wikipedia.org/wiki/Opinion_polling_for_the_2018_Brazilian_presidential_election
2018,1,Datafolha,2018-10-03,2018-10-04,2018-10-04,19552,wikipedia_tabela_1,Ciro,13.0,0,10.0,https://en.wikipedia.org/wiki/Opinion_polling_for_the_2018_Brazilian_presidential_election
2018,1,Datafolha,2018-10-03,2018-10-04,2018-10-04,19552,wikipedia_tabela_1,Alckmin,7.0,0,10.0,https://en.wikipedia.org/wiki/Opinion_polling_for_the_2018_Brazilian_presidential_election
2018,1,Datafolha,2018-10-03,2018-10-04,2018-10-04,19552,wikipedia_tabela_1,Amoêdo,3.0,0,10.0,https://en.wikipedia.org/wiki/Opinion_polling_for_the_2018_Brazilian_presidential_election
2018,1,XP/Ipespe,2018-10-03,2018-10-04,2018-10-04,2000,wikipedia_tabela_1,Bolsonaro,36.0,0,12.0,https://en.wikipedia.org/wiki/Opinion_polling_for_the_2018_Brazilian_presidential_election
2018,1,XP/Ipespe,2018-10-03,2018-10-04,2018-10-04,2000,wikipedia_tabela_1,Haddad,22.0,0,12.0,https://en.wikipedia.org/wiki/Opinion_polling_for_the_2018_Brazilian_presidential_election
2018,1,XP/Ipespe,2018-10-03,2018-10-04,2018-10-04,2000,wikipedia_tabela_1,Ciro,11.0,0,12.0,https://en.wikipedia.org/wiki/Opinion_polling_for_the_2018_Brazilian_presidential_election
2018,1,XP/Ipespe,2018-10-03,2018-10-04,2018-10-04,2000,wikipedia_tabela_1,Alckmin,7.0,0,12.0,https://en.wikipedia.org/wiki/Opinion_polling_for_the_2018_Brazilian_presidential_election
2018,1,XP/Ipespe,2018-10-03,2018-10-04,2018-10-04,2000,wikipedia_tabela_1,Amoêdo,3.0,0,12.0,https://en.wikipedia.org/wiki/Opinion_polling_for_the_2018_Brazilian_presidential_election
2018,1,Datafolha,2018-10-03,2018-10-04,2018-10-04,10930,wikipedia_tabela_1,Bolsonaro,35.0,0,11.0,https://en.wikipedia.org/wiki/Opinion_polling_for_the_2018_Brazilian_presidential_election
2018,1,Datafolha,2018-10-03,2018-10-04,2018-10-04,10930,wikipedia_tabela_1,Haddad,22.0,0,11.0,https://en.wikipedia.org/wiki/Opinion_polling_for_the_2018_Brazilian_presidential_election
2018,1,Datafolha,2018-10-03,2018-10-04,2018-10-04,10930,wikipedia_tabela_1,Ciro,11.0,0,11.0,https://en.wikipedia.org/wiki/Opinion_polling_for_the_2018_Brazilian_presidential_election
2018,1,Datafolha,2018-10-03,2018-10-04,2018-10-04,10930,wikipedia_tabela_1,Alckmin,8.0,0,11.0,https://en.wikipedia.org/wiki/Opinion_polling_for_the_2018_Brazilian_presidential_election
2018,1,Datafolha,2018-10-03,2018-10-04,2018-10-04,10930,wikipedia_tabela_1,Amoêdo,3.0,0,11.0,https://en.wikipedia.org/wiki/Opinion_polling_for_the_2018_Brazilian_presidential_election
2018,1,RealTime Big Data,2018-10-03,2018-10-04,2018-10-04,10000,wikipedia_tabela_1,Bolsonaro,34.0,0,15.0,https://en.wikipedia.org/wiki/Opinion_polling_for_the_2018_Brazilian_presidential_election
2018,1,RealTime Big Data,2018-10-03,2018-10-04,2018-10-04,10000,wikipedia_tabela_1,Haddad,24.0,0,15.0,https://en.wikipedia.org/wiki/Opinion_polling_for_the_2018_Brazilian_presidential_election
2018,1,RealTime Big Data,2018-10-03,2018-10-04,2018-10-04,10000,wikipedia_tabela_1,Ciro,12.0,0,15.0,https://en.wikipedia.org/wiki/Opinion_polling_for_the_2018_Brazilian_presidential_election
2018,1,RealTime Big Data,2018-10-03,2018-10-04,2018-10-04,10000,wikipedia_tabela_1,Alckmin,6.0,0,15.0,https://en.wikipedia.org/wiki/Opinion_polling_for_the_2018_Brazilian_presidential_election
2018,1,RealTime Big Data,2018-10-03,2018-10-04,2018-10-04,10000,wikipedia_tabela_1,Amoêdo,2.0,0,15.0,https://en.wikipedia.org/wiki/Opinion_polling_for_the_2018_Brazilian_presidential_election
2018,1,Paraná Pesquisas/Crusoé 2018-10-06 at the Wayback Machine,2018-10-02,2018-10-04,2018-10-04,2080,wikipedia_tabela_1,Bolsonaro,34.9,0,14.7,https://en.wikipedia.org/wiki/Opinion_polling_for_the_2018_Brazilian_presidential_election
2018,1,Paraná Pesquisas/Crusoé 2018-10-06 at the Wayback Machine,2018-10-02,2018-10-04,2018-10-04,2080,wikipedia_tabela_1,Haddad,21.8,0,14.7,https://en.wikipedia.org/wiki/Opinion_polling_for_the_2018_Brazilian_presidential_election
2018,1,Paraná Pesquisas/Crusoé 2018-10-06 at the Wayback Machine,2018-10-02,2018-10-04,2018-10-04,2080,wikipedia_tabela_1,Ciro,9.4,0,14.7,https://en.wikipedia.org/wiki/Opinion_polling_for_the_2018_Brazilian_presidential_election
2018,1,Paraná Pesquisas/Crusoé 2018-10-06 at the Wayback Machine,2018-10-02,2018-10-04,2018-10-04,2080,wikipedia_tabela_1,Alckmin,7.4,0,14.7,https://en.wikipedia.org/wiki/Opinion_polling_for_the_2018_Brazilian_presidential_election
2018,1,Paraná Pesquisas/Crusoé 2018-10-06 at the Wayback Machine,2018-10-02,2018-10-04,2018-10-04,2080,wikipedia_tabela_1,Amoêdo,3.1,0,14.7,https://en.wikipedia.org/wiki/Opinion_polling_for_the_2018_Brazilian_presidential_election
2018,1,Ibope,2018-10-01,2018-10-02,2018-10-02,3010,wikipedia_tabela_1,Bolsonaro,36.0,0,12.0,https://en.wikipedia.org/wiki/Opinion_polling_for_the_2018_Brazilian_presidential_election
2018,1,Ibope,2018-10-01,2018-10-02,2018-10-02,3010,wikipedia_tabela_1,Haddad,22.0,0,12.0,https://en.wikipedia.org/wiki/Opinion_polling_for_the_2018_Brazilian_presidential_election
2018,1,Ibope,2018-10-01,2018-10-02,2018-10-02,3010,wikipedia_tabela_1,Ciro,11.0,0,12.0,https://en.wikipedia.org/wiki/Opinion_polling_for_the_2018_Brazilian_presidential_election
2018,1,Ibope,2018-10-01,2018-10-02,2018-10-02,3010,wikipedia_tabela_1,Alckmin,7.0,0,12.0,https://en.wikipedia.org/wiki/Opinion_polling_for_the_2018_Brazilian_presidential_election
2018,1,Ibope,2018-10-01,2018-10-02,2018-10-02,3010,wikipedia_tabela_1,Amoêdo,2.0,0,12.0,https://en.wikipedia.org/wiki/Opinion_polling_for_the_2018_Brazilian_presidential_election
2018,1,Ibope,2018-10-01,2018-10-02,2018-10-02,3010,wikipedia_tabela_1,Bolsonaro,32.0,0,17.0,https://en.wikipedia.org/wiki/Opinion_polling_for_the_2018_Brazilian_presidential_election
2018,1,Ibope,2018-10-01,2018-10-02,2018-10-02,3010,wikipedia_tabela_1,Haddad,23.0,0,17.0,https://en.wikipedia.org/wiki/Opinion_polling_for_the_2018_Brazilian_presidential_election
2018,1,Ibope,2018-10-01,2018-10-02,2018-10-02,3010,wikipedia_tabela_1,Ciro,10.0,0,17.0,https://en.wikipedia.org/wiki/Opinion_polling_for_the_2018_Brazilian_presidential_election
2018,1,Ibope,2018-10-01,2018-10-02,2018-10-02,3010,wikipedia_tabela_1,Alckmin,7.0,0,17.0,https://en.wikipedia.org/wiki/Opinion_polling_for_the_2018_Brazilian_presidential_election
2018,1,Ibope,2018-10-01,2018-10-02,2018-10-02,3010,wikipedia_tabela_1,Amoêdo,2.0,0,17.0,https://en.wikipedia.org/wiki/Opinion_polling_for_the_2018_Brazilian_presidential_election
2018,1,Datafolha,2018-09-29,2018-09-30,2018-09-30,3240,wikipedia_tabela_1,Bolsonaro,32.0,0,13.0,https://en.wikipedia.org/wiki/Opinion_polling_for_the_2018_Brazilian_presidential_election
2018,1,Datafolha,2018-09-29,2018-09-30,2018-09-30,3240,wikipedia_tabela_1,Haddad,21.0,0,13.0,https://en.wikipedia.org/wiki/Opinion_polling_for_the_2018_Brazilian_presidential_election
2018,1,Datafolha,2018-09-29,2018-09-30,2018-09-30,3240,wikipedia_tabela_1,Ciro,11.0,0,13.0,https://en.wikipedia.org/wiki/Opinion_polling_for_the_2018_Brazilian_presidential_election
2018,1,Datafolha,2018-09-29,2018-09-30,2018-09-30,3240,wikipedia_tabela_1,Alckmin,9.0,0,13.0,https://en.wikipedia.org/wiki/Opinion_polling_for_the_2018_Brazilian_presidential_election
2018,1,Datafolha,2018-09-29,2018-09-30,2018-09-30,3240,wikipedia_tabela_1,Amoêdo,3.0,0,13.0,https://en.wikipedia.org/wiki/Opinion_polling_for_the_2018_Brazilian_presidential_election
2018,1,Ibope,2018-09-29,2018-09-30,2018-09-30,3010,wikipedia_tabela_1,Bolsonaro,31.0,0,17.0,https://en.wikipedia.org/wiki/Opinion_polling_for_the_2018_Brazilian_presidential_election
2018,1,Ibope,2018-09-29,2018-09-30,2018-09-30,3010,wikipedia_tabela_1,Haddad,21.0,0,17.0,https://en.wikipedia.org/wiki/Opinion_polling_for_the_2018_Brazilian_presidential_election
2018,1,Ibope,2018-09-29,2018-09-30,2018-09-30,3010,wikipedia_tabela_1,Ciro,11.0,0,17.0,https://en.wikipedia.org/wiki/Opinion_polling_for_the_2018_Brazilian_presidential_election
2018,1,Ibope,2018-09-29,2018-09-30,2018-09-30,3010,wikipedia_tabela_1,Alckmin,8.0,0,17.0,https://en.wikipedia.org/wiki/Opinion_polling_for_the_2018_Brazilian_presidential_election
2018,1,Ibope,2018-09-29,2018-09-30,2018-09-30,3010,wikipedia_tabela_1,Amoêdo,3.0,0,17.0,https://en.wikipedia.org/wiki/Opinion_polling_for_the_2018_Brazilian_presidential_election
2018,1,FSB Pesquisa,2018-09-29,2018-09-30,2018-09-30,2000,wikipedia_tabela_1,Bolsonaro,31.0,0,12.0,https://en.wikipedia.org/wiki/Opinion_polling_for_the_2018_Brazilian_presidential_election
2018,1,FSB Pesquisa,2018-09-29,2018-09-30,2018-09-30,2000,wikipedia_tabela_1,Haddad,24.0,0,12.0,https://en.wikipedia.org/wiki/Opinion_polling_for_the_2018_Brazilian_presidential_election
2018,1,FSB Pesquisa,2018-09-29,2018-09-30,2018-09-30,2000,wikipedia_tabela_1,Ciro,9.0,0,12.0,https://en.wikipedia.org/wiki/Opinion_polling_for_the_2018_Brazilian_presidential_election
2018,1,FSB Pesquisa,2018-09-29,2018-09-30,2018-09-30,2000,wikipedia_tabela_1,Alckmin,11.0,0,12.0,https://en.wikipedia.org/wiki/Opinion_polling_for_the_2018_Brazilian_presidential_election
2018,1,FSB Pesquisa,2018-09-29,2018-09-30,2018-09-30,2000,wikipedia_tabela_1,Amoêdo,5.0,0,12.0,https://en.wikipedia.org/wiki/Opinion_polling_for_the_2018_Brazilian_presidential_election
2018,1,CNT/MDA 2018-09-30 at the Wayback Machine,2018-09-27,2018-09-28,2018-09-28,2000,wikipedia_tabela_1,Bolsonaro,28.2,0,20.0,https://en.wikipedia.org/wiki/Opinion_polling_for_the_2018_Brazilian_presidential_election
2018,1,CNT/MDA 2018-09-30 at the Wayback Machine,2018-09-27,2018-09-28,2018-09-28,2000,wikipedia_tabela_1,Haddad,25.2,0,20.0,https://en.wikipedia.org/wiki/Opinion_polling_for_the_2018_Brazilian_presidential_election
2018,1,CNT/MDA 2018-09-30 at the Wayback Machine,2018-09-27,2018-09-28,2018-09-28,2000,wikipedia_tabela_1,Ciro,9.4,0,20.0,https://en.wikipedia.org/wiki/Opinion_polling_for_the_2018_Brazilian_presidential_election
2018,1,CNT/MDA 2018-09-30 at the Wayback Machine,2018-09-27,2018-09-28,2018-09-28,2000,wikipedia_tabela_1,Alckmin,7.3,0,20.0,https://en.wikipedia.org/wiki/Opinion_polling_for_the_2018_Brazilian_presidential_election
2018,1,CNT/MDA 2018-09-30 at the Wayback Machine,2018-09-27,2018-09-28,2018-09-28,2000,wikipedia_tabela_1,Amoêdo,2.0,0,20.0,https://en.wikipedia.org/wiki/Opinion_polling_for_the_2018_Brazilian_presidential_election
2018,1,Datafolha,2018-09-26,2018-09-28,2018-09-28,9000,wikipedia_tabela_1,Bolsonaro,28.0,0,15.0,https://en.wikipedia.org/wiki/Opinion_polling_for_the_2018_Brazilian_presidential_election
2018,1,Datafolha,2018-09-26,2018-09-28,2018-09-28,9000,wikipedia_tabela_1,Haddad,22.0,0,15.0,https://en.wikipedia.org/wiki/Opinion_polling_for_the_2018_Brazilian_presidential_election
2018,1,Datafolha,2018-09-26,2018-09-28,2018-09-28,9000,wikipedia_tabela_1,Ciro,11.0,0,15.0,https://en.wikipedia.org/wiki/Opinion_polling_for_the_2018_Brazilian_presidential_election
2018,1,Datafolha,2018-09-26,2018-09-28,2018-09-28,9000,wikipedia_tabela_1,Alckmin,10.0,0,15.0,https://en.wikipedia.org/wiki/Opinion_polling_for_the_2018_Brazilian_presidential_election
2018,1,Datafolha,2018-09-26,2018-09-28,2018-09-28,9000,wikipedia_tabela_1,Amoêdo,3.0,0,15.0,https://en.wikipedia.org/wiki/Opinion_polling_for_the_2018_Brazilian_presidential_election
2018,1,XP/Ipespe,2018-09-24,2018-09-26,2018-09-26,2000,wikipedia_tabela_1,Bolsonaro,28.0,0,17.0,https://en.wikipedia.org/wiki/Opinion_polling_for_the_2018_Brazilian_presidential_election
2018,1,XP/Ipespe,2018-09-24,2018-09-26,2018-09-26,2000,wikipedia_tabela_1,Haddad,21.0,0,17.0,https://en.wikipedia.org/wiki/Opinion_polling_for_the_2018_Brazilian_presidential_election
2018,1,XP/Ipespe,2018-09-24,2018-09-26,2018-09-26,2000,wikipedia_tabela_1,Ciro,11.0,0,17.0,https://en.wikipedia.org/wiki/Opinion_polling_for_the_2018_Brazilian_presidential_election
2018,1,XP/Ipespe,2018-09-24,2018-09-26,2018-09-26,2000,wikipedia_tabela_1,Alckmin,8.0,0,17.0,https://en.wikipedia.org/wiki/Opinion_polling_for_the_2018_Brazilian_presidential_election
2018,1,XP/Ipespe,2018-09-24,2018-09-26,2018-09-26,2000,wikipedia_tabela_1,Amoêdo,3.0,0,17.0,https://en.wikipedia.org/wiki/Opinion_polling_for_the_2018_Brazilian_presidential_election
2018,1,Paraná Pesquisas/Crusoé,2018-09-23,2018-09-25,2018-09-25,2020,wikipedia_tabela_1,Bolsonaro,31.2,0,18.2,https://en.wikipedia.org/wiki/Opinion_polling_for_the_2018_Brazilian_presidential_election
2018,1,Paraná Pesquisas/Crusoé,2018-09-23,2018-09-25,2018-09-25,2020,wikipedia_tabela_1,Haddad,20.2,0,18.2,https://en.wikipedia.org/wiki/Opinion_polling_for_the_2018_Brazilian_presidential_election
2018,1,Paraná Pesquisas/Crusoé,2018-09-23,2018-09-25,2018-09-25,2020,wikipedia_tabela_1,Ciro,10.1,0,18.2,https://en.wikipedia.org/wiki/Opinion_polling_for_the_2018_Brazilian_presidential_election
2018,1,Paraná Pesquisas/Crusoé,2018-09-23,2018-09-25,2018-09-25,2020,wikipedia_tabela_1,Alckmin,7.6,0,18.2,https://en.wikipedia.org/wiki/Opinion_polling_for_the_2018_Brazilian_presidential_election
2018,1,Paraná Pesquisas/Crusoé,2018-09-23,2018-09-25,2018-09-25,2020,wikipedia_tabela_1,Amoêdo,3.8,0,18.2,https://en.wikipedia.org/wiki/Opinion_polling_for_the_2018_Brazilian_presidential_election
2018,1,Ibope,2018-09-22,2018-09-24,2018-09-24,2000,wikipedia_tabela_1,Bolsonaro,27.0,0,18.0,https://en.wikipedia.org/wiki/Opinion_polling_for_the_2018_Brazilian_presidential_election
2018,1,Ibope,2018-09-22,2018-09-24,2018-09-24,2000,wikipedia_tabela_1,Haddad,21.0,0,18.0,https://en.wikipedia.org/wiki/Opinion_polling_for_the_2018_Brazilian_presidential_election
2018,1,Ibope,2018-09-22,2018-09-24,2018-09-24,2000,wikipedia_tabela_1,Ciro,12.0,0,18.0,https://en.wikipedia.org/wiki/Opinion_polling_for_the_2018_Brazilian_presidential_election
2018,1,Ibope,2018-09-22,2018-09-24,2018-09-24,2000,wikipedia_tabela_1,Alckmin,8.0,0,18.0,https://en.wikipedia.org/wiki/Opinion_polling_for_the_2018_Brazilian_presidential_election
2018,1,Ibope,2018-09-22,2018-09-24,2018-09-24,2000,wikipedia_tabela_1,Amoêdo,3.0,0,18.0,https://en.wikipedia.org/wiki/Opinion_polling_for_the_2018_Brazilian_presidential_election
2018,1,IstoÉ/Sensus,2018-09-21,2018-09-24,2018-09-24,2000,wikipedia_tabela_1,Bolsonaro,30.6,0,22.4,https://en.wikipedia.org/wiki/Opinion_polling_for_the_2018_Brazilian_presidential_election
2018,1,IstoÉ/Sensus,2018-09-21,2018-09-24,2018-09-24,2000,wikipedia_tabela_1,Haddad,24.5,0,22.4,https://en.wikipedia.org/wiki/Opinion_polling_for_the_2018_Brazilian_presidential_election
2018,1,IstoÉ/Sensus,2018-09-21,2018-09-24,2018-09-24,2000,wikipedia_tabela_1,Ciro,7.7,0,22.4,https://en.wikipedia.org/wiki/Opinion_polling_for_the_2018_Brazilian_presidential_election
2018,1,IstoÉ/Sensus,2018-09-21,2018-09-24,2018-09-24,2000,wikipedia_tabela_1,Alckmin,5.6,0,22.4,https://en.wikipedia.org/wiki/Opinion_polling_for_the_2018_Brazilian_presidential_election
2018,1,IstoÉ/Sensus,2018-09-21,2018-09-24,2018-09-24,2000,wikipedia_tabela_1,Amoêdo,1.9,0,22.4,https://en.wikipedia.org/wiki/Opinion_polling_for_the_2018_Brazilian_presidential_election
2018,1,FSB Pesquisa,2018-09-22,2018-09-23,2018-09-23,2000,wikipedia_tabela_1,Bolsonaro,33.0,0,13.0,https://en.wikipedia.org/wiki/Opinion_polling_for_the_2018_Brazilian_presidential_election
2018,1,FSB Pesquisa,2018-09-22,2018-09-23,2018-09-23,2000,wikipedia_tabela_1,Haddad,23.0,0,13.0,https://en.wikipedia.org/wiki/Opinion_polling_for_the_2018_Brazilian_presidential_election
2018,1,FSB Pesquisa,2018-09-22,2018-09-23,2018-09-23,2000,wikipedia_tabela_1,Ciro,10.0,0,13.0,https://en.wikipedia.org/wiki/Opinion_polling_for_the_2018_Brazilian_presidential_election
2018,1,FSB Pesquisa,2018-09-22,2018-09-23,2018-09-23,2000,wikipedia_tabela_1,Alckmin,8.0,0,13.0,https://en.wikipedia.org/wiki/Opinion_polling_for_the_2018_Brazilian_presidential_election
2018,1,FSB Pesquisa,2018-09-22,2018-09-23,2018-09-23,2000,wikipedia_tabela_1,Amoêdo,3.0,0,13.0,https://en.wikipedia.org/wiki/Opinion_polling_for_the_2018_Brazilian_presidential_election
2018,1,Ibope,2018-09-22,2018-09-23,2018-09-23,2506,wikipedia_tabela_1,Bolsonaro,28.0,0,18.0,https://en.wikipedia.org/wiki/Opinion_polling_for_the_2018_Brazilian_presidential_election
2018,1,Ibope,2018-09-22,2018-09-23,2018-09-23,2506,wikipedia_tabela_1,Haddad,22.0,0,18.0,https://en.wikipedia.org/wiki/Opinion_polling_for_the_2018_Brazilian_presidential_election
2018,1,Ibope,2018-09-22,2018-09-23,2018-09-23,2506,wikipedia_tabela_1,Ciro,11.0,0,18.0,https://en.wikipedia.org/wiki/Opinion_polling_for_the_2018_Brazilian_presidential_election
2018,1,Ibope,2018-09-22,2018-09-23,2018-09-23,2506,wikipedia_tabela_1,Alckmin,8.0,0,18.0,https://en.wikipedia.org/wiki/Opinion_polling_for_the_2018_Brazilian_presidential_election
2018,1,Ibope,2018-09-22,2018-09-23,2018-09-23,2506,wikipedia_tabela_1,Amoêdo,3.0,0,18.0,https://en.wikipedia.org/wiki/Opinion_polling_for_the_2018_Brazilian_presidential_election
2018,1,DataPoder360,2018-09-19,2018-09-20,2018-09-20,4000,wikipedia_tabela_1,Bolsonaro,26.0,0,15.0,https://en.wikipedia.org/wiki/Opinion_polling_for_the_2018_Brazilian_presidential_election
2018,1,DataPoder360,2018-09-19,2018-09-20,2018-09-20,4000,wikipedia_tabela_1,Haddad,22.0,0,15.0,https://en.wikipedia.org/wiki/Opinion_polling_for_the_2018_Brazilian_presidential_election
2018,1,DataPoder360,2018-09-19,2018-09-20,2018-09-20,4000,wikipedia_tabela_1,Ciro,14.0,0,15.0,https://en.wikipedia.org/wiki/Opinion_polling_for_the_2018_Brazilian_presidential_election
2018,1,DataPoder360,2018-09-19,2018-09-20,2018-09-20,4000,wikipedia_tabela_1,Alckmin,6.0,0,15.0,https://en.wikipedia.org/wiki/Opinion_polling_for_the_2018_Brazilian_presidential_election
2018,1,DataPoder360,2018-09-19,2018-09-20,2018-09-20,4000,wikipedia_tabela_1,Amoêdo,1.0,0,15.0,https://en.wikipedia.org/wiki/Opinion_polling_for_the_2018_Brazilian_presidential_election
2018,1,Datafolha,2018-09-18,2018-09-19,2018-09-19,8601,wikipedia_tabela_1,Bolsonaro,28.0,0,17.0,https://en.wikipedia.org/wiki/Opinion_polling_for_the_2018_Brazilian_presidential_election
2018,1,Datafolha,2018-09-18,2018-09-19,2018-09-19,8601,wikipedia_tabela_1,Haddad,16.0,0,17.0,https://en.wikipedia.org/wiki/Opinion_polling_for_the_2018_Brazilian_presidential_election
2018,1,Datafolha,2018-09-18,2018-09-19,2018-09-19,8601,wikipedia_tabela_1,Ciro,13.0,0,17.0,https://en.wikipedia.org/wiki/Opinion_polling_for_the_2018_Brazilian_presidential_election
2018,1,Datafolha,2018-09-18,2018-09-19,2018-09-19,8601,wikipedia_tabela_1,Alckmin,9.0,0,17.0,https://en.wikipedia.org/wiki/Opinion_polling_for_the_2018_Brazilian_presidential_election
2018,1,Datafolha,2018-09-18,2018-09-19,2018-09-19,8601,wikipedia_tabela_1,Amoêdo,3.0,0,17.0,https://en.wikipedia.org/wiki/Opinion_polling_for_the_2018_Brazilian_presidential_election
2018,1,Genial Investimentos/Brasilis 2018-09-21 at the Wayback Machine,2018-09-17,2018-09-19,2018-09-19,1000,wikipedia_tabela_1,Bolsonaro,30.0,0,18.0,https://en.wikipedia.org/wiki/Opinion_polling_for_the_2018_Brazilian_presidential_election
2018,1,Genial Investimentos/Brasilis 2018-09-21 at the Wayback Machine,2018-09-17,2018-09-19,2018-09-19,1000,wikipedia_tabela_1,Haddad,17.0,0,18.0,https://en.wikipedia.org/wiki/Opinion_polling_for_the_2018_Brazilian_presidential_election
2018,1,Genial Investimentos/Brasilis 2018-09-21 at the Wayback Machine,2018-09-17,2018-09-19,2018-09-19,1000,wikipedia_tabela_1,Ciro,7.0,0,18.0,https://en.wikipedia.org/wiki/Opinion_polling_for_the_2018_Brazilian_presidential_election
2018,1,Genial Investimentos/Brasilis 2018-09-21 at the Wayback Machine,2018-09-17,2018-09-19,2018-09-19,1000,wikipedia_tabela_1,Alckmin,7.0,0,18.0,https://en.wikipedia.org/wiki/Opinion_polling_for_the_2018_Brazilian_presidential_election
2018,1,Genial Investimentos/Brasilis 2018-09-21 at the Wayback Machine,2018-09-17,2018-09-19,2018-09-19,1000,wikipedia_tabela_1,Amoêdo,5.0,0,18.0,https://en.wikipedia.org/wiki/Opinion_polling_for_the_2018_Brazilian_presidential_election
2018,1,XP/Ipespe,2018-09-17,2018-09-19,2018-09-19,2000,wikipedia_tabela_1,Bolsonaro,28.0,0,23.0,https://en.wikipedia.org/wiki/Opinion_polling_for_the_2018_Brazilian_presidential_election
2018,1,XP/Ipespe,2018-09-17,2018-09-19,2018-09-19,2000,wikipedia_tabela_1,Haddad,16.0,0,23.0,https://en.wikipedia.org/wiki/Opinion_polling_for_the_2018_Brazilian_presidential_election
2018,1,XP/Ipespe,2018-09-17,2018-09-19,2018-09-19,2000,wikipedia_tabela_1,Ciro,11.0,0,23.0,https://en.wikipedia.org/wiki/Opinion_polling_for_the_2018_Brazilian_presidential_election
2018,1,XP/Ipespe,2018-09-17,2018-09-19,2018-09-19,2000,wikipedia_tabela_1,Alckmin,7.0,0,23.0,https://en.wikipedia.org/wiki/Opinion_polling_for_the_2018_Brazilian_presidential_election
2018,1,XP/Ipespe,2018-09-17,2018-09-19,2018-09-19,2000,wikipedia_tabela_1,Amoêdo,3.0,0,23.0,https://en.wikipedia.org/wiki/Opinion_polling_for_the_2018_Brazilian_presidential_election
2018,1,Ibope,2018-09-16,2018-09-18,2018-09-18,2506,wikipedia_tabela_1,Bolsonaro,28.0,0,21.0,https://en.wikipedia.org/wiki/Opinion_polling_for_the_2018_Brazilian_presidential_election
2018,1,Ibope,2018-09-16,2018-09-18,2018-09-18,2506,wikipedia_tabela_1,Haddad,19.0,0,21.0,https://en.wikipedia.org/wiki/Opinion_polling_for_the_2018_Brazilian_presidential_election
2018,1,Ibope,2018-09-16,2018-09-18,2018-09-18,2506,wikipedia_tabela_1,Ciro,11.0,0,21.0,https://en.wikipedia.org/wiki/Opinion_polling_for_the_2018_Brazilian_presidential_election
2018,1,Ibope,2018-09-16,2018-09-18,2018-09-18,2506,wikipedia_tabela_1,Alckmin,7.0,0,21.0,https://en.wikipedia.org/wiki/Opinion_polling_for_the_2018_Brazilian_presidential_election
2018,1,Ibope,2018-09-16,2018-09-18,2018-09-18,2506,wikipedia_tabela_1,Amoêdo,2.0,0,21.0,https://en.wikipedia.org/wiki/Opinion_polling_for_the_2018_Brazilian_presidential_election
2018,1,FSB Pesquisa,2018-09-15,2018-09-16,2018-09-16,2000,wikipedia_tabela_1,Bolsonaro,33.0,0,16.0,https://en.wikipedia.org/wiki/Opinion_polling_for_the_2018_Brazilian_presidential_election
2018,1,FSB Pesquisa,2018-09-15,2018-09-16,2018-09-16,2000,wikipedia_tabela_1,Haddad,16.0,0,16.0,https://en.wikipedia.org/wiki/Opinion_polling_for_the_2018_Brazilian_presidential_election
2018,1,FSB Pesquisa,2018-09-15,2018-09-16,2018-09-16,2000,wikipedia_tabela_1,Ciro,14.0,0,16.0,https://en.wikipedia.org/wiki/Opinion_polling_for_the_2018_Brazilian_presidential_election
2018,1,FSB Pesquisa,2018-09-15,2018-09-16,2018-09-16,2000,wikipedia_tabela_1,Alckmin,6.0,0,16.0,https://en.wikipedia.org/wiki/Opinion_polling_for_the_2018_Brazilian_presidential_election
2018,1,FSB Pesquisa,2018-09-15,2018-09-16,2018-09-16,2000,wikipedia_tabela_1,Amoêdo,4.0,0,16.0,https://en.wikipedia.org/wiki/Opinion_polling_for_the_2018_Brazilian_presidential_election
2018,1,CNT/MDA,2018-09-12,2018-09-15,2018-09-15,2002,wikipedia_tabela_1,Bolsonaro,28.2,0,25.7,https://en.wikipedia.org/wiki/Opinion_polling_for_the_2018_Brazilian_presidential_election
2018,1,CNT/MDA,2018-09-12,2018-09-15,2018-09-15,2002,wikipedia_tabela_1,Haddad,17.6,0,25.7,https://en.wikipedia.org/wiki/Opinion_polling_for_the_2018_Brazilian_presidential_election
2018,1,CNT/MDA,2018-09-12,2018-09-15,2018-09-15,2002,wikipedia_tabela_1,Ciro,10.8,0,25.7,https://en.wikipedia.org/wiki/Opinion_polling_for_the_2018_Brazilian_presidential_election
2018,1,CNT/MDA,2018-09-12,2018-09-15,2018-09-15,2002,wikipedia_tabela_1,Alckmin,6.1,0,25.7,https://en.wikipedia.org/wiki/Opinion_polling_for_the_2018_Brazilian_presidential_election
2018,1,CNT/MDA,2018-09-12,2018-09-15,2018-09-15,2002,wikipedia_tabela_1,Amoêdo,2.8,0,25.7,https://en.wikipedia.org/wiki/Opinion_polling_for_the_2018_Brazilian_presidential_election
2018,1,Datafolha,2018-09-13,2018-09-14,2018-09-14,2820,wikipedia_tabela_1,Bolsonaro,26.0,0,19.0,https://en.wikipedia.org/wiki/Opinion_polling_for_the_2018_Brazilian_presidential_election
2018,1,Datafolha,2018-09-13,2018-09-14,2018-09-14,2820,wikipedia_tabela_1,Haddad,13.0,0,19.0,https://en.wikipedia.org/wiki/Opinion_polling_for_the_2018_Brazilian_presidential_election
2018,1,Datafolha,2018-09-13,2018-09-14,2018-09-14,2820,wikipedia_tabela_1,Ciro,13.0,0,19.0,https://en.wikipedia.org/wiki/Opinion_polling_for_the_2018_Brazilian_presidential_election
2018,1,Datafolha,2018-09-13,2018-09-14,2018-09-14,2820,wikipedia_tabela_1,Alckmin,9.0,0,19.0,https://en.wikipedia.org/wiki/Opinion_polling_for_the_2018_Brazilian_presidential_election
2018,1,Datafolha,2018-09-13,2018-09-14,2018-09-14,2820,wikipedia_tabela_1,Amoêdo,3.0,0,19.0,https://en.wikipedia.org/wiki/Opinion_polling_for_the_2018_Brazilian_presidential_election
2018,1,XP/Ipespe,2018-09-10,2018-09-12,2018-09-12,2000,wikipedia_tabela_1,Bolsonaro,26.0,0,23.0,https://en.wikipedia.org/wiki/Opinion_polling_for_the_2018_Brazilian_presidential_election
2018,1,XP/Ipespe,2018-09-10,2018-09-12,2018-09-12,2000,wikipedia_tabela_1,Haddad,10.0,0,23.0,https://en.wikipedia.org/wiki/Opinion_polling_for_the_2018_Brazilian_presidential_election
2018,1,XP/Ipespe,2018-09-10,2018-09-12,2018-09-12,2000,wikipedia_tabela_1,Ciro,12.0,0,23.0,https://en.wikipedia.org/wiki/Opinion_polling_for_the_2018_Brazilian_presidential_election
2018,1,XP/Ipespe,2018-09-10,2018-09-12,2018-09-12,2000,wikipedia_tabela_1,Alckmin,9.0,0,23.0,https://en.wikipedia.org/wiki/Opinion_polling_for_the_2018_Brazilian_presidential_election
2018,1,XP/Ipespe,2018-09-10,2018-09-12,2018-09-12,2000,wikipedia_tabela_1,Amoêdo,4.0,0,23.0,https://en.wikipedia.org/wiki/Opinion_polling_for_the_2018_Brazilian_presidential_election
2018,1,Paraná Pesquisas/Crusoé,2018-09-07,2018-09-11,2018-09-11,2010,wikipedia_tabela_1,Bolsonaro,26.6,0,21.8,https://en.wikipedia.org/wiki/Opinion_polling_for_the_2018_Brazilian_presidential_election
2018,1,Paraná Pesquisas/Crusoé,2018-09-07,2018-09-11,2018-09-11,2010,wikipedia_tabela_1,Haddad,8.3,0,21.8,https://en.wikipedia.org/wiki/Opinion_polling_for_the_2018_Brazilian_presidential_election
2018,1,Paraná Pesquisas/Crusoé,2018-09-07,2018-09-11,2018-09-11,2010,wikipedia_tabela_1,Ciro,11.9,0,21.8,https://en.wikipedia.org/wiki/Opinion_polling_for_the_2018_Brazilian_presidential_election
2018,1,Paraná Pesquisas/Crusoé,2018-09-07,2018-09-11,2018-09-11,2010,wikipedia_tabela_1,Alckmin,8.7,0,21.8,https://en.wikipedia.org/wiki/Opinion_polling_for_the_2018_Brazilian_presidential_election
2018,1,Paraná Pesquisas/Crusoé,2018-09-07,2018-09-11,2018-09-11,2010,wikipedia_tabela_1,Amoêdo,3.3,0,21.8,https://en.wikipedia.org/wiki/Opinion_polling_for_the_2018_Brazilian_presidential_election
2018,1,Datafolha,2018-09-10,2018-09-10,2018-09-10,2804,wikipedia_tabela_1,Bolsonaro,24.0,0,22.0,https://en.wikipedia.org/wiki/Opinion_polling_for_the_2018_Brazilian_presidential_election
2018,1,Datafolha,2018-09-10,2018-09-10,2018-09-10,2804,wikipedia_tabela_1,Haddad,9.0,0,22.0,https://en.wikipedia.org/wiki/Opinion_polling_for_the_2018_Brazilian_presidential_election
2018,1,Datafolha,2018-09-10,2018-09-10,2018-09-10,2804,wikipedia_tabela_1,Ciro,13.0,0,22.0,https://en.wikipedia.org/wiki/Opinion_polling_for_the_2018_Brazilian_presidential_election
2018,1,Datafolha,2018-09-10,2018-09-10,2018-09-10,2804,wikipedia_tabela_1,Alckmin,10.0,0,22.0,https://en.wikipedia.org/wiki/Opinion_polling_for_the_2018_Brazilian_presidential_election
2018,1,Datafolha,2018-09-10,2018-09-10,2018-09-10,2804,wikipedia_tabela_1,Amoêdo,3.0,0,22.0,https://en.wikipedia.org/wiki/Opinion_polling_for_the_2018_Brazilian_presidential_election
2018,1,Ibope,2018-09-08,2018-09-10,2018-09-10,2002,wikipedia_tabela_1,Bolsonaro,26.0,0,26.0,https://en.wikipedia.org/wiki/Opinion_polling_for_the_2018_Brazilian_presidential_election
2018,1,Ibope,2018-09-08,2018-09-10,2018-09-10,2002,wikipedia_tabela_1,Haddad,8.0,0,26.0,https://en.wikipedia.org/wiki/Opinion_polling_for_the_2018_Brazilian_presidential_election
2018,1,Ibope,2018-09-08,2018-09-10,2018-09-10,2002,wikipedia_tabela_1,Ciro,11.0,0,26.0,https://en.wikipedia.org/wiki/Opinion_polling_for_the_2018_Brazilian_presidential_election
2018,1,Ibope,2018-09-08,2018-09-10,2018-09-10,2002,wikipedia_tabela_1,Alckmin,9.0,0,26.0,https://en.wikipedia.org/wiki/Opinion_polling_for_the_2018_Brazilian_presidential_election
2018,1,Ibope,2018-09-08,2018-09-10,2018-09-10,2002,wikipedia_tabela_1,Amoêdo,3.0,0,26.0,https://en.wikipedia.org/wiki/Opinion_polling_for_the_2018_Brazilian_presidential_election
2018,1,FSB Pesquisa,2018-09-08,2018-09-09,2018-09-09,2000,wikipedia_tabela_1,Bolsonaro,30.0,0,24.0,https://en.wikipedia.org/wiki/Opinion_polling_for_the_2018_Brazilian_presidential_election
2018,1,FSB Pesquisa,2018-09-08,2018-09-09,2018-09-09,2000,wikipedia_tabela_1,Haddad,8.0,0,24.0,https://en.wikipedia.org/wiki/Opinion_polling_for_the_2018_Brazilian_presidential_election
2018,1,FSB Pesquisa,2018-09-08,2018-09-09,2018-09-09,2000,wikipedia_tabela_1,Ciro,12.0,0,24.0,https://en.wikipedia.org/wiki/Opinion_polling_for_the_2018_Brazilian_presidential_election
2018,1,FSB Pesquisa,2018-09-08,2018-09-09,2018-09-09,2000,wikipedia_tabela_1,Alckmin,8.0,0,24.0,https://en.wikipedia.org/wiki/Opinion_polling_for_the_2018_Brazilian_presidential_election
2018,1,FSB Pesquisa,2018-09-08,2018-09-09,2018-09-09,2000,wikipedia_tabela_1,Amoêdo,3.0,0,24.0,https://en.wikipedia.org/wiki/Opinion_polling_for_the_2018_Brazilian_presidential_election
2018,1,RealTime Big Data,2018-09-07,2018-09-09,2018-09-09,3200,wikipedia_tabela_1,Bolsonaro,25.0,0,26.0,https://en.wikipedia.org/wiki/Opinion_polling_for_the_2018_Brazilian_presidential_election
2018,1,RealTime Big Data,2018-09-07,2018-09-09,2018-09-09,3200,wikipedia_tabela_1,Haddad,7.0,0,26.0,https://en.wikipedia.org/wiki/Opinion_polling_for_the_2018_Brazilian_presidential_election
2018,1,RealTime Big Data,2018-09-07,2018-09-09,2018-09-09,3200,wikipedia_tabela_1,Ciro,11.0,0,26.0,https://en.wikipedia.org/wiki/Opinion_polling_for_the_2018_Brazilian_presidential_election
2018,1,RealTime Big Data,2018-09-07,2018-09-09,2018-09-09,3200,wikipedia_tabela_1,Alckmin,9.0,0,26.0,https://en.wikipedia.org/wiki/Opinion_polling_for_the_2018_Brazilian_presidential_election
2018,1,RealTime Big Data,2018-09-07,2018-09-09,2018-09-09,3200,wikipedia_tabela_1,Amoêdo,3.0,0,26.0,https://en.wikipedia.org/wiki/Opinion_polling_for_the_2018_Brazilian_presidential_election
2018,1,"On 6 September 2018, Jair Bolsonaro was stabbed while he was campaigning in Juiz de Fora, Minas Gerais.",2018-09-06,2018-09-06,2018-09-06,6,wikipedia_tabela_1,Bolsonaro,6.0,0,6.0,https://en.wikipedia.org/wiki/Opinion_polling_for_the_2018_Brazilian_presidential_election
2018,1,"On 6 September 2018, Jair Bolsonaro was stabbed while he was campaigning in Juiz de Fora, Minas Gerais.",2018-09-06,2018-09-06,2018-09-06,6,wikipedia_tabela_1,Haddad,6.0,0,6.0,https://en.wikipedia.org/wiki/Opinion_polling_for_the_2018_Brazilian_presidential_election
2018,1,"On 6 September 2018, Jair Bolsonaro was stabbed while he was campaigning in Juiz de Fora, Minas Gerais.",2018-09-06,2018-09-06,2018-09-06,6,wikipedia_tabela_1,Ciro,6.0,0,6.0,https://en.wikipedia.org/wiki/Opinion_polling_for_the_2018_Brazilian_presidential_election
2018,1,"On 6 September 2018, Jair Bolsonaro was stabbed while he was campaigning in Juiz de Fora, Minas Gerais.",2018-09-06,2018-09-06,2018-09-06,6,wikipedia_tabela_1,Alckmin,6.0,0,6.0,https://en.wikipedia.org/wiki/Opinion_polling_for_the_2018_Brazilian_presidential_election
2018,1,"On 6 September 2018, Jair Bolsonaro was stabbed while he was campaigning in Juiz de Fora, Minas Gerais.",2018-09-06,2018-09-06,2018-09-06,6,wikipedia_tabela_1,Amoêdo,6.0,0,6.0,https://en.wikipedia.org/wiki/Opinion_polling_for_the_2018_Brazilian_presidential_election
2018,1,XP/Ipespe,2018-09-03,2018-09-05,2018-09-05,2000,wikipedia_tabela_1,Bolsonaro,23.0,0,27.0,https://en.wikipedia.org/wiki/Opinion_polling_for_the_2018_Brazilian_presidential_election
2018,1,XP/Ipespe,2018-09-03,2018-09-05,2018-09-05,2000,wikipedia_tabela_1,Haddad,8.0,0,27.0,https://en.wikipedia.org/wiki/Opinion_polling_for_the_2018_Brazilian_presidential_election
2018,1,XP/Ipespe,2018-09-03,2018-09-05,2018-09-05,2000,wikipedia_tabela_1,Ciro,11.0,0,27.0,https://en.wikipedia.org/wiki/Opinion_polling_for_the_2018_Brazilian_presidential_election
2018,1,XP/Ipespe,2018-09-03,2018-09-05,2018-09-05,2000,wikipedia_tabela_1,Alckmin,9.0,0,27.0,https://en.wikipedia.org/wiki/Opinion_polling_for_the_2018_Brazilian_presidential_election
2018,1,XP/Ipespe,2018-09-03,2018-09-05,2018-09-05,2000,wikipedia_tabela_1,Amoêdo,4.0,0,27.0,https://en.wikipedia.org/wiki/Opinion_polling_for_the_2018_Brazilian_presidential_election
2018,1,Ibope,2018-09-01,2018-09-03,2018-09-03,2002,wikipedia_tabela_1,Bolsonaro,22.0,0,28.0,https://en.wikipedia.org/wiki/Opinion_polling_for_the_2018_Brazilian_presidential_election
2018,1,Ibope,2018-09-01,2018-09-03,2018-09-03,2002,wikipedia_tabela_1,Haddad,6.0,0,28.0,https://en.wikipedia.org/wiki/Opinion_polling_for_the_2018_Brazilian_presidential_election
2018,1,Ibope,2018-09-01,2018-09-03,2018-09-03,2002,wikipedia_tabela_1,Ciro,12.0,0,28.0,https://en.wikipedia.org/wiki/Opinion_polling_for_the_2018_Brazilian_presidential_election
2018,1,Ibope,2018-09-01,2018-09-03,2018-09-03,2002,wikipedia_tabela_1,Alckmin,9.0,0,28.0,https://en.wikipedia.org/wiki/Opinion_polling_for_the_2018_Brazilian_presidential_election
2018,1,Ibope,2018-09-01,2018-09-03,2018-09-03,2002,wikipedia_tabela_1,Amoêdo,3.0,0,28.0,https://en.wikipedia.org/wiki/Opinion_polling_for_the_2018_Brazilian_presidential_election
2018,1,FSB Pesquisa,2018-09-01,2018-09-02,2018-09-02,2000,wikipedia_tabela_1,Bolsonaro,26.0,0,28.0,https://en.wikipedia.org/wiki/Opinion_polling_for_the_2018_Brazilian_presidential_election
2018,1,FSB Pesquisa,2018-09-01,2018-09-02,2018-09-02,2000,wikipedia_tabela_1,Haddad,6.0,0,28.0,https://en.wikipedia.org/wiki/Opinion_polling_for_the_2018_Brazilian_presidential_election
2018,1,FSB Pesquisa,2018-09-01,2018-09-02,2018-09-02,2000,wikipedia_tabela_1,Ciro,12.0,0,28.0,https://en.wikipedia.org/wiki/Opinion_polling_for_the_2018_Brazilian_presidential_election
2018,1,FSB Pesquisa,2018-09-01,2018-09-02,2018-09-02,2000,wikipedia_tabela_1,Alckmin,8.0,0,28.0,https://en.wikipedia.org/wiki/Opinion_polling_for_the_2018_Brazilian_presidential_election
2018,1,FSB Pesquisa,2018-09-01,2018-09-02,2018-09-02,2000,wikipedia_tabela_1,Amoêdo,4.0,0,28.0,https://en.wikipedia.org/wiki/Opinion_polling_for_the_2018_Brazilian_presidential_election
2018,1,Datafolha,2018-10-26,2018-10-27,2018-10-27,18731,wikipedia_tabela_7,Bolsonaro,47.0,0,13.0,https://en.wikipedia.org/wiki/Opinion_polling_for_the_2018_Brazilian_presidential_election
2018,1,Datafolha,2018-10-26,2018-10-27,2018-10-27,18731,wikipedia_tabela_7,Haddad,39.0,0,13.0,https://en.wikipedia.org/wiki/Opinion_polling_for_the_2018_Brazilian_presidential_election
2018,1,Ibope,2018-10-26,2018-10-27,2018-10-27,3010,wikipedia_tabela_7,Bolsonaro,47.0,0,12.0,https://en.wikipedia.org/wiki/Opinion_polling_for_the_2018_Brazilian_presidential_election
2018,1,Ibope,2018-10-26,2018-10-27,2018-10-27,3010,wikipedia_tabela_7,Haddad,41.0,0,12.0,https://en.wikipedia.org/wiki/Opinion_polling_for_the_2018_Brazilian_presidential_election
2018,1,CNT/MDA,2018-10-26,2018-10-27,2018-10-27,2002,wikipedia_tabela_7,Bolsonaro,49.0,0,14.0,https://en.wikipedia.org/wiki/Opinion_polling_for_the_2018_Brazilian_presidential_election
2018,1,CNT/MDA,2018-10-26,2018-10-27,2018-10-27,2002,wikipedia_tabela_7,Haddad,37.0,0,14.0,https://en.wikipedia.org/wiki/Opinion_polling_for_the_2018_Brazilian_presidential_election
2018,1,Datafolha,2018-10-24,2018-10-25,2018-10-25,9173,wikipedia_tabela_7,Bolsonaro,48.0,0,14.0,https://en.wikipedia.org/wiki/Opinion_polling_for_the_2018_Brazilian_presidential_election
2018,1,Datafolha,2018-10-24,2018-10-25,2018-10-25,9173,wikipedia_tabela_7,Haddad,38.0,0,14.0,https://en.wikipedia.org/wiki/Opinion_polling_for_the_2018_Brazilian_presidential_election
2018,1,Paraná Pesquisas,2018-10-23,2018-10-25,2018-10-25,2120,wikipedia_tabela_7,Bolsonaro,53.0,0,12.0,https://en.wikipedia.org/wiki/Opinion_polling_for_the_2018_Brazilian_presidential_election
2018,1,Paraná Pesquisas,2018-10-23,2018-10-25,2018-10-25,2120,wikipedia_tabela_7,Haddad,35.0,0,12.0,https://en.wikipedia.org/wiki/Opinion_polling_for_the_2018_Brazilian_presidential_election
2018,1,RealTime Big Data,2018-10-24,2018-10-24,2018-10-24,5000,wikipedia_tabela_7,Bolsonaro,49.0,0,13.0,https://en.wikipedia.org/wiki/Opinion_polling_for_the_2018_Brazilian_presidential_election
2018,1,RealTime Big Data,2018-10-24,2018-10-24,2018-10-24,5000,wikipedia_tabela_7,Haddad,38.0,0,13.0,https://en.wikipedia.org/wiki/Opinion_polling_for_the_2018_Brazilian_presidential_election
2018,1,Ipespe,2018-10-23,2018-10-24,2018-10-24,2000,wikipedia_tabela_7,Bolsonaro,51.0,0,12.0,https://en.wikipedia.org/wiki/Opinion_polling_for_the_2018_Brazilian_presidential_election
2018,1,Ipespe,2018-10-23,2018-10-24,2018-10-24,2000,wikipedia_tabela_7,Haddad,37.0,0,12.0,https://en.wikipedia.org/wiki/Opinion_polling_for_the_2018_Brazilian_presidential_election
2018,1,Ibope,2018-10-21,2018-10-23,2018-10-23,3010,wikipedia_tabela_7,Bolsonaro,50.0,0,13.0,https://en.wikipedia.org/wiki/Opinion_polling_for_the_2018_Brazilian_presidential_election
2018,1,Ibope,2018-10-21,2018-10-23,2018-10-23,3010,wikipedia_tabela_7,Haddad,37.0,0,13.0,https://en.wikipedia.org/wiki/Opinion_polling_for_the_2018_Brazilian_presidential_election
2018,1,FSB Pesquisa,2018-10-20,2018-10-21,2018-10-21,2000,wikipedia_tabela_7,Bolsonaro,52.0,0,13.0,https://en.wikipedia.org/wiki/Opinion_polling_for_the_2018_Brazilian_presidential_election
2018,1,FSB Pesquisa,2018-10-20,2018-10-21,2018-10-21,2000,wikipedia_tabela_7,Haddad,35.0,0,13.0,https://en.wikipedia.org/wiki/Opinion_polling_for_the_2018_Brazilian_presidential_election
2018,1,CNT/MDA,2018-10-20,2018-10-21,2018-10-21,2002,wikipedia_tabela_7,Bolsonaro,49.0,0,14.0,https://en.wikipedia.org/wiki/Opinion_polling_for_the_2018_Brazilian_presidential_election
2018,1,CNT/MDA,2018-10-20,2018-10-21,2018-10-21,2002,wikipedia_tabela_7,Haddad,37.0,0,14.0,https://en.wikipedia.org/wiki/Opinion_polling_for_the_2018_Brazilian_presidential_election
2018,1,RealTime Big Data,2018-10-19,2018-10-20,2018-10-20,5000,wikipedia_tabela_7,Bolsonaro,52.0,0,11.0,https://en.wikipedia.org/wiki/Opinion_polling_for_the_2018_Brazilian_presidential_election
2018,1,RealTime Big Data,2018-10-19,2018-10-20,2018-10-20,5000,wikipedia_tabela_7,Haddad,37.0,0,11.0,https://en.wikipedia.org/wiki/Opinion_polling_for_the_2018_Brazilian_presidential_election
2018,1,DataPoder360,2018-10-17,2018-10-18,2018-10-18,4000,wikipedia_tabela_7,Bolsonaro,57.0,0,12.0,https://en.wikipedia.org/wiki/Opinion_polling_for_the_2018_Brazilian_presidential_election
2018,1,DataPoder360,2018-10-17,2018-10-18,2018-10-18,4000,wikipedia_tabela_7,Haddad,31.0,0,12.0,https://en.wikipedia.org/wiki/Opinion_polling_for_the_2018_Brazilian_presidential_election
2018,1,Datafolha,2018-10-17,2018-10-18,2018-10-18,9137,wikipedia_tabela_7,Bolsonaro,50.0,0,15.0,https://en.wikipedia.org/wiki/Opinion_polling_for_the_2018_Brazilian_presidential_election
2018,1,Datafolha,2018-10-17,2018-10-18,2018-10-18,9137,wikipedia_tabela_7,Haddad,35.0,0,15.0,https://en.wikipedia.org/wiki/Opinion_polling_for_the_2018_Brazilian_presidential_election
2018,1,RealTime Big Data,2018-10-16,2018-10-17,2018-10-17,5000,wikipedia_tabela_7,Bolsonaro,52.0,0,13.0,https://en.wikipedia.org/wiki/Opinion_polling_for_the_2018_Brazilian_presidential_election
2018,1,RealTime Big Data,2018-10-16,2018-10-17,2018-10-17,5000,wikipedia_tabela_7,Haddad,35.0,0,13.0,https://en.wikipedia.org/wiki/Opinion_polling_for_the_2018_Brazilian_presidential_election
2018,1,Ipespe,2018-10-15,2018-10-17,2018-10-17,2000,wikipedia_tabela_7,Bolsonaro,51.0,0,13.0,https://en.wikipedia.org/wiki/Opinion_polling_for_the_2018_Brazilian_presidential_election
2018,1,Ipespe,2018-10-15,2018-10-17,2018-10-17,2000,wikipedia_tabela_7,Haddad,37.0,0,13.0,https://en.wikipedia.org/wiki/Opinion_polling_for_the_2018_Brazilian_presidential_election
2018,1,Paraná Pesquisas,2018-10-14,2018-10-17,2018-10-17,2080,wikipedia_tabela_7,Bolsonaro,53.0,0,13.0,https://en.wikipedia.org/wiki/Opinion_polling_for_the_2018_Brazilian_presidential_election
2018,1,Paraná Pesquisas,2018-10-14,2018-10-17,2018-10-17,2080,wikipedia_tabela_7,Haddad,34.0,0,13.0,https://en.wikipedia.org/wiki/Opinion_polling_for_the_2018_Brazilian_presidential_election
2018,1,Ibope,2018-10-13,2018-10-14,2018-10-14,2506,wikipedia_tabela_7,Bolsonaro,52.0,0,12.0,https://en.wikipedia.org/wiki/Opinion_polling_for_the_2018_Brazilian_presidential_election
2018,1,Ibope,2018-10-13,2018-10-14,2018-10-14,2506,wikipedia_tabela_7,Haddad,37.0,0,12.0,https://en.wikipedia.org/wiki/Opinion_polling_for_the_2018_Brazilian_presidential_election
2018,1,FSB Pesquisa,2018-10-13,2018-10-14,2018-10-14,2000,wikipedia_tabela_7,Bolsonaro,51.0,0,14.0,https://en.wikipedia.org/wiki/Opinion_polling_for_the_2018_Brazilian_presidential_election
2018,1,FSB Pesquisa,2018-10-13,2018-10-14,2018-10-14,2000,wikipedia_tabela_7,Haddad,35.0,0,14.0,https://en.wikipedia.org/wiki/Opinion_polling_for_the_2018_Brazilian_presidential_election
2018,1,RealTime Big Data,2018-10-12,2018-10-13,2018-10-13,5000,wikipedia_tabela_7,Bolsonaro,48.0,0,19.0,https://en.wikipedia.org/wiki/Opinion_polling_for_the_2018_Brazilian_presidential_election
2018,1,RealTime Big Data,2018-10-12,2018-10-13,2018-10-13,5000,wikipedia_tabela_7,Haddad,33.0,0,19.0,https://en.wikipedia.org/wiki/Opinion_polling_for_the_2018_Brazilian_presidential_election
2018,1,Datafolha,2018-10-10,2018-10-10,2018-10-10,3235,wikipedia_tabela_7,Bolsonaro,49.0,0,15.0,https://en.wikipedia.org/wiki/Opinion_polling_for_the_2018_Brazilian_presidential_election
2018,1,Datafolha,2018-10-10,2018-10-10,2018-10-10,3235,wikipedia_tabela_7,Haddad,36.0,0,15.0,https://en.wikipedia.org/wiki/Opinion_polling_for_the_2018_Brazilian_presidential_election
2018,1,Idea Big Data,2018-10-08,2018-10-10,2018-10-10,2036,wikipedia_tabela_7,Bolsonaro,48.0,0,11.0,https://en.wikipedia.org/wiki/Opinion_polling_for_the_2018_Brazilian_presidential_election
2018,1,Idea Big Data,2018-10-08,2018-10-10,2018-10-10,2036,wikipedia_tabela_7,Haddad,41.0,0,11.0,https://en.wikipedia.org/wiki/Opinion_polling_for_the_2018_Brazilian_presidential_election
2018,1,Ipespe,2018-10-08,2018-10-09,2018-10-09,2000,wikipedia_tabela_7,Bolsonaro,51.0,0,13.0,https://en.wikipedia.org/wiki/Opinion_polling_for_the_2018_Brazilian_presidential_election
2018,1,Ipespe,2018-10-08,2018-10-09,2018-10-09,2000,wikipedia_tabela_7,Haddad,36.0,0,13.0,https://en.wikipedia.org/wiki/Opinion_polling_for_the_2018_Brazilian_presidential_election
2014,1,Ibope (exit poll),2014-10-05,2014-10-05,2014-10-05,64200,wikipedia_tabela_9,Dilma,44.0,0,0.0,https://en.wikipedia.org/wiki/2014_Brazilian_general_election
2014,1,Ibope (exit poll),2014-10-05,2014-10-05,2014-10-05,64200,wikipedia_tabela_9,Aécio,30.0,0,0.0,https://en.wikipedia.org/wiki/2014_Brazilian_general_election
2014,1,Datafolha,2014-10-03,2014-10-04,2014-10-04,18116,wikipedia_tabela_9,Dilma,40.0,0,10.0,https://en.wikipedia.org/wiki/2014_Brazilian_general_election
2014,1,Datafolha,2014-10-03,2014-10-04,2014-10-04,18116,wikipedia_tabela_9,Aécio,24.0,0,10.0,https://en.wikipedia.org/wiki/2014_Brazilian_general_election
2014,1,Datafolha,2014-09-29,2014-09-30,2014-09-30,7520,wikipedia_tabela_9,Dilma,40.0,0,10.0,https://en.wikipedia.org/wiki/2014_Brazilian_general_election
2014,1,Datafolha,2014-09-29,2014-09-30,2014-09-30,7520,wikipedia_tabela_9,Aécio,20.0,0,10.0,https://en.wikipedia.org/wiki/2014_Brazilian_general_election
2014,1,Ibope,2014-09-27,2014-09-29,2014-09-29,3010,wikipedia_tabela_9,Dilma,39.0,0,14.0,https://en.wikipedia.org/wiki/2014_Brazilian_general_election
2014,1,Ibope,2014-09-27,2014-09-29,2014-09-29,3010,wikipedia_tabela_9,Aécio,19.0,0,14.0,https://en.wikipedia.org/wiki/2014_Brazilian_general_election
2014,1,Ibope,2014-09-20,2014-09-22,2014-09-22,3010,wikipedia_tabela_9,Dilma,38.0,0,12.0,https://en.wikipedia.org/wiki/2014_Brazilian_general_election
2014,1,Ibope,2014-09-20,2014-09-22,2014-09-22,3010,wikipedia_tabela_9,Aécio,19.0,0,12.0,https://en.wikipedia.org/wiki/2014_Brazilian_general_election
2014,1,Vox Populi,2014-09-20,2014-09-21,2014-09-21,2000,wikipedia_tabela_9,Dilma,40.0,0,18.0,https://en.wikipedia.org/wiki/2014_Brazilian_general_election
2014,1,Vox Populi,2014-09-20,2014-09-21,2014-09-21,2000,wikipedia_tabela_9,Aécio,17.0,0,18.0,https://en.wikipedia.org/wiki/2014_Brazilian_general_election
2014,1,Datafolha,2014-09-17,2014-09-18,2014-09-18,5340,wikipedia_tabela_9,Dilma,37.0,0,13.0,https://en.wikipedia.org/wiki/2014_Brazilian_general_election
2014,1,Datafolha,2014-09-17,2014-09-18,2014-09-18,5340,wikipedia_tabela_9,Aécio,17.0,0,13.0,https://en.wikipedia.org/wiki/2014_Brazilian_general_election
2014,1,Ibope,2014-09-13,2014-09-15,2014-09-15,3010,wikipedia_tabela_9,Dilma,36.0,0,13.0,https://en.wikipedia.org/wiki/2014_Brazilian_general_election
2014,1,Ibope,2014-09-13,2014-09-15,2014-09-15,3010,wikipedia_tabela_9,Aécio,19.0,0,13.0,https://en.wikipedia.org/wiki/2014_Brazilian_general_election
2014,1,Vox Populi,2014-09-13,2014-09-14,2014-09-14,2000,wikipedia_tabela_9,Dilma,36.0,0,20.0,https://en.wikipedia.org/wiki/2014_Brazilian_general_election
2014,1,Vox Populi,2014-09-13,2014-09-14,2014-09-14,2000,wikipedia_tabela_9,Aécio,15.0,0,20.0,https://en.wikipedia.org/wiki/2014_Brazilian_general_election
2014,1,Datafolha,2014-09-08,2014-09-09,2014-09-09,10568,wikipedia_tabela_9,Dilma,36.0,0,13.0,https://en.wikipedia.org/wiki/2014_Brazilian_general_election
2014,1,Datafolha,2014-09-08,2014-09-09,2014-09-09,10568,wikipedia_tabela_9,Aécio,15.0,0,13.0,https://en.wikipedia.org/wiki/2014_Brazilian_general_election
2014,1,CNI/Ibope,2014-09-05,2014-09-08,2014-09-08,2002,wikipedia_tabela_9,Dilma,39.0,0,13.0,https://en.wikipedia.org/wiki/2014_Brazilian_general_election
2014,1,CNI/Ibope,2014-09-05,2014-09-08,2014-09-08,2002,wikipedia_tabela_9,Aécio,15.0,0,13.0,https://en.wikipedia.org/wiki/2014_Brazilian_general_election
2014,1,Datafolha,2014-09-01,2014-09-03,2014-09-03,10054,wikipedia_tabela_9,Dilma,35.0,0,13.0,https://en.wikipedia.org/wiki/2014_Brazilian_general_election
2014,1,Datafolha,2014-09-01,2014-09-03,2014-09-03,10054,wikipedia_tabela_9,Aécio,14.0,0,13.0,https://en.wikipedia.org/wiki/2014_Brazilian_general_election
2014,1,Ibope,2014-08-31,2014-09-02,2014-09-02,2506,wikipedia_tabela_9,Dilma,37.0,0,12.0,https://en.wikipedia.org/wiki/2014_Brazilian_general_election
2014,1,Ibope,2014-08-31,2014-09-02,2014-09-02,2506,wikipedia_tabela_9,Aécio,15.0,0,12.0,https://en.wikipedia.org/wiki/2014_Brazilian_general_election
2014,1,Datafolha,2014-08-28,2014-08-29,2014-08-29,2874,wikipedia_tabela_9,Dilma,34.0,0,14.0,https://en.wikipedia.org/wiki/2014_Brazilian_general_election
2014,1,Datafolha,2014-08-28,2014-08-29,2014-08-29,2874,wikipedia_tabela_9,Aécio,15.0,0,14.0,https://en.wikipedia.org/wiki/2014_Brazilian_general_election
2014,1,CNT/MDA,2014-08-21,2014-08-24,2014-08-24,2202,wikipedia_tabela_9,Dilma,36.2,0,19.1,https://en.wikipedia.org/wiki/2014_Brazilian_general_election
2014,1,CNT/MDA,2014-08-21,2014-08-24,2014-08-24,2202,wikipedia_tabela_9,Aécio,16.0,0,19.1,https://en.wikipedia.org/wiki/2014_Brazilian_general_election
2014,1,Ibope,2014-08-23,2014-08-25,2014-08-25,2506,wikipedia_tabela_9,Dilma,34.0,0,15.0,https://en.wikipedia.org/wiki/2014_Brazilian_general_election
2014,1,Ibope,2014-08-23,2014-08-25,2014-08-25,2506,wikipedia_tabela_9,Aécio,19.0,0,15.0,https://en.wikipedia.org/wiki/2014_Brazilian_general_election
2014,1,Datafolha,2014-08-14,2014-08-15,2014-08-15,2843,wikipedia_tabela_9,Dilma,36.0,0,17.0,https://en.wikipedia.org/wiki/2014_Brazilian_general_election
2014,1,Datafolha,2014-08-14,2014-08-15,2014-08-15,2843,wikipedia_tabela_9,Aécio,20.0,0,17.0,https://en.wikipedia.org/wiki/2014_Brazilian_general_election
2014,1,Datafolha,2014-08-14,2014-08-15,2014-08-15,2843,wikipedia_tabela_9,Dilma,41.0,0,25.0,https://en.wikipedia.org/wiki/2014_Brazilian_general_election
2014,1,Datafolha,2014-08-14,2014-08-15,2014-08-15,2843,wikipedia_tabela_9,Aécio,25.0,0,25.0,https://en.wikipedia.org/wiki/2014_Brazilian_general_election
2014,1,Ibope,2014-08-03,2014-08-06,2014-08-06,2506,wikipedia_tabela_9,Dilma,38.0,0,24.0,https://en.wikipedia.org/wiki/2014_Brazilian_general_election
2014,1,Ibope,2014-08-03,2014-08-06,2014-08-06,2506,wikipedia_tabela_9,Aécio,23.0,0,24.0,https://en.wikipedia.org/wiki/2014_Brazilian_general_election
2014,1,Ibope,2014-07-18,2014-07-21,2014-07-21,2002,wikipedia_tabela_9,Dilma,38.0,0,25.0,https://en.wikipedia.org/wiki/2014_Brazilian_general_election
2014,1,Ibope,2014-07-18,2014-07-21,2014-07-21,2002,wikipedia_tabela_9,Aécio,22.0,0,25.0,https://en.wikipedia.org/wiki/2014_Brazilian_general_election
2014,1,Datafolha,2014-07-15,2014-07-16,2014-07-16,5377,wikipedia_tabela_9,Dilma,36.0,0,27.0,https://en.wikipedia.org/wiki/2014_Brazilian_general_election
2014,1,Datafolha,2014-07-15,2014-07-16,2014-07-16,5377,wikipedia_tabela_9,Aécio,20.0,0,27.0,https://en.wikipedia.org/wiki/2014_Brazilian_general_election
2014,1,Datafolha,2014-07-01,2014-07-02,2014-07-02,2857,wikipedia_tabela_9,Dilma,38.0,0,24.0,https://en.wikipedia.org/wiki/2014_Brazilian_general_election
2014,1,Datafolha,2014-07-01,2014-07-02,2014-07-02,2857,wikipedia_tabela_9,Aécio,20.0,0,24.0,https://en.wikipedia.org/wiki/2014_Brazilian_general_election
2014,1,Ibope,2014-06-13,2014-06-15,2014-06-15,2002,wikipedia_tabela_9,Dilma,39.0,0,21.0,https://en.wikipedia.org/wiki/2014_Brazilian_general_election
2014,1,Ibope,2014-06-13,2014-06-15,2014-06-15,2002,wikipedia_tabela_9,Aécio,21.0,0,21.0,https://en.wikipedia.org/wiki/2014_Brazilian_general_election
2014,1,Ibope,2014-06-04,2014-06-07,2014-06-07,2002,wikipedia_tabela_9,Dilma,38.0,0,20.0,https://en.wikipedia.org/wiki/2014_Brazilian_general_election
2014,1,Ibope,2014-06-04,2014-06-07,2014-06-07,2002,wikipedia_tabela_9,Aécio,22.0,0,20.0,https://en.wikipedia.org/wiki/2014_Brazilian_general_election
2014,1,Datafolha,2014-06-03,2014-06-05,2014-06-05,4337,wikipedia_tabela_9,Dilma,34.0,0,30.0,https://en.wikipedia.org/wiki/2014_Brazilian_general_election
2014,1,Datafolha,2014-06-03,2014-06-05,2014-06-05,4337,wikipedia_tabela_9,Aécio,19.0,0,30.0,https://en.wikipedia.org/wiki/2014_Brazilian_general_election
2014,1,Vox Populi,2014-05-31,2014-06-01,2014-06-01,2200,wikipedia_tabela_9,Dilma,40.0,0,28.0,https://en.wikipedia.org/wiki/2014_Brazilian_general_election
2014,1,Vox Populi,2014-05-31,2014-06-01,2014-06-01,2200,wikipedia_tabela_9,Aécio,21.0,0,28.0,https://en.wikipedia.org/wiki/2014_Brazilian_general_election
2014,1,Ibope,2014-05-15,2014-05-19,2014-05-19,2002,wikipedia_tabela_9,Dilma,40.0,0,24.0,https://en.wikipedia.org/wiki/2014_Brazilian_general_election
2014,1,Ibope,2014-05-15,2014-05-19,2014-05-19,2002,wikipedia_tabela_9,Aécio,20.0,0,24.0,https://en.wikipedia.org/wiki/2014_Brazilian_general_election
2014,1,Datafolha,2014-05-07,2014-05-08,2014-05-08,2844,wikipedia_tabela_9,Dilma,37.0,0,24.0,https://en.wikipedia.org/wiki/2014_Brazilian_general_election
2014,1,Datafolha,2014-05-07,2014-05-08,2014-05-08,2844,wikipedia_tabela_9,Aécio,20.0,0,24.0,https://en.wikipedia.org/wiki/2014_Brazilian_general_election
2014,1,Datafolha,2014-05-07,2014-05-08,2014-05-08,2844,wikipedia_tabela_9,Dilma,41.0,0,23.0,https://en.wikipedia.org/wiki/2014_Brazilian_general_election
2014,1,Datafolha,2014-05-07,2014-05-08,2014-05-08,2844,wikipedia_tabela_9,Aécio,22.0,0,23.0,https://en.wikipedia.org/wiki/2014_Brazilian_general_election
2014,1,Datafolha,2014-05-07,2014-05-08,2014-05-08,2844,wikipedia_tabela_9,Aécio,19.0,0,18.0,https://en.wikipedia.org/wiki/2014_Brazilian_general_election
2014,1,Datafolha,2014-05-07,2014-05-08,2014-05-08,2844,wikipedia_tabela_9,Aécio,17.0,0,19.0,https://en.wikipedia.org/wiki/2014_Brazilian_general_election
2014,1,Ibope,2014-04-10,2014-04-14,2014-04-14,2002,wikipedia_tabela_9,Dilma,37.0,0,37.0,https://en.wikipedia.org/wiki/2014_Brazilian_general_election
2014,1,Ibope,2014-04-10,2014-04-14,2014-04-14,2002,wikipedia_tabela_9,Aécio,14.0,0,37.0,https://en.wikipedia.org/wiki/2014_Brazilian_general_election
2014,1,Ibope,2014-04-10,2014-04-14,2014-04-14,2002,wikipedia_tabela_9,Dilma,37.0,0,33.0,https://en.wikipedia.org/wiki/2014_Brazilian_general_election
2014,1,Ibope,2014-04-10,2014-04-14,2014-04-14,2002,wikipedia_tabela_9,Aécio,14.0,0,33.0,https://en.wikipedia.org/wiki/2014_Brazilian_general_election
2014,1,Vox Populi,2014-04-06,2014-04-08,2014-04-08,2200,wikipedia_tabela_9,Dilma,40.0,0,29.0,https://en.wikipedia.org/wiki/2014_Brazilian_general_election
2014,1,Vox Populi,2014-04-06,2014-04-08,2014-04-08,2200,wikipedia_tabela_9,Aécio,16.0,0,29.0,https://en.wikipedia.org/wiki/2014_Brazilian_general_election
2014,1,Datafolha,2014-04-02,2014-04-03,2014-04-03,2637,wikipedia_tabela_9,Dilma,38.0,0,29.0,https://en.wikipedia.org/wiki/2014_Brazilian_general_election
2014,1,Datafolha,2014-04-02,2014-04-03,2014-04-03,2637,wikipedia_tabela_9,Aécio,16.0,0,29.0,https://en.wikipedia.org/wiki/2014_Brazilian_general_election
2014,1,Datafolha,2014-04-02,2014-04-03,2014-04-03,2637,wikipedia_tabela_9,Dilma,43.0,0,25.0,https://en.wikipedia.org/wiki/2014_Brazilian_general_election
2014,1,Datafolha,2014-04-02,2014-04-03,2014-04-03,2637,wikipedia_tabela_9,Aécio,18.0,0,25.0,https://en.wikipedia.org/wiki/2014_Brazilian_general_election
2014,1,Datafolha,2014-04-02,2014-04-03,2014-04-03,2637,wikipedia_tabela_9,Dilma,39.0,0,19.0,https://en.wikipedia.org/wiki/2014_Brazilian_general_election
2014,1,Datafolha,2014-04-02,2014-04-03,2014-04-03,2637,wikipedia_tabela_9,Aécio,16.0,0,19.0,https://en.wikipedia.org/wiki/2014_Brazilian_general_election
2014,1,Datafolha,2014-04-02,2014-04-03,2014-04-03,2637,wikipedia_tabela_9,Aécio,16.0,0,21.0,https://en.wikipedia.org/wiki/2014_Brazilian_general_election
2014,1,Datafolha,2014-04-02,2014-04-03,2014-04-03,2637,wikipedia_tabela_9,Aécio,14.0,0,15.0,https://en.wikipedia.org/wiki/2014_Brazilian_general_election
2014,1,Ibope,2014-03-13,2014-03-17,2014-03-17,2002,wikipedia_tabela_9,Dilma,40.0,0,36.0,https://en.wikipedia.org/wiki/2014_Brazilian_general_election
2014,1,Ibope,2014-03-13,2014-03-17,2014-03-17,2002,wikipedia_tabela_9,Aécio,13.0,0,36.0,https://en.wikipedia.org/wiki/2014_Brazilian_general_election
2014,1,Ibope,2014-03-13,2014-03-17,2014-03-17,2002,wikipedia_tabela_9,Dilma,40.0,0,34.0,https://en.wikipedia.org/wiki/2014_Brazilian_general_election
2014,1,Ibope,2014-03-13,2014-03-17,2014-03-17,2002,wikipedia_tabela_9,Aécio,13.0,0,34.0,https://en.wikipedia.org/wiki/2014_Brazilian_general_election
2014,1,Datafolha,2014-02-19,2014-02-20,2014-02-20,2614,wikipedia_tabela_9,Dilma,47.0,0,24.0,https://en.wikipedia.org/wiki/2014_Brazilian_general_election
2014,1,Datafolha,2014-02-19,2014-02-20,2014-02-20,2614,wikipedia_tabela_9,Aécio,17.0,0,24.0,https://en.wikipedia.org/wiki/2014_Brazilian_general_election
2014,1,Datafolha,2014-02-19,2014-02-20,2014-02-20,2614,wikipedia_tabela_9,Dilma,43.0,0,24.0,https://en.wikipedia.org/wiki/2014_Brazilian_general_election
2014,1,Datafolha,2014-02-19,2014-02-20,2014-02-20,2614,wikipedia_tabela_9,Aécio,15.0,0,24.0,https://en.wikipedia.org/wiki/2014_Brazilian_general_election
2014,1,Datafolha,2014-02-19,2014-02-20,2014-02-20,2614,wikipedia_tabela_9,Dilma,42.0,0,20.0,https://en.wikipedia.org/wiki/2014_Brazilian_general_election
2014,1,Datafolha,2014-02-19,2014-02-20,2014-02-20,2614,wikipedia_tabela_9,Aécio,15.0,0,20.0,https://en.wikipedia.org/wiki/2014_Brazilian_general_election
2014,1,Datafolha,2014-02-19,2014-02-20,2014-02-20,2614,wikipedia_tabela_9,Dilma,41.0,0,16.0,https://en.wikipedia.org/wiki/2014_Brazilian_general_election
2014,1,Datafolha,2014-02-19,2014-02-20,2014-02-20,2614,wikipedia_tabela_9,Aécio,12.0,0,16.0,https://en.wikipedia.org/wiki/2014_Brazilian_general_election
2014,1,Datafolha,2014-02-19,2014-02-20,2014-02-20,2614,wikipedia_tabela_9,Dilma,44.0,0,26.0,https://en.wikipedia.org/wiki/2014_Brazilian_general_election
2014,1,Datafolha,2014-02-19,2014-02-20,2014-02-20,2614,wikipedia_tabela_9,Aécio,16.0,0,26.0,https://en.wikipedia.org/wiki/2014_Brazilian_general_election
2014,1,Datafolha,2014-02-19,2014-02-20,2014-02-20,2614,wikipedia_tabela_9,Aécio,15.0,0,21.0,https://en.wikipedia.org/wiki/2014_Brazilian_general_election
2014,1,Datafolha,2014-02-19,2014-02-20,2014-02-20,2614,wikipedia_tabela_9,Aécio,14.0,0,16.0,https://en.wikipedia.org/wiki/2014_Brazilian_general_election
2014,1,Vox Populi 2014-10-11 at the Wayback Machine,2014-02-13,2014-02-15,2014-02-15,2201,wikipedia_tabela_9,Dilma,41.0,0,35.0,https://en.wikipedia.org/wiki/2014_Brazilian_general_election
2014,1,Vox Populi 2014-10-11 at the Wayback Machine,2014-02-13,2014-02-15,2014-02-15,2201,wikipedia_tabela_9,Aécio,17.0,0,35.0,https://en.wikipedia.org/wiki/2014_Brazilian_general_election
2014,1,Vox Populi,2014-10-25,2014-10-25,2014-10-25,2000,wikipedia_tabela_11,Dilma,54.0,0,0.0,https://en.wikipedia.org/wiki/2014_Brazilian_general_election
2014,1,Vox Populi,2014-10-25,2014-10-25,2014-10-25,2000,wikipedia_tabela_11,Aécio,46.0,0,0.0,https://en.wikipedia.org/wiki/2014_Brazilian_general_election
2014,1,Datafolha,2014-10-24,2014-10-25,2014-10-25,19318,wikipedia_tabela_11,Dilma,52.0,0,0.0,https://en.wikipedia.org/wiki/2014_Brazilian_general_election
2014,1,Datafolha,2014-10-24,2014-10-25,2014-10-25,19318,wikipedia_tabela_11,Aécio,48.0,0,0.0,https://en.wikipedia.org/wiki/2014_Brazilian_general_election
2014,1,Ibope,2014-10-24,2014-10-25,2014-10-25,3010,wikipedia_tabela_11,Dilma,53.0,0,0.0,https://en.wikipedia.org/wiki/2014_Brazilian_general_election
2014,1,Ibope,2014-10-24,2014-10-25,2014-10-25,3010,wikipedia_tabela_11,Aécio,47.0,0,0.0,https://en.wikipedia.org/wiki/2014_Brazilian_general_election
2014,1,CNT/MDA,2014-10-23,2014-10-24,2014-10-24,2002,wikipedia_tabela_11,Dilma,49.7,0,0.0,https://en.wikipedia.org/wiki/2014_Brazilian_general_election
2014,1,CNT/MDA,2014-10-23,2014-10-24,2014-10-24,2002,wikipedia_tabela_11,Aécio,50.3,0,0.0,https://en.wikipedia.org/wiki/2014_Brazilian_general_election
2014,1,Datafolha,2014-10-22,2014-10-23,2014-10-23,9910,wikipedia_tabela_11,Dilma,53.0,0,0.0,https://en.wikipedia.org/wiki/2014_Brazilian_general_election
2014,1,Datafolha,2014-10-22,2014-10-23,2014-10-23,9910,wikipedia_tabela_11,Aécio,47.0,0,0.0,https://en.wikipedia.org/wiki/2014_Brazilian_general_election
2014,1,Datafolha,2014-10-21,2014-10-21,2014-10-21,4355,wikipedia_tabela_11,Dilma,52.0,0,0.0,https://en.wikipedia.org/wiki/2014_Brazilian_general_election
2014,1,Datafolha,2014-10-21,2014-10-21,2014-10-21,4355,wikipedia_tabela_11,Aécio,48.0,0,0.0,https://en.wikipedia.org/wiki/2014_Brazilian_general_election
2014,1,Ibope,2014-10-20,2014-10-22,2014-10-22,3010,wikipedia_tabela_11,Dilma,54.0,0,0.0,https://en.wikipedia.org/wiki/2014_Brazilian_general_election
2014,1,Ibope,2014-10-20,2014-10-22,2014-10-22,3010,wikipedia_tabela_11,Aécio,46.0,0,0.0,https://en.wikipedia.org/wiki/2014_Brazilian_general_election
2014,1,Datafolha,2014-10-20,2014-10-20,2014-10-20,4389,wikipedia_tabela_11,Dilma,52.0,0,0.0,https://en.wikipedia.org/wiki/2014_Brazilian_general_election
2014,1,Datafolha,2014-10-20,2014-10-20,2014-10-20,4389,wikipedia_tabela_11,Aécio,48.0,0,0.0,https://en.wikipedia.org/wiki/2014_Brazilian_general_election
2014,1,Vox Populi,2014-10-18,2014-10-19,2014-10-19,2000,wikipedia_tabela_11,Dilma,52.0,0,0.0,https://en.wikipedia.org/wiki/2014_Brazilian_general_election
2014,1,Vox Populi,2014-10-18,2014-10-19,2014-10-19,2000,wikipedia_tabela_11,Aécio,48.0,0,0.0,https://en.wikipedia.org/wiki/2014_Brazilian_general_election
2014,1,CNT/MDA,2014-10-18,2014-10-19,2014-10-19,2002,wikipedia_tabela_11,Dilma,50.5,0,0.0,https://en.wikipedia.org/wiki/2014_Brazilian_general_election
2014,1,CNT/MDA,2014-10-18,2014-10-19,2014-10-19,2002,wikipedia_tabela_11,Aécio,49.5,0,0.0,https://en.wikipedia.org/wiki/2014_Brazilian_general_election
2014,1,Datafolha,2014-10-14,2014-10-15,2014-10-15,9081,wikipedia_tabela_11,Dilma,49.0,0,0.0,https://en.wikipedia.org/wiki/2014_Brazilian_general_election
2014,1,Datafolha,2014-10-14,2014-10-15,2014-10-15,9081,wikipedia_tabela_11,Aécio,51.0,0,0.0,https://en.wikipedia.org/wiki/2014_Brazilian_general_election
2014,1,Ibope,2014-10-12,2014-10-14,2014-10-14,3010,wikipedia_tabela_11,Dilma,49.0,0,0.0,https://en.wikipedia.org/wiki/2014_Brazilian_general_election
2014,1,Ibope,2014-10-12,2014-10-14,2014-10-14,3010,wikipedia_tabela_11,Aécio,51.0,0,0.0,https://en.wikipedia.org/wiki/2014_Brazilian_general_election
2014,1,Vox Populi 2018-01-24 at the Wayback Machine,2014-10-11,2014-10-12,2014-10-12,2000,wikipedia_tabela_11,Dilma,51.0,0,0.0,https://en.wikipedia.org/wiki/2014_Brazilian_general_election
2014,1,Vox Populi 2018-01-24 at the Wayback Machine,2014-10-11,2014-10-12,2014-10-12,2000,wikipedia_tabela_11,Aécio,49.0,0,0.0,https://en.wikipedia.org/wiki/2014_Brazilian_general_election
2014,1,Datafolha,2014-10-08,2014-10-09,2014-10-09,2879,wikipedia_tabela_11,Dilma,49.0,0,0.0,https://en.wikipedia.org/wiki/2014_Brazilian_general_election
2014,1,Datafolha,2014-10-08,2014-10-09,2014-10-09,2879,wikipedia_tabela_11,Aécio,51.0,0,0.0,https://en.wikipedia.org/wiki/2014_Brazilian_general_election
2014,1,Ibope,2014-10-07,2014-10-08,2014-10-08,3010,wikipedia_tabela_11,Dilma,49.0,0,0.0,https://en.wikipedia.org/wiki/2014_Brazilian_general_election
2014,1,Ibope,2014-10-07,2014-10-08,2014-10-08,3010,wikipedia_tabela_11,Aécio,51.0,0,0.0,https://en.wikipedia.org/wiki/2014_Brazilian_general_election
2014,1,Vox Populi,2014-10-25,2014-10-25,2014-10-25,2000,wikipedia_tabela_11,Dilma,48.0,0,10.0,https://en.wikipedia.org/wiki/2014_Brazilian_general_election
2014,1,Vox Populi,2014-10-25,2014-10-25,2014-10-25,2000,wikipedia_tabela_11,Aécio,41.0,0,10.0,https://en.wikipedia.org/wiki/2014_Brazilian_general_election
2014,1,Datafolha,2014-10-24,2014-10-25,2014-10-25,19318,wikipedia_tabela_11,Dilma,47.0,0,10.0,https://en.wikipedia.org/wiki/2014_Brazilian_general_election
2014,1,Datafolha,2014-10-24,2014-10-25,2014-10-25,19318,wikipedia_tabela_11,Aécio,43.0,0,10.0,https://en.wikipedia.org/wiki/2014_Brazilian_general_election
2014,1,Ibope,2014-10-24,2014-10-25,2014-10-25,3010,wikipedia_tabela_11,Dilma,49.0,0,8.0,https://en.wikipedia.org/wiki/2014_Brazilian_general_election
2014,1,Ibope,2014-10-24,2014-10-25,2014-10-25,3010,wikipedia_tabela_11,Aécio,43.0,0,8.0,https://en.wikipedia.org/wiki/2014_Brazilian_general_election
2014,1,CNT/MDA,2014-10-23,2014-10-24,2014-10-24,2002,wikipedia_tabela_11,Dilma,44.7,0,10.1,https://en.wikipedia.org/wiki/2014_Brazilian_general_election
2014,1,CNT/MDA,2014-10-23,2014-10-24,2014-10-24,2002,wikipedia_tabela_11,Aécio,45.3,0,10.1,https://en.wikipedia.org/wiki/2014_Brazilian_general_election
2014,1,Datafolha,2014-10-22,2014-10-23,2014-10-23,9910,wikipedia_tabela_11,Dilma,48.0,0,10.0,https://en.wikipedia.org/wiki/2014_Brazilian_general_election
2014,1,Datafolha,2014-10-22,2014-10-23,2014-10-23,9910,wikipedia_tabela_11,Aécio,42.0,0,10.0,https://en.wikipedia.org/wiki/2014_Brazilian_general_election
2014,1,Datafolha,2014-10-21,2014-10-21,2014-10-21,4355,wikipedia_tabela_11,Dilma,47.0,0,10.0,https://en.wikipedia.org/wiki/2014_Brazilian_general_election
2014,1,Datafolha,2014-10-21,2014-10-21,2014-10-21,4355,wikipedia_tabela_11,Aécio,43.0,0,10.0,https://en.wikipedia.org/wiki/2014_Brazilian_general_election
2014,1,Ibope,2014-10-20,2014-10-22,2014-10-22,3010,wikipedia_tabela_11,Dilma,49.0,0,10.0,https://en.wikipedia.org/wiki/2014_Brazilian_general_election
2014,1,Ibope,2014-10-20,2014-10-22,2014-10-22,3010,wikipedia_tabela_11,Aécio,41.0,0,10.0,https://en.wikipedia.org/wiki/2014_Brazilian_general_election
2014,1,Datafolha,2014-10-20,2014-10-20,2014-10-20,4389,wikipedia_tabela_11,Dilma,46.0,0,11.0,https://en.wikipedia.org/wiki/2014_Brazilian_general_election
2014,1,Datafolha,2014-10-20,2014-10-20,2014-10-20,4389,wikipedia_tabela_11,Aécio,43.0,0,11.0,https://en.wikipedia.org/wiki/2014_Brazilian_general_election
2014,1,Vox Populi,2014-10-18,2014-10-19,2014-10-19,2000,wikipedia_tabela_11,Dilma,46.0,0,11.0,https://en.wikipedia.org/wiki/2014_Brazilian_general_election
2014,1,Vox Populi,2014-10-18,2014-10-19,2014-10-19,2000,wikipedia_tabela_11,Aécio,43.0,0,11.0,https://en.wikipedia.org/wiki/2014_Brazilian_general_election
2014,1,CNT/MDA,2014-10-18,2014-10-19,2014-10-19,2002,wikipedia_tabela_11,Dilma,45.5,0,10.0,https://en.wikipedia.org/wiki/2014_Brazilian_general_election
2014,1,CNT/MDA,2014-10-18,2014-10-19,2014-10-19,2002,wikipedia_tabela_11,Aécio,44.5,0,10.0,https://en.wikipedia.org/wiki/2014_Brazilian_general_election
2014,1,Datafolha,2014-10-14,2014-10-15,2014-10-15,9081,wikipedia_tabela_11,Dilma,43.0,0,12.0,https://en.wikipedia.org/wiki/2014_Brazilian_general_election
2014,1,Datafolha,2014-10-14,2014-10-15,2014-10-15,9081,wikipedia_tabela_11,Aécio,45.0,0,12.0,https://en.wikipedia.org/wiki/2014_Brazilian_general_election
2014,1,Ibope,2014-10-12,2014-10-14,2014-10-14,3010,wikipedia_tabela_11,Dilma,43.0,0,12.0,https://en.wikipedia.org/wiki/2014_Brazilian_general_election
2014,1,Ibope,2014-10-12,2014-10-14,2014-10-14,3010,wikipedia_tabela_11,Aécio,45.0,0,12.0,https://en.wikipedia.org/wiki/2014_Brazilian_general_election
2014,1,Vox Populi 2018-01-24 at the Wayback Machine,2014-10-11,2014-10-12,2014-10-12,2000,wikipedia_tabela_11,Dilma,45.0,0,11.0,https://en.wikipedia.org/wiki/2014_Brazilian_general_election
2014,1,Vox Populi 2018-01-24 at the Wayback Machine,2014-10-11,2014-10-12,2014-10-12,2000,wikipedia_tabela_11,Aécio,44.0,0,11.0,https://en.wikipedia.org/wiki/2014_Brazilian_general_election
2014,1,Datafolha,2014-10-08,2014-10-09,2014-10-09,2879,wikipedia_tabela_11,Dilma,44.0,0,10.0,https://en.wikipedia.org/wiki/2014_Brazilian_general_election
2014,1,Datafolha,2014-10-08,2014-10-09,2014-10-09,2879,wikipedia_tabela_11,Aécio,46.0,0,10.0,https://en.wikipedia.org/wiki/2014_Brazilian_general_election
2014,1,Ibope,2014-10-07,2014-10-08,2014-10-08,3010,wikipedia_tabela_11,Dilma,44.0,0,10.0,https://en.wikipedia.org/wiki/2014_Brazilian_general_election
2014,1,Ibope,2014-10-07,2014-10-08,2014-10-08,3010,wikipedia_tabela_11,Aécio,46.0,0,10.0,https://en.wikipedia.org/wiki/2014_Brazilian_general_election
2010,1,Vox Populi,2010-10-02,2010-10-02,2010-10-02,0,wikipedia_tabela_1,Dilma,47.0,0,13.0,https://en.wikipedia.org/wiki/Opinion_polling_for_the_2010_Brazilian_presidential_election
2010,1,Vox Populi,2010-10-02,2010-10-02,2010-10-02,0,wikipedia_tabela_1,Serra,26.0,0,13.0,https://en.wikipedia.org/wiki/Opinion_polling_for_the_2010_Brazilian_presidential_election
2010,1,Ibope,2010-10-01,2010-10-02,2010-10-02,0,wikipedia_tabela_1,Dilma,47.0,0,8.0,https://en.wikipedia.org/wiki/Opinion_polling_for_the_2010_Brazilian_presidential_election
2010,1,Ibope,2010-10-01,2010-10-02,2010-10-02,0,wikipedia_tabela_1,Serra,29.0,0,8.0,https://en.wikipedia.org/wiki/Opinion_polling_for_the_2010_Brazilian_presidential_election
2010,1,Datafolha,2010-10-01,2010-10-02,2010-10-02,0,wikipedia_tabela_1,Dilma,47.0,0,8.0,https://en.wikipedia.org/wiki/Opinion_polling_for_the_2010_Brazilian_presidential_election
2010,1,Datafolha,2010-10-01,2010-10-02,2010-10-02,0,wikipedia_tabela_1,Serra,29.0,0,8.0,https://en.wikipedia.org/wiki/Opinion_polling_for_the_2010_Brazilian_presidential_election
2010,1,Vox Populi,2010-10-01,2010-10-01,2010-10-01,0,wikipedia_tabela_1,Dilma,48.0,0,13.0,https://en.wikipedia.org/wiki/Opinion_polling_for_the_2010_Brazilian_presidential_election
2010,1,Vox Populi,2010-10-01,2010-10-01,2010-10-01,0,wikipedia_tabela_1,Serra,27.0,0,13.0,https://en.wikipedia.org/wiki/Opinion_polling_for_the_2010_Brazilian_presidential_election
2010,1,Vox Populi,2010-09-30,2010-09-30,2010-09-30,0,wikipedia_tabela_1,Dilma,49.0,0,13.0,https://en.wikipedia.org/wiki/Opinion_polling_for_the_2010_Brazilian_presidential_election
2010,1,Vox Populi,2010-09-30,2010-09-30,2010-09-30,0,wikipedia_tabela_1,Serra,26.0,0,13.0,https://en.wikipedia.org/wiki/Opinion_polling_for_the_2010_Brazilian_presidential_election
2010,1,Vox Populi,2010-09-29,2010-09-29,2010-09-29,0,wikipedia_tabela_1,Dilma,49.0,0,13.0,https://en.wikipedia.org/wiki/Opinion_polling_for_the_2010_Brazilian_presidential_election
2010,1,Vox Populi,2010-09-29,2010-09-29,2010-09-29,0,wikipedia_tabela_1,Serra,26.0,0,13.0,https://en.wikipedia.org/wiki/Opinion_polling_for_the_2010_Brazilian_presidential_election
2010,1,Datafolha,2010-09-28,2010-09-29,2010-09-29,0,wikipedia_tabela_1,Dilma,47.0,0,11.0,https://en.wikipedia.org/wiki/Opinion_polling_for_the_2010_Brazilian_presidential_election
2010,1,Datafolha,2010-09-28,2010-09-29,2010-09-29,0,wikipedia_tabela_1,Serra,28.0,0,11.0,https://en.wikipedia.org/wiki/Opinion_polling_for_the_2010_Brazilian_presidential_election
2010,1,Vox Populi,2010-09-28,2010-09-28,2010-09-28,0,wikipedia_tabela_1,Dilma,49.0,0,14.0,https://en.wikipedia.org/wiki/Opinion_polling_for_the_2010_Brazilian_presidential_election
2010,1,Vox Populi,2010-09-28,2010-09-28,2010-09-28,0,wikipedia_tabela_1,Serra,25.0,0,14.0,https://en.wikipedia.org/wiki/Opinion_polling_for_the_2010_Brazilian_presidential_election
2010,1,Datafolha,2010-09-27,2010-09-27,2010-09-27,0,wikipedia_tabela_1,Dilma,46.0,0,12.0,https://en.wikipedia.org/wiki/Opinion_polling_for_the_2010_Brazilian_presidential_election
2010,1,Datafolha,2010-09-27,2010-09-27,2010-09-27,0,wikipedia_tabela_1,Serra,28.0,0,12.0,https://en.wikipedia.org/wiki/Opinion_polling_for_the_2010_Brazilian_presidential_election
2010,1,Vox Populi,2010-09-27,2010-09-27,2010-09-27,0,wikipedia_tabela_1,Dilma,49.0,0,14.0,https://en.wikipedia.org/wiki/Opinion_polling_for_the_2010_Brazilian_presidential_election
2010,1,Vox Populi,2010-09-27,2010-09-27,2010-09-27,0,wikipedia_tabela_1,Serra,24.0,0,14.0,https://en.wikipedia.org/wiki/Opinion_polling_for_the_2010_Brazilian_presidential_election
2010,1,CNT/Sensus,2010-09-26,2010-09-28,2010-09-28,0,wikipedia_tabela_1,Dilma,47.5,0,15.3,https://en.wikipedia.org/wiki/Opinion_polling_for_the_2010_Brazilian_presidential_election
2010,1,CNT/Sensus,2010-09-26,2010-09-28,2010-09-28,0,wikipedia_tabela_1,Serra,25.6,0,15.3,https://en.wikipedia.org/wiki/Opinion_polling_for_the_2010_Brazilian_presidential_election
2010,1,Vox Populi,2010-09-26,2010-09-26,2010-09-26,0,wikipedia_tabela_1,Dilma,49.0,0,15.0,https://en.wikipedia.org/wiki/Opinion_polling_for_the_2010_Brazilian_presidential_election
2010,1,Vox Populi,2010-09-26,2010-09-26,2010-09-26,0,wikipedia_tabela_1,Serra,24.0,0,15.0,https://en.wikipedia.org/wiki/Opinion_polling_for_the_2010_Brazilian_presidential_election
2010,1,Ibope[link removed],2010-09-25,2010-09-26,2010-09-26,0,wikipedia_tabela_1,Dilma,50.0,0,10.0,https://en.wikipedia.org/wiki/Opinion_polling_for_the_2010_Brazilian_presidential_election
2010,1,Ibope[link removed],2010-09-25,2010-09-26,2010-09-26,0,wikipedia_tabela_1,Serra,27.0,0,10.0,https://en.wikipedia.org/wiki/Opinion_polling_for_the_2010_Brazilian_presidential_election
2010,1,Vox Populi,2010-09-25,2010-09-25,2010-09-25,0,wikipedia_tabela_1,Dilma,50.0,0,16.0,https://en.wikipedia.org/wiki/Opinion_polling_for_the_2010_Brazilian_presidential_election
2010,1,Vox Populi,2010-09-25,2010-09-25,2010-09-25,0,wikipedia_tabela_1,Serra,23.0,0,16.0,https://en.wikipedia.org/wiki/Opinion_polling_for_the_2010_Brazilian_presidential_election
2010,1,Vox Populi,2010-09-24,2010-09-24,2010-09-24,0,wikipedia_tabela_1,Dilma,50.0,0,16.0,https://en.wikipedia.org/wiki/Opinion_polling_for_the_2010_Brazilian_presidential_election
2010,1,Vox Populi,2010-09-24,2010-09-24,2010-09-24,0,wikipedia_tabela_1,Serra,24.0,0,16.0,https://en.wikipedia.org/wiki/Opinion_polling_for_the_2010_Brazilian_presidential_election
2010,1,Vox Populi,2010-09-23,2010-09-23,2010-09-23,0,wikipedia_tabela_1,Dilma,51.0,0,15.0,https://en.wikipedia.org/wiki/Opinion_polling_for_the_2010_Brazilian_presidential_election
2010,1,Vox Populi,2010-09-23,2010-09-23,2010-09-23,0,wikipedia_tabela_1,Serra,24.0,0,15.0,https://en.wikipedia.org/wiki/Opinion_polling_for_the_2010_Brazilian_presidential_election
2010,1,Vox Populi,2010-09-22,2010-09-22,2010-09-22,0,wikipedia_tabela_1,Dilma,51.0,0,15.0,https://en.wikipedia.org/wiki/Opinion_polling_for_the_2010_Brazilian_presidential_election
2010,1,Vox Populi,2010-09-22,2010-09-22,2010-09-22,0,wikipedia_tabela_1,Serra,24.0,0,15.0,https://en.wikipedia.org/wiki/Opinion_polling_for_the_2010_Brazilian_presidential_election
2010,1,Ibope,2010-09-21,2010-09-23,2010-09-23,0,wikipedia_tabela_1,Dilma,50.0,0,10.0,https://en.wikipedia.org/wiki/Opinion_polling_for_the_2010_Brazilian_presidential_election
2010,1,Ibope,2010-09-21,2010-09-23,2010-09-23,0,wikipedia_tabela_1,Serra,28.0,0,10.0,https://en.wikipedia.org/wiki/Opinion_polling_for_the_2010_Brazilian_presidential_election
2010,1,Datafolha,2010-09-21,2010-09-22,2010-09-22,0,wikipedia_tabela_1,Dilma,49.0,0,10.0,https://en.wikipedia.org/wiki/Opinion_polling_for_the_2010_Brazilian_presidential_election
2010,1,Datafolha,2010-09-21,2010-09-22,2010-09-22,0,wikipedia_tabela_1,Serra,28.0,0,10.0,https://en.wikipedia.org/wiki/Opinion_polling_for_the_2010_Brazilian_presidential_election
2010,1,Vox Populi,2010-09-21,2010-09-21,2010-09-21,0,wikipedia_tabela_1,Dilma,52.0,0,14.0,https://en.wikipedia.org/wiki/Opinion_polling_for_the_2010_Brazilian_presidential_election
2010,1,Vox Populi,2010-09-21,2010-09-21,2010-09-21,0,wikipedia_tabela_1,Serra,25.0,0,14.0,https://en.wikipedia.org/wiki/Opinion_polling_for_the_2010_Brazilian_presidential_election
2010,1,Vox Populi,2010-09-20,2010-09-20,2010-09-20,0,wikipedia_tabela_1,Dilma,53.0,0,15.0,https://en.wikipedia.org/wiki/Opinion_polling_for_the_2010_Brazilian_presidential_election
2010,1,Vox Populi,2010-09-20,2010-09-20,2010-09-20,0,wikipedia_tabela_1,Serra,23.0,0,15.0,https://en.wikipedia.org/wiki/Opinion_polling_for_the_2010_Brazilian_presidential_election
2010,1,Vox Populi,2010-09-19,2010-09-19,2010-09-19,0,wikipedia_tabela_1,Dilma,53.0,0,14.0,https://en.wikipedia.org/wiki/Opinion_polling_for_the_2010_Brazilian_presidential_election
2010,1,Vox Populi,2010-09-19,2010-09-19,2010-09-19,0,wikipedia_tabela_1,Serra,24.0,0,14.0,https://en.wikipedia.org/wiki/Opinion_polling_for_the_2010_Brazilian_presidential_election
2010,1,Vox Populi,2010-09-18,2010-09-18,2010-09-18,0,wikipedia_tabela_1,Dilma,51.0,0,16.0,https://en.wikipedia.org/wiki/Opinion_polling_for_the_2010_Brazilian_presidential_election
2010,1,Vox Populi,2010-09-18,2010-09-18,2010-09-18,0,wikipedia_tabela_1,Serra,24.0,0,16.0,https://en.wikipedia.org/wiki/Opinion_polling_for_the_2010_Brazilian_presidential_election
2010,1,Vox Populi,2010-09-17,2010-09-17,2010-09-17,0,wikipedia_tabela_1,Dilma,51.0,0,17.0,https://en.wikipedia.org/wiki/Opinion_polling_for_the_2010_Brazilian_presidential_election
2010,1,Vox Populi,2010-09-17,2010-09-17,2010-09-17,0,wikipedia_tabela_1,Serra,23.0,0,17.0,https://en.wikipedia.org/wiki/Opinion_polling_for_the_2010_Brazilian_presidential_election
2010,1,Vox Populi,2010-09-16,2010-09-16,2010-09-16,0,wikipedia_tabela_1,Dilma,51.0,0,17.0,https://en.wikipedia.org/wiki/Opinion_polling_for_the_2010_Brazilian_presidential_election
2010,1,Vox Populi,2010-09-16,2010-09-16,2010-09-16,0,wikipedia_tabela_1,Serra,23.0,0,17.0,https://en.wikipedia.org/wiki/Opinion_polling_for_the_2010_Brazilian_presidential_election
2010,1,Vox Populi,2010-09-15,2010-09-15,2010-09-15,0,wikipedia_tabela_1,Dilma,52.0,0,17.0,https://en.wikipedia.org/wiki/Opinion_polling_for_the_2010_Brazilian_presidential_election
2010,1,Vox Populi,2010-09-15,2010-09-15,2010-09-15,0,wikipedia_tabela_1,Serra,22.0,0,17.0,https://en.wikipedia.org/wiki/Opinion_polling_for_the_2010_Brazilian_presidential_election
2010,1,Ibope,2010-09-14,2010-09-17,2010-09-17,0,wikipedia_tabela_1,Dilma,51.0,0,13.0,https://en.wikipedia.org/wiki/Opinion_polling_for_the_2010_Brazilian_presidential_election
2010,1,Ibope,2010-09-14,2010-09-17,2010-09-17,0,wikipedia_tabela_1,Serra,25.0,0,13.0,https://en.wikipedia.org/wiki/Opinion_polling_for_the_2010_Brazilian_presidential_election
2010,1,Vox Populi,2010-09-14,2010-09-14,2010-09-14,0,wikipedia_tabela_1,Dilma,53.0,0,17.0,https://en.wikipedia.org/wiki/Opinion_polling_for_the_2010_Brazilian_presidential_election
2010,1,Vox Populi,2010-09-14,2010-09-14,2010-09-14,0,wikipedia_tabela_1,Serra,22.0,0,17.0,https://en.wikipedia.org/wiki/Opinion_polling_for_the_2010_Brazilian_presidential_election
2010,1,Datafolha,2010-09-13,2010-09-15,2010-09-15,0,wikipedia_tabela_1,Dilma,51.0,0,11.0,https://en.wikipedia.org/wiki/Opinion_polling_for_the_2010_Brazilian_presidential_election
2010,1,Datafolha,2010-09-13,2010-09-15,2010-09-15,0,wikipedia_tabela_1,Serra,27.0,0,11.0,https://en.wikipedia.org/wiki/Opinion_polling_for_the_2010_Brazilian_presidential_election
2010,1,Vox Populi,2010-09-13,2010-09-13,2010-09-13,0,wikipedia_tabela_1,Dilma,54.0,0,16.0,https://en.wikipedia.org/wiki/Opinion_polling_for_the_2010_Brazilian_presidential_election
2010,1,Vox Populi,2010-09-13,2010-09-13,2010-09-13,0,wikipedia_tabela_1,Serra,22.0,0,16.0,https://en.wikipedia.org/wiki/Opinion_polling_for_the_2010_Brazilian_presidential_election
2010,1,Vox Populi,2010-09-12,2010-09-12,2010-09-12,0,wikipedia_tabela_1,Dilma,53.0,0,15.0,https://en.wikipedia.org/wiki/Opinion_polling_for_the_2010_Brazilian_presidential_election
2010,1,Vox Populi,2010-09-12,2010-09-12,2010-09-12,0,wikipedia_tabela_1,Serra,23.0,0,15.0,https://en.wikipedia.org/wiki/Opinion_polling_for_the_2010_Brazilian_presidential_election
2010,1,Vox Populi,2010-09-12,2010-09-12,2010-09-12,0,wikipedia_tabela_1,Dilma,52.0,0,16.0,https://en.wikipedia.org/wiki/Opinion_polling_for_the_2010_Brazilian_presidential_election
2010,1,Vox Populi,2010-09-12,2010-09-12,2010-09-12,0,wikipedia_tabela_1,Serra,23.0,0,16.0,https://en.wikipedia.org/wiki/Opinion_polling_for_the_2010_Brazilian_presidential_election
2010,1,CNT/Sensus,2010-09-10,2010-09-12,2010-09-12,0,wikipedia_tabela_1,Dilma,50.5,0,14.2,https://en.wikipedia.org/wiki/Opinion_polling_for_the_2010_Brazilian_presidential_election
2010,1,CNT/Sensus,2010-09-10,2010-09-12,2010-09-12,0,wikipedia_tabela_1,Serra,26.4,0,14.2,https://en.wikipedia.org/wiki/Opinion_polling_for_the_2010_Brazilian_presidential_election
2010,1,Vox Populi,2010-09-10,2010-09-10,2010-09-10,0,wikipedia_tabela_1,Dilma,53.0,0,16.0,https://en.wikipedia.org/wiki/Opinion_polling_for_the_2010_Brazilian_presidential_election
2010,1,Vox Populi,2010-09-10,2010-09-10,2010-09-10,0,wikipedia_tabela_1,Serra,22.0,0,16.0,https://en.wikipedia.org/wiki/Opinion_polling_for_the_2010_Brazilian_presidential_election
2010,1,Vox Populi,2010-09-09,2010-09-09,2010-09-09,0,wikipedia_tabela_1,Dilma,53.0,0,17.0,https://en.wikipedia.org/wiki/Opinion_polling_for_the_2010_Brazilian_presidential_election
2010,1,Vox Populi,2010-09-09,2010-09-09,2010-09-09,0,wikipedia_tabela_1,Serra,21.0,0,17.0,https://en.wikipedia.org/wiki/Opinion_polling_for_the_2010_Brazilian_presidential_election
2010,1,Datafolha,2010-09-08,2010-09-09,2010-09-09,0,wikipedia_tabela_1,Dilma,50.0,0,12.0,https://en.wikipedia.org/wiki/Opinion_polling_for_the_2010_Brazilian_presidential_election
2010,1,Datafolha,2010-09-08,2010-09-09,2010-09-09,0,wikipedia_tabela_1,Serra,27.0,0,12.0,https://en.wikipedia.org/wiki/Opinion_polling_for_the_2010_Brazilian_presidential_election
2010,1,Vox Populi,2010-09-08,2010-09-08,2010-09-08,0,wikipedia_tabela_1,Dilma,54.0,0,15.0,https://en.wikipedia.org/wiki/Opinion_polling_for_the_2010_Brazilian_presidential_election
2010,1,Vox Populi,2010-09-08,2010-09-08,2010-09-08,0,wikipedia_tabela_1,Serra,21.0,0,15.0,https://en.wikipedia.org/wiki/Opinion_polling_for_the_2010_Brazilian_presidential_election
2010,1,Vox Populi,2010-09-07,2010-09-07,2010-09-07,0,wikipedia_tabela_1,Dilma,56.0,0,15.0,https://en.wikipedia.org/wiki/Opinion_polling_for_the_2010_Brazilian_presidential_election
2010,1,Vox Populi,2010-09-07,2010-09-07,2010-09-07,0,wikipedia_tabela_1,Serra,21.0,0,15.0,https://en.wikipedia.org/wiki/Opinion_polling_for_the_2010_Brazilian_presidential_election
2010,1,Vox Populi,2010-09-06,2010-09-06,2010-09-06,0,wikipedia_tabela_1,Dilma,55.0,0,15.0,https://en.wikipedia.org/wiki/Opinion_polling_for_the_2010_Brazilian_presidential_election
2010,1,Vox Populi,2010-09-06,2010-09-06,2010-09-06,0,wikipedia_tabela_1,Serra,22.0,0,15.0,https://en.wikipedia.org/wiki/Opinion_polling_for_the_2010_Brazilian_presidential_election
2010,1,Vox Populi,2010-09-05,2010-09-05,2010-09-05,0,wikipedia_tabela_1,Dilma,53.0,0,15.0,https://en.wikipedia.org/wiki/Opinion_polling_for_the_2010_Brazilian_presidential_election
2010,1,Vox Populi,2010-09-05,2010-09-05,2010-09-05,0,wikipedia_tabela_1,Serra,24.0,0,15.0,https://en.wikipedia.org/wiki/Opinion_polling_for_the_2010_Brazilian_presidential_election
2010,1,Vox Populi,2010-09-04,2010-09-04,2010-09-04,0,wikipedia_tabela_1,Dilma,53.0,0,15.0,https://en.wikipedia.org/wiki/Opinion_polling_for_the_2010_Brazilian_presidential_election
2010,1,Vox Populi,2010-09-04,2010-09-04,2010-09-04,0,wikipedia_tabela_1,Serra,24.0,0,15.0,https://en.wikipedia.org/wiki/Opinion_polling_for_the_2010_Brazilian_presidential_election
2010,1,Vox Populi,2010-09-03,2010-09-03,2010-09-03,0,wikipedia_tabela_1,Dilma,52.0,0,16.0,https://en.wikipedia.org/wiki/Opinion_polling_for_the_2010_Brazilian_presidential_election
2010,1,Vox Populi,2010-09-03,2010-09-03,2010-09-03,0,wikipedia_tabela_1,Serra,24.0,0,16.0,https://en.wikipedia.org/wiki/Opinion_polling_for_the_2010_Brazilian_presidential_election
2010,1,Datafolha,2010-09-02,2010-09-03,2010-09-03,0,wikipedia_tabela_1,Dilma,50.0,0,12.0,https://en.wikipedia.org/wiki/Opinion_polling_for_the_2010_Brazilian_presidential_election
2010,1,Datafolha,2010-09-02,2010-09-03,2010-09-03,0,wikipedia_tabela_1,Serra,28.0,0,12.0,https://en.wikipedia.org/wiki/Opinion_polling_for_the_2010_Brazilian_presidential_election
2010,1,Vox Populi,2010-09-02,2010-09-02,2010-09-02,0,wikipedia_tabela_1,Dilma,51.0,0,15.0,https://en.wikipedia.org/wiki/Opinion_polling_for_the_2010_Brazilian_presidential_election
2010,1,Vox Populi,2010-09-02,2010-09-02,2010-09-02,0,wikipedia_tabela_1,Serra,25.0,0,15.0,https://en.wikipedia.org/wiki/Opinion_polling_for_the_2010_Brazilian_presidential_election
2010,1,Vox Populi,2010-09-01,2010-09-01,2010-09-01,0,wikipedia_tabela_1,Dilma,51.0,0,15.0,https://en.wikipedia.org/wiki/Opinion_polling_for_the_2010_Brazilian_presidential_election
2010,1,Vox Populi,2010-09-01,2010-09-01,2010-09-01,0,wikipedia_tabela_1,Serra,25.0,0,15.0,https://en.wikipedia.org/wiki/Opinion_polling_for_the_2010_Brazilian_presidential_election
2010,1,Ibope,2010-08-31,2010-09-02,2010-09-02,0,wikipedia_tabela_1,Dilma,51.0,0,14.0,https://en.wikipedia.org/wiki/Opinion_polling_for_the_2010_Brazilian_presidential_election
2010,1,Ibope,2010-08-31,2010-09-02,2010-09-02,0,wikipedia_tabela_1,Serra,27.0,0,14.0,https://en.wikipedia.org/wiki/Opinion_polling_for_the_2010_Brazilian_presidential_election
2010,1,Ibope,2010-08-24,2010-08-26,2010-08-26,0,wikipedia_tabela_1,Dilma,51.0,0,15.0,https://en.wikipedia.org/wiki/Opinion_polling_for_the_2010_Brazilian_presidential_election
2010,1,Ibope,2010-08-24,2010-08-26,2010-08-26,0,wikipedia_tabela_1,Serra,27.0,0,15.0,https://en.wikipedia.org/wiki/Opinion_polling_for_the_2010_Brazilian_presidential_election
2010,1,Datafolha,2010-08-23,2010-08-24,2010-08-24,0,wikipedia_tabela_1,Dilma,49.0,0,13.0,https://en.wikipedia.org/wiki/Opinion_polling_for_the_2010_Brazilian_presidential_election
2010,1,Datafolha,2010-08-23,2010-08-24,2010-08-24,0,wikipedia_tabela_1,Serra,29.0,0,13.0,https://en.wikipedia.org/wiki/Opinion_polling_for_the_2010_Brazilian_presidential_election
2010,1,CNT/Sensus,2010-08-20,2010-08-22,2010-08-22,0,wikipedia_tabela_1,Dilma,46.0,0,17.8,https://en.wikipedia.org/wiki/Opinion_polling_for_the_2010_Brazilian_presidential_election
2010,1,CNT/Sensus,2010-08-20,2010-08-22,2010-08-22,0,wikipedia_tabela_1,Serra,28.1,0,17.8,https://en.wikipedia.org/wiki/Opinion_polling_for_the_2010_Brazilian_presidential_election
2010,1,Datafolha,2010-08-20,2010-08-20,2010-08-20,0,wikipedia_tabela_1,Dilma,47.0,0,14.0,https://en.wikipedia.org/wiki/Opinion_polling_for_the_2010_Brazilian_presidential_election
2010,1,Datafolha,2010-08-20,2010-08-20,2010-08-20,0,wikipedia_tabela_1,Serra,30.0,0,14.0,https://en.wikipedia.org/wiki/Opinion_polling_for_the_2010_Brazilian_presidential_election
2010,1,Ibope,2010-08-12,2010-08-15,2010-08-15,0,wikipedia_tabela_1,Dilma,43.0,0,17.0,https://en.wikipedia.org/wiki/Opinion_polling_for_the_2010_Brazilian_presidential_election
2010,1,Ibope,2010-08-12,2010-08-15,2010-08-15,0,wikipedia_tabela_1,Serra,32.0,0,17.0,https://en.wikipedia.org/wiki/Opinion_polling_for_the_2010_Brazilian_presidential_election
2010,1,Datafolha 2010-08-20 at the Wayback Machine,2010-08-09,2010-08-12,2010-08-12,0,wikipedia_tabela_1,Dilma,41.0,0,16.0,https://en.wikipedia.org/wiki/Opinion_polling_for_the_2010_Brazilian_presidential_election
2010,1,Datafolha 2010-08-20 at the Wayback Machine,2010-08-09,2010-08-12,2010-08-12,0,wikipedia_tabela_1,Serra,33.0,0,16.0,https://en.wikipedia.org/wiki/Opinion_polling_for_the_2010_Brazilian_presidential_election
2010,1,Vox Populi,2010-08-07,2010-08-10,2010-08-10,0,wikipedia_tabela_1,Dilma,45.0,0,18.0,https://en.wikipedia.org/wiki/Opinion_polling_for_the_2010_Brazilian_presidential_election
2010,1,Vox Populi,2010-08-07,2010-08-10,2010-08-10,0,wikipedia_tabela_1,Serra,29.0,0,18.0,https://en.wikipedia.org/wiki/Opinion_polling_for_the_2010_Brazilian_presidential_election
2010,1,Ibope[link removed],2010-08-02,2010-08-05,2010-08-05,0,wikipedia_tabela_1,Dilma,39.0,0,19.0,https://en.wikipedia.org/wiki/Opinion_polling_for_the_2010_Brazilian_presidential_election
2010,1,Ibope[link removed],2010-08-02,2010-08-05,2010-08-05,0,wikipedia_tabela_1,Serra,34.0,0,19.0,https://en.wikipedia.org/wiki/Opinion_polling_for_the_2010_Brazilian_presidential_election
2010,1,CNT/Sensus,2010-07-31,2010-08-02,2010-08-02,0,wikipedia_tabela_1,Dilma,41.6,0,18.3,https://en.wikipedia.org/wiki/Opinion_polling_for_the_2010_Brazilian_presidential_election
2010,1,CNT/Sensus,2010-07-31,2010-08-02,2010-08-02,0,wikipedia_tabela_1,Serra,31.6,0,18.3,https://en.wikipedia.org/wiki/Opinion_polling_for_the_2010_Brazilian_presidential_election
2010,1,Ibope,2010-07-26,2010-07-29,2010-07-29,0,wikipedia_tabela_1,Dilma,39.0,0,19.0,https://en.wikipedia.org/wiki/Opinion_polling_for_the_2010_Brazilian_presidential_election
2010,1,Ibope,2010-07-26,2010-07-29,2010-07-29,0,wikipedia_tabela_1,Serra,34.0,0,19.0,https://en.wikipedia.org/wiki/Opinion_polling_for_the_2010_Brazilian_presidential_election
2010,1,Datafolha,2010-07-20,2010-07-23,2010-07-23,0,wikipedia_tabela_1,Dilma,36.0,0,17.0,https://en.wikipedia.org/wiki/Opinion_polling_for_the_2010_Brazilian_presidential_election
2010,1,Datafolha,2010-07-20,2010-07-23,2010-07-23,0,wikipedia_tabela_1,Serra,37.0,0,17.0,https://en.wikipedia.org/wiki/Opinion_polling_for_the_2010_Brazilian_presidential_election
2010,1,Vox Populi,2010-08-17,2010-08-20,2010-08-20,0,wikipedia_tabela_1,Dilma,41.0,0,17.0,https://en.wikipedia.org/wiki/Opinion_polling_for_the_2010_Brazilian_presidential_election
2010,1,Vox Populi,2010-08-17,2010-08-20,2010-08-20,0,wikipedia_tabela_1,Serra,33.0,0,17.0,https://en.wikipedia.org/wiki/Opinion_polling_for_the_2010_Brazilian_presidential_election
2010,1,Datafolha,2010-06-30,2010-07-01,2010-07-01,0,wikipedia_tabela_1,Dilma,38.0,0,12.0,https://en.wikipedia.org/wiki/Opinion_polling_for_the_2010_Brazilian_presidential_election
2010,1,Datafolha,2010-06-30,2010-07-01,2010-07-01,0,wikipedia_tabela_1,Serra,39.0,0,12.0,https://en.wikipedia.org/wiki/Opinion_polling_for_the_2010_Brazilian_presidential_election
2010,1,Ibope,2010-06-27,2010-06-30,2010-06-30,0,wikipedia_tabela_1,Dilma,39.0,0,13.0,https://en.wikipedia.org/wiki/Opinion_polling_for_the_2010_Brazilian_presidential_election
2010,1,Ibope,2010-06-27,2010-06-30,2010-06-30,0,wikipedia_tabela_1,Serra,39.0,0,13.0,https://en.wikipedia.org/wiki/Opinion_polling_for_the_2010_Brazilian_presidential_election
2010,1,Vox Populi,2010-06-24,2010-06-26,2010-06-26,0,wikipedia_tabela_1,Dilma,40.0,0,17.0,https://en.wikipedia.org/wiki/Opinion_polling_for_the_2010_Brazilian_presidential_election
2010,1,Vox Populi,2010-06-24,2010-06-26,2010-06-26,0,wikipedia_tabela_1,Serra,35.0,0,17.0,https://en.wikipedia.org/wiki/Opinion_polling_for_the_2010_Brazilian_presidential_election
2010,1,CNI/Ibope 2012-02-24 at the Wayback Machine,2010-06-19,2010-06-21,2010-06-21,0,wikipedia_tabela_1,Dilma,40.0,0,16.0,https://en.wikipedia.org/wiki/Opinion_polling_for_the_2010_Brazilian_presidential_election
2010,1,CNI/Ibope 2012-02-24 at the Wayback Machine,2010-06-19,2010-06-21,2010-06-21,0,wikipedia_tabela_1,Serra,35.0,0,16.0,https://en.wikipedia.org/wiki/Opinion_polling_for_the_2010_Brazilian_presidential_election
2010,1,Ibope,2010-05-31,2010-06-03,2010-06-03,0,wikipedia_tabela_1,Dilma,37.0,0,17.0,https://en.wikipedia.org/wiki/Opinion_polling_for_the_2010_Brazilian_presidential_election
2010,1,Ibope,2010-05-31,2010-06-03,2010-06-03,0,wikipedia_tabela_1,Serra,37.0,0,17.0,https://en.wikipedia.org/wiki/Opinion_polling_for_the_2010_Brazilian_presidential_election
2010,1,Datafolha,2010-05-20,2010-05-21,2010-05-21,0,wikipedia_tabela_1,Dilma,37.0,0,14.0,https://en.wikipedia.org/wiki/Opinion_polling_for_the_2010_Brazilian_presidential_election
2010,1,Datafolha,2010-05-20,2010-05-21,2010-05-21,0,wikipedia_tabela_1,Serra,37.0,0,14.0,https://en.wikipedia.org/wiki/Opinion_polling_for_the_2010_Brazilian_presidential_election
2010,1,CNT/Sensus,2010-05-10,2010-05-14,2010-05-14,0,wikipedia_tabela_1,Dilma,35.7,0,17.3,https://en.wikipedia.org/wiki/Opinion_polling_for_the_2010_Brazilian_presidential_election
2010,1,CNT/Sensus,2010-05-10,2010-05-14,2010-05-14,0,wikipedia_tabela_1,Serra,33.2,0,17.3,https://en.wikipedia.org/wiki/Opinion_polling_for_the_2010_Brazilian_presidential_election
2010,1,Vox Populi,2010-05-08,2010-05-13,2010-05-13,0,wikipedia_tabela_1,Dilma,38.0,0,22.0,https://en.wikipedia.org/wiki/Opinion_polling_for_the_2010_Brazilian_presidential_election
2010,1,Vox Populi,2010-05-08,2010-05-13,2010-05-13,0,wikipedia_tabela_1,Serra,35.0,0,22.0,https://en.wikipedia.org/wiki/Opinion_polling_for_the_2010_Brazilian_presidential_election
2010,1,Datafolha,2010-04-15,2010-04-16,2010-04-16,0,wikipedia_tabela_1,Dilma,28.0,0,15.0,https://en.wikipedia.org/wiki/Opinion_polling_for_the_2010_Brazilian_presidential_election
2010,1,Datafolha,2010-04-15,2010-04-16,2010-04-16,0,wikipedia_tabela_1,Serra,38.0,0,15.0,https://en.wikipedia.org/wiki/Opinion_polling_for_the_2010_Brazilian_presidential_election
2010,1,Ibope,2010-04-13,2010-04-16,2010-04-16,0,wikipedia_tabela_1,Dilma,29.0,0,19.0,https://en.wikipedia.org/wiki/Opinion_polling_for_the_2010_Brazilian_presidential_election
2010,1,Ibope,2010-04-13,2010-04-16,2010-04-16,0,wikipedia_tabela_1,Serra,36.0,0,19.0,https://en.wikipedia.org/wiki/Opinion_polling_for_the_2010_Brazilian_presidential_election
2010,1,CNT/Sensus,2010-04-05,2010-04-09,2010-04-09,0,wikipedia_tabela_1,Dilma,32.4,0,16.7,https://en.wikipedia.org/wiki/Opinion_polling_for_the_2010_Brazilian_presidential_election
2010,1,CNT/Sensus,2010-04-05,2010-04-09,2010-04-09,0,wikipedia_tabela_1,Serra,32.7,0,16.7,https://en.wikipedia.org/wiki/Opinion_polling_for_the_2010_Brazilian_presidential_election
2010,1,Vox Populi 2010-09-29 at the Wayback Machine,2010-03-30,2010-03-31,2010-03-31,0,wikipedia_tabela_1,Dilma,31.0,0,20.0,https://en.wikipedia.org/wiki/Opinion_polling_for_the_2010_Brazilian_presidential_election
2010,1,Vox Populi 2010-09-29 at the Wayback Machine,2010-03-30,2010-03-31,2010-03-31,0,wikipedia_tabela_1,Serra,34.0,0,20.0,https://en.wikipedia.org/wiki/Opinion_polling_for_the_2010_Brazilian_presidential_election
2010,1,Datafolha,2010-03-25,2010-03-26,2010-03-26,0,wikipedia_tabela_1,Dilma,27.0,0,18.0,https://en.wikipedia.org/wiki/Opinion_polling_for_the_2010_Brazilian_presidential_election
2010,1,Datafolha,2010-03-25,2010-03-26,2010-03-26,0,wikipedia_tabela_1,Serra,36.0,0,18.0,https://en.wikipedia.org/wiki/Opinion_polling_for_the_2010_Brazilian_presidential_election
2010,1,Ibope,2010-03-06,2010-03-10,2010-03-10,0,wikipedia_tabela_1,Dilma,30.0,0,18.0,https://en.wikipedia.org/wiki/Opinion_polling_for_the_2010_Brazilian_presidential_election
2010,1,Ibope,2010-03-06,2010-03-10,2010-03-10,0,wikipedia_tabela_1,Serra,35.0,0,18.0,https://en.wikipedia.org/wiki/Opinion_polling_for_the_2010_Brazilian_presidential_election
2010,1,Datafolha,2010-02-24,2010-02-25,2010-02-25,0,wikipedia_tabela_1,Dilma,28.0,0,19.0,https://en.wikipedia.org/wiki/Opinion_polling_for_the_2010_Brazilian_presidential_election
2010,1,Datafolha,2010-02-24,2010-02-25,2010-02-25,0,wikipedia_tabela_1,Serra,32.0,0,19.0,https://en.wikipedia.org/wiki/Opinion_polling_for_the_2010_Brazilian_presidential_election
2010,1,Ibope[link removed],2010-02-06,2010-02-09,2010-02-09,0,wikipedia_tabela_1,Dilma,25.0,0,20.0,https://en.wikipedia.org/wiki/Opinion_polling_for_the_2010_Brazilian_presidential_election
2010,1,Ibope[link removed],2010-02-06,2010-02-09,2010-02-09,0,wikipedia_tabela_1,Serra,36.0,0,20.0,https://en.wikipedia.org/wiki/Opinion_polling_for_the_2010_Brazilian_presidential_election
2010,1,CNT/Sensus,2010-01-25,2010-01-29,2010-01-29,0,wikipedia_tabela_1,Dilma,27.8,0,20.3,https://en.wikipedia.org/wiki/Opinion_polling_for_the_2010_Brazilian_presidential_election
2010,1,CNT/Sensus,2010-01-25,2010-01-29,2010-01-29,0,wikipedia_tabela_1,Serra,33.2,0,20.3,https://en.wikipedia.org/wiki/Opinion_polling_for_the_2010_Brazilian_presidential_election
2010,1,Vox Populi,2010-01-14,2010-01-17,2010-01-17,0,wikipedia_tabela_1,Dilma,27.0,0,19.0,https://en.wikipedia.org/wiki/Opinion_polling_for_the_2010_Brazilian_presidential_election
2010,1,Vox Populi,2010-01-14,2010-01-17,2010-01-17,0,wikipedia_tabela_1,Serra,34.0,0,19.0,https://en.wikipedia.org/wiki/Opinion_polling_for_the_2010_Brazilian_presidential_election
2010,1,Datafolha[link removed],2009-12-14,2009-12-18,2009-12-18,0,wikipedia_tabela_1,Dilma,23.0,0,19.0,https://en.wikipedia.org/wiki/Opinion_polling_for_the_2010_Brazilian_presidential_election
2010,1,Datafolha[link removed],2009-12-14,2009-12-18,2009-12-18,0,wikipedia_tabela_1,Serra,37.0,0,19.0,https://en.wikipedia.org/wiki/Opinion_polling_for_the_2010_Brazilian_presidential_election
2010,1,Ibope[link removed],2009-11-26,2009-11-30,2009-11-30,0,wikipedia_tabela_1,Dilma,17.0,0,25.0,https://en.wikipedia.org/wiki/Opinion_polling_for_the_2010_Brazilian_presidential_election
2010,1,Ibope[link removed],2009-11-26,2009-11-30,2009-11-30,0,wikipedia_tabela_1,Serra,38.0,0,25.0,https://en.wikipedia.org/wiki/Opinion_polling_for_the_2010_Brazilian_presidential_election
2010,1,CNT/Sensus,2009-11-23,2009-11-23,2009-11-23,0,wikipedia_tabela_1,Dilma,21.7,0,23.1,https://en.wikipedia.org/wiki/Opinion_polling_for_the_2010_Brazilian_presidential_election
2010,1,CNT/Sensus,2009-11-23,2009-11-23,2009-11-23,0,wikipedia_tabela_1,Serra,31.8,0,23.1,https://en.wikipedia.org/wiki/Opinion_polling_for_the_2010_Brazilian_presidential_election
2010,1,Vox Populi,2009-11-11,2009-11-11,2009-11-11,0,wikipedia_tabela_1,Dilma,19.0,0,23.0,https://en.wikipedia.org/wiki/Opinion_polling_for_the_2010_Brazilian_presidential_election
2010,1,Vox Populi,2009-11-11,2009-11-11,2009-11-11,0,wikipedia_tabela_1,Serra,36.0,0,23.0,https://en.wikipedia.org/wiki/Opinion_polling_for_the_2010_Brazilian_presidential_election
2010,1,CNT/Sensus,2009-09-08,2009-09-08,2009-09-08,0,wikipedia_tabela_1,Dilma,19.0,0,27.0,https://en.wikipedia.org/wiki/Opinion_polling_for_the_2010_Brazilian_presidential_election
2010,1,CNT/Sensus,2009-09-08,2009-09-08,2009-09-08,0,wikipedia_tabela_1,Serra,39.5,0,27.0,https://en.wikipedia.org/wiki/Opinion_polling_for_the_2010_Brazilian_presidential_election
2010,1,Vox Populi,2009-08-18,2009-08-18,2009-08-18,0,wikipedia_tabela_1,Dilma,21.0,0,20.0,https://en.wikipedia.org/wiki/Opinion_polling_for_the_2010_Brazilian_presidential_election
2010,1,Vox Populi,2009-08-18,2009-08-18,2009-08-18,0,wikipedia_tabela_1,Serra,30.0,0,20.0,https://en.wikipedia.org/wiki/Opinion_polling_for_the_2010_Brazilian_presidential_election
2010,1,Datafolha,2009-08-16,2009-08-16,2009-08-16,0,wikipedia_tabela_1,Dilma,17.0,0,18.0,https://en.wikipedia.org/wiki/Opinion_polling_for_the_2010_Brazilian_presidential_election
2010,1,Datafolha,2009-08-16,2009-08-16,2009-08-16,0,wikipedia_tabela_1,Serra,38.0,0,18.0,https://en.wikipedia.org/wiki/Opinion_polling_for_the_2010_Brazilian_presidential_election
2010,1,Ibope[permanent dead link],2009-06-09,2009-06-09,2009-06-09,0,wikipedia_tabela_1,Dilma,18.0,0,25.0,https://en.wikipedia.org/wiki/Opinion_polling_for_the_2010_Brazilian_presidential_election
2010,1,Ibope[permanent dead link],2009-06-09,2009-06-09,2009-06-09,0,wikipedia_tabela_1,Serra,38.0,0,25.0,https://en.wikipedia.org/wiki/Opinion_polling_for_the_2010_Brazilian_presidential_election
2010,1,Datafolha 2009-12-23 at the Wayback Machine,2009-05-28,2009-05-28,2009-05-28,0,wikipedia_tabela_1,Dilma,16.0,0,21.0,https://en.wikipedia.org/wiki/Opinion_polling_for_the_2010_Brazilian_presidential_election
2010,1,Datafolha 2009-12-23 at the Wayback Machine,2009-05-28,2009-05-28,2009-05-28,0,wikipedia_tabela_1,Serra,38.0,0,21.0,https://en.wikipedia.org/wiki/Opinion_polling_for_the_2010_Brazilian_presidential_election
2010,1,Datafolha 2009-12-23 at the Wayback Machine,2009-03-19,2009-03-19,2009-03-19,0,wikipedia_tabela_1,Dilma,11.0,0,21.0,https://en.wikipedia.org/wiki/Opinion_polling_for_the_2010_Brazilian_presidential_election
2010,1,Datafolha 2009-12-23 at the Wayback Machine,2009-03-19,2009-03-19,2009-03-19,0,wikipedia_tabela_1,Serra,41.0,0,21.0,https://en.wikipedia.org/wiki/Opinion_polling_for_the_2010_Brazilian_presidential_election
2010,1,Datafolha 2009-12-23 at the Wayback Machine,2008-11-28,2008-11-28,2008-11-28,0,wikipedia_tabela_1,Dilma,8.0,0,21.0,https://en.wikipedia.org/wiki/Opinion_polling_for_the_2010_Brazilian_presidential_election
2010,1,Datafolha 2009-12-23 at the Wayback Machine,2008-11-28,2008-11-28,2008-11-28,0,wikipedia_tabela_1,Serra,41.0,0,21.0,https://en.wikipedia.org/wiki/Opinion_polling_for_the_2010_Brazilian_presidential_election
2010,1,Datafolha 2009-12-23 at the Wayback Machine,2008-03-27,2008-03-27,2008-03-27,0,wikipedia_tabela_1,Dilma,3.0,0,25.0,https://en.wikipedia.org/wiki/Opinion_polling_for_the_2010_Brazilian_presidential_election
2010,1,Datafolha 2009-12-23 at the Wayback Machine,2008-03-27,2008-03-27,2008-03-27,0,wikipedia_tabela_1,Serra,38.0,0,25.0,https://en.wikipedia.org/wiki/Opinion_polling_for_the_2010_Brazilian_presidential_election
2010,1,Vox Populi,2010-10-30,2010-10-30,2010-10-30,0,wikipedia_tabela_2,Dilma,51.0,0,10.0,https://en.wikipedia.org/wiki/Opinion_polling_for_the_2010_Brazilian_presidential_election
2010,1,Vox Populi,2010-10-30,2010-10-30,2010-10-30,0,wikipedia_tabela_2,Serra,39.0,0,10.0,https://en.wikipedia.org/wiki/Opinion_polling_for_the_2010_Brazilian_presidential_election
2010,1,Datafolha,2010-10-29,2010-10-30,2010-10-30,0,wikipedia_tabela_2,Dilma,51.0,0,8.0,https://en.wikipedia.org/wiki/Opinion_polling_for_the_2010_Brazilian_presidential_election
2010,1,Datafolha,2010-10-29,2010-10-30,2010-10-30,0,wikipedia_tabela_2,Serra,41.0,0,8.0,https://en.wikipedia.org/wiki/Opinion_polling_for_the_2010_Brazilian_presidential_election
2010,1,CNT/Sensus,2010-10-28,2010-10-29,2010-10-29,0,wikipedia_tabela_2,Dilma,50.3,0,12.1,https://en.wikipedia.org/wiki/Opinion_polling_for_the_2010_Brazilian_presidential_election
2010,1,CNT/Sensus,2010-10-28,2010-10-29,2010-10-29,0,wikipedia_tabela_2,Serra,37.6,0,12.1,https://en.wikipedia.org/wiki/Opinion_polling_for_the_2010_Brazilian_presidential_election
2010,1,Datafolha,2010-10-28,2010-10-28,2010-10-28,0,wikipedia_tabela_2,Dilma,50.0,0,10.0,https://en.wikipedia.org/wiki/Opinion_polling_for_the_2010_Brazilian_presidential_election
2010,1,Datafolha,2010-10-28,2010-10-28,2010-10-28,0,wikipedia_tabela_2,Serra,40.0,0,10.0,https://en.wikipedia.org/wiki/Opinion_polling_for_the_2010_Brazilian_presidential_election
2010,1,Ibope,2010-10-27,2010-10-30,2010-10-30,0,wikipedia_tabela_2,Dilma,52.0,0,8.0,https://en.wikipedia.org/wiki/Opinion_polling_for_the_2010_Brazilian_presidential_election
2010,1,Ibope,2010-10-27,2010-10-30,2010-10-30,0,wikipedia_tabela_2,Serra,40.0,0,8.0,https://en.wikipedia.org/wiki/Opinion_polling_for_the_2010_Brazilian_presidential_election
2010,1,Datafolha,2010-10-27,2010-10-27,2010-10-27,0,wikipedia_tabela_2,Dilma,49.0,0,13.0,https://en.wikipedia.org/wiki/Opinion_polling_for_the_2010_Brazilian_presidential_election
2010,1,Datafolha,2010-10-27,2010-10-27,2010-10-27,0,wikipedia_tabela_2,Serra,38.0,0,13.0,https://en.wikipedia.org/wiki/Opinion_polling_for_the_2010_Brazilian_presidential_election
2010,1,Ibope,2010-10-26,2010-10-28,2010-10-28,0,wikipedia_tabela_2,Dilma,52.0,0,9.0,https://en.wikipedia.org/wiki/Opinion_polling_for_the_2010_Brazilian_presidential_election
2010,1,Ibope,2010-10-26,2010-10-28,2010-10-28,0,wikipedia_tabela_2,Serra,39.0,0,9.0,https://en.wikipedia.org/wiki/Opinion_polling_for_the_2010_Brazilian_presidential_election
2010,1,CNT/Sensus,2010-10-23,2010-10-25,2010-10-25,0,wikipedia_tabela_2,Dilma,51.9,0,11.4,https://en.wikipedia.org/wiki/Opinion_polling_for_the_2010_Brazilian_presidential_election
2010,1,CNT/Sensus,2010-10-23,2010-10-25,2010-10-25,0,wikipedia_tabela_2,Serra,36.7,0,11.4,https://en.wikipedia.org/wiki/Opinion_polling_for_the_2010_Brazilian_presidential_election
2010,1,Vox Populi,2010-10-23,2010-10-24,2010-10-24,0,wikipedia_tabela_2,Dilma,49.0,0,13.0,https://en.wikipedia.org/wiki/Opinion_polling_for_the_2010_Brazilian_presidential_election
2010,1,Vox Populi,2010-10-23,2010-10-24,2010-10-24,0,wikipedia_tabela_2,Serra,38.0,0,13.0,https://en.wikipedia.org/wiki/Opinion_polling_for_the_2010_Brazilian_presidential_election
2010,1,Datafolha 2011-07-11 at the Wayback Machine,2010-10-21,2010-10-21,2010-10-21,0,wikipedia_tabela_2,Dilma,50.0,0,10.0,https://en.wikipedia.org/wiki/Opinion_polling_for_the_2010_Brazilian_presidential_election
2010,1,Datafolha 2011-07-11 at the Wayback Machine,2010-10-21,2010-10-21,2010-10-21,0,wikipedia_tabela_2,Serra,40.0,0,10.0,https://en.wikipedia.org/wiki/Opinion_polling_for_the_2010_Brazilian_presidential_election
2010,1,CNT/Sensus,2010-10-18,2010-10-19,2010-10-19,0,wikipedia_tabela_2,Dilma,46.8,0,11.4,https://en.wikipedia.org/wiki/Opinion_polling_for_the_2010_Brazilian_presidential_election
2010,1,CNT/Sensus,2010-10-18,2010-10-19,2010-10-19,0,wikipedia_tabela_2,Serra,41.8,0,11.4,https://en.wikipedia.org/wiki/Opinion_polling_for_the_2010_Brazilian_presidential_election
2010,1,Ibope,2010-10-17,2010-10-20,2010-10-20,0,wikipedia_tabela_2,Dilma,51.0,0,9.0,https://en.wikipedia.org/wiki/Opinion_polling_for_the_2010_Brazilian_presidential_election
2010,1,Ibope,2010-10-17,2010-10-20,2010-10-20,0,wikipedia_tabela_2,Serra,40.0,0,9.0,https://en.wikipedia.org/wiki/Opinion_polling_for_the_2010_Brazilian_presidential_election
2010,1,Vox Populi,2010-10-15,2010-10-17,2010-10-17,0,wikipedia_tabela_2,Dilma,51.0,0,10.0,https://en.wikipedia.org/wiki/Opinion_polling_for_the_2010_Brazilian_presidential_election
2010,1,Vox Populi,2010-10-15,2010-10-17,2010-10-17,0,wikipedia_tabela_2,Serra,39.0,0,10.0,https://en.wikipedia.org/wiki/Opinion_polling_for_the_2010_Brazilian_presidential_election
2010,1,Datafolha,2010-10-14,2010-10-15,2010-10-15,0,wikipedia_tabela_2,Dilma,47.0,0,12.0,https://en.wikipedia.org/wiki/Opinion_polling_for_the_2010_Brazilian_presidential_election
2010,1,Datafolha,2010-10-14,2010-10-15,2010-10-15,0,wikipedia_tabela_2,Serra,41.0,0,12.0,https://en.wikipedia.org/wiki/Opinion_polling_for_the_2010_Brazilian_presidential_election
2010,1,CNT/Sensus,2010-10-11,2010-10-13,2010-10-13,0,wikipedia_tabela_2,Dilma,46.8,0,10.5,https://en.wikipedia.org/wiki/Opinion_polling_for_the_2010_Brazilian_presidential_election
2010,1,CNT/Sensus,2010-10-11,2010-10-13,2010-10-13,0,wikipedia_tabela_2,Serra,42.7,0,10.5,https://en.wikipedia.org/wiki/Opinion_polling_for_the_2010_Brazilian_presidential_election
2010,1,Ibope 2010-10-16 at the Wayback Machine,2010-10-11,2010-10-13,2010-10-13,0,wikipedia_tabela_2,Dilma,49.0,0,8.0,https://en.wikipedia.org/wiki/Opinion_polling_for_the_2010_Brazilian_presidential_election
2010,1,Ibope 2010-10-16 at the Wayback Machine,2010-10-11,2010-10-13,2010-10-13,0,wikipedia_tabela_2,Serra,43.0,0,8.0,https://en.wikipedia.org/wiki/Opinion_polling_for_the_2010_Brazilian_presidential_election
2010,1,Vox Populi,2010-10-10,2010-10-11,2010-10-11,0,wikipedia_tabela_2,Dilma,48.0,0,12.0,https://en.wikipedia.org/wiki/Opinion_polling_for_the_2010_Brazilian_presidential_election
2010,1,Vox Populi,2010-10-10,2010-10-11,2010-10-11,0,wikipedia_tabela_2,Serra,40.0,0,12.0,https://en.wikipedia.org/wiki/Opinion_polling_for_the_2010_Brazilian_presidential_election
2010,1,Datafolha,2010-10-08,2010-10-08,2010-10-08,0,wikipedia_tabela_2,Dilma,48.0,0,11.0,https://en.wikipedia.org/wiki/Opinion_polling_for_the_2010_Brazilian_presidential_election
2010,1,Datafolha,2010-10-08,2010-10-08,2010-10-08,0,wikipedia_tabela_2,Serra,41.0,0,11.0,https://en.wikipedia.org/wiki/Opinion_polling_for_the_2010_Brazilian_presidential_election
