ano_eleicao,turno,instituto,data_inicio_campo,data_fim_campo,data_publicacao,amostra,cenario,candidato,percentual_total,brancos_nulos,indecisos,fonte,amostra_imputada,qualidade_fonte,cenario_tipo
2026,1,Datafolha,2026-09-08,2026-09-10,2026-09-10,2002,wikipedia_tabela_2,Lula,39.0,0,10.0,https://en.wikipedia.org/wiki/Opinion_polling_for_the_2026_Brazilian_presidential_election,0,wikipedia_estruturada_auditoria_parcial,primeiro_turno
2026,1,Datafolha,2026-09-08,2026-09-10,2026-09-10,2002,wikipedia_tabela_2,Flávio Bolsonaro,35.0,0,10.0,https://en.wikipedia.org/wiki/Opinion_polling_for_the_2026_Brazilian_presidential_election,0,wikipedia_estruturada_auditoria_parcial,primeiro_turno
2026,1,Datafolha,2026-09-08,2026-09-10,2026-09-10,2002,wikipedia_tabela_2,Augusto Cury,6.0,0,10.0,https://en.wikipedia.org/wiki/Opinion_polling_for_the_2026_Brazilian_presidential_election,0,wikipedia_estruturada_auditoria_parcial,primeiro_turno
2026,1,Datafolha,2026-09-08,2026-09-10,2026-09-10,2002,wikipedia_tabela_2,Ronaldo Caiado,4.0,0,10.0,https://en.wikipedia.org/wiki/Opinion_polling_for_the_2026_Brazilian_presidential_election,0,wikipedia_estruturada_auditoria_parcial,primeiro_turno
2026,1,Datafolha,2026-09-08,2026-09-10,2026-09-10,2002,wikipedia_tabela_2,Romeu Zema,2.0,0,10.0,https://en.wikipedia.org/wiki/Opinion_polling_for_the_2026_Brazilian_presidential_election,0,wikipedia_estruturada_auditoria_parcial,primeiro_turno
2026,1,Futura,2026-09-04,2026-09-10,2026-09-10,2000,wikipedia_tabela_2,Lula,39.2,0,8.3,https://en.wikipedia.org/wiki/Opinion_polling_for_the_2026_Brazilian_presidential_election,0,wikipedia_estruturada_auditoria_parcial,primeiro_turno
2026,1,Futura,2026-09-04,2026-09-10,2026-09-10,2000,wikipedia_tabela_2,Flávio Bolsonaro,33.6,0,8.3,https://en.wikipedia.org/wiki/Opinion_polling_for_the_2026_Brazilian_presidential_election,0,wikipedia_estruturada_auditoria_parcial,primeiro_turno
2026,1,Futura,2026-09-04,2026-09-10,2026-09-10,2000,wikipedia_tabela_2,Augusto Cury,6.4,0,8.3,https://en.wikipedia.org/wiki/Opinion_polling_for_the_2026_Brazilian_presidential_election,0,wikipedia_estruturada_auditoria_parcial,primeiro_turno
2026,1,Futura,2026-09-04,2026-09-10,2026-09-10,2000,wikipedia_tabela_2,Ronaldo Caiado,4.4,0,8.3,https://en.wikipedia.org/wiki/Opinion_polling_for_the_2026_Brazilian_presidential_election,0,wikipedia_estruturada_auditoria_parcial,primeiro_turno
2026,1,Futura,2026-09-04,2026-09-10,2026-09-10,2000,wikipedia_tabela_2,Romeu Zema,0.7,0,8.3,https://en.wikipedia.org/wiki/Opinion_polling_for_the_2026_Brazilian_presidential_election,0,wikipedia_estruturada_auditoria_parcial,primeiro_turno
2026,1,PoderData,2026-09-06,2026-09-09,2026-09-09,3000,wikipedia_tabela_2,Lula,38.0,0,4.0,https://en.wikipedia.org/wiki/Opinion_polling_for_the_2026_Brazilian_presidential_election,0,wikipedia_estruturada_auditoria_parcial,primeiro_turno
2026,1,PoderData,2026-09-06,2026-09-09,2026-09-09,3000,wikipedia_tabela_2,Flávio Bolsonaro,36.0,0,4.0,https://en.wikipedia.org/wiki/Opinion_polling_for_the_2026_Brazilian_presidential_election,0,wikipedia_estruturada_auditoria_parcial,primeiro_turno
2026,1,PoderData,2026-09-06,2026-09-09,2026-09-09,3000,wikipedia_tabela_2,Augusto Cury,10.0,0,4.0,https://en.wikipedia.org/wiki/Opinion_polling_for_the_2026_Brazilian_presidential_election,0,wikipedia_estruturada_auditoria_parcial,primeiro_turno
2026,1,PoderData,2026-09-06,2026-09-09,2026-09-09,3000,wikipedia_tabela_2,Ronaldo Caiado,2.0,0,4.0,https://en.wikipedia.org/wiki/Opinion_polling_for_the_2026_Brazilian_presidential_election,0,wikipedia_estruturada_auditoria_parcial,primeiro_turno
2026,1,PoderData,2026-09-06,2026-09-09,2026-09-09,3000,wikipedia_tabela_2,Romeu Zema,1.0,0,4.0,https://en.wikipedia.org/wiki/Opinion_polling_for_the_2026_Brazilian_presidential_election,0,wikipedia_estruturada_auditoria_parcial,primeiro_turno
2026,1,AtlasIntel,2026-09-04,2026-09-09,2026-09-09,5000,wikipedia_tabela_2,Lula,43.0,0,1.0,https://en.wikipedia.org/wiki/Opinion_polling_for_the_2026_Brazilian_presidential_election,0,wikipedia_estruturada_auditoria_parcial,primeiro_turno
2026,1,AtlasIntel,2026-09-04,2026-09-09,2026-09-09,5000,wikipedia_tabela_2,Flávio Bolsonaro,37.4,0,1.0,https://en.wikipedia.org/wiki/Opinion_polling_for_the_2026_Brazilian_presidential_election,0,wikipedia_estruturada_auditoria_parcial,primeiro_turno
2026,1,AtlasIntel,2026-09-04,2026-09-09,2026-09-09,5000,wikipedia_tabela_2,Augusto Cury,6.6,0,1.0,https://en.wikipedia.org/wiki/Opinion_polling_for_the_2026_Brazilian_presidential_election,0,wikipedia_estruturada_auditoria_parcial,primeiro_turno
2026,1,AtlasIntel,2026-09-04,2026-09-09,2026-09-09,5000,wikipedia_tabela_2,Ronaldo Caiado,1.1,0,1.0,https://en.wikipedia.org/wiki/Opinion_polling_for_the_2026_Brazilian_presidential_election,0,wikipedia_estruturada_auditoria_parcial,primeiro_turno
2026,1,AtlasIntel,2026-09-04,2026-09-09,2026-09-09,5000,wikipedia_tabela_2,Romeu Zema,2.1,0,1.0,https://en.wikipedia.org/wiki/Opinion_polling_for_the_2026_Brazilian_presidential_election,0,wikipedia_estruturada_auditoria_parcial,primeiro_turno
2026,1,Palver,2026-09-04,2026-09-07,2026-09-07,5000,wikipedia_tabela_2,Lula,40.0,0,2.0,https://en.wikipedia.org/wiki/Opinion_polling_for_the_2026_Brazilian_presidential_election,0,wikipedia_estruturada_auditoria_parcial,primeiro_turno
2026,1,Palver,2026-09-04,2026-09-07,2026-09-07,5000,wikipedia_tabela_2,Flávio Bolsonaro,39.0,0,2.0,https://en.wikipedia.org/wiki/Opinion_polling_for_the_2026_Brazilian_presidential_election,0,wikipedia_estruturada_auditoria_parcial,primeiro_turno
2026,1,Palver,2026-09-04,2026-09-07,2026-09-07,5000,wikipedia_tabela_2,Augusto Cury,4.0,0,2.0,https://en.wikipedia.org/wiki/Opinion_polling_for_the_2026_Brazilian_presidential_election,0,wikipedia_estruturada_auditoria_parcial,primeiro_turno
2026,1,Palver,2026-09-04,2026-09-07,2026-09-07,5000,wikipedia_tabela_2,Ronaldo Caiado,1.0,0,2.0,https://en.wikipedia.org/wiki/Opinion_polling_for_the_2026_Brazilian_presidential_election,0,wikipedia_estruturada_auditoria_parcial,primeiro_turno
2026,1,Palver,2026-09-04,2026-09-07,2026-09-07,5000,wikipedia_tabela_2,Romeu Zema,1.0,0,2.0,https://en.wikipedia.org/wiki/Opinion_polling_for_the_2026_Brazilian_presidential_election,0,wikipedia_estruturada_auditoria_parcial,primeiro_turno
2026,1,Ideia,2026-09-04,2026-09-07,2026-09-07,1500,wikipedia_tabela_2,Lula,38.4,0,5.3,https://en.wikipedia.org/wiki/Opinion_polling_for_the_2026_Brazilian_presidential_election,0,wikipedia_estruturada_auditoria_parcial,primeiro_turno
2026,1,Ideia,2026-09-04,2026-09-07,2026-09-07,1500,wikipedia_tabela_2,Flávio Bolsonaro,37.3,0,5.3,https://en.wikipedia.org/wiki/Opinion_polling_for_the_2026_Brazilian_presidential_election,0,wikipedia_estruturada_auditoria_parcial,primeiro_turno
2026,1,Ideia,2026-09-04,2026-09-07,2026-09-07,1500,wikipedia_tabela_2,Augusto Cury,6.6,0,5.3,https://en.wikipedia.org/wiki/Opinion_polling_for_the_2026_Brazilian_presidential_election,0,wikipedia_estruturada_auditoria_parcial,primeiro_turno
2026,1,Ideia,2026-09-04,2026-09-07,2026-09-07,1500,wikipedia_tabela_2,Ronaldo Caiado,4.0,0,5.3,https://en.wikipedia.org/wiki/Opinion_polling_for_the_2026_Brazilian_presidential_election,0,wikipedia_estruturada_auditoria_parcial,primeiro_turno
2026,1,Ideia,2026-09-04,2026-09-07,2026-09-07,1500,wikipedia_tabela_2,Romeu Zema,1.5,0,5.3,https://en.wikipedia.org/wiki/Opinion_polling_for_the_2026_Brazilian_presidential_election,0,wikipedia_estruturada_auditoria_parcial,primeiro_turno
2026,1,Nexus,2026-09-04,2026-09-07,2026-09-07,2002,wikipedia_tabela_2,Lula,39.0,0,5.0,https://en.wikipedia.org/wiki/Opinion_polling_for_the_2026_Brazilian_presidential_election,0,wikipedia_estruturada_auditoria_parcial,primeiro_turno
2026,1,Nexus,2026-09-04,2026-09-07,2026-09-07,2002,wikipedia_tabela_2,Flávio Bolsonaro,35.0,0,5.0,https://en.wikipedia.org/wiki/Opinion_polling_for_the_2026_Brazilian_presidential_election,0,wikipedia_estruturada_auditoria_parcial,primeiro_turno
2026,1,Nexus,2026-09-04,2026-09-07,2026-09-07,2002,wikipedia_tabela_2,Augusto Cury,9.0,0,5.0,https://en.wikipedia.org/wiki/Opinion_polling_for_the_2026_Brazilian_presidential_election,0,wikipedia_estruturada_auditoria_parcial,primeiro_turno
2026,1,Nexus,2026-09-04,2026-09-07,2026-09-07,2002,wikipedia_tabela_2,Ronaldo Caiado,4.0,0,5.0,https://en.wikipedia.org/wiki/Opinion_polling_for_the_2026_Brazilian_presidential_election,0,wikipedia_estruturada_auditoria_parcial,primeiro_turno
2026,1,Nexus,2026-09-04,2026-09-07,2026-09-07,2002,wikipedia_tabela_2,Romeu Zema,1.0,0,5.0,https://en.wikipedia.org/wiki/Opinion_polling_for_the_2026_Brazilian_presidential_election,0,wikipedia_estruturada_auditoria_parcial,primeiro_turno
2026,1,Quaest,2026-09-03,2026-09-06,2026-09-06,2004,wikipedia_tabela_2,Lula,36.0,0,18.0,https://en.wikipedia.org/wiki/Opinion_polling_for_the_2026_Brazilian_presidential_election,0,wikipedia_estruturada_auditoria_parcial,primeiro_turno
2026,1,Quaest,2026-09-03,2026-09-06,2026-09-06,2004,wikipedia_tabela_2,Flávio Bolsonaro,29.0,0,18.0,https://en.wikipedia.org/wiki/Opinion_polling_for_the_2026_Brazilian_presidential_election,0,wikipedia_estruturada_auditoria_parcial,primeiro_turno
2026,1,Quaest,2026-09-03,2026-09-06,2026-09-06,2004,wikipedia_tabela_2,Augusto Cury,8.0,0,18.0,https://en.wikipedia.org/wiki/Opinion_polling_for_the_2026_Brazilian_presidential_election,0,wikipedia_estruturada_auditoria_parcial,primeiro_turno
2026,1,Quaest,2026-09-03,2026-09-06,2026-09-06,2004,wikipedia_tabela_2,Ronaldo Caiado,3.0,0,18.0,https://en.wikipedia.org/wiki/Opinion_polling_for_the_2026_Brazilian_presidential_election,0,wikipedia_estruturada_auditoria_parcial,primeiro_turno
2026,1,Quaest,2026-09-03,2026-09-06,2026-09-06,2004,wikipedia_tabela_2,Romeu Zema,2.0,0,18.0,https://en.wikipedia.org/wiki/Opinion_polling_for_the_2026_Brazilian_presidential_election,0,wikipedia_estruturada_auditoria_parcial,primeiro_turno
2026,1,Datafolha,2026-09-01,2026-09-02,2026-09-02,2002,wikipedia_tabela_2,Lula,38.0,0,9.0,https://en.wikipedia.org/wiki/Opinion_polling_for_the_2026_Brazilian_presidential_election,0,wikipedia_estruturada_auditoria_parcial,primeiro_turno
2026,1,Datafolha,2026-09-01,2026-09-02,2026-09-02,2002,wikipedia_tabela_2,Flávio Bolsonaro,33.0,0,9.0,https://en.wikipedia.org/wiki/Opinion_polling_for_the_2026_Brazilian_presidential_election,0,wikipedia_estruturada_auditoria_parcial,primeiro_turno
2026,1,Datafolha,2026-09-01,2026-09-02,2026-09-02,2002,wikipedia_tabela_2,Augusto Cury,8.0,0,9.0,https://en.wikipedia.org/wiki/Opinion_polling_for_the_2026_Brazilian_presidential_election,0,wikipedia_estruturada_auditoria_parcial,primeiro_turno
2026,1,Datafolha,2026-09-01,2026-09-02,2026-09-02,2002,wikipedia_tabela_2,Ronaldo Caiado,4.0,0,9.0,https://en.wikipedia.org/wiki/Opinion_polling_for_the_2026_Brazilian_presidential_election,0,wikipedia_estruturada_auditoria_parcial,primeiro_turno
2026,1,Datafolha,2026-09-01,2026-09-02,2026-09-02,2002,wikipedia_tabela_2,Romeu Zema,2.0,0,9.0,https://en.wikipedia.org/wiki/Opinion_polling_for_the_2026_Brazilian_presidential_election,0,wikipedia_estruturada_auditoria_parcial,primeiro_turno
2026,1,PoderData,2026-08-30,2026-09-02,2026-09-02,3000,wikipedia_tabela_2,Lula,37.0,0,7.0,https://en.wikipedia.org/wiki/Opinion_polling_for_the_2026_Brazilian_presidential_election,0,wikipedia_estruturada_auditoria_parcial,primeiro_turno
2026,1,PoderData,2026-08-30,2026-09-02,2026-09-02,3000,wikipedia_tabela_2,Flávio Bolsonaro,34.0,0,7.0,https://en.wikipedia.org/wiki/Opinion_polling_for_the_2026_Brazilian_presidential_election,0,wikipedia_estruturada_auditoria_parcial,primeiro_turno
2026,1,PoderData,2026-08-30,2026-09-02,2026-09-02,3000,wikipedia_tabela_2,Augusto Cury,10.0,0,7.0,https://en.wikipedia.org/wiki/Opinion_polling_for_the_2026_Brazilian_presidential_election,0,wikipedia_estruturada_auditoria_parcial,primeiro_turno
2026,1,PoderData,2026-08-30,2026-09-02,2026-09-02,3000,wikipedia_tabela_2,Ronaldo Caiado,2.0,0,7.0,https://en.wikipedia.org/wiki/Opinion_polling_for_the_2026_Brazilian_presidential_election,0,wikipedia_estruturada_auditoria_parcial,primeiro_turno
2026,1,PoderData,2026-08-30,2026-09-02,2026-09-02,3000,wikipedia_tabela_2,Romeu Zema,1.0,0,7.0,https://en.wikipedia.org/wiki/Opinion_polling_for_the_2026_Brazilian_presidential_election,0,wikipedia_estruturada_auditoria_parcial,primeiro_turno
2026,1,Quaest,2026-08-30,2026-09-01,2026-09-01,2004,wikipedia_tabela_2,Lula,37.0,0,18.0,https://en.wikipedia.org/wiki/Opinion_polling_for_the_2026_Brazilian_presidential_election,0,wikipedia_estruturada_auditoria_parcial,primeiro_turno
2026,1,Quaest,2026-08-30,2026-09-01,2026-09-01,2004,wikipedia_tabela_2,Flávio Bolsonaro,29.0,0,18.0,https://en.wikipedia.org/wiki/Opinion_polling_for_the_2026_Brazilian_presidential_election,0,wikipedia_estruturada_auditoria_parcial,primeiro_turno
2026,1,Quaest,2026-08-30,2026-09-01,2026-09-01,2004,wikipedia_tabela_2,Augusto Cury,10.0,0,18.0,https://en.wikipedia.org/wiki/Opinion_polling_for_the_2026_Brazilian_presidential_election,0,wikipedia_estruturada_auditoria_parcial,primeiro_turno
2026,1,Quaest,2026-08-30,2026-09-01,2026-09-01,2004,wikipedia_tabela_2,Ronaldo Caiado,1.0,0,18.0,https://en.wikipedia.org/wiki/Opinion_polling_for_the_2026_Brazilian_presidential_election,0,wikipedia_estruturada_auditoria_parcial,primeiro_turno
2026,1,Quaest,2026-08-30,2026-09-01,2026-09-01,2004,wikipedia_tabela_2,Romeu Zema,1.0,0,18.0,https://en.wikipedia.org/wiki/Opinion_polling_for_the_2026_Brazilian_presidential_election,0,wikipedia_estruturada_auditoria_parcial,primeiro_turno
2026,1,Futura,2026-08-27,2026-09-01,2026-09-01,2000,wikipedia_tabela_2,Lula,38.7,0,6.1,https://en.wikipedia.org/wiki/Opinion_polling_for_the_2026_Brazilian_presidential_election,0,wikipedia_estruturada_auditoria_parcial,primeiro_turno
2026,1,Futura,2026-08-27,2026-09-01,2026-09-01,2000,wikipedia_tabela_2,Flávio Bolsonaro,33.6,0,6.1,https://en.wikipedia.org/wiki/Opinion_polling_for_the_2026_Brazilian_presidential_election,0,wikipedia_estruturada_auditoria_parcial,primeiro_turno
2026,1,Futura,2026-08-27,2026-09-01,2026-09-01,2000,wikipedia_tabela_2,Augusto Cury,9.9,0,6.1,https://en.wikipedia.org/wiki/Opinion_polling_for_the_2026_Brazilian_presidential_election,0,wikipedia_estruturada_auditoria_parcial,primeiro_turno
2026,1,Futura,2026-08-27,2026-09-01,2026-09-01,2000,wikipedia_tabela_2,Ronaldo Caiado,3.5,0,6.1,https://en.wikipedia.org/wiki/Opinion_polling_for_the_2026_Brazilian_presidential_election,0,wikipedia_estruturada_auditoria_parcial,primeiro_turno
2026,1,Futura,2026-08-27,2026-09-01,2026-09-01,2000,wikipedia_tabela_2,Romeu Zema,1.6,0,6.1,https://en.wikipedia.org/wiki/Opinion_polling_for_the_2026_Brazilian_presidential_election,0,wikipedia_estruturada_auditoria_parcial,primeiro_turno
2026,1,Real Time,2026-08-27,2026-08-31,2026-08-31,2000,wikipedia_tabela_2,Lula,38.0,0,6.0,https://en.wikipedia.org/wiki/Opinion_polling_for_the_2026_Brazilian_presidential_election,0,wikipedia_estruturada_auditoria_parcial,primeiro_turno
2026,1,Real Time,2026-08-27,2026-08-31,2026-08-31,2000,wikipedia_tabela_2,Flávio Bolsonaro,30.0,0,6.0,https://en.wikipedia.org/wiki/Opinion_polling_for_the_2026_Brazilian_presidential_election,0,wikipedia_estruturada_auditoria_parcial,primeiro_turno
2026,1,Real Time,2026-08-27,2026-08-31,2026-08-31,2000,wikipedia_tabela_2,Augusto Cury,11.0,0,6.0,https://en.wikipedia.org/wiki/Opinion_polling_for_the_2026_Brazilian_presidential_election,0,wikipedia_estruturada_auditoria_parcial,primeiro_turno
2026,1,Real Time,2026-08-27,2026-08-31,2026-08-31,2000,wikipedia_tabela_2,Ronaldo Caiado,4.0,0,6.0,https://en.wikipedia.org/wiki/Opinion_polling_for_the_2026_Brazilian_presidential_election,0,wikipedia_estruturada_auditoria_parcial,primeiro_turno
2026,1,Real Time,2026-08-27,2026-08-31,2026-08-31,2000,wikipedia_tabela_2,Romeu Zema,2.0,0,6.0,https://en.wikipedia.org/wiki/Opinion_polling_for_the_2026_Brazilian_presidential_election,0,wikipedia_estruturada_auditoria_parcial,primeiro_turno
2026,1,Nexus,2026-08-28,2026-08-30,2026-08-30,2005,wikipedia_tabela_2,Lula,39.0,0,6.0,https://en.wikipedia.org/wiki/Opinion_polling_for_the_2026_Brazilian_presidential_election,0,wikipedia_estruturada_auditoria_parcial,primeiro_turno
2026,1,Nexus,2026-08-28,2026-08-30,2026-08-30,2005,wikipedia_tabela_2,Flávio Bolsonaro,33.0,0,6.0,https://en.wikipedia.org/wiki/Opinion_polling_for_the_2026_Brazilian_presidential_election,0,wikipedia_estruturada_auditoria_parcial,primeiro_turno
2026,1,Nexus,2026-08-28,2026-08-30,2026-08-30,2005,wikipedia_tabela_2,Augusto Cury,11.0,0,6.0,https://en.wikipedia.org/wiki/Opinion_polling_for_the_2026_Brazilian_presidential_election,0,wikipedia_estruturada_auditoria_parcial,primeiro_turno
2026,1,Nexus,2026-08-28,2026-08-30,2026-08-30,2005,wikipedia_tabela_2,Ronaldo Caiado,5.0,0,6.0,https://en.wikipedia.org/wiki/Opinion_polling_for_the_2026_Brazilian_presidential_election,0,wikipedia_estruturada_auditoria_parcial,primeiro_turno
2026,1,Nexus,2026-08-28,2026-08-30,2026-08-30,2005,wikipedia_tabela_2,Romeu Zema,1.0,0,6.0,https://en.wikipedia.org/wiki/Opinion_polling_for_the_2026_Brazilian_presidential_election,0,wikipedia_estruturada_auditoria_parcial,primeiro_turno
2026,1,AtlasIntel,2026-08-25,2026-08-30,2026-08-30,5014,wikipedia_tabela_2,Lula,43.4,0,0.3,https://en.wikipedia.org/wiki/Opinion_polling_for_the_2026_Brazilian_presidential_election,0,wikipedia_estruturada_auditoria_parcial,primeiro_turno
2026,1,AtlasIntel,2026-08-25,2026-08-30,2026-08-30,5014,wikipedia_tabela_2,Flávio Bolsonaro,33.7,0,0.3,https://en.wikipedia.org/wiki/Opinion_polling_for_the_2026_Brazilian_presidential_election,0,wikipedia_estruturada_auditoria_parcial,primeiro_turno
2026,1,AtlasIntel,2026-08-25,2026-08-30,2026-08-30,5014,wikipedia_tabela_2,Augusto Cury,7.8,0,0.3,https://en.wikipedia.org/wiki/Opinion_polling_for_the_2026_Brazilian_presidential_election,0,wikipedia_estruturada_auditoria_parcial,primeiro_turno
2026,1,AtlasIntel,2026-08-25,2026-08-30,2026-08-30,5014,wikipedia_tabela_2,Ronaldo Caiado,3.3,0,0.3,https://en.wikipedia.org/wiki/Opinion_polling_for_the_2026_Brazilian_presidential_election,0,wikipedia_estruturada_auditoria_parcial,primeiro_turno
2026,1,AtlasIntel,2026-08-25,2026-08-30,2026-08-30,5014,wikipedia_tabela_2,Romeu Zema,1.0,0,0.3,https://en.wikipedia.org/wiki/Opinion_polling_for_the_2026_Brazilian_presidential_election,0,wikipedia_estruturada_auditoria_parcial,primeiro_turno
2026,1,Vox Brasil,2026-08-25,2026-08-27,2026-08-27,2100,wikipedia_tabela_2,Lula,37.1,0,10.3,https://en.wikipedia.org/wiki/Opinion_polling_for_the_2026_Brazilian_presidential_election,0,wikipedia_estruturada_auditoria_parcial,primeiro_turno
2026,1,Vox Brasil,2026-08-25,2026-08-27,2026-08-27,2100,wikipedia_tabela_2,Flávio Bolsonaro,34.8,0,10.3,https://en.wikipedia.org/wiki/Opinion_polling_for_the_2026_Brazilian_presidential_election,0,wikipedia_estruturada_auditoria_parcial,primeiro_turno
2026,1,Vox Brasil,2026-08-25,2026-08-27,2026-08-27,2100,wikipedia_tabela_2,Augusto Cury,2.6,0,10.3,https://en.wikipedia.org/wiki/Opinion_polling_for_the_2026_Brazilian_presidential_election,0,wikipedia_estruturada_auditoria_parcial,primeiro_turno
2026,1,Vox Brasil,2026-08-25,2026-08-27,2026-08-27,2100,wikipedia_tabela_2,Ronaldo Caiado,5.0,0,10.3,https://en.wikipedia.org/wiki/Opinion_polling_for_the_2026_Brazilian_presidential_election,0,wikipedia_estruturada_auditoria_parcial,primeiro_turno
2026,1,Vox Brasil,2026-08-25,2026-08-27,2026-08-27,2100,wikipedia_tabela_2,Romeu Zema,2.8,0,10.3,https://en.wikipedia.org/wiki/Opinion_polling_for_the_2026_Brazilian_presidential_election,0,wikipedia_estruturada_auditoria_parcial,primeiro_turno
2026,1,PoderData,2026-08-23,2026-08-26,2026-08-26,2400,wikipedia_tabela_2,Lula,38.0,0,7.0,https://en.wikipedia.org/wiki/Opinion_polling_for_the_2026_Brazilian_presidential_election,0,wikipedia_estruturada_auditoria_parcial,primeiro_turno
2026,1,PoderData,2026-08-23,2026-08-26,2026-08-26,2400,wikipedia_tabela_2,Flávio Bolsonaro,35.0,0,7.0,https://en.wikipedia.org/wiki/Opinion_polling_for_the_2026_Brazilian_presidential_election,0,wikipedia_estruturada_auditoria_parcial,primeiro_turno
2026,1,PoderData,2026-08-23,2026-08-26,2026-08-26,2400,wikipedia_tabela_2,Augusto Cury,4.0,0,7.0,https://en.wikipedia.org/wiki/Opinion_polling_for_the_2026_Brazilian_presidential_election,0,wikipedia_estruturada_auditoria_parcial,primeiro_turno
2026,1,PoderData,2026-08-23,2026-08-26,2026-08-26,2400,wikipedia_tabela_2,Ronaldo Caiado,4.0,0,7.0,https://en.wikipedia.org/wiki/Opinion_polling_for_the_2026_Brazilian_presidential_election,0,wikipedia_estruturada_auditoria_parcial,primeiro_turno
2026,1,PoderData,2026-08-23,2026-08-26,2026-08-26,2400,wikipedia_tabela_2,Romeu Zema,2.0,0,7.0,https://en.wikipedia.org/wiki/Opinion_polling_for_the_2026_Brazilian_presidential_election,0,wikipedia_estruturada_auditoria_parcial,primeiro_turno
2026,1,Nexus,2026-08-21,2026-08-23,2026-08-23,2006,wikipedia_tabela_2,Lula,41.0,0,8.0,https://en.wikipedia.org/wiki/Opinion_polling_for_the_2026_Brazilian_presidential_election,0,wikipedia_estruturada_auditoria_parcial,primeiro_turno
2026,1,Nexus,2026-08-21,2026-08-23,2026-08-23,2006,wikipedia_tabela_2,Flávio Bolsonaro,37.0,0,8.0,https://en.wikipedia.org/wiki/Opinion_polling_for_the_2026_Brazilian_presidential_election,0,wikipedia_estruturada_auditoria_parcial,primeiro_turno
2026,1,Nexus,2026-08-21,2026-08-23,2026-08-23,2006,wikipedia_tabela_2,Augusto Cury,2.0,0,8.0,https://en.wikipedia.org/wiki/Opinion_polling_for_the_2026_Brazilian_presidential_election,0,wikipedia_estruturada_auditoria_parcial,primeiro_turno
2026,1,Nexus,2026-08-21,2026-08-23,2026-08-23,2006,wikipedia_tabela_2,Ronaldo Caiado,5.0,0,8.0,https://en.wikipedia.org/wiki/Opinion_polling_for_the_2026_Brazilian_presidential_election,0,wikipedia_estruturada_auditoria_parcial,primeiro_turno
2026,1,Nexus,2026-08-21,2026-08-23,2026-08-23,2006,wikipedia_tabela_2,Romeu Zema,3.0,0,8.0,https://en.wikipedia.org/wiki/Opinion_polling_for_the_2026_Brazilian_presidential_election,0,wikipedia_estruturada_auditoria_parcial,primeiro_turno
2026,1,Indexa,2026-08-20,2026-08-23,2026-08-23,2000,wikipedia_tabela_2,Lula,39.0,0,16.0,https://en.wikipedia.org/wiki/Opinion_polling_for_the_2026_Brazilian_presidential_election,0,wikipedia_estruturada_auditoria_parcial,primeiro_turno
2026,1,Indexa,2026-08-20,2026-08-23,2026-08-23,2000,wikipedia_tabela_2,Flávio Bolsonaro,34.0,0,16.0,https://en.wikipedia.org/wiki/Opinion_polling_for_the_2026_Brazilian_presidential_election,0,wikipedia_estruturada_auditoria_parcial,primeiro_turno
2026,1,Indexa,2026-08-20,2026-08-23,2026-08-23,2000,wikipedia_tabela_2,Augusto Cury,1.0,0,16.0,https://en.wikipedia.org/wiki/Opinion_polling_for_the_2026_Brazilian_presidential_election,0,wikipedia_estruturada_auditoria_parcial,primeiro_turno
2026,1,Indexa,2026-08-20,2026-08-23,2026-08-23,2000,wikipedia_tabela_2,Ronaldo Caiado,5.0,0,16.0,https://en.wikipedia.org/wiki/Opinion_polling_for_the_2026_Brazilian_presidential_election,0,wikipedia_estruturada_auditoria_parcial,primeiro_turno
2026,1,Indexa,2026-08-20,2026-08-23,2026-08-23,2000,wikipedia_tabela_2,Romeu Zema,1.0,0,16.0,https://en.wikipedia.org/wiki/Opinion_polling_for_the_2026_Brazilian_presidential_election,0,wikipedia_estruturada_auditoria_parcial,primeiro_turno
2026,1,Datafolha,2026-08-18,2026-08-20,2026-08-20,2058,wikipedia_tabela_2,Lula,39.0,0,10.0,https://en.wikipedia.org/wiki/Opinion_polling_for_the_2026_Brazilian_presidential_election,0,wikipedia_estruturada_auditoria_parcial,primeiro_turno
2026,1,Datafolha,2026-08-18,2026-08-20,2026-08-20,2058,wikipedia_tabela_2,Flávio Bolsonaro,33.0,0,10.0,https://en.wikipedia.org/wiki/Opinion_polling_for_the_2026_Brazilian_presidential_election,0,wikipedia_estruturada_auditoria_parcial,primeiro_turno
2026,1,Datafolha,2026-08-18,2026-08-20,2026-08-20,2058,wikipedia_tabela_2,Augusto Cury,2.0,0,10.0,https://en.wikipedia.org/wiki/Opinion_polling_for_the_2026_Brazilian_presidential_election,0,wikipedia_estruturada_auditoria_parcial,primeiro_turno
2026,1,Datafolha,2026-08-18,2026-08-20,2026-08-20,2058,wikipedia_tabela_2,Ronaldo Caiado,5.0,0,10.0,https://en.wikipedia.org/wiki/Opinion_polling_for_the_2026_Brazilian_presidential_election,0,wikipedia_estruturada_auditoria_parcial,primeiro_turno
2026,1,Datafolha,2026-08-18,2026-08-20,2026-08-20,2058,wikipedia_tabela_2,Romeu Zema,3.0,0,10.0,https://en.wikipedia.org/wiki/Opinion_polling_for_the_2026_Brazilian_presidential_election,0,wikipedia_estruturada_auditoria_parcial,primeiro_turno
2026,1,Nexus,2026-08-14,2026-08-16,2026-08-16,2003,wikipedia_tabela_2,Lula,41.0,0,7.0,https://en.wikipedia.org/wiki/Opinion_polling_for_the_2026_Brazilian_presidential_election,0,wikipedia_estruturada_auditoria_parcial,primeiro_turno
2026,1,Nexus,2026-08-14,2026-08-16,2026-08-16,2003,wikipedia_tabela_2,Flávio Bolsonaro,36.0,0,7.0,https://en.wikipedia.org/wiki/Opinion_polling_for_the_2026_Brazilian_presidential_election,0,wikipedia_estruturada_auditoria_parcial,primeiro_turno
2026,1,Nexus,2026-08-14,2026-08-16,2026-08-16,2003,wikipedia_tabela_2,Augusto Cury,1.0,0,7.0,https://en.wikipedia.org/wiki/Opinion_polling_for_the_2026_Brazilian_presidential_election,0,wikipedia_estruturada_auditoria_parcial,primeiro_turno
2026,1,Nexus,2026-08-14,2026-08-16,2026-08-16,2003,wikipedia_tabela_2,Ronaldo Caiado,5.0,0,7.0,https://en.wikipedia.org/wiki/Opinion_polling_for_the_2026_Brazilian_presidential_election,0,wikipedia_estruturada_auditoria_parcial,primeiro_turno
2026,1,Nexus,2026-08-14,2026-08-16,2026-08-16,2003,wikipedia_tabela_2,Romeu Zema,4.0,0,7.0,https://en.wikipedia.org/wiki/Opinion_polling_for_the_2026_Brazilian_presidential_election,0,wikipedia_estruturada_auditoria_parcial,primeiro_turno
2026,1,Quaest,2026-08-10,2026-08-13,2026-08-13,2004,wikipedia_tabela_3,Lula,38.0,0,18.0,https://en.wikipedia.org/wiki/Opinion_polling_for_the_2026_Brazilian_presidential_election,0,wikipedia_estruturada_auditoria_parcial,primeiro_turno
2026,1,Quaest,2026-08-10,2026-08-13,2026-08-13,2004,wikipedia_tabela_3,Flávio Bolsonaro,31.0,0,18.0,https://en.wikipedia.org/wiki/Opinion_polling_for_the_2026_Brazilian_presidential_election,0,wikipedia_estruturada_auditoria_parcial,primeiro_turno
2026,1,Quaest,2026-08-10,2026-08-13,2026-08-13,2004,wikipedia_tabela_3,Augusto Cury,2.0,0,18.0,https://en.wikipedia.org/wiki/Opinion_polling_for_the_2026_Brazilian_presidential_election,0,wikipedia_estruturada_auditoria_parcial,primeiro_turno
2026,1,Quaest,2026-08-10,2026-08-13,2026-08-13,2004,wikipedia_tabela_3,Ronaldo Caiado,4.0,0,18.0,https://en.wikipedia.org/wiki/Opinion_polling_for_the_2026_Brazilian_presidential_election,0,wikipedia_estruturada_auditoria_parcial,primeiro_turno
2026,1,Quaest,2026-08-10,2026-08-13,2026-08-13,2004,wikipedia_tabela_3,Romeu Zema,2.0,0,18.0,https://en.wikipedia.org/wiki/Opinion_polling_for_the_2026_Brazilian_presidential_election,0,wikipedia_estruturada_auditoria_parcial,primeiro_turno
2026,1,PoderData,2026-08-09,2026-08-12,2026-08-12,2400,wikipedia_tabela_3,Lula,41.0,0,6.0,https://en.wikipedia.org/wiki/Opinion_polling_for_the_2026_Brazilian_presidential_election,0,wikipedia_estruturada_auditoria_parcial,primeiro_turno
2026,1,PoderData,2026-08-09,2026-08-12,2026-08-12,2400,wikipedia_tabela_3,Flávio Bolsonaro,35.0,0,6.0,https://en.wikipedia.org/wiki/Opinion_polling_for_the_2026_Brazilian_presidential_election,0,wikipedia_estruturada_auditoria_parcial,primeiro_turno
2026,1,PoderData,2026-08-09,2026-08-12,2026-08-12,2400,wikipedia_tabela_3,Augusto Cury,3.0,0,6.0,https://en.wikipedia.org/wiki/Opinion_polling_for_the_2026_Brazilian_presidential_election,0,wikipedia_estruturada_auditoria_parcial,primeiro_turno
2026,1,PoderData,2026-08-09,2026-08-12,2026-08-12,2400,wikipedia_tabela_3,Ronaldo Caiado,4.0,0,6.0,https://en.wikipedia.org/wiki/Opinion_polling_for_the_2026_Brazilian_presidential_election,0,wikipedia_estruturada_auditoria_parcial,primeiro_turno
2026,1,PoderData,2026-08-09,2026-08-12,2026-08-12,2400,wikipedia_tabela_3,Romeu Zema,3.0,0,6.0,https://en.wikipedia.org/wiki/Opinion_polling_for_the_2026_Brazilian_presidential_election,0,wikipedia_estruturada_auditoria_parcial,primeiro_turno
2026,1,Nexus,2026-08-07,2026-08-09,2026-08-09,2001,wikipedia_tabela_3,Lula,40.0,0,8.0,https://en.wikipedia.org/wiki/Opinion_polling_for_the_2026_Brazilian_presidential_election,0,wikipedia_estruturada_auditoria_parcial,primeiro_turno
2026,1,Nexus,2026-08-07,2026-08-09,2026-08-09,2001,wikipedia_tabela_3,Flávio Bolsonaro,35.0,0,8.0,https://en.wikipedia.org/wiki/Opinion_polling_for_the_2026_Brazilian_presidential_election,0,wikipedia_estruturada_auditoria_parcial,primeiro_turno
2026,1,Nexus,2026-08-07,2026-08-09,2026-08-09,2001,wikipedia_tabela_3,Augusto Cury,1.0,0,8.0,https://en.wikipedia.org/wiki/Opinion_polling_for_the_2026_Brazilian_presidential_election,0,wikipedia_estruturada_auditoria_parcial,primeiro_turno
2026,1,Nexus,2026-08-07,2026-08-09,2026-08-09,2001,wikipedia_tabela_3,Ronaldo Caiado,5.0,0,8.0,https://en.wikipedia.org/wiki/Opinion_polling_for_the_2026_Brazilian_presidential_election,0,wikipedia_estruturada_auditoria_parcial,primeiro_turno
2026,1,Nexus,2026-08-07,2026-08-09,2026-08-09,2001,wikipedia_tabela_3,Romeu Zema,3.0,0,8.0,https://en.wikipedia.org/wiki/Opinion_polling_for_the_2026_Brazilian_presidential_election,0,wikipedia_estruturada_auditoria_parcial,primeiro_turno
2026,1,MDA,2026-08-05,2026-08-09,2026-08-09,2002,wikipedia_tabela_3,Lula,42.4,0,14.0,https://en.wikipedia.org/wiki/Opinion_polling_for_the_2026_Brazilian_presidential_election,0,wikipedia_estruturada_auditoria_parcial,primeiro_turno
2026,1,MDA,2026-08-05,2026-08-09,2026-08-09,2002,wikipedia_tabela_3,Flávio Bolsonaro,28.7,0,14.0,https://en.wikipedia.org/wiki/Opinion_polling_for_the_2026_Brazilian_presidential_election,0,wikipedia_estruturada_auditoria_parcial,primeiro_turno
2026,1,MDA,2026-08-05,2026-08-09,2026-08-09,2002,wikipedia_tabela_3,Augusto Cury,1.2,0,14.0,https://en.wikipedia.org/wiki/Opinion_polling_for_the_2026_Brazilian_presidential_election,0,wikipedia_estruturada_auditoria_parcial,primeiro_turno
2026,1,MDA,2026-08-05,2026-08-09,2026-08-09,2002,wikipedia_tabela_3,Ronaldo Caiado,4.0,0,14.0,https://en.wikipedia.org/wiki/Opinion_polling_for_the_2026_Brazilian_presidential_election,0,wikipedia_estruturada_auditoria_parcial,primeiro_turno
2026,1,MDA,2026-08-05,2026-08-09,2026-08-09,2002,wikipedia_tabela_3,Romeu Zema,3.3,0,14.0,https://en.wikipedia.org/wiki/Opinion_polling_for_the_2026_Brazilian_presidential_election,0,wikipedia_estruturada_auditoria_parcial,primeiro_turno
2026,1,Quaest,2026-07-31,2026-08-03,2026-08-03,2004,wikipedia_tabela_3,Lula,39.0,0,18.0,https://en.wikipedia.org/wiki/Opinion_polling_for_the_2026_Brazilian_presidential_election,0,wikipedia_estruturada_auditoria_parcial,primeiro_turno
2026,1,Quaest,2026-07-31,2026-08-03,2026-08-03,2004,wikipedia_tabela_3,Flávio Bolsonaro,30.0,0,18.0,https://en.wikipedia.org/wiki/Opinion_polling_for_the_2026_Brazilian_presidential_election,0,wikipedia_estruturada_auditoria_parcial,primeiro_turno
2026,1,Quaest,2026-07-31,2026-08-03,2026-08-03,2004,wikipedia_tabela_3,Augusto Cury,1.0,0,18.0,https://en.wikipedia.org/wiki/Opinion_polling_for_the_2026_Brazilian_presidential_election,0,wikipedia_estruturada_auditoria_parcial,primeiro_turno
2026,1,Quaest,2026-07-31,2026-08-03,2026-08-03,2004,wikipedia_tabela_3,Ronaldo Caiado,4.0,0,18.0,https://en.wikipedia.org/wiki/Opinion_polling_for_the_2026_Brazilian_presidential_election,0,wikipedia_estruturada_auditoria_parcial,primeiro_turno
2026,1,Quaest,2026-07-31,2026-08-03,2026-08-03,2004,wikipedia_tabela_3,Romeu Zema,2.0,0,18.0,https://en.wikipedia.org/wiki/Opinion_polling_for_the_2026_Brazilian_presidential_election,0,wikipedia_estruturada_auditoria_parcial,primeiro_turno
2026,1,Ideia,2026-07-31,2026-08-03,2026-08-03,1500,wikipedia_tabela_3,Lula,43.0,0,6.0,https://en.wikipedia.org/wiki/Opinion_polling_for_the_2026_Brazilian_presidential_election,0,wikipedia_estruturada_auditoria_parcial,primeiro_turno
2026,1,Ideia,2026-07-31,2026-08-03,2026-08-03,1500,wikipedia_tabela_3,Flávio Bolsonaro,35.0,0,6.0,https://en.wikipedia.org/wiki/Opinion_polling_for_the_2026_Brazilian_presidential_election,0,wikipedia_estruturada_auditoria_parcial,primeiro_turno
2026,1,Ideia,2026-07-31,2026-08-03,2026-08-03,1500,wikipedia_tabela_3,Augusto Cury,1.7,0,6.0,https://en.wikipedia.org/wiki/Opinion_polling_for_the_2026_Brazilian_presidential_election,0,wikipedia_estruturada_auditoria_parcial,primeiro_turno
2026,1,Ideia,2026-07-31,2026-08-03,2026-08-03,1500,wikipedia_tabela_3,Ronaldo Caiado,5.7,0,6.0,https://en.wikipedia.org/wiki/Opinion_polling_for_the_2026_Brazilian_presidential_election,0,wikipedia_estruturada_auditoria_parcial,primeiro_turno
2026,1,Ideia,2026-07-31,2026-08-03,2026-08-03,1500,wikipedia_tabela_3,Romeu Zema,2.6,0,6.0,https://en.wikipedia.org/wiki/Opinion_polling_for_the_2026_Brazilian_presidential_election,0,wikipedia_estruturada_auditoria_parcial,primeiro_turno
2026,1,Nexus,2026-07-31,2026-08-02,2026-08-02,2002,wikipedia_tabela_3,Lula,41.0,0,7.0,https://en.wikipedia.org/wiki/Opinion_polling_for_the_2026_Brazilian_presidential_election,0,wikipedia_estruturada_auditoria_parcial,primeiro_turno
2026,1,Nexus,2026-07-31,2026-08-02,2026-08-02,2002,wikipedia_tabela_3,Flávio Bolsonaro,37.0,0,7.0,https://en.wikipedia.org/wiki/Opinion_polling_for_the_2026_Brazilian_presidential_election,0,wikipedia_estruturada_auditoria_parcial,primeiro_turno
2026,1,Nexus,2026-07-31,2026-08-02,2026-08-02,2002,wikipedia_tabela_3,Augusto Cury,1.0,0,7.0,https://en.wikipedia.org/wiki/Opinion_polling_for_the_2026_Brazilian_presidential_election,0,wikipedia_estruturada_auditoria_parcial,primeiro_turno
2026,1,Nexus,2026-07-31,2026-08-02,2026-08-02,2002,wikipedia_tabela_3,Ronaldo Caiado,5.0,0,7.0,https://en.wikipedia.org/wiki/Opinion_polling_for_the_2026_Brazilian_presidential_election,0,wikipedia_estruturada_auditoria_parcial,primeiro_turno
2026,1,Nexus,2026-07-31,2026-08-02,2026-08-02,2002,wikipedia_tabela_3,Romeu Zema,3.0,0,7.0,https://en.wikipedia.org/wiki/Opinion_polling_for_the_2026_Brazilian_presidential_election,0,wikipedia_estruturada_auditoria_parcial,primeiro_turno
2026,1,PoderData,2026-07-26,2026-07-29,2026-07-29,2400,wikipedia_tabela_3,Lula,41.0,0,9.0,https://en.wikipedia.org/wiki/Opinion_polling_for_the_2026_Brazilian_presidential_election,0,wikipedia_estruturada_auditoria_parcial,primeiro_turno
2026,1,PoderData,2026-07-26,2026-07-29,2026-07-29,2400,wikipedia_tabela_3,Flávio Bolsonaro,35.0,0,9.0,https://en.wikipedia.org/wiki/Opinion_polling_for_the_2026_Brazilian_presidential_election,0,wikipedia_estruturada_auditoria_parcial,primeiro_turno
2026,1,PoderData,2026-07-26,2026-07-29,2026-07-29,2400,wikipedia_tabela_3,Augusto Cury,3.0,0,9.0,https://en.wikipedia.org/wiki/Opinion_polling_for_the_2026_Brazilian_presidential_election,0,wikipedia_estruturada_auditoria_parcial,primeiro_turno
2026,1,PoderData,2026-07-26,2026-07-29,2026-07-29,2400,wikipedia_tabela_3,Ronaldo Caiado,5.0,0,9.0,https://en.wikipedia.org/wiki/Opinion_polling_for_the_2026_Brazilian_presidential_election,0,wikipedia_estruturada_auditoria_parcial,primeiro_turno
2026,1,PoderData,2026-07-26,2026-07-29,2026-07-29,2400,wikipedia_tabela_3,Romeu Zema,3.0,0,9.0,https://en.wikipedia.org/wiki/Opinion_polling_for_the_2026_Brazilian_presidential_election,0,wikipedia_estruturada_auditoria_parcial,primeiro_turno
2026,1,Vox Brasil,2026-07-26,2026-07-28,2026-07-28,2100,wikipedia_tabela_3,Lula,40.5,0,11.9,https://en.wikipedia.org/wiki/Opinion_polling_for_the_2026_Brazilian_presidential_election,0,wikipedia_estruturada_auditoria_parcial,primeiro_turno
2026,1,Vox Brasil,2026-07-26,2026-07-28,2026-07-28,2100,wikipedia_tabela_3,Flávio Bolsonaro,31.2,0,11.9,https://en.wikipedia.org/wiki/Opinion_polling_for_the_2026_Brazilian_presidential_election,0,wikipedia_estruturada_auditoria_parcial,primeiro_turno
2026,1,Vox Brasil,2026-07-26,2026-07-28,2026-07-28,2100,wikipedia_tabela_3,Augusto Cury,1.1,0,11.9,https://en.wikipedia.org/wiki/Opinion_polling_for_the_2026_Brazilian_presidential_election,0,wikipedia_estruturada_auditoria_parcial,primeiro_turno
2026,1,Vox Brasil,2026-07-26,2026-07-28,2026-07-28,2100,wikipedia_tabela_3,Ronaldo Caiado,5.5,0,11.9,https://en.wikipedia.org/wiki/Opinion_polling_for_the_2026_Brazilian_presidential_election,0,wikipedia_estruturada_auditoria_parcial,primeiro_turno
2026,1,Vox Brasil,2026-07-26,2026-07-28,2026-07-28,2100,wikipedia_tabela_3,Romeu Zema,3.2,0,11.9,https://en.wikipedia.org/wiki/Opinion_polling_for_the_2026_Brazilian_presidential_election,0,wikipedia_estruturada_auditoria_parcial,primeiro_turno
2026,1,Nexus,2026-07-24,2026-07-26,2026-07-26,2004,wikipedia_tabela_3,Lula,42.0,0,8.0,https://en.wikipedia.org/wiki/Opinion_polling_for_the_2026_Brazilian_presidential_election,0,wikipedia_estruturada_auditoria_parcial,primeiro_turno
2026,1,Nexus,2026-07-24,2026-07-26,2026-07-26,2004,wikipedia_tabela_3,Flávio Bolsonaro,33.0,0,8.0,https://en.wikipedia.org/wiki/Opinion_polling_for_the_2026_Brazilian_presidential_election,0,wikipedia_estruturada_auditoria_parcial,primeiro_turno
2026,1,Nexus,2026-07-24,2026-07-26,2026-07-26,2004,wikipedia_tabela_3,Augusto Cury,2.0,0,8.0,https://en.wikipedia.org/wiki/Opinion_polling_for_the_2026_Brazilian_presidential_election,0,wikipedia_estruturada_auditoria_parcial,primeiro_turno
2026,1,Nexus,2026-07-24,2026-07-26,2026-07-26,2004,wikipedia_tabela_3,Ronaldo Caiado,6.0,0,8.0,https://en.wikipedia.org/wiki/Opinion_polling_for_the_2026_Brazilian_presidential_election,0,wikipedia_estruturada_auditoria_parcial,primeiro_turno
2026,1,Nexus,2026-07-24,2026-07-26,2026-07-26,2004,wikipedia_tabela_3,Romeu Zema,3.0,0,8.0,https://en.wikipedia.org/wiki/Opinion_polling_for_the_2026_Brazilian_presidential_election,0,wikipedia_estruturada_auditoria_parcial,primeiro_turno
2026,1,Datafolha,2026-07-22,2026-07-23,2026-07-23,2004,wikipedia_tabela_3,Lula,40.0,0,11.0,https://en.wikipedia.org/wiki/Opinion_polling_for_the_2026_Brazilian_presidential_election,0,wikipedia_estruturada_auditoria_parcial,primeiro_turno
2026,1,Datafolha,2026-07-22,2026-07-23,2026-07-23,2004,wikipedia_tabela_3,Flávio Bolsonaro,32.0,0,11.0,https://en.wikipedia.org/wiki/Opinion_polling_for_the_2026_Brazilian_presidential_election,0,wikipedia_estruturada_auditoria_parcial,primeiro_turno
2026,1,Datafolha,2026-07-22,2026-07-23,2026-07-23,2004,wikipedia_tabela_3,Augusto Cury,2.0,0,11.0,https://en.wikipedia.org/wiki/Opinion_polling_for_the_2026_Brazilian_presidential_election,0,wikipedia_estruturada_auditoria_parcial,primeiro_turno
2026,1,Datafolha,2026-07-22,2026-07-23,2026-07-23,2004,wikipedia_tabela_3,Ronaldo Caiado,4.0,0,11.0,https://en.wikipedia.org/wiki/Opinion_polling_for_the_2026_Brazilian_presidential_election,0,wikipedia_estruturada_auditoria_parcial,primeiro_turno
2026,1,Datafolha,2026-07-22,2026-07-23,2026-07-23,2004,wikipedia_tabela_3,Romeu Zema,3.0,0,11.0,https://en.wikipedia.org/wiki/Opinion_polling_for_the_2026_Brazilian_presidential_election,0,wikipedia_estruturada_auditoria_parcial,primeiro_turno
2026,1,Real Time,2026-07-18,2026-07-20,2026-07-20,2000,wikipedia_tabela_3,Lula,40.0,0,6.0,https://en.wikipedia.org/wiki/Opinion_polling_for_the_2026_Brazilian_presidential_election,0,wikipedia_estruturada_auditoria_parcial,primeiro_turno
2026,1,Real Time,2026-07-18,2026-07-20,2026-07-20,2000,wikipedia_tabela_3,Flávio Bolsonaro,33.0,0,6.0,https://en.wikipedia.org/wiki/Opinion_polling_for_the_2026_Brazilian_presidential_election,0,wikipedia_estruturada_auditoria_parcial,primeiro_turno
2026,1,Real Time,2026-07-18,2026-07-20,2026-07-20,2000,wikipedia_tabela_3,Augusto Cury,1.0,0,6.0,https://en.wikipedia.org/wiki/Opinion_polling_for_the_2026_Brazilian_presidential_election,0,wikipedia_estruturada_auditoria_parcial,primeiro_turno
2026,1,Real Time,2026-07-18,2026-07-20,2026-07-20,2000,wikipedia_tabela_3,Ronaldo Caiado,7.0,0,6.0,https://en.wikipedia.org/wiki/Opinion_polling_for_the_2026_Brazilian_presidential_election,0,wikipedia_estruturada_auditoria_parcial,primeiro_turno
2026,1,Real Time,2026-07-18,2026-07-20,2026-07-20,2000,wikipedia_tabela_3,Romeu Zema,2.0,0,6.0,https://en.wikipedia.org/wiki/Opinion_polling_for_the_2026_Brazilian_presidential_election,0,wikipedia_estruturada_auditoria_parcial,primeiro_turno
2026,1,Indexa,2026-07-16,2026-07-19,2026-07-19,2000,wikipedia_tabela_3,Lula,41.0,0,15.0,https://en.wikipedia.org/wiki/Opinion_polling_for_the_2026_Brazilian_presidential_election,0,wikipedia_estruturada_auditoria_parcial,primeiro_turno
2026,1,Indexa,2026-07-16,2026-07-19,2026-07-19,2000,wikipedia_tabela_3,Flávio Bolsonaro,30.0,0,15.0,https://en.wikipedia.org/wiki/Opinion_polling_for_the_2026_Brazilian_presidential_election,0,wikipedia_estruturada_auditoria_parcial,primeiro_turno
2026,1,Indexa,2026-07-16,2026-07-19,2026-07-19,2000,wikipedia_tabela_3,Augusto Cury,1.0,0,15.0,https://en.wikipedia.org/wiki/Opinion_polling_for_the_2026_Brazilian_presidential_election,0,wikipedia_estruturada_auditoria_parcial,primeiro_turno
2026,1,Indexa,2026-07-16,2026-07-19,2026-07-19,2000,wikipedia_tabela_3,Ronaldo Caiado,6.0,0,15.0,https://en.wikipedia.org/wiki/Opinion_polling_for_the_2026_Brazilian_presidential_election,0,wikipedia_estruturada_auditoria_parcial,primeiro_turno
2026,1,Indexa,2026-07-16,2026-07-19,2026-07-19,2000,wikipedia_tabela_3,Romeu Zema,3.0,0,15.0,https://en.wikipedia.org/wiki/Opinion_polling_for_the_2026_Brazilian_presidential_election,0,wikipedia_estruturada_auditoria_parcial,primeiro_turno
2026,1,PoderData,2026-07-12,2026-07-15,2026-07-15,2400,wikipedia_tabela_3,Lula,40.0,0,10.0,https://en.wikipedia.org/wiki/Opinion_polling_for_the_2026_Brazilian_presidential_election,0,wikipedia_estruturada_auditoria_parcial,primeiro_turno
2026,1,PoderData,2026-07-12,2026-07-15,2026-07-15,2400,wikipedia_tabela_3,Flávio Bolsonaro,34.0,0,10.0,https://en.wikipedia.org/wiki/Opinion_polling_for_the_2026_Brazilian_presidential_election,0,wikipedia_estruturada_auditoria_parcial,primeiro_turno
2026,1,PoderData,2026-07-12,2026-07-15,2026-07-15,2400,wikipedia_tabela_3,Augusto Cury,3.0,0,10.0,https://en.wikipedia.org/wiki/Opinion_polling_for_the_2026_Brazilian_presidential_election,0,wikipedia_estruturada_auditoria_parcial,primeiro_turno
2026,1,PoderData,2026-07-12,2026-07-15,2026-07-15,2400,wikipedia_tabela_3,Ronaldo Caiado,4.0,0,10.0,https://en.wikipedia.org/wiki/Opinion_polling_for_the_2026_Brazilian_presidential_election,0,wikipedia_estruturada_auditoria_parcial,primeiro_turno
2026,1,PoderData,2026-07-12,2026-07-15,2026-07-15,2400,wikipedia_tabela_3,Romeu Zema,4.0,0,10.0,https://en.wikipedia.org/wiki/Opinion_polling_for_the_2026_Brazilian_presidential_election,0,wikipedia_estruturada_auditoria_parcial,primeiro_turno
2026,1,Quaest,2026-07-10,2026-07-13,2026-07-13,2004,wikipedia_tabela_3,Lula,40.0,0,19.0,https://en.wikipedia.org/wiki/Opinion_polling_for_the_2026_Brazilian_presidential_election,0,wikipedia_estruturada_auditoria_parcial,primeiro_turno
2026,1,Quaest,2026-07-10,2026-07-13,2026-07-13,2004,wikipedia_tabela_3,Flávio Bolsonaro,28.0,0,19.0,https://en.wikipedia.org/wiki/Opinion_polling_for_the_2026_Brazilian_presidential_election,0,wikipedia_estruturada_auditoria_parcial,primeiro_turno
2026,1,Quaest,2026-07-10,2026-07-13,2026-07-13,2004,wikipedia_tabela_3,Augusto Cury,1.0,0,19.0,https://en.wikipedia.org/wiki/Opinion_polling_for_the_2026_Brazilian_presidential_election,0,wikipedia_estruturada_auditoria_parcial,primeiro_turno
2026,1,Quaest,2026-07-10,2026-07-13,2026-07-13,2004,wikipedia_tabela_3,Ronaldo Caiado,4.0,0,19.0,https://en.wikipedia.org/wiki/Opinion_polling_for_the_2026_Brazilian_presidential_election,0,wikipedia_estruturada_auditoria_parcial,primeiro_turno
2026,1,Quaest,2026-07-10,2026-07-13,2026-07-13,2004,wikipedia_tabela_3,Romeu Zema,2.0,0,19.0,https://en.wikipedia.org/wiki/Opinion_polling_for_the_2026_Brazilian_presidential_election,0,wikipedia_estruturada_auditoria_parcial,primeiro_turno
2026,1,Nexus,2026-07-10,2026-07-12,2026-07-12,2003,wikipedia_tabela_3,Lula,40.0,0,9.0,https://en.wikipedia.org/wiki/Opinion_polling_for_the_2026_Brazilian_presidential_election,0,wikipedia_estruturada_auditoria_parcial,primeiro_turno
2026,1,Nexus,2026-07-10,2026-07-12,2026-07-12,2003,wikipedia_tabela_3,Flávio Bolsonaro,34.0,0,9.0,https://en.wikipedia.org/wiki/Opinion_polling_for_the_2026_Brazilian_presidential_election,0,wikipedia_estruturada_auditoria_parcial,primeiro_turno
2026,1,Nexus,2026-07-10,2026-07-12,2026-07-12,2003,wikipedia_tabela_3,Augusto Cury,2.0,0,9.0,https://en.wikipedia.org/wiki/Opinion_polling_for_the_2026_Brazilian_presidential_election,0,wikipedia_estruturada_auditoria_parcial,primeiro_turno
2026,1,Nexus,2026-07-10,2026-07-12,2026-07-12,2003,wikipedia_tabela_3,Ronaldo Caiado,5.0,0,9.0,https://en.wikipedia.org/wiki/Opinion_polling_for_the_2026_Brazilian_presidential_election,0,wikipedia_estruturada_auditoria_parcial,primeiro_turno
2026,1,Nexus,2026-07-10,2026-07-12,2026-07-12,2003,wikipedia_tabela_3,Romeu Zema,4.0,0,9.0,https://en.wikipedia.org/wiki/Opinion_polling_for_the_2026_Brazilian_presidential_election,0,wikipedia_estruturada_auditoria_parcial,primeiro_turno
2026,1,Ideia,2026-07-03,2026-07-06,2026-07-06,1500,wikipedia_tabela_3,Lula,40.4,0,13.6,https://en.wikipedia.org/wiki/Opinion_polling_for_the_2026_Brazilian_presidential_election,0,wikipedia_estruturada_auditoria_parcial,primeiro_turno
2026,1,Ideia,2026-07-03,2026-07-06,2026-07-06,1500,wikipedia_tabela_3,Flávio Bolsonaro,32.0,0,13.6,https://en.wikipedia.org/wiki/Opinion_polling_for_the_2026_Brazilian_presidential_election,0,wikipedia_estruturada_auditoria_parcial,primeiro_turno
2026,1,Ideia,2026-07-03,2026-07-06,2026-07-06,1500,wikipedia_tabela_3,Augusto Cury,1.5,0,13.6,https://en.wikipedia.org/wiki/Opinion_polling_for_the_2026_Brazilian_presidential_election,0,wikipedia_estruturada_auditoria_parcial,primeiro_turno
2026,1,Ideia,2026-07-03,2026-07-06,2026-07-06,1500,wikipedia_tabela_3,Ronaldo Caiado,4.0,0,13.6,https://en.wikipedia.org/wiki/Opinion_polling_for_the_2026_Brazilian_presidential_election,0,wikipedia_estruturada_auditoria_parcial,primeiro_turno
2026,1,Ideia,2026-07-03,2026-07-06,2026-07-06,1500,wikipedia_tabela_3,Romeu Zema,2.5,0,13.6,https://en.wikipedia.org/wiki/Opinion_polling_for_the_2026_Brazilian_presidential_election,0,wikipedia_estruturada_auditoria_parcial,primeiro_turno
2026,1,Vox Brasil,2026-06-23,2026-06-25,2026-06-25,2100,wikipedia_tabela_3,Lula,38.3,0,14.3,https://en.wikipedia.org/wiki/Opinion_polling_for_the_2026_Brazilian_presidential_election,0,wikipedia_estruturada_auditoria_parcial,primeiro_turno
2026,1,Vox Brasil,2026-06-23,2026-06-25,2026-06-25,2100,wikipedia_tabela_3,Flávio Bolsonaro,32.2,0,14.3,https://en.wikipedia.org/wiki/Opinion_polling_for_the_2026_Brazilian_presidential_election,0,wikipedia_estruturada_auditoria_parcial,primeiro_turno
2026,1,Vox Brasil,2026-06-23,2026-06-25,2026-06-25,2100,wikipedia_tabela_3,Augusto Cury,0.7,0,14.3,https://en.wikipedia.org/wiki/Opinion_polling_for_the_2026_Brazilian_presidential_election,0,wikipedia_estruturada_auditoria_parcial,primeiro_turno
2026,1,Vox Brasil,2026-06-23,2026-06-25,2026-06-25,2100,wikipedia_tabela_3,Ronaldo Caiado,5.1,0,14.3,https://en.wikipedia.org/wiki/Opinion_polling_for_the_2026_Brazilian_presidential_election,0,wikipedia_estruturada_auditoria_parcial,primeiro_turno
2026,1,Vox Brasil,2026-06-23,2026-06-25,2026-06-25,2100,wikipedia_tabela_3,Romeu Zema,2.8,0,14.3,https://en.wikipedia.org/wiki/Opinion_polling_for_the_2026_Brazilian_presidential_election,0,wikipedia_estruturada_auditoria_parcial,primeiro_turno
2026,1,PoderData,2026-06-21,2026-06-24,2026-06-24,2400,wikipedia_tabela_3,Lula,40.0,0,8.0,https://en.wikipedia.org/wiki/Opinion_polling_for_the_2026_Brazilian_presidential_election,0,wikipedia_estruturada_auditoria_parcial,primeiro_turno
2026,1,PoderData,2026-06-21,2026-06-24,2026-06-24,2400,wikipedia_tabela_3,Flávio Bolsonaro,36.0,0,8.0,https://en.wikipedia.org/wiki/Opinion_polling_for_the_2026_Brazilian_presidential_election,0,wikipedia_estruturada_auditoria_parcial,primeiro_turno
2026,1,PoderData,2026-06-21,2026-06-24,2026-06-24,2400,wikipedia_tabela_3,Augusto Cury,3.0,0,8.0,https://en.wikipedia.org/wiki/Opinion_polling_for_the_2026_Brazilian_presidential_election,0,wikipedia_estruturada_auditoria_parcial,primeiro_turno
2026,1,PoderData,2026-06-21,2026-06-24,2026-06-24,2400,wikipedia_tabela_3,Ronaldo Caiado,4.0,0,8.0,https://en.wikipedia.org/wiki/Opinion_polling_for_the_2026_Brazilian_presidential_election,0,wikipedia_estruturada_auditoria_parcial,primeiro_turno
2026,1,PoderData,2026-06-21,2026-06-24,2026-06-24,2400,wikipedia_tabela_3,Romeu Zema,3.0,0,8.0,https://en.wikipedia.org/wiki/Opinion_polling_for_the_2026_Brazilian_presidential_election,0,wikipedia_estruturada_auditoria_parcial,primeiro_turno
2026,1,Indexa,2026-06-18,2026-06-20,2026-06-20,2000,wikipedia_tabela_3,Lula,42.0,0,14.0,https://en.wikipedia.org/wiki/Opinion_polling_for_the_2026_Brazilian_presidential_election,0,wikipedia_estruturada_auditoria_parcial,primeiro_turno
2026,1,Indexa,2026-06-18,2026-06-20,2026-06-20,2000,wikipedia_tabela_3,Flávio Bolsonaro,31.0,0,14.0,https://en.wikipedia.org/wiki/Opinion_polling_for_the_2026_Brazilian_presidential_election,0,wikipedia_estruturada_auditoria_parcial,primeiro_turno
2026,1,Indexa,2026-06-18,2026-06-20,2026-06-20,2000,wikipedia_tabela_3,Augusto Cury,1.0,0,14.0,https://en.wikipedia.org/wiki/Opinion_polling_for_the_2026_Brazilian_presidential_election,0,wikipedia_estruturada_auditoria_parcial,primeiro_turno
2026,1,Indexa,2026-06-18,2026-06-20,2026-06-20,2000,wikipedia_tabela_3,Ronaldo Caiado,5.0,0,14.0,https://en.wikipedia.org/wiki/Opinion_polling_for_the_2026_Brazilian_presidential_election,0,wikipedia_estruturada_auditoria_parcial,primeiro_turno
2026,1,Indexa,2026-06-18,2026-06-20,2026-06-20,2000,wikipedia_tabela_3,Romeu Zema,3.0,0,14.0,https://en.wikipedia.org/wiki/Opinion_polling_for_the_2026_Brazilian_presidential_election,0,wikipedia_estruturada_auditoria_parcial,primeiro_turno
2026,1,Datafolha,2026-06-17,2026-06-18,2026-06-18,2004,wikipedia_tabela_3,Lula,41.0,0,11.0,https://en.wikipedia.org/wiki/Opinion_polling_for_the_2026_Brazilian_presidential_election,0,wikipedia_estruturada_auditoria_parcial,primeiro_turno
2026,1,Datafolha,2026-06-17,2026-06-18,2026-06-18,2004,wikipedia_tabela_3,Flávio Bolsonaro,31.0,0,11.0,https://en.wikipedia.org/wiki/Opinion_polling_for_the_2026_Brazilian_presidential_election,0,wikipedia_estruturada_auditoria_parcial,primeiro_turno
2026,1,Datafolha,2026-06-17,2026-06-18,2026-06-18,2004,wikipedia_tabela_3,Augusto Cury,2.0,0,11.0,https://en.wikipedia.org/wiki/Opinion_polling_for_the_2026_Brazilian_presidential_election,0,wikipedia_estruturada_auditoria_parcial,primeiro_turno
2026,1,Datafolha,2026-06-17,2026-06-18,2026-06-18,2004,wikipedia_tabela_3,Ronaldo Caiado,3.0,0,11.0,https://en.wikipedia.org/wiki/Opinion_polling_for_the_2026_Brazilian_presidential_election,0,wikipedia_estruturada_auditoria_parcial,primeiro_turno
2026,1,Datafolha,2026-06-17,2026-06-18,2026-06-18,2004,wikipedia_tabela_3,Romeu Zema,2.0,0,11.0,https://en.wikipedia.org/wiki/Opinion_polling_for_the_2026_Brazilian_presidential_election,0,wikipedia_estruturada_auditoria_parcial,primeiro_turno
2026,1,MDA,2026-06-10,2026-06-14,2026-06-14,2002,wikipedia_tabela_3,Lula,41.8,0,14.9,https://en.wikipedia.org/wiki/Opinion_polling_for_the_2026_Brazilian_presidential_election,0,wikipedia_estruturada_auditoria_parcial,primeiro_turno
2026,1,MDA,2026-06-10,2026-06-14,2026-06-14,2002,wikipedia_tabela_3,Flávio Bolsonaro,28.2,0,14.9,https://en.wikipedia.org/wiki/Opinion_polling_for_the_2026_Brazilian_presidential_election,0,wikipedia_estruturada_auditoria_parcial,primeiro_turno
2026,1,MDA,2026-06-10,2026-06-14,2026-06-14,2002,wikipedia_tabela_3,Augusto Cury,1.8,0,14.9,https://en.wikipedia.org/wiki/Opinion_polling_for_the_2026_Brazilian_presidential_election,0,wikipedia_estruturada_auditoria_parcial,primeiro_turno
2026,1,MDA,2026-06-10,2026-06-14,2026-06-14,2002,wikipedia_tabela_3,Ronaldo Caiado,4.0,0,14.9,https://en.wikipedia.org/wiki/Opinion_polling_for_the_2026_Brazilian_presidential_election,0,wikipedia_estruturada_auditoria_parcial,primeiro_turno
2026,1,MDA,2026-06-10,2026-06-14,2026-06-14,2002,wikipedia_tabela_3,Romeu Zema,2.8,0,14.9,https://en.wikipedia.org/wiki/Opinion_polling_for_the_2026_Brazilian_presidential_election,0,wikipedia_estruturada_auditoria_parcial,primeiro_turno
2026,1,Quaest,2026-06-05,2026-06-08,2026-06-08,2004,wikipedia_tabela_3,Lula,39.0,0,19.0,https://en.wikipedia.org/wiki/Opinion_polling_for_the_2026_Brazilian_presidential_election,0,wikipedia_estruturada_auditoria_parcial,primeiro_turno
2026,1,Quaest,2026-06-05,2026-06-08,2026-06-08,2004,wikipedia_tabela_3,Flávio Bolsonaro,29.0,0,19.0,https://en.wikipedia.org/wiki/Opinion_polling_for_the_2026_Brazilian_presidential_election,0,wikipedia_estruturada_auditoria_parcial,primeiro_turno
2026,1,Quaest,2026-06-05,2026-06-08,2026-06-08,2004,wikipedia_tabela_3,Augusto Cury,1.0,0,19.0,https://en.wikipedia.org/wiki/Opinion_polling_for_the_2026_Brazilian_presidential_election,0,wikipedia_estruturada_auditoria_parcial,primeiro_turno
2026,1,Quaest,2026-06-05,2026-06-08,2026-06-08,2004,wikipedia_tabela_3,Ronaldo Caiado,3.0,0,19.0,https://en.wikipedia.org/wiki/Opinion_polling_for_the_2026_Brazilian_presidential_election,0,wikipedia_estruturada_auditoria_parcial,primeiro_turno
2026,1,Quaest,2026-06-05,2026-06-08,2026-06-08,2004,wikipedia_tabela_3,Romeu Zema,2.0,0,19.0,https://en.wikipedia.org/wiki/Opinion_polling_for_the_2026_Brazilian_presidential_election,0,wikipedia_estruturada_auditoria_parcial,primeiro_turno
2026,1,Vox Brasil,2026-06-01,2026-06-03,2026-06-03,2100,wikipedia_tabela_3,Lula,42.1,0,5.2,https://en.wikipedia.org/wiki/Opinion_polling_for_the_2026_Brazilian_presidential_election,0,wikipedia_estruturada_auditoria_parcial,primeiro_turno
2026,1,Vox Brasil,2026-06-01,2026-06-03,2026-06-03,2100,wikipedia_tabela_3,Flávio Bolsonaro,33.6,0,5.2,https://en.wikipedia.org/wiki/Opinion_polling_for_the_2026_Brazilian_presidential_election,0,wikipedia_estruturada_auditoria_parcial,primeiro_turno
2026,1,Vox Brasil,2026-06-01,2026-06-03,2026-06-03,2100,wikipedia_tabela_3,Augusto Cury,0.5,0,5.2,https://en.wikipedia.org/wiki/Opinion_polling_for_the_2026_Brazilian_presidential_election,0,wikipedia_estruturada_auditoria_parcial,primeiro_turno
2026,1,Vox Brasil,2026-06-01,2026-06-03,2026-06-03,2100,wikipedia_tabela_3,Ronaldo Caiado,6.9,0,5.2,https://en.wikipedia.org/wiki/Opinion_polling_for_the_2026_Brazilian_presidential_election,0,wikipedia_estruturada_auditoria_parcial,primeiro_turno
2026,1,Vox Brasil,2026-06-01,2026-06-03,2026-06-03,2100,wikipedia_tabela_3,Romeu Zema,5.1,0,5.2,https://en.wikipedia.org/wiki/Opinion_polling_for_the_2026_Brazilian_presidential_election,0,wikipedia_estruturada_auditoria_parcial,primeiro_turno
2026,1,Real Time,2026-05-29,2026-05-30,2026-05-30,2000,wikipedia_tabela_3,Lula,38.0,0,7.0,https://en.wikipedia.org/wiki/Opinion_polling_for_the_2026_Brazilian_presidential_election,0,wikipedia_estruturada_auditoria_parcial,primeiro_turno
2026,1,Real Time,2026-05-29,2026-05-30,2026-05-30,2000,wikipedia_tabela_3,Flávio Bolsonaro,31.0,0,7.0,https://en.wikipedia.org/wiki/Opinion_polling_for_the_2026_Brazilian_presidential_election,0,wikipedia_estruturada_auditoria_parcial,primeiro_turno
2026,1,Real Time,2026-05-29,2026-05-30,2026-05-30,2000,wikipedia_tabela_3,Augusto Cury,1.0,0,7.0,https://en.wikipedia.org/wiki/Opinion_polling_for_the_2026_Brazilian_presidential_election,0,wikipedia_estruturada_auditoria_parcial,primeiro_turno
2026,1,Real Time,2026-05-29,2026-05-30,2026-05-30,2000,wikipedia_tabela_3,Ronaldo Caiado,6.0,0,7.0,https://en.wikipedia.org/wiki/Opinion_polling_for_the_2026_Brazilian_presidential_election,0,wikipedia_estruturada_auditoria_parcial,primeiro_turno
2026,1,Real Time,2026-05-29,2026-05-30,2026-05-30,2000,wikipedia_tabela_3,Romeu Zema,4.0,0,7.0,https://en.wikipedia.org/wiki/Opinion_polling_for_the_2026_Brazilian_presidential_election,0,wikipedia_estruturada_auditoria_parcial,primeiro_turno
2026,1,PoderData,2026-05-25,2026-05-28,2026-05-28,2400,wikipedia_tabela_3,Lula,40.0,0,9.0,https://en.wikipedia.org/wiki/Opinion_polling_for_the_2026_Brazilian_presidential_election,0,wikipedia_estruturada_auditoria_parcial,primeiro_turno
2026,1,PoderData,2026-05-25,2026-05-28,2026-05-28,2400,wikipedia_tabela_3,Flávio Bolsonaro,35.0,0,9.0,https://en.wikipedia.org/wiki/Opinion_polling_for_the_2026_Brazilian_presidential_election,0,wikipedia_estruturada_auditoria_parcial,primeiro_turno
2026,1,PoderData,2026-05-25,2026-05-28,2026-05-28,2400,wikipedia_tabela_3,Augusto Cury,3.0,0,9.0,https://en.wikipedia.org/wiki/Opinion_polling_for_the_2026_Brazilian_presidential_election,0,wikipedia_estruturada_auditoria_parcial,primeiro_turno
2026,1,PoderData,2026-05-25,2026-05-28,2026-05-28,2400,wikipedia_tabela_3,Ronaldo Caiado,3.0,0,9.0,https://en.wikipedia.org/wiki/Opinion_polling_for_the_2026_Brazilian_presidential_election,0,wikipedia_estruturada_auditoria_parcial,primeiro_turno
2026,1,PoderData,2026-05-25,2026-05-28,2026-05-28,2400,wikipedia_tabela_3,Romeu Zema,4.0,0,9.0,https://en.wikipedia.org/wiki/Opinion_polling_for_the_2026_Brazilian_presidential_election,0,wikipedia_estruturada_auditoria_parcial,primeiro_turno
2026,1,Ideia,2026-05-23,2026-05-27,2026-05-27,1500,wikipedia_tabela_3,Lula,38.5,0,15.6,https://en.wikipedia.org/wiki/Opinion_polling_for_the_2026_Brazilian_presidential_election,0,wikipedia_estruturada_auditoria_parcial,primeiro_turno
2026,1,Ideia,2026-05-23,2026-05-27,2026-05-27,1500,wikipedia_tabela_3,Flávio Bolsonaro,31.5,0,15.6,https://en.wikipedia.org/wiki/Opinion_polling_for_the_2026_Brazilian_presidential_election,0,wikipedia_estruturada_auditoria_parcial,primeiro_turno
2026,1,Ideia,2026-05-23,2026-05-27,2026-05-27,1500,wikipedia_tabela_3,Ronaldo Caiado,5.5,0,15.6,https://en.wikipedia.org/wiki/Opinion_polling_for_the_2026_Brazilian_presidential_election,0,wikipedia_estruturada_auditoria_parcial,primeiro_turno
2026,1,Ideia,2026-05-23,2026-05-27,2026-05-27,1500,wikipedia_tabela_3,Romeu Zema,2.4,0,15.6,https://en.wikipedia.org/wiki/Opinion_polling_for_the_2026_Brazilian_presidential_election,0,wikipedia_estruturada_auditoria_parcial,primeiro_turno
2026,1,Indexa,2026-05-22,2026-05-24,2026-05-24,2000,wikipedia_tabela_3,Lula,39.0,0,18.0,https://en.wikipedia.org/wiki/Opinion_polling_for_the_2026_Brazilian_presidential_election,0,wikipedia_estruturada_auditoria_parcial,primeiro_turno
2026,1,Indexa,2026-05-22,2026-05-24,2026-05-24,2000,wikipedia_tabela_3,Flávio Bolsonaro,30.0,0,18.0,https://en.wikipedia.org/wiki/Opinion_polling_for_the_2026_Brazilian_presidential_election,0,wikipedia_estruturada_auditoria_parcial,primeiro_turno
2026,1,Indexa,2026-05-22,2026-05-24,2026-05-24,2000,wikipedia_tabela_3,Augusto Cury,0.0,0,18.0,https://en.wikipedia.org/wiki/Opinion_polling_for_the_2026_Brazilian_presidential_election,0,wikipedia_estruturada_auditoria_parcial,primeiro_turno
2026,1,Indexa,2026-05-22,2026-05-24,2026-05-24,2000,wikipedia_tabela_3,Ronaldo Caiado,5.0,0,18.0,https://en.wikipedia.org/wiki/Opinion_polling_for_the_2026_Brazilian_presidential_election,0,wikipedia_estruturada_auditoria_parcial,primeiro_turno
2026,1,Indexa,2026-05-22,2026-05-24,2026-05-24,2000,wikipedia_tabela_3,Romeu Zema,3.0,0,18.0,https://en.wikipedia.org/wiki/Opinion_polling_for_the_2026_Brazilian_presidential_election,0,wikipedia_estruturada_auditoria_parcial,primeiro_turno
2026,1,Datafolha,2026-05-20,2026-05-22,2026-05-22,2004,wikipedia_tabela_3,Lula,40.0,0,12.0,https://en.wikipedia.org/wiki/Opinion_polling_for_the_2026_Brazilian_presidential_election,0,wikipedia_estruturada_auditoria_parcial,primeiro_turno
2026,1,Datafolha,2026-05-20,2026-05-22,2026-05-22,2004,wikipedia_tabela_3,Flávio Bolsonaro,31.0,0,12.0,https://en.wikipedia.org/wiki/Opinion_polling_for_the_2026_Brazilian_presidential_election,0,wikipedia_estruturada_auditoria_parcial,primeiro_turno
2026,1,Datafolha,2026-05-20,2026-05-22,2026-05-22,2004,wikipedia_tabela_3,Augusto Cury,2.0,0,12.0,https://en.wikipedia.org/wiki/Opinion_polling_for_the_2026_Brazilian_presidential_election,0,wikipedia_estruturada_auditoria_parcial,primeiro_turno
2026,1,Datafolha,2026-05-20,2026-05-22,2026-05-22,2004,wikipedia_tabela_3,Ronaldo Caiado,4.0,0,12.0,https://en.wikipedia.org/wiki/Opinion_polling_for_the_2026_Brazilian_presidential_election,0,wikipedia_estruturada_auditoria_parcial,primeiro_turno
2026,1,Datafolha,2026-05-20,2026-05-22,2026-05-22,2004,wikipedia_tabela_3,Romeu Zema,3.0,0,12.0,https://en.wikipedia.org/wiki/Opinion_polling_for_the_2026_Brazilian_presidential_election,0,wikipedia_estruturada_auditoria_parcial,primeiro_turno
2026,1,Vox Brasil,2026-05-17,2026-05-19,2026-05-19,2100,wikipedia_tabela_3,Lula,41.5,0,14.3,https://en.wikipedia.org/wiki/Opinion_polling_for_the_2026_Brazilian_presidential_election,0,wikipedia_estruturada_auditoria_parcial,primeiro_turno
2026,1,Vox Brasil,2026-05-17,2026-05-19,2026-05-19,2100,wikipedia_tabela_3,Flávio Bolsonaro,32.1,0,14.3,https://en.wikipedia.org/wiki/Opinion_polling_for_the_2026_Brazilian_presidential_election,0,wikipedia_estruturada_auditoria_parcial,primeiro_turno
2026,1,Vox Brasil,2026-05-17,2026-05-19,2026-05-19,2100,wikipedia_tabela_3,Augusto Cury,0.3,0,14.3,https://en.wikipedia.org/wiki/Opinion_polling_for_the_2026_Brazilian_presidential_election,0,wikipedia_estruturada_auditoria_parcial,primeiro_turno
2026,1,Vox Brasil,2026-05-17,2026-05-19,2026-05-19,2100,wikipedia_tabela_3,Ronaldo Caiado,5.9,0,14.3,https://en.wikipedia.org/wiki/Opinion_polling_for_the_2026_Brazilian_presidential_election,0,wikipedia_estruturada_auditoria_parcial,primeiro_turno
2026,1,Vox Brasil,2026-05-17,2026-05-19,2026-05-19,2100,wikipedia_tabela_3,Romeu Zema,4.1,0,14.3,https://en.wikipedia.org/wiki/Opinion_polling_for_the_2026_Brazilian_presidential_election,0,wikipedia_estruturada_auditoria_parcial,primeiro_turno
2026,1,Datafolha,2026-05-12,2026-05-13,2026-05-13,2004,wikipedia_tabela_3,Lula,38.0,0,12.0,https://en.wikipedia.org/wiki/Opinion_polling_for_the_2026_Brazilian_presidential_election,0,wikipedia_estruturada_auditoria_parcial,primeiro_turno
2026,1,Datafolha,2026-05-12,2026-05-13,2026-05-13,2004,wikipedia_tabela_3,Flávio Bolsonaro,35.0,0,12.0,https://en.wikipedia.org/wiki/Opinion_polling_for_the_2026_Brazilian_presidential_election,0,wikipedia_estruturada_auditoria_parcial,primeiro_turno
2026,1,Datafolha,2026-05-12,2026-05-13,2026-05-13,2004,wikipedia_tabela_3,Augusto Cury,2.0,0,12.0,https://en.wikipedia.org/wiki/Opinion_polling_for_the_2026_Brazilian_presidential_election,0,wikipedia_estruturada_auditoria_parcial,primeiro_turno
2026,1,Datafolha,2026-05-12,2026-05-13,2026-05-13,2004,wikipedia_tabela_3,Ronaldo Caiado,3.0,0,12.0,https://en.wikipedia.org/wiki/Opinion_polling_for_the_2026_Brazilian_presidential_election,0,wikipedia_estruturada_auditoria_parcial,primeiro_turno
2026,1,Datafolha,2026-05-12,2026-05-13,2026-05-13,2004,wikipedia_tabela_3,Romeu Zema,3.0,0,12.0,https://en.wikipedia.org/wiki/Opinion_polling_for_the_2026_Brazilian_presidential_election,0,wikipedia_estruturada_auditoria_parcial,primeiro_turno
2026,1,Vox Brasil,2026-05-09,2026-05-12,2026-05-12,2100,wikipedia_tabela_3,Lula,35.1,0,15.0,https://en.wikipedia.org/wiki/Opinion_polling_for_the_2026_Brazilian_presidential_election,0,wikipedia_estruturada_auditoria_parcial,primeiro_turno
2026,1,Vox Brasil,2026-05-09,2026-05-12,2026-05-12,2100,wikipedia_tabela_3,Flávio Bolsonaro,37.8,0,15.0,https://en.wikipedia.org/wiki/Opinion_polling_for_the_2026_Brazilian_presidential_election,0,wikipedia_estruturada_auditoria_parcial,primeiro_turno
2026,1,Vox Brasil,2026-05-09,2026-05-12,2026-05-12,2100,wikipedia_tabela_3,Augusto Cury,0.8,0,15.0,https://en.wikipedia.org/wiki/Opinion_polling_for_the_2026_Brazilian_presidential_election,0,wikipedia_estruturada_auditoria_parcial,primeiro_turno
2026,1,Vox Brasil,2026-05-09,2026-05-12,2026-05-12,2100,wikipedia_tabela_3,Ronaldo Caiado,4.3,0,15.0,https://en.wikipedia.org/wiki/Opinion_polling_for_the_2026_Brazilian_presidential_election,0,wikipedia_estruturada_auditoria_parcial,primeiro_turno
2026,1,Vox Brasil,2026-05-09,2026-05-12,2026-05-12,2100,wikipedia_tabela_3,Romeu Zema,4.5,0,15.0,https://en.wikipedia.org/wiki/Opinion_polling_for_the_2026_Brazilian_presidential_election,0,wikipedia_estruturada_auditoria_parcial,primeiro_turno
2026,1,Quaest,2026-05-08,2026-05-11,2026-05-11,2004,wikipedia_tabela_3,Lula,39.0,0,15.0,https://en.wikipedia.org/wiki/Opinion_polling_for_the_2026_Brazilian_presidential_election,0,wikipedia_estruturada_auditoria_parcial,primeiro_turno
2026,1,Quaest,2026-05-08,2026-05-11,2026-05-11,2004,wikipedia_tabela_3,Flávio Bolsonaro,33.0,0,15.0,https://en.wikipedia.org/wiki/Opinion_polling_for_the_2026_Brazilian_presidential_election,0,wikipedia_estruturada_auditoria_parcial,primeiro_turno
2026,1,Quaest,2026-05-08,2026-05-11,2026-05-11,2004,wikipedia_tabela_3,Augusto Cury,1.0,0,15.0,https://en.wikipedia.org/wiki/Opinion_polling_for_the_2026_Brazilian_presidential_election,0,wikipedia_estruturada_auditoria_parcial,primeiro_turno
2026,1,Quaest,2026-05-08,2026-05-11,2026-05-11,2004,wikipedia_tabela_3,Ronaldo Caiado,4.0,0,15.0,https://en.wikipedia.org/wiki/Opinion_polling_for_the_2026_Brazilian_presidential_election,0,wikipedia_estruturada_auditoria_parcial,primeiro_turno
2026,1,Quaest,2026-05-08,2026-05-11,2026-05-11,2004,wikipedia_tabela_3,Romeu Zema,4.0,0,15.0,https://en.wikipedia.org/wiki/Opinion_polling_for_the_2026_Brazilian_presidential_election,0,wikipedia_estruturada_auditoria_parcial,primeiro_turno
2026,1,Ideia,2026-05-01,2026-05-05,2026-05-05,1500,wikipedia_tabela_3,Lula,40.0,0,9.1,https://en.wikipedia.org/wiki/Opinion_polling_for_the_2026_Brazilian_presidential_election,0,wikipedia_estruturada_auditoria_parcial,primeiro_turno
2026,1,Ideia,2026-05-01,2026-05-05,2026-05-05,1500,wikipedia_tabela_3,Flávio Bolsonaro,36.0,0,9.1,https://en.wikipedia.org/wiki/Opinion_polling_for_the_2026_Brazilian_presidential_election,0,wikipedia_estruturada_auditoria_parcial,primeiro_turno
2026,1,Ideia,2026-05-01,2026-05-05,2026-05-05,1500,wikipedia_tabela_3,Augusto Cury,1.5,0,9.1,https://en.wikipedia.org/wiki/Opinion_polling_for_the_2026_Brazilian_presidential_election,0,wikipedia_estruturada_auditoria_parcial,primeiro_turno
2026,1,Ideia,2026-05-01,2026-05-05,2026-05-05,1500,wikipedia_tabela_3,Ronaldo Caiado,5.6,0,9.1,https://en.wikipedia.org/wiki/Opinion_polling_for_the_2026_Brazilian_presidential_election,0,wikipedia_estruturada_auditoria_parcial,primeiro_turno
2026,1,Ideia,2026-05-01,2026-05-05,2026-05-05,1500,wikipedia_tabela_3,Romeu Zema,3.0,0,9.1,https://en.wikipedia.org/wiki/Opinion_polling_for_the_2026_Brazilian_presidential_election,0,wikipedia_estruturada_auditoria_parcial,primeiro_turno
2026,1,Quaest,2026-04-09,2026-04-13,2026-04-13,2004,wikipedia_tabela_3,Lula,37.0,0,16.0,https://en.wikipedia.org/wiki/Opinion_polling_for_the_2026_Brazilian_presidential_election,0,wikipedia_estruturada_auditoria_parcial,primeiro_turno
2026,1,Quaest,2026-04-09,2026-04-13,2026-04-13,2004,wikipedia_tabela_3,Flávio Bolsonaro,32.0,0,16.0,https://en.wikipedia.org/wiki/Opinion_polling_for_the_2026_Brazilian_presidential_election,0,wikipedia_estruturada_auditoria_parcial,primeiro_turno
2026,1,Quaest,2026-04-09,2026-04-13,2026-04-13,2004,wikipedia_tabela_3,Augusto Cury,2.0,0,16.0,https://en.wikipedia.org/wiki/Opinion_polling_for_the_2026_Brazilian_presidential_election,0,wikipedia_estruturada_auditoria_parcial,primeiro_turno
2026,1,Quaest,2026-04-09,2026-04-13,2026-04-13,2004,wikipedia_tabela_3,Ronaldo Caiado,6.0,0,16.0,https://en.wikipedia.org/wiki/Opinion_polling_for_the_2026_Brazilian_presidential_election,0,wikipedia_estruturada_auditoria_parcial,primeiro_turno
2026,1,Quaest,2026-04-09,2026-04-13,2026-04-13,2004,wikipedia_tabela_3,Romeu Zema,3.0,0,16.0,https://en.wikipedia.org/wiki/Opinion_polling_for_the_2026_Brazilian_presidential_election,0,wikipedia_estruturada_auditoria_parcial,primeiro_turno
2026,1,MDA,2026-04-08,2026-04-12,2026-04-12,2002,wikipedia_tabela_3,Lula,39.2,0,19.3,https://en.wikipedia.org/wiki/Opinion_polling_for_the_2026_Brazilian_presidential_election,0,wikipedia_estruturada_auditoria_parcial,primeiro_turno
2026,1,MDA,2026-04-08,2026-04-12,2026-04-12,2002,wikipedia_tabela_3,Flávio Bolsonaro,30.2,0,19.3,https://en.wikipedia.org/wiki/Opinion_polling_for_the_2026_Brazilian_presidential_election,0,wikipedia_estruturada_auditoria_parcial,primeiro_turno
2026,1,MDA,2026-04-08,2026-04-12,2026-04-12,2002,wikipedia_tabela_3,Ronaldo Caiado,4.6,0,19.3,https://en.wikipedia.org/wiki/Opinion_polling_for_the_2026_Brazilian_presidential_election,0,wikipedia_estruturada_auditoria_parcial,primeiro_turno
2026,1,MDA,2026-04-08,2026-04-12,2026-04-12,2002,wikipedia_tabela_3,Romeu Zema,3.3,0,19.3,https://en.wikipedia.org/wiki/Opinion_polling_for_the_2026_Brazilian_presidential_election,0,wikipedia_estruturada_auditoria_parcial,primeiro_turno
2026,1,Datafolha,2026-04-07,2026-04-09,2026-04-09,2004,wikipedia_tabela_3,Lula,39.0,0,14.0,https://en.wikipedia.org/wiki/Opinion_polling_for_the_2026_Brazilian_presidential_election,0,wikipedia_estruturada_auditoria_parcial,primeiro_turno
2026,1,Datafolha,2026-04-07,2026-04-09,2026-04-09,2004,wikipedia_tabela_3,Flávio Bolsonaro,35.0,0,14.0,https://en.wikipedia.org/wiki/Opinion_polling_for_the_2026_Brazilian_presidential_election,0,wikipedia_estruturada_auditoria_parcial,primeiro_turno
2026,1,Datafolha,2026-04-07,2026-04-09,2026-04-09,2004,wikipedia_tabela_3,Ronaldo Caiado,5.0,0,14.0,https://en.wikipedia.org/wiki/Opinion_polling_for_the_2026_Brazilian_presidential_election,0,wikipedia_estruturada_auditoria_parcial,primeiro_turno
2026,1,Datafolha,2026-04-07,2026-04-09,2026-04-09,2004,wikipedia_tabela_3,Romeu Zema,4.0,0,14.0,https://en.wikipedia.org/wiki/Opinion_polling_for_the_2026_Brazilian_presidential_election,0,wikipedia_estruturada_auditoria_parcial,primeiro_turno
2026,1,Ideia,2026-04-03,2026-04-07,2026-04-07,1500,wikipedia_tabela_3,Lula,40.4,0,9.5,https://en.wikipedia.org/wiki/Opinion_polling_for_the_2026_Brazilian_presidential_election,0,wikipedia_estruturada_auditoria_parcial,primeiro_turno
2026,1,Ideia,2026-04-03,2026-04-07,2026-04-07,1500,wikipedia_tabela_3,Flávio Bolsonaro,37.0,0,9.5,https://en.wikipedia.org/wiki/Opinion_polling_for_the_2026_Brazilian_presidential_election,0,wikipedia_estruturada_auditoria_parcial,primeiro_turno
2026,1,Ideia,2026-04-03,2026-04-07,2026-04-07,1500,wikipedia_tabela_3,Ronaldo Caiado,6.5,0,9.5,https://en.wikipedia.org/wiki/Opinion_polling_for_the_2026_Brazilian_presidential_election,0,wikipedia_estruturada_auditoria_parcial,primeiro_turno
2026,1,Ideia,2026-04-03,2026-04-07,2026-04-07,1500,wikipedia_tabela_3,Romeu Zema,3.0,0,9.5,https://en.wikipedia.org/wiki/Opinion_polling_for_the_2026_Brazilian_presidential_election,0,wikipedia_estruturada_auditoria_parcial,primeiro_turno
2026,1,Paraná Pesquisas,2026-03-25,2026-03-28,2026-03-28,2080,wikipedia_tabela_4,Lula,41.3,0,12.0,https://en.wikipedia.org/wiki/Opinion_polling_for_the_2026_Brazilian_presidential_election,0,wikipedia_estruturada_auditoria_parcial,primeiro_turno
2026,1,Paraná Pesquisas,2026-03-25,2026-03-28,2026-03-28,2080,wikipedia_tabela_4,Flávio Bolsonaro,37.8,0,12.0,https://en.wikipedia.org/wiki/Opinion_polling_for_the_2026_Brazilian_presidential_election,0,wikipedia_estruturada_auditoria_parcial,primeiro_turno
2026,1,Paraná Pesquisas,2026-03-25,2026-03-28,2026-03-28,2080,wikipedia_tabela_4,Ronaldo Caiado,3.6,0,12.0,https://en.wikipedia.org/wiki/Opinion_polling_for_the_2026_Brazilian_presidential_election,0,wikipedia_estruturada_auditoria_parcial,primeiro_turno
2026,1,Paraná Pesquisas,2026-03-25,2026-03-28,2026-03-28,2080,wikipedia_tabela_4,Romeu Zema,3.0,0,12.0,https://en.wikipedia.org/wiki/Opinion_polling_for_the_2026_Brazilian_presidential_election,0,wikipedia_estruturada_auditoria_parcial,primeiro_turno
2026,1,Gerp,2026-03-20,2026-03-25,2026-03-25,2000,wikipedia_tabela_4,Lula,38.0,0,9.0,https://en.wikipedia.org/wiki/Opinion_polling_for_the_2026_Brazilian_presidential_election,0,wikipedia_estruturada_auditoria_parcial,primeiro_turno
2026,1,Gerp,2026-03-20,2026-03-25,2026-03-25,2000,wikipedia_tabela_4,Flávio Bolsonaro,36.0,0,9.0,https://en.wikipedia.org/wiki/Opinion_polling_for_the_2026_Brazilian_presidential_election,0,wikipedia_estruturada_auditoria_parcial,primeiro_turno
2026,1,Gerp,2026-03-20,2026-03-25,2026-03-25,2000,wikipedia_tabela_4,Ronaldo Caiado,3.0,0,9.0,https://en.wikipedia.org/wiki/Opinion_polling_for_the_2026_Brazilian_presidential_election,0,wikipedia_estruturada_auditoria_parcial,primeiro_turno
2026,1,Gerp,2026-03-20,2026-03-25,2026-03-25,2000,wikipedia_tabela_4,Romeu Zema,3.0,0,9.0,https://en.wikipedia.org/wiki/Opinion_polling_for_the_2026_Brazilian_presidential_election,0,wikipedia_estruturada_auditoria_parcial,primeiro_turno
2026,1,Gerp,2026-01-28,2026-02-02,2026-02-02,2000,wikipedia_tabela_4,Lula,39.0,0,11.0,https://en.wikipedia.org/wiki/Opinion_polling_for_the_2026_Brazilian_presidential_election,0,wikipedia_estruturada_auditoria_parcial,primeiro_turno
2026,1,Gerp,2026-01-28,2026-02-02,2026-02-02,2000,wikipedia_tabela_4,Flávio Bolsonaro,35.0,0,11.0,https://en.wikipedia.org/wiki/Opinion_polling_for_the_2026_Brazilian_presidential_election,0,wikipedia_estruturada_auditoria_parcial,primeiro_turno
2026,1,Gerp,2026-01-28,2026-02-02,2026-02-02,2000,wikipedia_tabela_4,Ronaldo Caiado,2.0,0,11.0,https://en.wikipedia.org/wiki/Opinion_polling_for_the_2026_Brazilian_presidential_election,0,wikipedia_estruturada_auditoria_parcial,primeiro_turno
2026,1,Gerp,2026-01-28,2026-02-02,2026-02-02,2000,wikipedia_tabela_4,Romeu Zema,2.0,0,11.0,https://en.wikipedia.org/wiki/Opinion_polling_for_the_2026_Brazilian_presidential_election,0,wikipedia_estruturada_auditoria_parcial,primeiro_turno
2026,1,Gerp,2025-12-06,2025-12-10,2025-12-10,2000,wikipedia_tabela_5,Lula,34.0,0,12.0,https://en.wikipedia.org/wiki/Opinion_polling_for_the_2026_Brazilian_presidential_election,0,wikipedia_estruturada_auditoria_parcial,primeiro_turno
2026,1,Gerp,2025-12-06,2025-12-10,2025-12-10,2000,wikipedia_tabela_5,Flávio Bolsonaro,25.0,0,12.0,https://en.wikipedia.org/wiki/Opinion_polling_for_the_2026_Brazilian_presidential_election,0,wikipedia_estruturada_auditoria_parcial,primeiro_turno
2026,1,Gerp,2025-12-06,2025-12-10,2025-12-10,2000,wikipedia_tabela_5,Ronaldo Caiado,6.0,0,12.0,https://en.wikipedia.org/wiki/Opinion_polling_for_the_2026_Brazilian_presidential_election,0,wikipedia_estruturada_auditoria_parcial,primeiro_turno
2026,1,Gerp,2025-12-06,2025-12-10,2025-12-10,2000,wikipedia_tabela_5,Romeu Zema,4.0,0,12.0,https://en.wikipedia.org/wiki/Opinion_polling_for_the_2026_Brazilian_presidential_election,0,wikipedia_estruturada_auditoria_parcial,primeiro_turno
2026,1,MDA,2025-11-19,2025-11-23,2025-11-23,2002,wikipedia_tabela_5,Lula,42.0,0,18.8,https://en.wikipedia.org/wiki/Opinion_polling_for_the_2026_Brazilian_presidential_election,0,wikipedia_estruturada_auditoria_parcial,primeiro_turno
2026,1,MDA,2025-11-19,2025-11-23,2025-11-23,2002,wikipedia_tabela_5,Romeu Zema,5.7,0,18.8,https://en.wikipedia.org/wiki/Opinion_polling_for_the_2026_Brazilian_presidential_election,0,wikipedia_estruturada_auditoria_parcial,primeiro_turno
2026,1,MDA,2025-11-19,2025-11-23,2025-11-23,2002,wikipedia_tabela_5,Lula,38.0,0,11.5,https://en.wikipedia.org/wiki/Opinion_polling_for_the_2026_Brazilian_presidential_election,0,wikipedia_estruturada_auditoria_parcial,primeiro_turno
2026,1,MDA,2025-11-19,2025-11-23,2025-11-23,2002,wikipedia_tabela_5,Ronaldo Caiado,4.0,0,11.5,https://en.wikipedia.org/wiki/Opinion_polling_for_the_2026_Brazilian_presidential_election,0,wikipedia_estruturada_auditoria_parcial,primeiro_turno
2026,1,MDA,2025-11-19,2025-11-23,2025-11-23,2002,wikipedia_tabela_5,Romeu Zema,2.7,0,11.5,https://en.wikipedia.org/wiki/Opinion_polling_for_the_2026_Brazilian_presidential_election,0,wikipedia_estruturada_auditoria_parcial,primeiro_turno
2026,1,AtlasIntel,2025-10-15,2025-10-19,2025-10-19,14063,wikipedia_tabela_5,Lula,51.3,0,6.9,https://en.wikipedia.org/wiki/Opinion_polling_for_the_2026_Brazilian_presidential_election,0,wikipedia_estruturada_auditoria_parcial,primeiro_turno
2026,1,AtlasIntel,2025-10-15,2025-10-19,2025-10-19,14063,wikipedia_tabela_5,Ronaldo Caiado,6.0,0,6.9,https://en.wikipedia.org/wiki/Opinion_polling_for_the_2026_Brazilian_presidential_election,0,wikipedia_estruturada_auditoria_parcial,primeiro_turno
2026,1,AtlasIntel,2025-10-15,2025-10-19,2025-10-19,14063,wikipedia_tabela_5,Romeu Zema,2.5,0,6.9,https://en.wikipedia.org/wiki/Opinion_polling_for_the_2026_Brazilian_presidential_election,0,wikipedia_estruturada_auditoria_parcial,primeiro_turno
2026,1,Quaest,2025-10-02,2025-10-05,2025-10-05,2004,wikipedia_tabela_5,Lula,39.0,0,23.0,https://en.wikipedia.org/wiki/Opinion_polling_for_the_2026_Brazilian_presidential_election,0,wikipedia_estruturada_auditoria_parcial,primeiro_turno
2026,1,Quaest,2025-10-02,2025-10-05,2025-10-05,2004,wikipedia_tabela_5,Ronaldo Caiado,4.0,0,23.0,https://en.wikipedia.org/wiki/Opinion_polling_for_the_2026_Brazilian_presidential_election,0,wikipedia_estruturada_auditoria_parcial,primeiro_turno
2026,1,Quaest,2025-10-02,2025-10-05,2025-10-05,2004,wikipedia_tabela_5,Romeu Zema,4.0,0,23.0,https://en.wikipedia.org/wiki/Opinion_polling_for_the_2026_Brazilian_presidential_election,0,wikipedia_estruturada_auditoria_parcial,primeiro_turno
2026,1,Quaest,2025-09-12,2025-09-14,2025-09-14,2004,wikipedia_tabela_5,Lula,35.0,0,24.0,https://en.wikipedia.org/wiki/Opinion_polling_for_the_2026_Brazilian_presidential_election,0,wikipedia_estruturada_auditoria_parcial,primeiro_turno
2026,1,Quaest,2025-09-12,2025-09-14,2025-09-14,2004,wikipedia_tabela_5,Ronaldo Caiado,6.0,0,24.0,https://en.wikipedia.org/wiki/Opinion_polling_for_the_2026_Brazilian_presidential_election,0,wikipedia_estruturada_auditoria_parcial,primeiro_turno
2026,1,Quaest,2025-09-12,2025-09-14,2025-09-14,2004,wikipedia_tabela_5,Romeu Zema,5.0,0,24.0,https://en.wikipedia.org/wiki/Opinion_polling_for_the_2026_Brazilian_presidential_election,0,wikipedia_estruturada_auditoria_parcial,primeiro_turno
2026,1,AtlasIntel,2025-09-10,2025-09-14,2025-09-14,7291,wikipedia_tabela_5,Lula,48.2,0,5.7,https://en.wikipedia.org/wiki/Opinion_polling_for_the_2026_Brazilian_presidential_election,0,wikipedia_estruturada_auditoria_parcial,primeiro_turno
2026,1,AtlasIntel,2025-09-10,2025-09-14,2025-09-14,7291,wikipedia_tabela_5,Ronaldo Caiado,3.7,0,5.7,https://en.wikipedia.org/wiki/Opinion_polling_for_the_2026_Brazilian_presidential_election,0,wikipedia_estruturada_auditoria_parcial,primeiro_turno
2026,1,AtlasIntel,2025-09-10,2025-09-14,2025-09-14,7291,wikipedia_tabela_5,Romeu Zema,3.0,0,5.7,https://en.wikipedia.org/wiki/Opinion_polling_for_the_2026_Brazilian_presidential_election,0,wikipedia_estruturada_auditoria_parcial,primeiro_turno
2026,1,Real Time,2025-08-28,2025-08-30,2025-08-30,2500,wikipedia_tabela_5,Lula,42.0,0,9.0,https://en.wikipedia.org/wiki/Opinion_polling_for_the_2026_Brazilian_presidential_election,0,wikipedia_estruturada_auditoria_parcial,primeiro_turno
2026,1,Real Time,2025-08-28,2025-08-30,2025-08-30,2500,wikipedia_tabela_5,Romeu Zema,4.0,0,9.0,https://en.wikipedia.org/wiki/Opinion_polling_for_the_2026_Brazilian_presidential_election,0,wikipedia_estruturada_auditoria_parcial,primeiro_turno
2026,1,AtlasIntel,2025-08-20,2025-08-25,2025-08-25,6238,wikipedia_tabela_5,Lula,44.1,0,4.2,https://en.wikipedia.org/wiki/Opinion_polling_for_the_2026_Brazilian_presidential_election,0,wikipedia_estruturada_auditoria_parcial,primeiro_turno
2026,1,AtlasIntel,2025-08-20,2025-08-25,2025-08-25,6238,wikipedia_tabela_5,Ronaldo Caiado,3.2,0,4.2,https://en.wikipedia.org/wiki/Opinion_polling_for_the_2026_Brazilian_presidential_election,0,wikipedia_estruturada_auditoria_parcial,primeiro_turno
2026,1,AtlasIntel,2025-08-20,2025-08-25,2025-08-25,6238,wikipedia_tabela_5,Romeu Zema,4.4,0,4.2,https://en.wikipedia.org/wiki/Opinion_polling_for_the_2026_Brazilian_presidential_election,0,wikipedia_estruturada_auditoria_parcial,primeiro_turno
2026,1,AtlasIntel,2025-07-25,2025-07-28,2025-07-28,7334,wikipedia_tabela_5,Lula,48.5,0,2.8,https://en.wikipedia.org/wiki/Opinion_polling_for_the_2026_Brazilian_presidential_election,0,wikipedia_estruturada_auditoria_parcial,primeiro_turno
2026,1,AtlasIntel,2025-07-25,2025-07-28,2025-07-28,7334,wikipedia_tabela_5,Ronaldo Caiado,3.0,0,2.8,https://en.wikipedia.org/wiki/Opinion_polling_for_the_2026_Brazilian_presidential_election,0,wikipedia_estruturada_auditoria_parcial,primeiro_turno
2026,1,AtlasIntel,2025-07-25,2025-07-28,2025-07-28,7334,wikipedia_tabela_5,Romeu Zema,3.6,0,2.8,https://en.wikipedia.org/wiki/Opinion_polling_for_the_2026_Brazilian_presidential_election,0,wikipedia_estruturada_auditoria_parcial,primeiro_turno
2026,1,AtlasIntel,2025-06-27,2025-06-30,2025-06-30,2621,wikipedia_tabela_5,Lula,44.6,0,4.6,https://en.wikipedia.org/wiki/Opinion_polling_for_the_2026_Brazilian_presidential_election,0,wikipedia_estruturada_auditoria_parcial,primeiro_turno
2026,1,AtlasIntel,2025-06-27,2025-06-30,2025-06-30,2621,wikipedia_tabela_5,Ronaldo Caiado,1.7,0,4.6,https://en.wikipedia.org/wiki/Opinion_polling_for_the_2026_Brazilian_presidential_election,0,wikipedia_estruturada_auditoria_parcial,primeiro_turno
2026,1,AtlasIntel,2025-06-27,2025-06-30,2025-06-30,2621,wikipedia_tabela_5,Romeu Zema,4.4,0,4.6,https://en.wikipedia.org/wiki/Opinion_polling_for_the_2026_Brazilian_presidential_election,0,wikipedia_estruturada_auditoria_parcial,primeiro_turno
2026,1,Paraná Pesquisas,2025-06-18,2025-06-22,2025-06-22,2020,wikipedia_tabela_5,Lula,34.0,0,16.1,https://en.wikipedia.org/wiki/Opinion_polling_for_the_2026_Brazilian_presidential_election,0,wikipedia_estruturada_auditoria_parcial,primeiro_turno
2026,1,Paraná Pesquisas,2025-06-18,2025-06-22,2025-06-22,2020,wikipedia_tabela_5,Ronaldo Caiado,4.3,0,16.1,https://en.wikipedia.org/wiki/Opinion_polling_for_the_2026_Brazilian_presidential_election,0,wikipedia_estruturada_auditoria_parcial,primeiro_turno
2026,1,Paraná Pesquisas,2025-06-18,2025-06-22,2025-06-22,2020,wikipedia_tabela_5,Lula,33.8,0,16.1,https://en.wikipedia.org/wiki/Opinion_polling_for_the_2026_Brazilian_presidential_election,0,wikipedia_estruturada_auditoria_parcial,primeiro_turno
2026,1,Paraná Pesquisas,2025-06-18,2025-06-22,2025-06-22,2020,wikipedia_tabela_5,Flávio Bolsonaro,20.4,0,16.1,https://en.wikipedia.org/wiki/Opinion_polling_for_the_2026_Brazilian_presidential_election,0,wikipedia_estruturada_auditoria_parcial,primeiro_turno
2026,1,Paraná Pesquisas,2025-06-18,2025-06-22,2025-06-22,2020,wikipedia_tabela_5,Ronaldo Caiado,5.8,0,16.1,https://en.wikipedia.org/wiki/Opinion_polling_for_the_2026_Brazilian_presidential_election,0,wikipedia_estruturada_auditoria_parcial,primeiro_turno
2026,1,AtlasIntel,2025-05-19,2025-05-23,2025-05-23,4399,wikipedia_tabela_6,Lula,44.1,0,5.4,https://en.wikipedia.org/wiki/Opinion_polling_for_the_2026_Brazilian_presidential_election,0,wikipedia_estruturada_auditoria_parcial,primeiro_turno
2026,1,AtlasIntel,2025-05-19,2025-05-23,2025-05-23,4399,wikipedia_tabela_6,Ronaldo Caiado,4.7,0,5.4,https://en.wikipedia.org/wiki/Opinion_polling_for_the_2026_Brazilian_presidential_election,0,wikipedia_estruturada_auditoria_parcial,primeiro_turno
2026,1,AtlasIntel,2025-05-19,2025-05-23,2025-05-23,4399,wikipedia_tabela_6,Romeu Zema,1.4,0,5.4,https://en.wikipedia.org/wiki/Opinion_polling_for_the_2026_Brazilian_presidential_election,0,wikipedia_estruturada_auditoria_parcial,primeiro_turno
2026,1,AtlasIntel,2025-04-20,2025-04-24,2025-04-24,5419,wikipedia_tabela_6,Lula,42.8,0,8.0,https://en.wikipedia.org/wiki/Opinion_polling_for_the_2026_Brazilian_presidential_election,0,wikipedia_estruturada_auditoria_parcial,primeiro_turno
2026,1,AtlasIntel,2025-04-20,2025-04-24,2025-04-24,5419,wikipedia_tabela_6,Ronaldo Caiado,4.3,0,8.0,https://en.wikipedia.org/wiki/Opinion_polling_for_the_2026_Brazilian_presidential_election,0,wikipedia_estruturada_auditoria_parcial,primeiro_turno
2026,1,AtlasIntel,2025-04-20,2025-04-24,2025-04-24,5419,wikipedia_tabela_6,Romeu Zema,1.6,0,8.0,https://en.wikipedia.org/wiki/Opinion_polling_for_the_2026_Brazilian_presidential_election,0,wikipedia_estruturada_auditoria_parcial,primeiro_turno
2026,1,AtlasIntel,2025-02-24,2025-02-27,2025-02-27,5710,wikipedia_tabela_6,Lula,41.6,0,12.6,https://en.wikipedia.org/wiki/Opinion_polling_for_the_2026_Brazilian_presidential_election,0,wikipedia_estruturada_auditoria_parcial,primeiro_turno
2026,1,AtlasIntel,2025-02-24,2025-02-27,2025-02-27,5710,wikipedia_tabela_6,Ronaldo Caiado,4.5,0,12.6,https://en.wikipedia.org/wiki/Opinion_polling_for_the_2026_Brazilian_presidential_election,0,wikipedia_estruturada_auditoria_parcial,primeiro_turno
2026,1,AtlasIntel,2025-02-24,2025-02-27,2025-02-27,5710,wikipedia_tabela_6,Romeu Zema,4.5,0,12.6,https://en.wikipedia.org/wiki/Opinion_polling_for_the_2026_Brazilian_presidential_election,0,wikipedia_estruturada_auditoria_parcial,primeiro_turno
2022,1,Datafolha[11],2022-09-30,2022-10-01,2022-10-01,12800,wikipedia_tabela_2,Lula,48.0,0,5.0,https://en.wikipedia.org/wiki/Opinion_polling_for_the_2022_Brazilian_presidential_election,0,wikipedia_estruturada_auditoria_parcial,primeiro_turno
2022,1,Datafolha[11],2022-09-30,2022-10-01,2022-10-01,12800,wikipedia_tabela_2,Bolsonaro,34.0,0,5.0,https://en.wikipedia.org/wiki/Opinion_polling_for_the_2022_Brazilian_presidential_election,0,wikipedia_estruturada_auditoria_parcial,primeiro_turno
2022,1,Datafolha[11],2022-09-30,2022-10-01,2022-10-01,12800,wikipedia_tabela_2,Gomes,5.0,0,5.0,https://en.wikipedia.org/wiki/Opinion_polling_for_the_2022_Brazilian_presidential_election,0,wikipedia_estruturada_auditoria_parcial,primeiro_turno
2022,1,Datafolha[11],2022-09-30,2022-10-01,2022-10-01,12800,wikipedia_tabela_2,Tebet,6.0,0,5.0,https://en.wikipedia.org/wiki/Opinion_polling_for_the_2022_Brazilian_presidential_election,0,wikipedia_estruturada_auditoria_parcial,primeiro_turno
2022,1,IPEC[12],2022-09-29,2022-10-01,2022-10-01,3008,wikipedia_tabela_2,Lula,47.0,0,7.0,https://en.wikipedia.org/wiki/Opinion_polling_for_the_2022_Brazilian_presidential_election,0,wikipedia_estruturada_auditoria_parcial,primeiro_turno
2022,1,IPEC[12],2022-09-29,2022-10-01,2022-10-01,3008,wikipedia_tabela_2,Bolsonaro,34.0,0,7.0,https://en.wikipedia.org/wiki/Opinion_polling_for_the_2022_Brazilian_presidential_election,0,wikipedia_estruturada_auditoria_parcial,primeiro_turno
2022,1,IPEC[12],2022-09-29,2022-10-01,2022-10-01,3008,wikipedia_tabela_2,Gomes,5.0,0,7.0,https://en.wikipedia.org/wiki/Opinion_polling_for_the_2022_Brazilian_presidential_election,0,wikipedia_estruturada_auditoria_parcial,primeiro_turno
2022,1,IPEC[12],2022-09-29,2022-10-01,2022-10-01,3008,wikipedia_tabela_2,Tebet,5.0,0,7.0,https://en.wikipedia.org/wiki/Opinion_polling_for_the_2022_Brazilian_presidential_election,0,wikipedia_estruturada_auditoria_parcial,primeiro_turno
2022,1,Abrapel/Ipespe[13],2022-09-30,2022-09-30,2022-09-30,1100,wikipedia_tabela_2,Lula,46.0,0,4.0,https://en.wikipedia.org/wiki/Opinion_polling_for_the_2022_Brazilian_presidential_election,0,wikipedia_estruturada_auditoria_parcial,primeiro_turno
2022,1,Abrapel/Ipespe[13],2022-09-30,2022-09-30,2022-09-30,1100,wikipedia_tabela_2,Bolsonaro,33.0,0,4.0,https://en.wikipedia.org/wiki/Opinion_polling_for_the_2022_Brazilian_presidential_election,0,wikipedia_estruturada_auditoria_parcial,primeiro_turno
2022,1,Abrapel/Ipespe[13],2022-09-30,2022-09-30,2022-09-30,1100,wikipedia_tabela_2,Gomes,7.0,0,4.0,https://en.wikipedia.org/wiki/Opinion_polling_for_the_2022_Brazilian_presidential_election,0,wikipedia_estruturada_auditoria_parcial,primeiro_turno
2022,1,Abrapel/Ipespe[13],2022-09-30,2022-09-30,2022-09-30,1100,wikipedia_tabela_2,Tebet,6.0,0,4.0,https://en.wikipedia.org/wiki/Opinion_polling_for_the_2022_Brazilian_presidential_election,0,wikipedia_estruturada_auditoria_parcial,primeiro_turno
2022,1,Atlas[14],2022-09-28,2022-09-30,2022-09-30,4500,wikipedia_tabela_2,Lula,49.8,0,1.0,https://en.wikipedia.org/wiki/Opinion_polling_for_the_2022_Brazilian_presidential_election,0,wikipedia_estruturada_auditoria_parcial,primeiro_turno
2022,1,Atlas[14],2022-09-28,2022-09-30,2022-09-30,4500,wikipedia_tabela_2,Bolsonaro,40.7,0,1.0,https://en.wikipedia.org/wiki/Opinion_polling_for_the_2022_Brazilian_presidential_election,0,wikipedia_estruturada_auditoria_parcial,primeiro_turno
2022,1,Atlas[14],2022-09-28,2022-09-30,2022-09-30,4500,wikipedia_tabela_2,Gomes,3.9,0,1.0,https://en.wikipedia.org/wiki/Opinion_polling_for_the_2022_Brazilian_presidential_election,0,wikipedia_estruturada_auditoria_parcial,primeiro_turno
2022,1,Atlas[14],2022-09-28,2022-09-30,2022-09-30,4500,wikipedia_tabela_2,Tebet,2.6,0,1.0,https://en.wikipedia.org/wiki/Opinion_polling_for_the_2022_Brazilian_presidential_election,0,wikipedia_estruturada_auditoria_parcial,primeiro_turno
2022,1,CNT/MDA[15],2022-09-28,2022-09-30,2022-09-30,2002,wikipedia_tabela_2,Lula,44.2,0,8.5,https://en.wikipedia.org/wiki/Opinion_polling_for_the_2022_Brazilian_presidential_election,0,wikipedia_estruturada_auditoria_parcial,primeiro_turno
2022,1,CNT/MDA[15],2022-09-28,2022-09-30,2022-09-30,2002,wikipedia_tabela_2,Bolsonaro,36.3,0,8.5,https://en.wikipedia.org/wiki/Opinion_polling_for_the_2022_Brazilian_presidential_election,0,wikipedia_estruturada_auditoria_parcial,primeiro_turno
2022,1,CNT/MDA[15],2022-09-28,2022-09-30,2022-09-30,2002,wikipedia_tabela_2,Gomes,4.5,0,8.5,https://en.wikipedia.org/wiki/Opinion_polling_for_the_2022_Brazilian_presidential_election,0,wikipedia_estruturada_auditoria_parcial,primeiro_turno
2022,1,CNT/MDA[15],2022-09-28,2022-09-30,2022-09-30,2002,wikipedia_tabela_2,Tebet,4.3,0,8.5,https://en.wikipedia.org/wiki/Opinion_polling_for_the_2022_Brazilian_presidential_election,0,wikipedia_estruturada_auditoria_parcial,primeiro_turno
2022,1,Datafolha[16],2022-09-27,2022-09-29,2022-09-29,6800,wikipedia_tabela_2,Lula,48.0,0,4.0,https://en.wikipedia.org/wiki/Opinion_polling_for_the_2022_Brazilian_presidential_election,0,wikipedia_estruturada_auditoria_parcial,primeiro_turno
2022,1,Datafolha[16],2022-09-27,2022-09-29,2022-09-29,6800,wikipedia_tabela_2,Bolsonaro,34.0,0,4.0,https://en.wikipedia.org/wiki/Opinion_polling_for_the_2022_Brazilian_presidential_election,0,wikipedia_estruturada_auditoria_parcial,primeiro_turno
2022,1,Datafolha[16],2022-09-27,2022-09-29,2022-09-29,6800,wikipedia_tabela_2,Gomes,6.0,0,4.0,https://en.wikipedia.org/wiki/Opinion_polling_for_the_2022_Brazilian_presidential_election,0,wikipedia_estruturada_auditoria_parcial,primeiro_turno
2022,1,Datafolha[16],2022-09-27,2022-09-29,2022-09-29,6800,wikipedia_tabela_2,Tebet,5.0,0,4.0,https://en.wikipedia.org/wiki/Opinion_polling_for_the_2022_Brazilian_presidential_election,0,wikipedia_estruturada_auditoria_parcial,primeiro_turno
2022,1,Atlas[17],2022-09-24,2022-09-28,2022-09-28,4500,wikipedia_tabela_2,Lula,49.3,0,2.7,https://en.wikipedia.org/wiki/Opinion_polling_for_the_2022_Brazilian_presidential_election,0,wikipedia_estruturada_auditoria_parcial,primeiro_turno
2022,1,Atlas[17],2022-09-24,2022-09-28,2022-09-28,4500,wikipedia_tabela_2,Bolsonaro,39.9,0,2.7,https://en.wikipedia.org/wiki/Opinion_polling_for_the_2022_Brazilian_presidential_election,0,wikipedia_estruturada_auditoria_parcial,primeiro_turno
2022,1,Atlas[17],2022-09-24,2022-09-28,2022-09-28,4500,wikipedia_tabela_2,Gomes,3.5,0,2.7,https://en.wikipedia.org/wiki/Opinion_polling_for_the_2022_Brazilian_presidential_election,0,wikipedia_estruturada_auditoria_parcial,primeiro_turno
2022,1,Atlas[17],2022-09-24,2022-09-28,2022-09-28,4500,wikipedia_tabela_2,Tebet,2.5,0,2.7,https://en.wikipedia.org/wiki/Opinion_polling_for_the_2022_Brazilian_presidential_election,0,wikipedia_estruturada_auditoria_parcial,primeiro_turno
2022,1,Exame/Ideia[18],2022-09-23,2022-09-28,2022-09-28,1500,wikipedia_tabela_2,Lula,47.0,0,4.0,https://en.wikipedia.org/wiki/Opinion_polling_for_the_2022_Brazilian_presidential_election,0,wikipedia_estruturada_auditoria_parcial,primeiro_turno
2022,1,Exame/Ideia[18],2022-09-23,2022-09-28,2022-09-28,1500,wikipedia_tabela_2,Bolsonaro,37.0,0,4.0,https://en.wikipedia.org/wiki/Opinion_polling_for_the_2022_Brazilian_presidential_election,0,wikipedia_estruturada_auditoria_parcial,primeiro_turno
2022,1,Exame/Ideia[18],2022-09-23,2022-09-28,2022-09-28,1500,wikipedia_tabela_2,Gomes,6.0,0,4.0,https://en.wikipedia.org/wiki/Opinion_polling_for_the_2022_Brazilian_presidential_election,0,wikipedia_estruturada_auditoria_parcial,primeiro_turno
2022,1,Exame/Ideia[18],2022-09-23,2022-09-28,2022-09-28,1500,wikipedia_tabela_2,Tebet,5.0,0,4.0,https://en.wikipedia.org/wiki/Opinion_polling_for_the_2022_Brazilian_presidential_election,0,wikipedia_estruturada_auditoria_parcial,primeiro_turno
2022,1,Genial/Quaest[19],2022-09-24,2022-09-27,2022-09-27,2000,wikipedia_tabela_2,Lula,46.0,0,9.0,https://en.wikipedia.org/wiki/Opinion_polling_for_the_2022_Brazilian_presidential_election,0,wikipedia_estruturada_auditoria_parcial,primeiro_turno
2022,1,Genial/Quaest[19],2022-09-24,2022-09-27,2022-09-27,2000,wikipedia_tabela_2,Bolsonaro,33.0,0,9.0,https://en.wikipedia.org/wiki/Opinion_polling_for_the_2022_Brazilian_presidential_election,0,wikipedia_estruturada_auditoria_parcial,primeiro_turno
2022,1,Genial/Quaest[19],2022-09-24,2022-09-27,2022-09-27,2000,wikipedia_tabela_2,Gomes,6.0,0,9.0,https://en.wikipedia.org/wiki/Opinion_polling_for_the_2022_Brazilian_presidential_election,0,wikipedia_estruturada_auditoria_parcial,primeiro_turno
2022,1,Genial/Quaest[19],2022-09-24,2022-09-27,2022-09-27,2000,wikipedia_tabela_2,Tebet,5.0,0,9.0,https://en.wikipedia.org/wiki/Opinion_polling_for_the_2022_Brazilian_presidential_election,0,wikipedia_estruturada_auditoria_parcial,primeiro_turno
2022,1,Atlas[20],2022-09-22,2022-09-26,2022-09-26,4500,wikipedia_tabela_2,Lula,48.3,0,2.3,https://en.wikipedia.org/wiki/Opinion_polling_for_the_2022_Brazilian_presidential_election,0,wikipedia_estruturada_auditoria_parcial,primeiro_turno
2022,1,Atlas[20],2022-09-22,2022-09-26,2022-09-26,4500,wikipedia_tabela_2,Bolsonaro,41.0,0,2.3,https://en.wikipedia.org/wiki/Opinion_polling_for_the_2022_Brazilian_presidential_election,0,wikipedia_estruturada_auditoria_parcial,primeiro_turno
2022,1,Atlas[20],2022-09-22,2022-09-26,2022-09-26,4500,wikipedia_tabela_2,Gomes,3.5,0,2.3,https://en.wikipedia.org/wiki/Opinion_polling_for_the_2022_Brazilian_presidential_election,0,wikipedia_estruturada_auditoria_parcial,primeiro_turno
2022,1,Atlas[20],2022-09-22,2022-09-26,2022-09-26,4500,wikipedia_tabela_2,Tebet,2.1,0,2.3,https://en.wikipedia.org/wiki/Opinion_polling_for_the_2022_Brazilian_presidential_election,0,wikipedia_estruturada_auditoria_parcial,primeiro_turno
2022,1,Ipec[21],2022-09-25,2022-09-26,2022-09-26,3008,wikipedia_tabela_2,Lula,48.0,0,8.0,https://en.wikipedia.org/wiki/Opinion_polling_for_the_2022_Brazilian_presidential_election,0,wikipedia_estruturada_auditoria_parcial,primeiro_turno
2022,1,Ipec[21],2022-09-25,2022-09-26,2022-09-26,3008,wikipedia_tabela_2,Bolsonaro,31.0,0,8.0,https://en.wikipedia.org/wiki/Opinion_polling_for_the_2022_Brazilian_presidential_election,0,wikipedia_estruturada_auditoria_parcial,primeiro_turno
2022,1,Ipec[21],2022-09-25,2022-09-26,2022-09-26,3008,wikipedia_tabela_2,Gomes,6.0,0,8.0,https://en.wikipedia.org/wiki/Opinion_polling_for_the_2022_Brazilian_presidential_election,0,wikipedia_estruturada_auditoria_parcial,primeiro_turno
2022,1,Ipec[21],2022-09-25,2022-09-26,2022-09-26,3008,wikipedia_tabela_2,Tebet,5.0,0,8.0,https://en.wikipedia.org/wiki/Opinion_polling_for_the_2022_Brazilian_presidential_election,0,wikipedia_estruturada_auditoria_parcial,primeiro_turno
2022,1,BTG Pactual/FSB[22],2022-09-23,2022-09-25,2022-09-25,2000,wikipedia_tabela_2,Lula,45.0,0,6.0,https://en.wikipedia.org/wiki/Opinion_polling_for_the_2022_Brazilian_presidential_election,0,wikipedia_estruturada_auditoria_parcial,primeiro_turno
2022,1,BTG Pactual/FSB[22],2022-09-23,2022-09-25,2022-09-25,2000,wikipedia_tabela_2,Bolsonaro,35.0,0,6.0,https://en.wikipedia.org/wiki/Opinion_polling_for_the_2022_Brazilian_presidential_election,0,wikipedia_estruturada_auditoria_parcial,primeiro_turno
2022,1,BTG Pactual/FSB[22],2022-09-23,2022-09-25,2022-09-25,2000,wikipedia_tabela_2,Gomes,7.0,0,6.0,https://en.wikipedia.org/wiki/Opinion_polling_for_the_2022_Brazilian_presidential_election,0,wikipedia_estruturada_auditoria_parcial,primeiro_turno
2022,1,BTG Pactual/FSB[22],2022-09-23,2022-09-25,2022-09-25,2000,wikipedia_tabela_2,Tebet,4.0,0,6.0,https://en.wikipedia.org/wiki/Opinion_polling_for_the_2022_Brazilian_presidential_election,0,wikipedia_estruturada_auditoria_parcial,primeiro_turno
2022,1,24 Sep,2022-09-24,2022-09-24,2022-09-24,24,wikipedia_tabela_2,Lula,23.0,0,23.0,https://en.wikipedia.org/wiki/Opinion_polling_for_the_2022_Brazilian_presidential_election,0,wikipedia_estruturada_auditoria_parcial,primeiro_turno
2022,1,24 Sep,2022-09-24,2022-09-24,2022-09-24,24,wikipedia_tabela_2,Bolsonaro,23.0,0,23.0,https://en.wikipedia.org/wiki/Opinion_polling_for_the_2022_Brazilian_presidential_election,0,wikipedia_estruturada_auditoria_parcial,primeiro_turno
2022,1,24 Sep,2022-09-24,2022-09-24,2022-09-24,24,wikipedia_tabela_2,Gomes,23.0,0,23.0,https://en.wikipedia.org/wiki/Opinion_polling_for_the_2022_Brazilian_presidential_election,0,wikipedia_estruturada_auditoria_parcial,primeiro_turno
2022,1,24 Sep,2022-09-24,2022-09-24,2022-09-24,24,wikipedia_tabela_2,Tebet,23.0,0,23.0,https://en.wikipedia.org/wiki/Opinion_polling_for_the_2022_Brazilian_presidential_election,0,wikipedia_estruturada_auditoria_parcial,primeiro_turno
2022,1,Abrapel/Ipespe[24],2022-09-21,2022-09-23,2022-09-23,1100,wikipedia_tabela_2,Lula,46.0,0,9.0,https://en.wikipedia.org/wiki/Opinion_polling_for_the_2022_Brazilian_presidential_election,0,wikipedia_estruturada_auditoria_parcial,primeiro_turno
2022,1,Abrapel/Ipespe[24],2022-09-21,2022-09-23,2022-09-23,1100,wikipedia_tabela_2,Bolsonaro,35.0,0,9.0,https://en.wikipedia.org/wiki/Opinion_polling_for_the_2022_Brazilian_presidential_election,0,wikipedia_estruturada_auditoria_parcial,primeiro_turno
2022,1,Abrapel/Ipespe[24],2022-09-21,2022-09-23,2022-09-23,1100,wikipedia_tabela_2,Gomes,6.0,0,9.0,https://en.wikipedia.org/wiki/Opinion_polling_for_the_2022_Brazilian_presidential_election,0,wikipedia_estruturada_auditoria_parcial,primeiro_turno
2022,1,Abrapel/Ipespe[24],2022-09-21,2022-09-23,2022-09-23,1100,wikipedia_tabela_2,Tebet,4.0,0,9.0,https://en.wikipedia.org/wiki/Opinion_polling_for_the_2022_Brazilian_presidential_election,0,wikipedia_estruturada_auditoria_parcial,primeiro_turno
2022,1,Datafolha[25],2022-09-20,2022-09-22,2022-09-22,6754,wikipedia_tabela_2,Lula,47.0,0,6.0,https://en.wikipedia.org/wiki/Opinion_polling_for_the_2022_Brazilian_presidential_election,0,wikipedia_estruturada_auditoria_parcial,primeiro_turno
2022,1,Datafolha[25],2022-09-20,2022-09-22,2022-09-22,6754,wikipedia_tabela_2,Bolsonaro,33.0,0,6.0,https://en.wikipedia.org/wiki/Opinion_polling_for_the_2022_Brazilian_presidential_election,0,wikipedia_estruturada_auditoria_parcial,primeiro_turno
2022,1,Datafolha[25],2022-09-20,2022-09-22,2022-09-22,6754,wikipedia_tabela_2,Gomes,7.0,0,6.0,https://en.wikipedia.org/wiki/Opinion_polling_for_the_2022_Brazilian_presidential_election,0,wikipedia_estruturada_auditoria_parcial,primeiro_turno
2022,1,Datafolha[25],2022-09-20,2022-09-22,2022-09-22,6754,wikipedia_tabela_2,Tebet,5.0,0,6.0,https://en.wikipedia.org/wiki/Opinion_polling_for_the_2022_Brazilian_presidential_election,0,wikipedia_estruturada_auditoria_parcial,primeiro_turno
2022,1,XP/Ipespe[26],2022-09-19,2022-09-21,2022-09-21,2000,wikipedia_tabela_2,Lula,46.0,0,7.0,https://en.wikipedia.org/wiki/Opinion_polling_for_the_2022_Brazilian_presidential_election,0,wikipedia_estruturada_auditoria_parcial,primeiro_turno
2022,1,XP/Ipespe[26],2022-09-19,2022-09-21,2022-09-21,2000,wikipedia_tabela_2,Bolsonaro,35.0,0,7.0,https://en.wikipedia.org/wiki/Opinion_polling_for_the_2022_Brazilian_presidential_election,0,wikipedia_estruturada_auditoria_parcial,primeiro_turno
2022,1,XP/Ipespe[26],2022-09-19,2022-09-21,2022-09-21,2000,wikipedia_tabela_2,Gomes,7.0,0,7.0,https://en.wikipedia.org/wiki/Opinion_polling_for_the_2022_Brazilian_presidential_election,0,wikipedia_estruturada_auditoria_parcial,primeiro_turno
2022,1,XP/Ipespe[26],2022-09-19,2022-09-21,2022-09-21,2000,wikipedia_tabela_2,Tebet,4.0,0,7.0,https://en.wikipedia.org/wiki/Opinion_polling_for_the_2022_Brazilian_presidential_election,0,wikipedia_estruturada_auditoria_parcial,primeiro_turno
2022,1,PoderData[27],2022-09-18,2022-09-20,2022-09-20,3500,wikipedia_tabela_2,Lula,44.0,0,5.0,https://en.wikipedia.org/wiki/Opinion_polling_for_the_2022_Brazilian_presidential_election,0,wikipedia_estruturada_auditoria_parcial,primeiro_turno
2022,1,PoderData[27],2022-09-18,2022-09-20,2022-09-20,3500,wikipedia_tabela_2,Bolsonaro,37.0,0,5.0,https://en.wikipedia.org/wiki/Opinion_polling_for_the_2022_Brazilian_presidential_election,0,wikipedia_estruturada_auditoria_parcial,primeiro_turno
2022,1,PoderData[27],2022-09-18,2022-09-20,2022-09-20,3500,wikipedia_tabela_2,Gomes,7.0,0,5.0,https://en.wikipedia.org/wiki/Opinion_polling_for_the_2022_Brazilian_presidential_election,0,wikipedia_estruturada_auditoria_parcial,primeiro_turno
2022,1,PoderData[27],2022-09-18,2022-09-20,2022-09-20,3500,wikipedia_tabela_2,Tebet,4.0,0,5.0,https://en.wikipedia.org/wiki/Opinion_polling_for_the_2022_Brazilian_presidential_election,0,wikipedia_estruturada_auditoria_parcial,primeiro_turno
2022,1,Genial/Quaest[28],2022-09-17,2022-09-20,2022-09-20,2000,wikipedia_tabela_2,Lula,44.0,0,10.0,https://en.wikipedia.org/wiki/Opinion_polling_for_the_2022_Brazilian_presidential_election,0,wikipedia_estruturada_auditoria_parcial,primeiro_turno
2022,1,Genial/Quaest[28],2022-09-17,2022-09-20,2022-09-20,2000,wikipedia_tabela_2,Bolsonaro,34.0,0,10.0,https://en.wikipedia.org/wiki/Opinion_polling_for_the_2022_Brazilian_presidential_election,0,wikipedia_estruturada_auditoria_parcial,primeiro_turno
2022,1,Genial/Quaest[28],2022-09-17,2022-09-20,2022-09-20,2000,wikipedia_tabela_2,Gomes,6.0,0,10.0,https://en.wikipedia.org/wiki/Opinion_polling_for_the_2022_Brazilian_presidential_election,0,wikipedia_estruturada_auditoria_parcial,primeiro_turno
2022,1,Genial/Quaest[28],2022-09-17,2022-09-20,2022-09-20,2000,wikipedia_tabela_2,Tebet,5.0,0,10.0,https://en.wikipedia.org/wiki/Opinion_polling_for_the_2022_Brazilian_presidential_election,0,wikipedia_estruturada_auditoria_parcial,primeiro_turno
2022,1,Arko/Atlas[29],2022-09-16,2022-09-20,2022-09-20,7514,wikipedia_tabela_2,Lula,48.4,0,1.0,https://en.wikipedia.org/wiki/Opinion_polling_for_the_2022_Brazilian_presidential_election,0,wikipedia_estruturada_auditoria_parcial,primeiro_turno
2022,1,Arko/Atlas[29],2022-09-16,2022-09-20,2022-09-20,7514,wikipedia_tabela_2,Bolsonaro,38.6,0,1.0,https://en.wikipedia.org/wiki/Opinion_polling_for_the_2022_Brazilian_presidential_election,0,wikipedia_estruturada_auditoria_parcial,primeiro_turno
2022,1,Arko/Atlas[29],2022-09-16,2022-09-20,2022-09-20,7514,wikipedia_tabela_2,Gomes,6.3,0,1.0,https://en.wikipedia.org/wiki/Opinion_polling_for_the_2022_Brazilian_presidential_election,0,wikipedia_estruturada_auditoria_parcial,primeiro_turno
2022,1,Arko/Atlas[29],2022-09-16,2022-09-20,2022-09-20,7514,wikipedia_tabela_2,Tebet,4.0,0,1.0,https://en.wikipedia.org/wiki/Opinion_polling_for_the_2022_Brazilian_presidential_election,0,wikipedia_estruturada_auditoria_parcial,primeiro_turno
2022,1,Ipec[30],2022-09-17,2022-09-18,2022-09-18,3008,wikipedia_tabela_2,Lula,47.0,0,9.0,https://en.wikipedia.org/wiki/Opinion_polling_for_the_2022_Brazilian_presidential_election,0,wikipedia_estruturada_auditoria_parcial,primeiro_turno
2022,1,Ipec[30],2022-09-17,2022-09-18,2022-09-18,3008,wikipedia_tabela_2,Bolsonaro,31.0,0,9.0,https://en.wikipedia.org/wiki/Opinion_polling_for_the_2022_Brazilian_presidential_election,0,wikipedia_estruturada_auditoria_parcial,primeiro_turno
2022,1,Ipec[30],2022-09-17,2022-09-18,2022-09-18,3008,wikipedia_tabela_2,Gomes,7.0,0,9.0,https://en.wikipedia.org/wiki/Opinion_polling_for_the_2022_Brazilian_presidential_election,0,wikipedia_estruturada_auditoria_parcial,primeiro_turno
2022,1,Ipec[30],2022-09-17,2022-09-18,2022-09-18,3008,wikipedia_tabela_2,Tebet,5.0,0,9.0,https://en.wikipedia.org/wiki/Opinion_polling_for_the_2022_Brazilian_presidential_election,0,wikipedia_estruturada_auditoria_parcial,primeiro_turno
2022,1,BTG/FSB[31],2022-09-16,2022-09-18,2022-09-18,2000,wikipedia_tabela_2,Lula,44.0,0,7.0,https://en.wikipedia.org/wiki/Opinion_polling_for_the_2022_Brazilian_presidential_election,0,wikipedia_estruturada_auditoria_parcial,primeiro_turno
2022,1,BTG/FSB[31],2022-09-16,2022-09-18,2022-09-18,2000,wikipedia_tabela_2,Bolsonaro,35.0,0,7.0,https://en.wikipedia.org/wiki/Opinion_polling_for_the_2022_Brazilian_presidential_election,0,wikipedia_estruturada_auditoria_parcial,primeiro_turno
2022,1,BTG/FSB[31],2022-09-16,2022-09-18,2022-09-18,2000,wikipedia_tabela_2,Gomes,7.0,0,7.0,https://en.wikipedia.org/wiki/Opinion_polling_for_the_2022_Brazilian_presidential_election,0,wikipedia_estruturada_auditoria_parcial,primeiro_turno
2022,1,BTG/FSB[31],2022-09-16,2022-09-18,2022-09-18,2000,wikipedia_tabela_2,Tebet,5.0,0,7.0,https://en.wikipedia.org/wiki/Opinion_polling_for_the_2022_Brazilian_presidential_election,0,wikipedia_estruturada_auditoria_parcial,primeiro_turno
2022,1,Abrapel/Ipespe[32],2022-09-14,2022-09-16,2022-09-16,1100,wikipedia_tabela_2,Lula,45.0,0,5.0,https://en.wikipedia.org/wiki/Opinion_polling_for_the_2022_Brazilian_presidential_election,0,wikipedia_estruturada_auditoria_parcial,primeiro_turno
2022,1,Abrapel/Ipespe[32],2022-09-14,2022-09-16,2022-09-16,1100,wikipedia_tabela_2,Bolsonaro,35.0,0,5.0,https://en.wikipedia.org/wiki/Opinion_polling_for_the_2022_Brazilian_presidential_election,0,wikipedia_estruturada_auditoria_parcial,primeiro_turno
2022,1,Abrapel/Ipespe[32],2022-09-14,2022-09-16,2022-09-16,1100,wikipedia_tabela_2,Gomes,7.0,0,5.0,https://en.wikipedia.org/wiki/Opinion_polling_for_the_2022_Brazilian_presidential_election,0,wikipedia_estruturada_auditoria_parcial,primeiro_turno
2022,1,Abrapel/Ipespe[32],2022-09-14,2022-09-16,2022-09-16,1100,wikipedia_tabela_2,Tebet,5.0,0,5.0,https://en.wikipedia.org/wiki/Opinion_polling_for_the_2022_Brazilian_presidential_election,0,wikipedia_estruturada_auditoria_parcial,primeiro_turno
2022,1,Datafolha[33],2022-09-13,2022-09-15,2022-09-15,5926,wikipedia_tabela_2,Lula,45.0,0,6.0,https://en.wikipedia.org/wiki/Opinion_polling_for_the_2022_Brazilian_presidential_election,0,wikipedia_estruturada_auditoria_parcial,primeiro_turno
2022,1,Datafolha[33],2022-09-13,2022-09-15,2022-09-15,5926,wikipedia_tabela_2,Bolsonaro,33.0,0,6.0,https://en.wikipedia.org/wiki/Opinion_polling_for_the_2022_Brazilian_presidential_election,0,wikipedia_estruturada_auditoria_parcial,primeiro_turno
2022,1,Datafolha[33],2022-09-13,2022-09-15,2022-09-15,5926,wikipedia_tabela_2,Gomes,8.0,0,6.0,https://en.wikipedia.org/wiki/Opinion_polling_for_the_2022_Brazilian_presidential_election,0,wikipedia_estruturada_auditoria_parcial,primeiro_turno
2022,1,Datafolha[33],2022-09-13,2022-09-15,2022-09-15,5926,wikipedia_tabela_2,Tebet,5.0,0,6.0,https://en.wikipedia.org/wiki/Opinion_polling_for_the_2022_Brazilian_presidential_election,0,wikipedia_estruturada_auditoria_parcial,primeiro_turno
2022,1,PoderData[34],2022-09-11,2022-09-13,2022-09-13,3500,wikipedia_tabela_2,Lula,43.0,0,5.0,https://en.wikipedia.org/wiki/Opinion_polling_for_the_2022_Brazilian_presidential_election,0,wikipedia_estruturada_auditoria_parcial,primeiro_turno
2022,1,PoderData[34],2022-09-11,2022-09-13,2022-09-13,3500,wikipedia_tabela_2,Bolsonaro,37.0,0,5.0,https://en.wikipedia.org/wiki/Opinion_polling_for_the_2022_Brazilian_presidential_election,0,wikipedia_estruturada_auditoria_parcial,primeiro_turno
2022,1,PoderData[34],2022-09-11,2022-09-13,2022-09-13,3500,wikipedia_tabela_2,Gomes,8.0,0,5.0,https://en.wikipedia.org/wiki/Opinion_polling_for_the_2022_Brazilian_presidential_election,0,wikipedia_estruturada_auditoria_parcial,primeiro_turno
2022,1,PoderData[34],2022-09-11,2022-09-13,2022-09-13,3500,wikipedia_tabela_2,Tebet,5.0,0,5.0,https://en.wikipedia.org/wiki/Opinion_polling_for_the_2022_Brazilian_presidential_election,0,wikipedia_estruturada_auditoria_parcial,primeiro_turno
2022,1,Genial/Quaest[35],2022-09-10,2022-09-13,2022-09-13,2000,wikipedia_tabela_2,Lula,42.0,0,11.0,https://en.wikipedia.org/wiki/Opinion_polling_for_the_2022_Brazilian_presidential_election,0,wikipedia_estruturada_auditoria_parcial,primeiro_turno
2022,1,Genial/Quaest[35],2022-09-10,2022-09-13,2022-09-13,2000,wikipedia_tabela_2,Bolsonaro,34.0,0,11.0,https://en.wikipedia.org/wiki/Opinion_polling_for_the_2022_Brazilian_presidential_election,0,wikipedia_estruturada_auditoria_parcial,primeiro_turno
2022,1,Genial/Quaest[35],2022-09-10,2022-09-13,2022-09-13,2000,wikipedia_tabela_2,Gomes,7.0,0,11.0,https://en.wikipedia.org/wiki/Opinion_polling_for_the_2022_Brazilian_presidential_election,0,wikipedia_estruturada_auditoria_parcial,primeiro_turno
2022,1,Genial/Quaest[35],2022-09-10,2022-09-13,2022-09-13,2000,wikipedia_tabela_2,Tebet,4.0,0,11.0,https://en.wikipedia.org/wiki/Opinion_polling_for_the_2022_Brazilian_presidential_election,0,wikipedia_estruturada_auditoria_parcial,primeiro_turno
2022,1,Globo/Ipec[36],2022-09-09,2022-09-11,2022-09-11,2512,wikipedia_tabela_2,Lula,46.0,0,10.0,https://en.wikipedia.org/wiki/Opinion_polling_for_the_2022_Brazilian_presidential_election,0,wikipedia_estruturada_auditoria_parcial,primeiro_turno
2022,1,Globo/Ipec[36],2022-09-09,2022-09-11,2022-09-11,2512,wikipedia_tabela_2,Bolsonaro,31.0,0,10.0,https://en.wikipedia.org/wiki/Opinion_polling_for_the_2022_Brazilian_presidential_election,0,wikipedia_estruturada_auditoria_parcial,primeiro_turno
2022,1,Globo/Ipec[36],2022-09-09,2022-09-11,2022-09-11,2512,wikipedia_tabela_2,Gomes,7.0,0,10.0,https://en.wikipedia.org/wiki/Opinion_polling_for_the_2022_Brazilian_presidential_election,0,wikipedia_estruturada_auditoria_parcial,primeiro_turno
2022,1,Globo/Ipec[36],2022-09-09,2022-09-11,2022-09-11,2512,wikipedia_tabela_2,Tebet,4.0,0,10.0,https://en.wikipedia.org/wiki/Opinion_polling_for_the_2022_Brazilian_presidential_election,0,wikipedia_estruturada_auditoria_parcial,primeiro_turno
2022,1,BTG/FSB[37],2022-09-09,2022-09-11,2022-09-11,2000,wikipedia_tabela_2,Lula,41.0,0,6.0,https://en.wikipedia.org/wiki/Opinion_polling_for_the_2022_Brazilian_presidential_election,0,wikipedia_estruturada_auditoria_parcial,primeiro_turno
2022,1,BTG/FSB[37],2022-09-09,2022-09-11,2022-09-11,2000,wikipedia_tabela_2,Bolsonaro,35.0,0,6.0,https://en.wikipedia.org/wiki/Opinion_polling_for_the_2022_Brazilian_presidential_election,0,wikipedia_estruturada_auditoria_parcial,primeiro_turno
2022,1,BTG/FSB[37],2022-09-09,2022-09-11,2022-09-11,2000,wikipedia_tabela_2,Gomes,9.0,0,6.0,https://en.wikipedia.org/wiki/Opinion_polling_for_the_2022_Brazilian_presidential_election,0,wikipedia_estruturada_auditoria_parcial,primeiro_turno
2022,1,BTG/FSB[37],2022-09-09,2022-09-11,2022-09-11,2000,wikipedia_tabela_2,Tebet,7.0,0,6.0,https://en.wikipedia.org/wiki/Opinion_polling_for_the_2022_Brazilian_presidential_election,0,wikipedia_estruturada_auditoria_parcial,primeiro_turno
2022,1,Datafolha[38],2022-09-08,2022-09-09,2022-09-09,2676,wikipedia_tabela_2,Lula,45.0,0,7.0,https://en.wikipedia.org/wiki/Opinion_polling_for_the_2022_Brazilian_presidential_election,0,wikipedia_estruturada_auditoria_parcial,primeiro_turno
2022,1,Datafolha[38],2022-09-08,2022-09-09,2022-09-09,2676,wikipedia_tabela_2,Bolsonaro,34.0,0,7.0,https://en.wikipedia.org/wiki/Opinion_polling_for_the_2022_Brazilian_presidential_election,0,wikipedia_estruturada_auditoria_parcial,primeiro_turno
2022,1,Datafolha[38],2022-09-08,2022-09-09,2022-09-09,2676,wikipedia_tabela_2,Gomes,7.0,0,7.0,https://en.wikipedia.org/wiki/Opinion_polling_for_the_2022_Brazilian_presidential_election,0,wikipedia_estruturada_auditoria_parcial,primeiro_turno
2022,1,Datafolha[38],2022-09-08,2022-09-09,2022-09-09,2676,wikipedia_tabela_2,Tebet,5.0,0,7.0,https://en.wikipedia.org/wiki/Opinion_polling_for_the_2022_Brazilian_presidential_election,0,wikipedia_estruturada_auditoria_parcial,primeiro_turno
2022,1,Abrapel/Ipespe[39],2022-09-07,2022-09-09,2022-09-09,1100,wikipedia_tabela_2,Lula,44.0,0,5.0,https://en.wikipedia.org/wiki/Opinion_polling_for_the_2022_Brazilian_presidential_election,0,wikipedia_estruturada_auditoria_parcial,primeiro_turno
2022,1,Abrapel/Ipespe[39],2022-09-07,2022-09-09,2022-09-09,1100,wikipedia_tabela_2,Bolsonaro,36.0,0,5.0,https://en.wikipedia.org/wiki/Opinion_polling_for_the_2022_Brazilian_presidential_election,0,wikipedia_estruturada_auditoria_parcial,primeiro_turno
2022,1,Abrapel/Ipespe[39],2022-09-07,2022-09-09,2022-09-09,1100,wikipedia_tabela_2,Gomes,8.0,0,5.0,https://en.wikipedia.org/wiki/Opinion_polling_for_the_2022_Brazilian_presidential_election,0,wikipedia_estruturada_auditoria_parcial,primeiro_turno
2022,1,Abrapel/Ipespe[39],2022-09-07,2022-09-09,2022-09-09,1100,wikipedia_tabela_2,Tebet,5.0,0,5.0,https://en.wikipedia.org/wiki/Opinion_polling_for_the_2022_Brazilian_presidential_election,0,wikipedia_estruturada_auditoria_parcial,primeiro_turno
2022,1,BTG/FSB[40],2022-09-02,2022-09-04,2022-09-04,2000,wikipedia_tabela_2,Lula,42.0,0,7.0,https://en.wikipedia.org/wiki/Opinion_polling_for_the_2022_Brazilian_presidential_election,0,wikipedia_estruturada_auditoria_parcial,primeiro_turno
2022,1,BTG/FSB[40],2022-09-02,2022-09-04,2022-09-04,2000,wikipedia_tabela_2,Bolsonaro,34.0,0,7.0,https://en.wikipedia.org/wiki/Opinion_polling_for_the_2022_Brazilian_presidential_election,0,wikipedia_estruturada_auditoria_parcial,primeiro_turno
2022,1,BTG/FSB[40],2022-09-02,2022-09-04,2022-09-04,2000,wikipedia_tabela_2,Gomes,8.0,0,7.0,https://en.wikipedia.org/wiki/Opinion_polling_for_the_2022_Brazilian_presidential_election,0,wikipedia_estruturada_auditoria_parcial,primeiro_turno
2022,1,BTG/FSB[40],2022-09-02,2022-09-04,2022-09-04,2000,wikipedia_tabela_2,Tebet,6.0,0,7.0,https://en.wikipedia.org/wiki/Opinion_polling_for_the_2022_Brazilian_presidential_election,0,wikipedia_estruturada_auditoria_parcial,primeiro_turno
2022,1,Globo/Ipec[41],2022-09-02,2022-09-04,2022-09-04,2512,wikipedia_tabela_2,Lula,44.0,0,11.0,https://en.wikipedia.org/wiki/Opinion_polling_for_the_2022_Brazilian_presidential_election,0,wikipedia_estruturada_auditoria_parcial,primeiro_turno
2022,1,Globo/Ipec[41],2022-09-02,2022-09-04,2022-09-04,2512,wikipedia_tabela_2,Bolsonaro,31.0,0,11.0,https://en.wikipedia.org/wiki/Opinion_polling_for_the_2022_Brazilian_presidential_election,0,wikipedia_estruturada_auditoria_parcial,primeiro_turno
2022,1,Globo/Ipec[41],2022-09-02,2022-09-04,2022-09-04,2512,wikipedia_tabela_2,Gomes,8.0,0,11.0,https://en.wikipedia.org/wiki/Opinion_polling_for_the_2022_Brazilian_presidential_election,0,wikipedia_estruturada_auditoria_parcial,primeiro_turno
2022,1,Globo/Ipec[41],2022-09-02,2022-09-04,2022-09-04,2512,wikipedia_tabela_2,Tebet,4.0,0,11.0,https://en.wikipedia.org/wiki/Opinion_polling_for_the_2022_Brazilian_presidential_election,0,wikipedia_estruturada_auditoria_parcial,primeiro_turno
2022,1,Genial/Quaest[42],2022-09-01,2022-09-04,2022-09-04,2000,wikipedia_tabela_2,Lula,44.0,0,9.0,https://en.wikipedia.org/wiki/Opinion_polling_for_the_2022_Brazilian_presidential_election,0,wikipedia_estruturada_auditoria_parcial,primeiro_turno
2022,1,Genial/Quaest[42],2022-09-01,2022-09-04,2022-09-04,2000,wikipedia_tabela_2,Bolsonaro,34.0,0,9.0,https://en.wikipedia.org/wiki/Opinion_polling_for_the_2022_Brazilian_presidential_election,0,wikipedia_estruturada_auditoria_parcial,primeiro_turno
2022,1,Genial/Quaest[42],2022-09-01,2022-09-04,2022-09-04,2000,wikipedia_tabela_2,Gomes,7.0,0,9.0,https://en.wikipedia.org/wiki/Opinion_polling_for_the_2022_Brazilian_presidential_election,0,wikipedia_estruturada_auditoria_parcial,primeiro_turno
2022,1,Genial/Quaest[42],2022-09-01,2022-09-04,2022-09-04,2000,wikipedia_tabela_2,Tebet,4.0,0,9.0,https://en.wikipedia.org/wiki/Opinion_polling_for_the_2022_Brazilian_presidential_election,0,wikipedia_estruturada_auditoria_parcial,primeiro_turno
2022,1,Abrapel/Ipespe[43],2022-08-30,2022-09-01,2022-09-01,1100,wikipedia_tabela_2,Lula,44.0,0,5.0,https://en.wikipedia.org/wiki/Opinion_polling_for_the_2022_Brazilian_presidential_election,0,wikipedia_estruturada_auditoria_parcial,primeiro_turno
2022,1,Abrapel/Ipespe[43],2022-08-30,2022-09-01,2022-09-01,1100,wikipedia_tabela_2,Bolsonaro,35.0,0,5.0,https://en.wikipedia.org/wiki/Opinion_polling_for_the_2022_Brazilian_presidential_election,0,wikipedia_estruturada_auditoria_parcial,primeiro_turno
2022,1,Abrapel/Ipespe[43],2022-08-30,2022-09-01,2022-09-01,1100,wikipedia_tabela_2,Gomes,9.0,0,5.0,https://en.wikipedia.org/wiki/Opinion_polling_for_the_2022_Brazilian_presidential_election,0,wikipedia_estruturada_auditoria_parcial,primeiro_turno
2022,1,Abrapel/Ipespe[43],2022-08-30,2022-09-01,2022-09-01,1100,wikipedia_tabela_2,Tebet,5.0,0,5.0,https://en.wikipedia.org/wiki/Opinion_polling_for_the_2022_Brazilian_presidential_election,0,wikipedia_estruturada_auditoria_parcial,primeiro_turno
2022,1,Datafolha[44],2022-08-30,2022-09-01,2022-09-01,5734,wikipedia_tabela_2,Lula,45.0,0,6.0,https://en.wikipedia.org/wiki/Opinion_polling_for_the_2022_Brazilian_presidential_election,0,wikipedia_estruturada_auditoria_parcial,primeiro_turno
2022,1,Datafolha[44],2022-08-30,2022-09-01,2022-09-01,5734,wikipedia_tabela_2,Bolsonaro,32.0,0,6.0,https://en.wikipedia.org/wiki/Opinion_polling_for_the_2022_Brazilian_presidential_election,0,wikipedia_estruturada_auditoria_parcial,primeiro_turno
2022,1,Datafolha[44],2022-08-30,2022-09-01,2022-09-01,5734,wikipedia_tabela_2,Gomes,9.0,0,6.0,https://en.wikipedia.org/wiki/Opinion_polling_for_the_2022_Brazilian_presidential_election,0,wikipedia_estruturada_auditoria_parcial,primeiro_turno
2022,1,Datafolha[44],2022-08-30,2022-09-01,2022-09-01,5734,wikipedia_tabela_2,Tebet,5.0,0,6.0,https://en.wikipedia.org/wiki/Opinion_polling_for_the_2022_Brazilian_presidential_election,0,wikipedia_estruturada_auditoria_parcial,primeiro_turno
2022,1,PoderData[45],2022-08-28,2022-08-30,2022-08-30,3500,wikipedia_tabela_2,Lula,44.0,0,5.0,https://en.wikipedia.org/wiki/Opinion_polling_for_the_2022_Brazilian_presidential_election,0,wikipedia_estruturada_auditoria_parcial,primeiro_turno
2022,1,PoderData[45],2022-08-28,2022-08-30,2022-08-30,3500,wikipedia_tabela_2,Bolsonaro,36.0,0,5.0,https://en.wikipedia.org/wiki/Opinion_polling_for_the_2022_Brazilian_presidential_election,0,wikipedia_estruturada_auditoria_parcial,primeiro_turno
2022,1,PoderData[45],2022-08-28,2022-08-30,2022-08-30,3500,wikipedia_tabela_2,Gomes,8.0,0,5.0,https://en.wikipedia.org/wiki/Opinion_polling_for_the_2022_Brazilian_presidential_election,0,wikipedia_estruturada_auditoria_parcial,primeiro_turno
2022,1,PoderData[45],2022-08-28,2022-08-30,2022-08-30,3500,wikipedia_tabela_2,Tebet,4.0,0,5.0,https://en.wikipedia.org/wiki/Opinion_polling_for_the_2022_Brazilian_presidential_election,0,wikipedia_estruturada_auditoria_parcial,primeiro_turno
2022,1,Paraná Pesquisas[46],2022-08-26,2022-08-30,2022-08-30,2020,wikipedia_tabela_2,Lula,41.3,0,9.9,https://en.wikipedia.org/wiki/Opinion_polling_for_the_2022_Brazilian_presidential_election,0,wikipedia_estruturada_auditoria_parcial,primeiro_turno
2022,1,Paraná Pesquisas[46],2022-08-26,2022-08-30,2022-08-30,2020,wikipedia_tabela_2,Bolsonaro,37.1,0,9.9,https://en.wikipedia.org/wiki/Opinion_polling_for_the_2022_Brazilian_presidential_election,0,wikipedia_estruturada_auditoria_parcial,primeiro_turno
2022,1,Paraná Pesquisas[46],2022-08-26,2022-08-30,2022-08-30,2020,wikipedia_tabela_2,Gomes,7.7,0,9.9,https://en.wikipedia.org/wiki/Opinion_polling_for_the_2022_Brazilian_presidential_election,0,wikipedia_estruturada_auditoria_parcial,primeiro_turno
2022,1,Paraná Pesquisas[46],2022-08-26,2022-08-30,2022-08-30,2020,wikipedia_tabela_2,Tebet,2.4,0,9.9,https://en.wikipedia.org/wiki/Opinion_polling_for_the_2022_Brazilian_presidential_election,0,wikipedia_estruturada_auditoria_parcial,primeiro_turno
2022,1,XP/Ipespe[47],2022-08-26,2022-08-29,2022-08-29,2000,wikipedia_tabela_2,Lula,43.0,0,6.0,https://en.wikipedia.org/wiki/Opinion_polling_for_the_2022_Brazilian_presidential_election,0,wikipedia_estruturada_auditoria_parcial,primeiro_turno
2022,1,XP/Ipespe[47],2022-08-26,2022-08-29,2022-08-29,2000,wikipedia_tabela_2,Bolsonaro,35.0,0,6.0,https://en.wikipedia.org/wiki/Opinion_polling_for_the_2022_Brazilian_presidential_election,0,wikipedia_estruturada_auditoria_parcial,primeiro_turno
2022,1,XP/Ipespe[47],2022-08-26,2022-08-29,2022-08-29,2000,wikipedia_tabela_2,Gomes,9.0,0,6.0,https://en.wikipedia.org/wiki/Opinion_polling_for_the_2022_Brazilian_presidential_election,0,wikipedia_estruturada_auditoria_parcial,primeiro_turno
2022,1,XP/Ipespe[47],2022-08-26,2022-08-29,2022-08-29,2000,wikipedia_tabela_2,Tebet,5.0,0,6.0,https://en.wikipedia.org/wiki/Opinion_polling_for_the_2022_Brazilian_presidential_election,0,wikipedia_estruturada_auditoria_parcial,primeiro_turno
2022,1,BTG/FSB[49],2022-08-26,2022-08-28,2022-08-28,2000,wikipedia_tabela_2,Lula,43.0,0,7.0,https://en.wikipedia.org/wiki/Opinion_polling_for_the_2022_Brazilian_presidential_election,0,wikipedia_estruturada_auditoria_parcial,primeiro_turno
2022,1,BTG/FSB[49],2022-08-26,2022-08-28,2022-08-28,2000,wikipedia_tabela_2,Bolsonaro,36.0,0,7.0,https://en.wikipedia.org/wiki/Opinion_polling_for_the_2022_Brazilian_presidential_election,0,wikipedia_estruturada_auditoria_parcial,primeiro_turno
2022,1,BTG/FSB[49],2022-08-26,2022-08-28,2022-08-28,2000,wikipedia_tabela_2,Gomes,9.0,0,7.0,https://en.wikipedia.org/wiki/Opinion_polling_for_the_2022_Brazilian_presidential_election,0,wikipedia_estruturada_auditoria_parcial,primeiro_turno
2022,1,BTG/FSB[49],2022-08-26,2022-08-28,2022-08-28,2000,wikipedia_tabela_2,Tebet,4.0,0,7.0,https://en.wikipedia.org/wiki/Opinion_polling_for_the_2022_Brazilian_presidential_election,0,wikipedia_estruturada_auditoria_parcial,primeiro_turno
2022,1,Ipec[50],2022-08-26,2022-08-28,2022-08-28,2000,wikipedia_tabela_2,Lula,44.0,0,13.0,https://en.wikipedia.org/wiki/Opinion_polling_for_the_2022_Brazilian_presidential_election,0,wikipedia_estruturada_auditoria_parcial,primeiro_turno
2022,1,Ipec[50],2022-08-26,2022-08-28,2022-08-28,2000,wikipedia_tabela_2,Bolsonaro,32.0,0,13.0,https://en.wikipedia.org/wiki/Opinion_polling_for_the_2022_Brazilian_presidential_election,0,wikipedia_estruturada_auditoria_parcial,primeiro_turno
2022,1,Ipec[50],2022-08-26,2022-08-28,2022-08-28,2000,wikipedia_tabela_2,Gomes,7.0,0,13.0,https://en.wikipedia.org/wiki/Opinion_polling_for_the_2022_Brazilian_presidential_election,0,wikipedia_estruturada_auditoria_parcial,primeiro_turno
2022,1,Ipec[50],2022-08-26,2022-08-28,2022-08-28,2000,wikipedia_tabela_2,Tebet,3.0,0,13.0,https://en.wikipedia.org/wiki/Opinion_polling_for_the_2022_Brazilian_presidential_election,0,wikipedia_estruturada_auditoria_parcial,primeiro_turno
2022,1,Quaest[51],2022-08-25,2022-08-28,2022-08-28,2000,wikipedia_tabela_2,Lula,44.0,0,11.0,https://en.wikipedia.org/wiki/Opinion_polling_for_the_2022_Brazilian_presidential_election,0,wikipedia_estruturada_auditoria_parcial,primeiro_turno
2022,1,Quaest[51],2022-08-25,2022-08-28,2022-08-28,2000,wikipedia_tabela_2,Bolsonaro,32.0,0,11.0,https://en.wikipedia.org/wiki/Opinion_polling_for_the_2022_Brazilian_presidential_election,0,wikipedia_estruturada_auditoria_parcial,primeiro_turno
2022,1,Quaest[51],2022-08-25,2022-08-28,2022-08-28,2000,wikipedia_tabela_2,Gomes,8.0,0,11.0,https://en.wikipedia.org/wiki/Opinion_polling_for_the_2022_Brazilian_presidential_election,0,wikipedia_estruturada_auditoria_parcial,primeiro_turno
2022,1,Quaest[51],2022-08-25,2022-08-28,2022-08-28,2000,wikipedia_tabela_2,Tebet,3.0,0,11.0,https://en.wikipedia.org/wiki/Opinion_polling_for_the_2022_Brazilian_presidential_election,0,wikipedia_estruturada_auditoria_parcial,primeiro_turno
2022,1,CNT/MDA[52],2022-08-25,2022-08-28,2022-08-28,2002,wikipedia_tabela_2,Lula,42.3,0,12.8,https://en.wikipedia.org/wiki/Opinion_polling_for_the_2022_Brazilian_presidential_election,0,wikipedia_estruturada_auditoria_parcial,primeiro_turno
2022,1,CNT/MDA[52],2022-08-25,2022-08-28,2022-08-28,2002,wikipedia_tabela_2,Bolsonaro,34.1,0,12.8,https://en.wikipedia.org/wiki/Opinion_polling_for_the_2022_Brazilian_presidential_election,0,wikipedia_estruturada_auditoria_parcial,primeiro_turno
2022,1,CNT/MDA[52],2022-08-25,2022-08-28,2022-08-28,2002,wikipedia_tabela_2,Gomes,7.3,0,12.8,https://en.wikipedia.org/wiki/Opinion_polling_for_the_2022_Brazilian_presidential_election,0,wikipedia_estruturada_auditoria_parcial,primeiro_turno
2022,1,CNT/MDA[52],2022-08-25,2022-08-28,2022-08-28,2002,wikipedia_tabela_2,Tebet,2.1,0,12.8,https://en.wikipedia.org/wiki/Opinion_polling_for_the_2022_Brazilian_presidential_election,0,wikipedia_estruturada_auditoria_parcial,primeiro_turno
2022,1,Atlas[53],2022-08-20,2022-08-25,2022-08-25,7475,wikipedia_tabela_2,Lula,46.7,0,1.9,https://en.wikipedia.org/wiki/Opinion_polling_for_the_2022_Brazilian_presidential_election,0,wikipedia_estruturada_auditoria_parcial,primeiro_turno
2022,1,Atlas[53],2022-08-20,2022-08-25,2022-08-25,7475,wikipedia_tabela_2,Bolsonaro,38.3,0,1.9,https://en.wikipedia.org/wiki/Opinion_polling_for_the_2022_Brazilian_presidential_election,0,wikipedia_estruturada_auditoria_parcial,primeiro_turno
2022,1,Atlas[53],2022-08-20,2022-08-25,2022-08-25,7475,wikipedia_tabela_2,Gomes,6.4,0,1.9,https://en.wikipedia.org/wiki/Opinion_polling_for_the_2022_Brazilian_presidential_election,0,wikipedia_estruturada_auditoria_parcial,primeiro_turno
2022,1,Atlas[53],2022-08-20,2022-08-25,2022-08-25,7475,wikipedia_tabela_2,Tebet,3.6,0,1.9,https://en.wikipedia.org/wiki/Opinion_polling_for_the_2022_Brazilian_presidential_election,0,wikipedia_estruturada_auditoria_parcial,primeiro_turno
2022,1,Exame/Ideia[54],2022-08-19,2022-08-24,2022-08-24,1500,wikipedia_tabela_2,Lula,44.0,0,5.0,https://en.wikipedia.org/wiki/Opinion_polling_for_the_2022_Brazilian_presidential_election,0,wikipedia_estruturada_auditoria_parcial,primeiro_turno
2022,1,Exame/Ideia[54],2022-08-19,2022-08-24,2022-08-24,1500,wikipedia_tabela_2,Bolsonaro,36.0,0,5.0,https://en.wikipedia.org/wiki/Opinion_polling_for_the_2022_Brazilian_presidential_election,0,wikipedia_estruturada_auditoria_parcial,primeiro_turno
2022,1,Exame/Ideia[54],2022-08-19,2022-08-24,2022-08-24,1500,wikipedia_tabela_2,Gomes,9.0,0,5.0,https://en.wikipedia.org/wiki/Opinion_polling_for_the_2022_Brazilian_presidential_election,0,wikipedia_estruturada_auditoria_parcial,primeiro_turno
2022,1,Exame/Ideia[54],2022-08-19,2022-08-24,2022-08-24,1500,wikipedia_tabela_2,Tebet,4.0,0,5.0,https://en.wikipedia.org/wiki/Opinion_polling_for_the_2022_Brazilian_presidential_election,0,wikipedia_estruturada_auditoria_parcial,primeiro_turno
2022,1,Paraná Pesquisas[55],2022-08-19,2022-08-23,2022-08-23,2020,wikipedia_tabela_2,Lula,41.7,0,10.1,https://en.wikipedia.org/wiki/Opinion_polling_for_the_2022_Brazilian_presidential_election,0,wikipedia_estruturada_auditoria_parcial,primeiro_turno
2022,1,Paraná Pesquisas[55],2022-08-19,2022-08-23,2022-08-23,2020,wikipedia_tabela_2,Bolsonaro,37.0,0,10.1,https://en.wikipedia.org/wiki/Opinion_polling_for_the_2022_Brazilian_presidential_election,0,wikipedia_estruturada_auditoria_parcial,primeiro_turno
2022,1,Paraná Pesquisas[55],2022-08-19,2022-08-23,2022-08-23,2020,wikipedia_tabela_2,Gomes,7.3,0,10.1,https://en.wikipedia.org/wiki/Opinion_polling_for_the_2022_Brazilian_presidential_election,0,wikipedia_estruturada_auditoria_parcial,primeiro_turno
2022,1,Paraná Pesquisas[55],2022-08-19,2022-08-23,2022-08-23,2020,wikipedia_tabela_2,Tebet,2.7,0,10.1,https://en.wikipedia.org/wiki/Opinion_polling_for_the_2022_Brazilian_presidential_election,0,wikipedia_estruturada_auditoria_parcial,primeiro_turno
2022,1,BTG/FSB[56],2022-08-19,2022-08-21,2022-08-21,2000,wikipedia_tabela_2,Lula,45.0,0,9.0,https://en.wikipedia.org/wiki/Opinion_polling_for_the_2022_Brazilian_presidential_election,0,wikipedia_estruturada_auditoria_parcial,primeiro_turno
2022,1,BTG/FSB[56],2022-08-19,2022-08-21,2022-08-21,2000,wikipedia_tabela_2,Bolsonaro,36.0,0,9.0,https://en.wikipedia.org/wiki/Opinion_polling_for_the_2022_Brazilian_presidential_election,0,wikipedia_estruturada_auditoria_parcial,primeiro_turno
2022,1,BTG/FSB[56],2022-08-19,2022-08-21,2022-08-21,2000,wikipedia_tabela_2,Gomes,6.0,0,9.0,https://en.wikipedia.org/wiki/Opinion_polling_for_the_2022_Brazilian_presidential_election,0,wikipedia_estruturada_auditoria_parcial,primeiro_turno
2022,1,BTG/FSB[56],2022-08-19,2022-08-21,2022-08-21,2000,wikipedia_tabela_2,Tebet,3.0,0,9.0,https://en.wikipedia.org/wiki/Opinion_polling_for_the_2022_Brazilian_presidential_election,0,wikipedia_estruturada_auditoria_parcial,primeiro_turno
2022,1,Datafolha[57],2022-08-16,2022-08-18,2022-08-18,5744,wikipedia_tabela_2,Lula,47.0,0,8.0,https://en.wikipedia.org/wiki/Opinion_polling_for_the_2022_Brazilian_presidential_election,0,wikipedia_estruturada_auditoria_parcial,primeiro_turno
2022,1,Datafolha[57],2022-08-16,2022-08-18,2022-08-18,5744,wikipedia_tabela_2,Bolsonaro,32.0,0,8.0,https://en.wikipedia.org/wiki/Opinion_polling_for_the_2022_Brazilian_presidential_election,0,wikipedia_estruturada_auditoria_parcial,primeiro_turno
2022,1,Datafolha[57],2022-08-16,2022-08-18,2022-08-18,5744,wikipedia_tabela_2,Gomes,7.0,0,8.0,https://en.wikipedia.org/wiki/Opinion_polling_for_the_2022_Brazilian_presidential_election,0,wikipedia_estruturada_auditoria_parcial,primeiro_turno
2022,1,Datafolha[57],2022-08-16,2022-08-18,2022-08-18,5744,wikipedia_tabela_2,Tebet,2.0,0,8.0,https://en.wikipedia.org/wiki/Opinion_polling_for_the_2022_Brazilian_presidential_election,0,wikipedia_estruturada_auditoria_parcial,primeiro_turno
2022,1,PoderData[58],2022-08-14,2022-08-16,2022-08-16,3500,wikipedia_tabela_2,Lula,44.0,0,7.0,https://en.wikipedia.org/wiki/Opinion_polling_for_the_2022_Brazilian_presidential_election,0,wikipedia_estruturada_auditoria_parcial,primeiro_turno
2022,1,PoderData[58],2022-08-14,2022-08-16,2022-08-16,3500,wikipedia_tabela_2,Bolsonaro,37.0,0,7.0,https://en.wikipedia.org/wiki/Opinion_polling_for_the_2022_Brazilian_presidential_election,0,wikipedia_estruturada_auditoria_parcial,primeiro_turno
2022,1,PoderData[58],2022-08-14,2022-08-16,2022-08-16,3500,wikipedia_tabela_2,Gomes,6.0,0,7.0,https://en.wikipedia.org/wiki/Opinion_polling_for_the_2022_Brazilian_presidential_election,0,wikipedia_estruturada_auditoria_parcial,primeiro_turno
2022,1,PoderData[58],2022-08-14,2022-08-16,2022-08-16,3500,wikipedia_tabela_2,Tebet,4.0,0,7.0,https://en.wikipedia.org/wiki/Opinion_polling_for_the_2022_Brazilian_presidential_election,0,wikipedia_estruturada_auditoria_parcial,primeiro_turno
2022,1,IPEC[59],2022-08-12,2022-08-14,2022-08-14,2000,wikipedia_tabela_2,Lula,44.0,0,15.0,https://en.wikipedia.org/wiki/Opinion_polling_for_the_2022_Brazilian_presidential_election,0,wikipedia_estruturada_auditoria_parcial,primeiro_turno
2022,1,IPEC[59],2022-08-12,2022-08-14,2022-08-14,2000,wikipedia_tabela_2,Bolsonaro,32.0,0,15.0,https://en.wikipedia.org/wiki/Opinion_polling_for_the_2022_Brazilian_presidential_election,0,wikipedia_estruturada_auditoria_parcial,primeiro_turno
2022,1,IPEC[59],2022-08-12,2022-08-14,2022-08-14,2000,wikipedia_tabela_2,Gomes,6.0,0,15.0,https://en.wikipedia.org/wiki/Opinion_polling_for_the_2022_Brazilian_presidential_election,0,wikipedia_estruturada_auditoria_parcial,primeiro_turno
2022,1,IPEC[59],2022-08-12,2022-08-14,2022-08-14,2000,wikipedia_tabela_2,Tebet,2.0,0,15.0,https://en.wikipedia.org/wiki/Opinion_polling_for_the_2022_Brazilian_presidential_election,0,wikipedia_estruturada_auditoria_parcial,primeiro_turno
2022,1,FSB Comunicação[60],2022-08-12,2022-08-14,2022-08-14,2000,wikipedia_tabela_2,Lula,45.0,0,8.0,https://en.wikipedia.org/wiki/Opinion_polling_for_the_2022_Brazilian_presidential_election,0,wikipedia_estruturada_auditoria_parcial,primeiro_turno
2022,1,FSB Comunicação[60],2022-08-12,2022-08-14,2022-08-14,2000,wikipedia_tabela_2,Bolsonaro,34.0,0,8.0,https://en.wikipedia.org/wiki/Opinion_polling_for_the_2022_Brazilian_presidential_election,0,wikipedia_estruturada_auditoria_parcial,primeiro_turno
2022,1,FSB Comunicação[60],2022-08-12,2022-08-14,2022-08-14,2000,wikipedia_tabela_2,Gomes,8.0,0,8.0,https://en.wikipedia.org/wiki/Opinion_polling_for_the_2022_Brazilian_presidential_election,0,wikipedia_estruturada_auditoria_parcial,primeiro_turno
2022,1,FSB Comunicação[60],2022-08-12,2022-08-14,2022-08-14,2000,wikipedia_tabela_2,Tebet,2.0,0,8.0,https://en.wikipedia.org/wiki/Opinion_polling_for_the_2022_Brazilian_presidential_election,0,wikipedia_estruturada_auditoria_parcial,primeiro_turno
2022,1,Quaest/Genial[61],2022-08-11,2022-08-14,2022-08-14,2000,wikipedia_tabela_2,Lula,45.0,0,12.0,https://en.wikipedia.org/wiki/Opinion_polling_for_the_2022_Brazilian_presidential_election,0,wikipedia_estruturada_auditoria_parcial,primeiro_turno
2022,1,Quaest/Genial[61],2022-08-11,2022-08-14,2022-08-14,2000,wikipedia_tabela_2,Bolsonaro,33.0,0,12.0,https://en.wikipedia.org/wiki/Opinion_polling_for_the_2022_Brazilian_presidential_election,0,wikipedia_estruturada_auditoria_parcial,primeiro_turno
2022,1,Quaest/Genial[61],2022-08-11,2022-08-14,2022-08-14,2000,wikipedia_tabela_2,Gomes,6.0,0,12.0,https://en.wikipedia.org/wiki/Opinion_polling_for_the_2022_Brazilian_presidential_election,0,wikipedia_estruturada_auditoria_parcial,primeiro_turno
2022,1,Quaest/Genial[61],2022-08-11,2022-08-14,2022-08-14,2000,wikipedia_tabela_2,Tebet,3.0,0,12.0,https://en.wikipedia.org/wiki/Opinion_polling_for_the_2022_Brazilian_presidential_election,0,wikipedia_estruturada_auditoria_parcial,primeiro_turno
2022,1,FSB Comunicação[62],2022-08-05,2022-08-07,2022-08-07,2000,wikipedia_tabela_2,Lula,41.0,0,11.0,https://en.wikipedia.org/wiki/Opinion_polling_for_the_2022_Brazilian_presidential_election,0,wikipedia_estruturada_auditoria_parcial,primeiro_turno
2022,1,FSB Comunicação[62],2022-08-05,2022-08-07,2022-08-07,2000,wikipedia_tabela_2,Bolsonaro,34.0,0,11.0,https://en.wikipedia.org/wiki/Opinion_polling_for_the_2022_Brazilian_presidential_election,0,wikipedia_estruturada_auditoria_parcial,primeiro_turno
2022,1,FSB Comunicação[62],2022-08-05,2022-08-07,2022-08-07,2000,wikipedia_tabela_2,Gomes,7.0,0,11.0,https://en.wikipedia.org/wiki/Opinion_polling_for_the_2022_Brazilian_presidential_election,0,wikipedia_estruturada_auditoria_parcial,primeiro_turno
2022,1,FSB Comunicação[62],2022-08-05,2022-08-07,2022-08-07,2000,wikipedia_tabela_2,Tebet,3.0,0,11.0,https://en.wikipedia.org/wiki/Opinion_polling_for_the_2022_Brazilian_presidential_election,0,wikipedia_estruturada_auditoria_parcial,primeiro_turno
2022,1,PoderData[65],2022-07-31,2022-08-02,2022-08-02,3500,wikipedia_tabela_2,Lula,43.0,0,6.0,https://en.wikipedia.org/wiki/Opinion_polling_for_the_2022_Brazilian_presidential_election,0,wikipedia_estruturada_auditoria_parcial,primeiro_turno
2022,1,PoderData[65],2022-07-31,2022-08-02,2022-08-02,3500,wikipedia_tabela_2,Bolsonaro,35.0,0,6.0,https://en.wikipedia.org/wiki/Opinion_polling_for_the_2022_Brazilian_presidential_election,0,wikipedia_estruturada_auditoria_parcial,primeiro_turno
2022,1,PoderData[65],2022-07-31,2022-08-02,2022-08-02,3500,wikipedia_tabela_2,Gomes,7.0,0,6.0,https://en.wikipedia.org/wiki/Opinion_polling_for_the_2022_Brazilian_presidential_election,0,wikipedia_estruturada_auditoria_parcial,primeiro_turno
2022,1,PoderData[65],2022-07-31,2022-08-02,2022-08-02,3500,wikipedia_tabela_2,Tebet,4.0,0,6.0,https://en.wikipedia.org/wiki/Opinion_polling_for_the_2022_Brazilian_presidential_election,0,wikipedia_estruturada_auditoria_parcial,primeiro_turno
2022,1,Paraná Pesquisas[66],2022-07-28,2022-08-01,2022-08-01,2020,wikipedia_tabela_2,Lula,41.1,0,10.3,https://en.wikipedia.org/wiki/Opinion_polling_for_the_2022_Brazilian_presidential_election,0,wikipedia_estruturada_auditoria_parcial,primeiro_turno
2022,1,Paraná Pesquisas[66],2022-07-28,2022-08-01,2022-08-01,2020,wikipedia_tabela_2,Bolsonaro,35.6,0,10.3,https://en.wikipedia.org/wiki/Opinion_polling_for_the_2022_Brazilian_presidential_election,0,wikipedia_estruturada_auditoria_parcial,primeiro_turno
2022,1,Paraná Pesquisas[66],2022-07-28,2022-08-01,2022-08-01,2020,wikipedia_tabela_2,Gomes,7.9,0,10.3,https://en.wikipedia.org/wiki/Opinion_polling_for_the_2022_Brazilian_presidential_election,0,wikipedia_estruturada_auditoria_parcial,primeiro_turno
2022,1,Paraná Pesquisas[66],2022-07-28,2022-08-01,2022-08-01,2020,wikipedia_tabela_2,Tebet,1.8,0,10.3,https://en.wikipedia.org/wiki/Opinion_polling_for_the_2022_Brazilian_presidential_election,0,wikipedia_estruturada_auditoria_parcial,primeiro_turno
2022,1,Quaest/Genial[68],2022-07-28,2022-07-31,2022-07-31,2000,wikipedia_tabela_2,Lula,44.0,0,12.0,https://en.wikipedia.org/wiki/Opinion_polling_for_the_2022_Brazilian_presidential_election,0,wikipedia_estruturada_auditoria_parcial,primeiro_turno
2022,1,Quaest/Genial[68],2022-07-28,2022-07-31,2022-07-31,2000,wikipedia_tabela_2,Bolsonaro,32.0,0,12.0,https://en.wikipedia.org/wiki/Opinion_polling_for_the_2022_Brazilian_presidential_election,0,wikipedia_estruturada_auditoria_parcial,primeiro_turno
2022,1,Quaest/Genial[68],2022-07-28,2022-07-31,2022-07-31,2000,wikipedia_tabela_2,Gomes,5.0,0,12.0,https://en.wikipedia.org/wiki/Opinion_polling_for_the_2022_Brazilian_presidential_election,0,wikipedia_estruturada_auditoria_parcial,primeiro_turno
2022,1,Quaest/Genial[68],2022-07-28,2022-07-31,2022-07-31,2000,wikipedia_tabela_2,Tebet,2.0,0,12.0,https://en.wikipedia.org/wiki/Opinion_polling_for_the_2022_Brazilian_presidential_election,0,wikipedia_estruturada_auditoria_parcial,primeiro_turno
2022,1,Datafolha[69],2022-07-27,2022-07-28,2022-07-28,2566,wikipedia_tabela_2,Lula,47.0,0,9.0,https://en.wikipedia.org/wiki/Opinion_polling_for_the_2022_Brazilian_presidential_election,0,wikipedia_estruturada_auditoria_parcial,primeiro_turno
2022,1,Datafolha[69],2022-07-27,2022-07-28,2022-07-28,2566,wikipedia_tabela_2,Bolsonaro,29.0,0,9.0,https://en.wikipedia.org/wiki/Opinion_polling_for_the_2022_Brazilian_presidential_election,0,wikipedia_estruturada_auditoria_parcial,primeiro_turno
2022,1,Datafolha[69],2022-07-27,2022-07-28,2022-07-28,2566,wikipedia_tabela_2,Gomes,8.0,0,9.0,https://en.wikipedia.org/wiki/Opinion_polling_for_the_2022_Brazilian_presidential_election,0,wikipedia_estruturada_auditoria_parcial,primeiro_turno
2022,1,Datafolha[69],2022-07-27,2022-07-28,2022-07-28,2566,wikipedia_tabela_2,Tebet,2.0,0,9.0,https://en.wikipedia.org/wiki/Opinion_polling_for_the_2022_Brazilian_presidential_election,0,wikipedia_estruturada_auditoria_parcial,primeiro_turno
2022,1,BTG/FSB[70],2022-07-22,2022-07-24,2022-07-24,2000,wikipedia_tabela_2,Lula,44.0,0,10.0,https://en.wikipedia.org/wiki/Opinion_polling_for_the_2022_Brazilian_presidential_election,0,wikipedia_estruturada_auditoria_parcial,primeiro_turno
2022,1,BTG/FSB[70],2022-07-22,2022-07-24,2022-07-24,2000,wikipedia_tabela_2,Bolsonaro,31.0,0,10.0,https://en.wikipedia.org/wiki/Opinion_polling_for_the_2022_Brazilian_presidential_election,0,wikipedia_estruturada_auditoria_parcial,primeiro_turno
2022,1,BTG/FSB[70],2022-07-22,2022-07-24,2022-07-24,2000,wikipedia_tabela_2,Gomes,9.0,0,10.0,https://en.wikipedia.org/wiki/Opinion_polling_for_the_2022_Brazilian_presidential_election,0,wikipedia_estruturada_auditoria_parcial,primeiro_turno
2022,1,BTG/FSB[70],2022-07-22,2022-07-24,2022-07-24,2000,wikipedia_tabela_2,Tebet,2.0,0,10.0,https://en.wikipedia.org/wiki/Opinion_polling_for_the_2022_Brazilian_presidential_election,0,wikipedia_estruturada_auditoria_parcial,primeiro_turno
2022,1,XP/Ipespe[71],2022-07-20,2022-07-22,2022-07-22,2000,wikipedia_tabela_2,Lula,44.0,0,6.0,https://en.wikipedia.org/wiki/Opinion_polling_for_the_2022_Brazilian_presidential_election,0,wikipedia_estruturada_auditoria_parcial,primeiro_turno
2022,1,XP/Ipespe[71],2022-07-20,2022-07-22,2022-07-22,2000,wikipedia_tabela_2,Bolsonaro,35.0,0,6.0,https://en.wikipedia.org/wiki/Opinion_polling_for_the_2022_Brazilian_presidential_election,0,wikipedia_estruturada_auditoria_parcial,primeiro_turno
2022,1,XP/Ipespe[71],2022-07-20,2022-07-22,2022-07-22,2000,wikipedia_tabela_2,Gomes,9.0,0,6.0,https://en.wikipedia.org/wiki/Opinion_polling_for_the_2022_Brazilian_presidential_election,0,wikipedia_estruturada_auditoria_parcial,primeiro_turno
2022,1,XP/Ipespe[71],2022-07-20,2022-07-22,2022-07-22,2000,wikipedia_tabela_2,Tebet,4.0,0,6.0,https://en.wikipedia.org/wiki/Opinion_polling_for_the_2022_Brazilian_presidential_election,0,wikipedia_estruturada_auditoria_parcial,primeiro_turno
2022,1,Exame/Ideia[73],2022-07-15,2022-07-20,2022-07-20,1500,wikipedia_tabela_2,Lula,44.0,0,7.0,https://en.wikipedia.org/wiki/Opinion_polling_for_the_2022_Brazilian_presidential_election,0,wikipedia_estruturada_auditoria_parcial,primeiro_turno
2022,1,Exame/Ideia[73],2022-07-15,2022-07-20,2022-07-20,1500,wikipedia_tabela_2,Bolsonaro,33.0,0,7.0,https://en.wikipedia.org/wiki/Opinion_polling_for_the_2022_Brazilian_presidential_election,0,wikipedia_estruturada_auditoria_parcial,primeiro_turno
2022,1,Exame/Ideia[73],2022-07-15,2022-07-20,2022-07-20,1500,wikipedia_tabela_2,Gomes,8.0,0,7.0,https://en.wikipedia.org/wiki/Opinion_polling_for_the_2022_Brazilian_presidential_election,0,wikipedia_estruturada_auditoria_parcial,primeiro_turno
2022,1,Exame/Ideia[73],2022-07-15,2022-07-20,2022-07-20,1500,wikipedia_tabela_2,Tebet,4.0,0,7.0,https://en.wikipedia.org/wiki/Opinion_polling_for_the_2022_Brazilian_presidential_election,0,wikipedia_estruturada_auditoria_parcial,primeiro_turno
2022,1,PoderData[74],2022-07-17,2022-07-19,2022-07-19,3000,wikipedia_tabela_2,Lula,43.0,0,8.0,https://en.wikipedia.org/wiki/Opinion_polling_for_the_2022_Brazilian_presidential_election,0,wikipedia_estruturada_auditoria_parcial,primeiro_turno
2022,1,PoderData[74],2022-07-17,2022-07-19,2022-07-19,3000,wikipedia_tabela_2,Bolsonaro,37.0,0,8.0,https://en.wikipedia.org/wiki/Opinion_polling_for_the_2022_Brazilian_presidential_election,0,wikipedia_estruturada_auditoria_parcial,primeiro_turno
2022,1,PoderData[74],2022-07-17,2022-07-19,2022-07-19,3000,wikipedia_tabela_2,Gomes,6.0,0,8.0,https://en.wikipedia.org/wiki/Opinion_polling_for_the_2022_Brazilian_presidential_election,0,wikipedia_estruturada_auditoria_parcial,primeiro_turno
2022,1,PoderData[74],2022-07-17,2022-07-19,2022-07-19,3000,wikipedia_tabela_2,Tebet,3.0,0,8.0,https://en.wikipedia.org/wiki/Opinion_polling_for_the_2022_Brazilian_presidential_election,0,wikipedia_estruturada_auditoria_parcial,primeiro_turno
2022,1,PoderData[76],2022-07-03,2022-07-05,2022-07-05,3000,wikipedia_tabela_2,Lula,44.0,0,9.0,https://en.wikipedia.org/wiki/Opinion_polling_for_the_2022_Brazilian_presidential_election,0,wikipedia_estruturada_auditoria_parcial,primeiro_turno
2022,1,PoderData[76],2022-07-03,2022-07-05,2022-07-05,3000,wikipedia_tabela_2,Bolsonaro,36.0,0,9.0,https://en.wikipedia.org/wiki/Opinion_polling_for_the_2022_Brazilian_presidential_election,0,wikipedia_estruturada_auditoria_parcial,primeiro_turno
2022,1,PoderData[76],2022-07-03,2022-07-05,2022-07-05,3000,wikipedia_tabela_2,Gomes,5.0,0,9.0,https://en.wikipedia.org/wiki/Opinion_polling_for_the_2022_Brazilian_presidential_election,0,wikipedia_estruturada_auditoria_parcial,primeiro_turno
2022,1,PoderData[76],2022-07-03,2022-07-05,2022-07-05,3000,wikipedia_tabela_2,Tebet,3.0,0,9.0,https://en.wikipedia.org/wiki/Opinion_polling_for_the_2022_Brazilian_presidential_election,0,wikipedia_estruturada_auditoria_parcial,primeiro_turno
2022,1,BTG/FSB[78],2022-06-24,2022-06-26,2022-06-26,2000,wikipedia_tabela_3,Lula,43.0,0,9.0,https://en.wikipedia.org/wiki/Opinion_polling_for_the_2022_Brazilian_presidential_election,0,wikipedia_estruturada_auditoria_parcial,primeiro_turno
2022,1,BTG/FSB[78],2022-06-24,2022-06-26,2022-06-26,2000,wikipedia_tabela_3,Bolsonaro,33.0,0,9.0,https://en.wikipedia.org/wiki/Opinion_polling_for_the_2022_Brazilian_presidential_election,0,wikipedia_estruturada_auditoria_parcial,primeiro_turno
2022,1,BTG/FSB[78],2022-06-24,2022-06-26,2022-06-26,2000,wikipedia_tabela_3,Gomes,8.0,0,9.0,https://en.wikipedia.org/wiki/Opinion_polling_for_the_2022_Brazilian_presidential_election,0,wikipedia_estruturada_auditoria_parcial,primeiro_turno
2022,1,Modalmais/Futura[79],2022-06-20,2022-06-24,2022-06-24,2000,wikipedia_tabela_3,Lula,38.9,0,11.0,https://en.wikipedia.org/wiki/Opinion_polling_for_the_2022_Brazilian_presidential_election,0,wikipedia_estruturada_auditoria_parcial,primeiro_turno
2022,1,Modalmais/Futura[79],2022-06-20,2022-06-24,2022-06-24,2000,wikipedia_tabela_3,Bolsonaro,37.6,0,11.0,https://en.wikipedia.org/wiki/Opinion_polling_for_the_2022_Brazilian_presidential_election,0,wikipedia_estruturada_auditoria_parcial,primeiro_turno
2022,1,Modalmais/Futura[79],2022-06-20,2022-06-24,2022-06-24,2000,wikipedia_tabela_3,Gomes,7.3,0,11.0,https://en.wikipedia.org/wiki/Opinion_polling_for_the_2022_Brazilian_presidential_election,0,wikipedia_estruturada_auditoria_parcial,primeiro_turno
2022,1,Datafolha[80],2022-06-22,2022-06-23,2022-06-23,2556,wikipedia_tabela_3,Lula,47.0,0,11.0,https://en.wikipedia.org/wiki/Opinion_polling_for_the_2022_Brazilian_presidential_election,0,wikipedia_estruturada_auditoria_parcial,primeiro_turno
2022,1,Datafolha[80],2022-06-22,2022-06-23,2022-06-23,2556,wikipedia_tabela_3,Bolsonaro,28.0,0,11.0,https://en.wikipedia.org/wiki/Opinion_polling_for_the_2022_Brazilian_presidential_election,0,wikipedia_estruturada_auditoria_parcial,primeiro_turno
2022,1,Datafolha[80],2022-06-22,2022-06-23,2022-06-23,2556,wikipedia_tabela_3,Gomes,8.0,0,11.0,https://en.wikipedia.org/wiki/Opinion_polling_for_the_2022_Brazilian_presidential_election,0,wikipedia_estruturada_auditoria_parcial,primeiro_turno
2022,1,Exame/Ideia[81],2022-06-17,2022-06-22,2022-06-22,1500,wikipedia_tabela_3,Lula,45.0,0,7.0,https://en.wikipedia.org/wiki/Opinion_polling_for_the_2022_Brazilian_presidential_election,0,wikipedia_estruturada_auditoria_parcial,primeiro_turno
2022,1,Exame/Ideia[81],2022-06-17,2022-06-22,2022-06-22,1500,wikipedia_tabela_3,Bolsonaro,36.0,0,7.0,https://en.wikipedia.org/wiki/Opinion_polling_for_the_2022_Brazilian_presidential_election,0,wikipedia_estruturada_auditoria_parcial,primeiro_turno
2022,1,Exame/Ideia[81],2022-06-17,2022-06-22,2022-06-22,1500,wikipedia_tabela_3,Gomes,7.0,0,7.0,https://en.wikipedia.org/wiki/Opinion_polling_for_the_2022_Brazilian_presidential_election,0,wikipedia_estruturada_auditoria_parcial,primeiro_turno
2022,1,PoderData[82],2022-06-19,2022-06-21,2022-06-21,3000,wikipedia_tabela_3,Lula,44.0,0,9.0,https://en.wikipedia.org/wiki/Opinion_polling_for_the_2022_Brazilian_presidential_election,0,wikipedia_estruturada_auditoria_parcial,primeiro_turno
2022,1,PoderData[82],2022-06-19,2022-06-21,2022-06-21,3000,wikipedia_tabela_3,Bolsonaro,34.0,0,9.0,https://en.wikipedia.org/wiki/Opinion_polling_for_the_2022_Brazilian_presidential_election,0,wikipedia_estruturada_auditoria_parcial,primeiro_turno
2022,1,PoderData[82],2022-06-19,2022-06-21,2022-06-21,3000,wikipedia_tabela_3,Gomes,6.0,0,9.0,https://en.wikipedia.org/wiki/Opinion_polling_for_the_2022_Brazilian_presidential_election,0,wikipedia_estruturada_auditoria_parcial,primeiro_turno
2022,1,BTG/FSB[83],2022-06-10,2022-06-12,2022-06-12,2000,wikipedia_tabela_3,Lula,44.0,0,8.0,https://en.wikipedia.org/wiki/Opinion_polling_for_the_2022_Brazilian_presidential_election,0,wikipedia_estruturada_auditoria_parcial,primeiro_turno
2022,1,BTG/FSB[83],2022-06-10,2022-06-12,2022-06-12,2000,wikipedia_tabela_3,Bolsonaro,32.0,0,8.0,https://en.wikipedia.org/wiki/Opinion_polling_for_the_2022_Brazilian_presidential_election,0,wikipedia_estruturada_auditoria_parcial,primeiro_turno
2022,1,BTG/FSB[83],2022-06-10,2022-06-12,2022-06-12,2000,wikipedia_tabela_3,Gomes,9.0,0,8.0,https://en.wikipedia.org/wiki/Opinion_polling_for_the_2022_Brazilian_presidential_election,0,wikipedia_estruturada_auditoria_parcial,primeiro_turno
2022,1,PoderData[84],2022-06-05,2022-06-07,2022-06-07,3000,wikipedia_tabela_3,Lula,43.0,0,10.0,https://en.wikipedia.org/wiki/Opinion_polling_for_the_2022_Brazilian_presidential_election,0,wikipedia_estruturada_auditoria_parcial,primeiro_turno
2022,1,PoderData[84],2022-06-05,2022-06-07,2022-06-07,3000,wikipedia_tabela_3,Bolsonaro,35.0,0,10.0,https://en.wikipedia.org/wiki/Opinion_polling_for_the_2022_Brazilian_presidential_election,0,wikipedia_estruturada_auditoria_parcial,primeiro_turno
2022,1,PoderData[84],2022-06-05,2022-06-07,2022-06-07,3000,wikipedia_tabela_3,Gomes,6.0,0,10.0,https://en.wikipedia.org/wiki/Opinion_polling_for_the_2022_Brazilian_presidential_election,0,wikipedia_estruturada_auditoria_parcial,primeiro_turno
2022,1,XP/Ipespe[87],2022-05-30,2022-06-01,2022-06-01,1000,wikipedia_tabela_3,Lula,45.0,0,7.0,https://en.wikipedia.org/wiki/Opinion_polling_for_the_2022_Brazilian_presidential_election,0,wikipedia_estruturada_auditoria_parcial,primeiro_turno
2022,1,XP/Ipespe[87],2022-05-30,2022-06-01,2022-06-01,1000,wikipedia_tabela_3,Bolsonaro,34.0,0,7.0,https://en.wikipedia.org/wiki/Opinion_polling_for_the_2022_Brazilian_presidential_election,0,wikipedia_estruturada_auditoria_parcial,primeiro_turno
2022,1,XP/Ipespe[87],2022-05-30,2022-06-01,2022-06-01,1000,wikipedia_tabela_3,Gomes,9.0,0,7.0,https://en.wikipedia.org/wiki/Opinion_polling_for_the_2022_Brazilian_presidential_election,0,wikipedia_estruturada_auditoria_parcial,primeiro_turno
2022,1,Paraná Pesquisas[88],2022-05-26,2022-05-30,2022-05-30,2020,wikipedia_tabela_3,Lula,41.4,0,10.1,https://en.wikipedia.org/wiki/Opinion_polling_for_the_2022_Brazilian_presidential_election,0,wikipedia_estruturada_auditoria_parcial,primeiro_turno
2022,1,Paraná Pesquisas[88],2022-05-26,2022-05-30,2022-05-30,2020,wikipedia_tabela_3,Bolsonaro,35.3,0,10.1,https://en.wikipedia.org/wiki/Opinion_polling_for_the_2022_Brazilian_presidential_election,0,wikipedia_estruturada_auditoria_parcial,primeiro_turno
2022,1,Paraná Pesquisas[88],2022-05-26,2022-05-30,2022-05-30,2020,wikipedia_tabela_3,Gomes,7.7,0,10.1,https://en.wikipedia.org/wiki/Opinion_polling_for_the_2022_Brazilian_presidential_election,0,wikipedia_estruturada_auditoria_parcial,primeiro_turno
2022,1,BTG/FSB[89],2022-05-27,2022-05-29,2022-05-29,2000,wikipedia_tabela_3,Lula,46.0,0,8.0,https://en.wikipedia.org/wiki/Opinion_polling_for_the_2022_Brazilian_presidential_election,0,wikipedia_estruturada_auditoria_parcial,primeiro_turno
2022,1,BTG/FSB[89],2022-05-27,2022-05-29,2022-05-29,2000,wikipedia_tabela_3,Bolsonaro,32.0,0,8.0,https://en.wikipedia.org/wiki/Opinion_polling_for_the_2022_Brazilian_presidential_election,0,wikipedia_estruturada_auditoria_parcial,primeiro_turno
2022,1,BTG/FSB[89],2022-05-27,2022-05-29,2022-05-29,2000,wikipedia_tabela_3,Gomes,9.0,0,8.0,https://en.wikipedia.org/wiki/Opinion_polling_for_the_2022_Brazilian_presidential_election,0,wikipedia_estruturada_auditoria_parcial,primeiro_turno
2022,1,Datafolha[90],2022-05-25,2022-05-26,2022-05-26,2556,wikipedia_tabela_3,Lula,48.0,0,11.0,https://en.wikipedia.org/wiki/Opinion_polling_for_the_2022_Brazilian_presidential_election,0,wikipedia_estruturada_auditoria_parcial,primeiro_turno
2022,1,Datafolha[90],2022-05-25,2022-05-26,2022-05-26,2556,wikipedia_tabela_3,Bolsonaro,27.0,0,11.0,https://en.wikipedia.org/wiki/Opinion_polling_for_the_2022_Brazilian_presidential_election,0,wikipedia_estruturada_auditoria_parcial,primeiro_turno
2022,1,Datafolha[90],2022-05-25,2022-05-26,2022-05-26,2556,wikipedia_tabela_3,Gomes,7.0,0,11.0,https://en.wikipedia.org/wiki/Opinion_polling_for_the_2022_Brazilian_presidential_election,0,wikipedia_estruturada_auditoria_parcial,primeiro_turno
2022,1,XP/Ipespe[91],2022-05-23,2022-05-25,2022-05-25,1000,wikipedia_tabela_3,Lula,45.0,0,5.0,https://en.wikipedia.org/wiki/Opinion_polling_for_the_2022_Brazilian_presidential_election,0,wikipedia_estruturada_auditoria_parcial,primeiro_turno
2022,1,XP/Ipespe[91],2022-05-23,2022-05-25,2022-05-25,1000,wikipedia_tabela_3,Bolsonaro,34.0,0,5.0,https://en.wikipedia.org/wiki/Opinion_polling_for_the_2022_Brazilian_presidential_election,0,wikipedia_estruturada_auditoria_parcial,primeiro_turno
2022,1,XP/Ipespe[91],2022-05-23,2022-05-25,2022-05-25,1000,wikipedia_tabela_3,Gomes,8.0,0,5.0,https://en.wikipedia.org/wiki/Opinion_polling_for_the_2022_Brazilian_presidential_election,0,wikipedia_estruturada_auditoria_parcial,primeiro_turno
2022,1,CNN Brasil/Real Time Big Data[92],2022-05-23,2022-05-24,2022-05-24,3000,wikipedia_tabela_3,Lula,40.0,0,13.0,https://en.wikipedia.org/wiki/Opinion_polling_for_the_2022_Brazilian_presidential_election,0,wikipedia_estruturada_auditoria_parcial,primeiro_turno
2022,1,CNN Brasil/Real Time Big Data[92],2022-05-23,2022-05-24,2022-05-24,3000,wikipedia_tabela_3,Bolsonaro,32.0,0,13.0,https://en.wikipedia.org/wiki/Opinion_polling_for_the_2022_Brazilian_presidential_election,0,wikipedia_estruturada_auditoria_parcial,primeiro_turno
2022,1,CNN Brasil/Real Time Big Data[92],2022-05-23,2022-05-24,2022-05-24,3000,wikipedia_tabela_3,Gomes,9.0,0,13.0,https://en.wikipedia.org/wiki/Opinion_polling_for_the_2022_Brazilian_presidential_election,0,wikipedia_estruturada_auditoria_parcial,primeiro_turno
2022,1,PoderData[93],2022-05-22,2022-05-24,2022-05-24,3000,wikipedia_tabela_3,Lula,43.0,0,10.0,https://en.wikipedia.org/wiki/Opinion_polling_for_the_2022_Brazilian_presidential_election,0,wikipedia_estruturada_auditoria_parcial,primeiro_turno
2022,1,PoderData[93],2022-05-22,2022-05-24,2022-05-24,3000,wikipedia_tabela_3,Bolsonaro,35.0,0,10.0,https://en.wikipedia.org/wiki/Opinion_polling_for_the_2022_Brazilian_presidential_election,0,wikipedia_estruturada_auditoria_parcial,primeiro_turno
2022,1,PoderData[93],2022-05-22,2022-05-24,2022-05-24,3000,wikipedia_tabela_3,Gomes,5.0,0,10.0,https://en.wikipedia.org/wiki/Opinion_polling_for_the_2022_Brazilian_presidential_election,0,wikipedia_estruturada_auditoria_parcial,primeiro_turno
2022,1,Modalmais/Futura[96],2022-05-16,2022-05-19,2022-05-19,2000,wikipedia_tabela_3,Lula,41.0,0,10.8,https://en.wikipedia.org/wiki/Opinion_polling_for_the_2022_Brazilian_presidential_election,0,wikipedia_estruturada_auditoria_parcial,primeiro_turno
2022,1,Modalmais/Futura[96],2022-05-16,2022-05-19,2022-05-19,2000,wikipedia_tabela_3,Bolsonaro,36.0,0,10.8,https://en.wikipedia.org/wiki/Opinion_polling_for_the_2022_Brazilian_presidential_election,0,wikipedia_estruturada_auditoria_parcial,primeiro_turno
2022,1,Modalmais/Futura[96],2022-05-16,2022-05-19,2022-05-19,2000,wikipedia_tabela_3,Gomes,5.6,0,10.8,https://en.wikipedia.org/wiki/Opinion_polling_for_the_2022_Brazilian_presidential_election,0,wikipedia_estruturada_auditoria_parcial,primeiro_turno
2022,1,XP/Ipespe[98],2022-05-16,2022-05-18,2022-05-18,1000,wikipedia_tabela_3,Lula,44.0,0,8.0,https://en.wikipedia.org/wiki/Opinion_polling_for_the_2022_Brazilian_presidential_election,0,wikipedia_estruturada_auditoria_parcial,primeiro_turno
2022,1,XP/Ipespe[98],2022-05-16,2022-05-18,2022-05-18,1000,wikipedia_tabela_3,Bolsonaro,32.0,0,8.0,https://en.wikipedia.org/wiki/Opinion_polling_for_the_2022_Brazilian_presidential_election,0,wikipedia_estruturada_auditoria_parcial,primeiro_turno
2022,1,XP/Ipespe[98],2022-05-16,2022-05-18,2022-05-18,1000,wikipedia_tabela_3,Gomes,8.0,0,8.0,https://en.wikipedia.org/wiki/Opinion_polling_for_the_2022_Brazilian_presidential_election,0,wikipedia_estruturada_auditoria_parcial,primeiro_turno
2022,1,XP/Ipespe[99],2022-05-09,2022-05-11,2022-05-11,1000,wikipedia_tabela_3,Lula,44.0,0,10.0,https://en.wikipedia.org/wiki/Opinion_polling_for_the_2022_Brazilian_presidential_election,0,wikipedia_estruturada_auditoria_parcial,primeiro_turno
2022,1,XP/Ipespe[99],2022-05-09,2022-05-11,2022-05-11,1000,wikipedia_tabela_3,Bolsonaro,32.0,0,10.0,https://en.wikipedia.org/wiki/Opinion_polling_for_the_2022_Brazilian_presidential_election,0,wikipedia_estruturada_auditoria_parcial,primeiro_turno
2022,1,XP/Ipespe[99],2022-05-09,2022-05-11,2022-05-11,1000,wikipedia_tabela_3,Gomes,8.0,0,10.0,https://en.wikipedia.org/wiki/Opinion_polling_for_the_2022_Brazilian_presidential_election,0,wikipedia_estruturada_auditoria_parcial,primeiro_turno
2022,1,CNT/MDA[104],2022-05-04,2022-05-07,2022-05-07,2002,wikipedia_tabela_3,Lula,40.6,0,12.1,https://en.wikipedia.org/wiki/Opinion_polling_for_the_2022_Brazilian_presidential_election,0,wikipedia_estruturada_auditoria_parcial,primeiro_turno
2022,1,CNT/MDA[104],2022-05-04,2022-05-07,2022-05-07,2002,wikipedia_tabela_3,Bolsonaro,32.0,0,12.1,https://en.wikipedia.org/wiki/Opinion_polling_for_the_2022_Brazilian_presidential_election,0,wikipedia_estruturada_auditoria_parcial,primeiro_turno
2022,1,CNT/MDA[104],2022-05-04,2022-05-07,2022-05-07,2002,wikipedia_tabela_3,Gomes,7.1,0,12.1,https://en.wikipedia.org/wiki/Opinion_polling_for_the_2022_Brazilian_presidential_election,0,wikipedia_estruturada_auditoria_parcial,primeiro_turno
2022,1,XP/Ipespe[105],2022-05-02,2022-05-04,2022-05-04,1000,wikipedia_tabela_3,Lula,44.0,0,10.0,https://en.wikipedia.org/wiki/Opinion_polling_for_the_2022_Brazilian_presidential_election,0,wikipedia_estruturada_auditoria_parcial,primeiro_turno
2022,1,XP/Ipespe[105],2022-05-02,2022-05-04,2022-05-04,1000,wikipedia_tabela_3,Bolsonaro,31.0,0,10.0,https://en.wikipedia.org/wiki/Opinion_polling_for_the_2022_Brazilian_presidential_election,0,wikipedia_estruturada_auditoria_parcial,primeiro_turno
2022,1,XP/Ipespe[105],2022-05-02,2022-05-04,2022-05-04,1000,wikipedia_tabela_3,Gomes,8.0,0,10.0,https://en.wikipedia.org/wiki/Opinion_polling_for_the_2022_Brazilian_presidential_election,0,wikipedia_estruturada_auditoria_parcial,primeiro_turno
2022,1,PoderData[107],2022-04-24,2022-04-26,2022-04-26,3000,wikipedia_tabela_3,Lula,41.0,0,7.0,https://en.wikipedia.org/wiki/Opinion_polling_for_the_2022_Brazilian_presidential_election,0,wikipedia_estruturada_auditoria_parcial,primeiro_turno
2022,1,PoderData[107],2022-04-24,2022-04-26,2022-04-26,3000,wikipedia_tabela_3,Bolsonaro,36.0,0,7.0,https://en.wikipedia.org/wiki/Opinion_polling_for_the_2022_Brazilian_presidential_election,0,wikipedia_estruturada_auditoria_parcial,primeiro_turno
2022,1,PoderData[107],2022-04-24,2022-04-26,2022-04-26,3000,wikipedia_tabela_3,Gomes,6.0,0,7.0,https://en.wikipedia.org/wiki/Opinion_polling_for_the_2022_Brazilian_presidential_election,0,wikipedia_estruturada_auditoria_parcial,primeiro_turno
2022,1,BTG/FSB[108],2022-04-22,2022-04-24,2022-04-24,2000,wikipedia_tabela_3,Lula,41.0,0,9.0,https://en.wikipedia.org/wiki/Opinion_polling_for_the_2022_Brazilian_presidential_election,0,wikipedia_estruturada_auditoria_parcial,primeiro_turno
2022,1,BTG/FSB[108],2022-04-22,2022-04-24,2022-04-24,2000,wikipedia_tabela_3,Bolsonaro,32.0,0,9.0,https://en.wikipedia.org/wiki/Opinion_polling_for_the_2022_Brazilian_presidential_election,0,wikipedia_estruturada_auditoria_parcial,primeiro_turno
2022,1,BTG/FSB[108],2022-04-22,2022-04-24,2022-04-24,2000,wikipedia_tabela_3,Gomes,9.0,0,9.0,https://en.wikipedia.org/wiki/Opinion_polling_for_the_2022_Brazilian_presidential_election,0,wikipedia_estruturada_auditoria_parcial,primeiro_turno
2022,1,XP/Ipespe[109],2022-04-18,2022-04-20,2022-04-20,1000,wikipedia_tabela_3,Lula,45.0,0,10.0,https://en.wikipedia.org/wiki/Opinion_polling_for_the_2022_Brazilian_presidential_election,0,wikipedia_estruturada_auditoria_parcial,primeiro_turno
2022,1,XP/Ipespe[109],2022-04-18,2022-04-20,2022-04-20,1000,wikipedia_tabela_3,Bolsonaro,31.0,0,10.0,https://en.wikipedia.org/wiki/Opinion_polling_for_the_2022_Brazilian_presidential_election,0,wikipedia_estruturada_auditoria_parcial,primeiro_turno
2022,1,XP/Ipespe[109],2022-04-18,2022-04-20,2022-04-20,1000,wikipedia_tabela_3,Gomes,8.0,0,10.0,https://en.wikipedia.org/wiki/Opinion_polling_for_the_2022_Brazilian_presidential_election,0,wikipedia_estruturada_auditoria_parcial,primeiro_turno
2022,1,Exame/Ideia[110],2022-04-15,2022-04-20,2022-04-20,1500,wikipedia_tabela_3,Lula,42.0,0,7.0,https://en.wikipedia.org/wiki/Opinion_polling_for_the_2022_Brazilian_presidential_election,0,wikipedia_estruturada_auditoria_parcial,primeiro_turno
2022,1,Exame/Ideia[110],2022-04-15,2022-04-20,2022-04-20,1500,wikipedia_tabela_3,Bolsonaro,33.0,0,7.0,https://en.wikipedia.org/wiki/Opinion_polling_for_the_2022_Brazilian_presidential_election,0,wikipedia_estruturada_auditoria_parcial,primeiro_turno
2022,1,Exame/Ideia[110],2022-04-15,2022-04-20,2022-04-20,1500,wikipedia_tabela_3,Gomes,10.0,0,7.0,https://en.wikipedia.org/wiki/Opinion_polling_for_the_2022_Brazilian_presidential_election,0,wikipedia_estruturada_auditoria_parcial,primeiro_turno
2022,1,PoderData[113],2022-04-10,2022-04-12,2022-04-12,3000,wikipedia_tabela_3,Lula,40.0,0,11.0,https://en.wikipedia.org/wiki/Opinion_polling_for_the_2022_Brazilian_presidential_election,0,wikipedia_estruturada_auditoria_parcial,primeiro_turno
2022,1,PoderData[113],2022-04-10,2022-04-12,2022-04-12,3000,wikipedia_tabela_3,Bolsonaro,35.0,0,11.0,https://en.wikipedia.org/wiki/Opinion_polling_for_the_2022_Brazilian_presidential_election,0,wikipedia_estruturada_auditoria_parcial,primeiro_turno
2022,1,PoderData[113],2022-04-10,2022-04-12,2022-04-12,3000,wikipedia_tabela_3,Gomes,5.0,0,11.0,https://en.wikipedia.org/wiki/Opinion_polling_for_the_2022_Brazilian_presidential_election,0,wikipedia_estruturada_auditoria_parcial,primeiro_turno
2022,1,XP/Ipespe[114],2022-04-02,2022-04-05,2022-04-05,1000,wikipedia_tabela_3,Lula,44.0,0,12.0,https://en.wikipedia.org/wiki/Opinion_polling_for_the_2022_Brazilian_presidential_election,0,wikipedia_estruturada_auditoria_parcial,primeiro_turno
2022,1,XP/Ipespe[114],2022-04-02,2022-04-05,2022-04-05,1000,wikipedia_tabela_3,Bolsonaro,30.0,0,12.0,https://en.wikipedia.org/wiki/Opinion_polling_for_the_2022_Brazilian_presidential_election,0,wikipedia_estruturada_auditoria_parcial,primeiro_turno
2022,1,XP/Ipespe[114],2022-04-02,2022-04-05,2022-04-05,1000,wikipedia_tabela_3,Gomes,9.0,0,12.0,https://en.wikipedia.org/wiki/Opinion_polling_for_the_2022_Brazilian_presidential_election,0,wikipedia_estruturada_auditoria_parcial,primeiro_turno
2022,1,Paraná Pesquisas[115],2022-03-31,2022-04-05,2022-04-05,2020,wikipedia_tabela_3,Lula,41.5,0,13.1,https://en.wikipedia.org/wiki/Opinion_polling_for_the_2022_Brazilian_presidential_election,0,wikipedia_estruturada_auditoria_parcial,primeiro_turno
2022,1,Paraná Pesquisas[115],2022-03-31,2022-04-05,2022-04-05,2020,wikipedia_tabela_3,Bolsonaro,35.3,0,13.1,https://en.wikipedia.org/wiki/Opinion_polling_for_the_2022_Brazilian_presidential_election,0,wikipedia_estruturada_auditoria_parcial,primeiro_turno
2022,1,Paraná Pesquisas[115],2022-03-31,2022-04-05,2022-04-05,2020,wikipedia_tabela_3,Gomes,5.8,0,13.1,https://en.wikipedia.org/wiki/Opinion_polling_for_the_2022_Brazilian_presidential_election,0,wikipedia_estruturada_auditoria_parcial,primeiro_turno
2022,1,Quaest/Genial[116],2022-04-01,2022-04-03,2022-04-03,2000,wikipedia_tabela_3,Lula,45.0,0,12.0,https://en.wikipedia.org/wiki/Opinion_polling_for_the_2022_Brazilian_presidential_election,0,wikipedia_estruturada_auditoria_parcial,primeiro_turno
2022,1,Quaest/Genial[116],2022-04-01,2022-04-03,2022-04-03,2000,wikipedia_tabela_3,Bolsonaro,31.0,0,12.0,https://en.wikipedia.org/wiki/Opinion_polling_for_the_2022_Brazilian_presidential_election,0,wikipedia_estruturada_auditoria_parcial,primeiro_turno
2022,1,Quaest/Genial[116],2022-04-01,2022-04-03,2022-04-03,2000,wikipedia_tabela_3,Gomes,6.0,0,12.0,https://en.wikipedia.org/wiki/Opinion_polling_for_the_2022_Brazilian_presidential_election,0,wikipedia_estruturada_auditoria_parcial,primeiro_turno
2022,1,Instituto GERP[117],2022-03-31,2022-04-05,2022-04-05,2095,wikipedia_tabela_4,Lula,37.0,0,7.0,https://en.wikipedia.org/wiki/Opinion_polling_for_the_2022_Brazilian_presidential_election,0,wikipedia_estruturada_auditoria_parcial,primeiro_turno
2022,1,Instituto GERP[117],2022-03-31,2022-04-05,2022-04-05,2095,wikipedia_tabela_4,Bolsonaro,35.0,0,7.0,https://en.wikipedia.org/wiki/Opinion_polling_for_the_2022_Brazilian_presidential_election,0,wikipedia_estruturada_auditoria_parcial,primeiro_turno
2022,1,Instituto GERP[117],2022-03-31,2022-04-05,2022-04-05,2095,wikipedia_tabela_4,Gomes,5.0,0,7.0,https://en.wikipedia.org/wiki/Opinion_polling_for_the_2022_Brazilian_presidential_election,0,wikipedia_estruturada_auditoria_parcial,primeiro_turno
2022,1,PoderData[119],2022-03-27,2022-03-29,2022-03-29,3000,wikipedia_tabela_4,Lula,41.0,0,7.0,https://en.wikipedia.org/wiki/Opinion_polling_for_the_2022_Brazilian_presidential_election,0,wikipedia_estruturada_auditoria_parcial,primeiro_turno
2022,1,PoderData[119],2022-03-27,2022-03-29,2022-03-29,3000,wikipedia_tabela_4,Bolsonaro,32.0,0,7.0,https://en.wikipedia.org/wiki/Opinion_polling_for_the_2022_Brazilian_presidential_election,0,wikipedia_estruturada_auditoria_parcial,primeiro_turno
2022,1,PoderData[119],2022-03-27,2022-03-29,2022-03-29,3000,wikipedia_tabela_4,Gomes,7.0,0,7.0,https://en.wikipedia.org/wiki/Opinion_polling_for_the_2022_Brazilian_presidential_election,0,wikipedia_estruturada_auditoria_parcial,primeiro_turno
2022,1,Modalmais/Futura[120],2022-03-21,2022-03-25,2022-03-25,2000,wikipedia_tabela_4,Lula,38.5,0,9.4,https://en.wikipedia.org/wiki/Opinion_polling_for_the_2022_Brazilian_presidential_election,0,wikipedia_estruturada_auditoria_parcial,primeiro_turno
2022,1,Modalmais/Futura[120],2022-03-21,2022-03-25,2022-03-25,2000,wikipedia_tabela_4,Bolsonaro,35.5,0,9.4,https://en.wikipedia.org/wiki/Opinion_polling_for_the_2022_Brazilian_presidential_election,0,wikipedia_estruturada_auditoria_parcial,primeiro_turno
2022,1,Modalmais/Futura[120],2022-03-21,2022-03-25,2022-03-25,2000,wikipedia_tabela_4,Gomes,5.1,0,9.4,https://en.wikipedia.org/wiki/Opinion_polling_for_the_2022_Brazilian_presidential_election,0,wikipedia_estruturada_auditoria_parcial,primeiro_turno
2022,1,XP/Ipespe[122],2022-03-21,2022-03-23,2022-03-23,1000,wikipedia_tabela_4,Lula,44.0,0,9.0,https://en.wikipedia.org/wiki/Opinion_polling_for_the_2022_Brazilian_presidential_election,0,wikipedia_estruturada_auditoria_parcial,primeiro_turno
2022,1,XP/Ipespe[122],2022-03-21,2022-03-23,2022-03-23,1000,wikipedia_tabela_4,Bolsonaro,26.0,0,9.0,https://en.wikipedia.org/wiki/Opinion_polling_for_the_2022_Brazilian_presidential_election,0,wikipedia_estruturada_auditoria_parcial,primeiro_turno
2022,1,XP/Ipespe[122],2022-03-21,2022-03-23,2022-03-23,1000,wikipedia_tabela_4,Gomes,7.0,0,9.0,https://en.wikipedia.org/wiki/Opinion_polling_for_the_2022_Brazilian_presidential_election,0,wikipedia_estruturada_auditoria_parcial,primeiro_turno
2022,1,Exame/Ideia[123],2022-03-18,2022-03-23,2022-03-23,1500,wikipedia_tabela_4,Lula,40.0,0,6.0,https://en.wikipedia.org/wiki/Opinion_polling_for_the_2022_Brazilian_presidential_election,0,wikipedia_estruturada_auditoria_parcial,primeiro_turno
2022,1,Exame/Ideia[123],2022-03-18,2022-03-23,2022-03-23,1500,wikipedia_tabela_4,Bolsonaro,29.0,0,6.0,https://en.wikipedia.org/wiki/Opinion_polling_for_the_2022_Brazilian_presidential_election,0,wikipedia_estruturada_auditoria_parcial,primeiro_turno
2022,1,Exame/Ideia[123],2022-03-18,2022-03-23,2022-03-23,1500,wikipedia_tabela_4,Gomes,9.0,0,6.0,https://en.wikipedia.org/wiki/Opinion_polling_for_the_2022_Brazilian_presidential_election,0,wikipedia_estruturada_auditoria_parcial,primeiro_turno
2022,1,FSB[124],2022-03-18,2022-03-20,2022-03-20,2000,wikipedia_tabela_4,Lula,43.0,0,5.0,https://en.wikipedia.org/wiki/Opinion_polling_for_the_2022_Brazilian_presidential_election,0,wikipedia_estruturada_auditoria_parcial,primeiro_turno
2022,1,FSB[124],2022-03-18,2022-03-20,2022-03-20,2000,wikipedia_tabela_4,Bolsonaro,29.0,0,5.0,https://en.wikipedia.org/wiki/Opinion_polling_for_the_2022_Brazilian_presidential_election,0,wikipedia_estruturada_auditoria_parcial,primeiro_turno
2022,1,FSB[124],2022-03-18,2022-03-20,2022-03-20,2000,wikipedia_tabela_4,Gomes,9.0,0,5.0,https://en.wikipedia.org/wiki/Opinion_polling_for_the_2022_Brazilian_presidential_election,0,wikipedia_estruturada_auditoria_parcial,primeiro_turno
2022,1,PoderData[125],2022-03-13,2022-03-15,2022-03-15,3000,wikipedia_tabela_4,Lula,40.0,0,8.0,https://en.wikipedia.org/wiki/Opinion_polling_for_the_2022_Brazilian_presidential_election,0,wikipedia_estruturada_auditoria_parcial,primeiro_turno
2022,1,PoderData[125],2022-03-13,2022-03-15,2022-03-15,3000,wikipedia_tabela_4,Bolsonaro,30.0,0,8.0,https://en.wikipedia.org/wiki/Opinion_polling_for_the_2022_Brazilian_presidential_election,0,wikipedia_estruturada_auditoria_parcial,primeiro_turno
2022,1,PoderData[125],2022-03-13,2022-03-15,2022-03-15,3000,wikipedia_tabela_4,Gomes,7.0,0,8.0,https://en.wikipedia.org/wiki/Opinion_polling_for_the_2022_Brazilian_presidential_election,0,wikipedia_estruturada_auditoria_parcial,primeiro_turno
2022,1,Ranking Brasil[127],2022-03-07,2022-03-12,2022-03-12,3000,wikipedia_tabela_4,Lula,39.0,0,10.5,https://en.wikipedia.org/wiki/Opinion_polling_for_the_2022_Brazilian_presidential_election,0,wikipedia_estruturada_auditoria_parcial,primeiro_turno
2022,1,Ranking Brasil[127],2022-03-07,2022-03-12,2022-03-12,3000,wikipedia_tabela_4,Bolsonaro,32.4,0,10.5,https://en.wikipedia.org/wiki/Opinion_polling_for_the_2022_Brazilian_presidential_election,0,wikipedia_estruturada_auditoria_parcial,primeiro_turno
2022,1,Ranking Brasil[127],2022-03-07,2022-03-12,2022-03-12,3000,wikipedia_tabela_4,Gomes,6.5,0,10.5,https://en.wikipedia.org/wiki/Opinion_polling_for_the_2022_Brazilian_presidential_election,0,wikipedia_estruturada_auditoria_parcial,primeiro_turno
2022,1,Instituto GERP[126],2022-03-07,2022-03-10,2022-03-10,2095,wikipedia_tabela_4,Lula,38.0,0,8.0,https://en.wikipedia.org/wiki/Opinion_polling_for_the_2022_Brazilian_presidential_election,0,wikipedia_estruturada_auditoria_parcial,primeiro_turno
2022,1,Instituto GERP[126],2022-03-07,2022-03-10,2022-03-10,2095,wikipedia_tabela_4,Bolsonaro,31.0,0,8.0,https://en.wikipedia.org/wiki/Opinion_polling_for_the_2022_Brazilian_presidential_election,0,wikipedia_estruturada_auditoria_parcial,primeiro_turno
2022,1,Instituto GERP[126],2022-03-07,2022-03-10,2022-03-10,2095,wikipedia_tabela_4,Gomes,5.0,0,8.0,https://en.wikipedia.org/wiki/Opinion_polling_for_the_2022_Brazilian_presidential_election,0,wikipedia_estruturada_auditoria_parcial,primeiro_turno
2022,1,XP/Ipespe[129],2022-03-07,2022-03-09,2022-03-09,1000,wikipedia_tabela_4,Lula,43.0,0,9.0,https://en.wikipedia.org/wiki/Opinion_polling_for_the_2022_Brazilian_presidential_election,0,wikipedia_estruturada_auditoria_parcial,primeiro_turno
2022,1,XP/Ipespe[129],2022-03-07,2022-03-09,2022-03-09,1000,wikipedia_tabela_4,Bolsonaro,28.0,0,9.0,https://en.wikipedia.org/wiki/Opinion_polling_for_the_2022_Brazilian_presidential_election,0,wikipedia_estruturada_auditoria_parcial,primeiro_turno
2022,1,XP/Ipespe[129],2022-03-07,2022-03-09,2022-03-09,1000,wikipedia_tabela_4,Gomes,8.0,0,9.0,https://en.wikipedia.org/wiki/Opinion_polling_for_the_2022_Brazilian_presidential_election,0,wikipedia_estruturada_auditoria_parcial,primeiro_turno
2022,1,Paraná Pesquisas[130],2022-03-03,2022-03-08,2022-03-08,2020,wikipedia_tabela_4,Lula,38.9,0,11.2,https://en.wikipedia.org/wiki/Opinion_polling_for_the_2022_Brazilian_presidential_election,0,wikipedia_estruturada_auditoria_parcial,primeiro_turno
2022,1,Paraná Pesquisas[130],2022-03-03,2022-03-08,2022-03-08,2020,wikipedia_tabela_4,Bolsonaro,30.9,0,11.2,https://en.wikipedia.org/wiki/Opinion_polling_for_the_2022_Brazilian_presidential_election,0,wikipedia_estruturada_auditoria_parcial,primeiro_turno
2022,1,Paraná Pesquisas[130],2022-03-03,2022-03-08,2022-03-08,2020,wikipedia_tabela_4,Gomes,6.8,0,11.2,https://en.wikipedia.org/wiki/Opinion_polling_for_the_2022_Brazilian_presidential_election,0,wikipedia_estruturada_auditoria_parcial,primeiro_turno
2022,1,PoderData[131],2022-02-27,2022-03-01,2022-03-01,3000,wikipedia_tabela_4,Lula,40.0,0,8.0,https://en.wikipedia.org/wiki/Opinion_polling_for_the_2022_Brazilian_presidential_election,0,wikipedia_estruturada_auditoria_parcial,primeiro_turno
2022,1,PoderData[131],2022-02-27,2022-03-01,2022-03-01,3000,wikipedia_tabela_4,Bolsonaro,32.0,0,8.0,https://en.wikipedia.org/wiki/Opinion_polling_for_the_2022_Brazilian_presidential_election,0,wikipedia_estruturada_auditoria_parcial,primeiro_turno
2022,1,PoderData[131],2022-02-27,2022-03-01,2022-03-01,3000,wikipedia_tabela_4,Gomes,7.0,0,8.0,https://en.wikipedia.org/wiki/Opinion_polling_for_the_2022_Brazilian_presidential_election,0,wikipedia_estruturada_auditoria_parcial,primeiro_turno
2022,1,Ipespe[132],2022-02-21,2022-02-23,2022-02-23,1000,wikipedia_tabela_4,Lula,43.0,0,9.0,https://en.wikipedia.org/wiki/Opinion_polling_for_the_2022_Brazilian_presidential_election,0,wikipedia_estruturada_auditoria_parcial,primeiro_turno
2022,1,Ipespe[132],2022-02-21,2022-02-23,2022-02-23,1000,wikipedia_tabela_4,Bolsonaro,26.0,0,9.0,https://en.wikipedia.org/wiki/Opinion_polling_for_the_2022_Brazilian_presidential_election,0,wikipedia_estruturada_auditoria_parcial,primeiro_turno
2022,1,Ipespe[132],2022-02-21,2022-02-23,2022-02-23,1000,wikipedia_tabela_4,Gomes,7.0,0,9.0,https://en.wikipedia.org/wiki/Opinion_polling_for_the_2022_Brazilian_presidential_election,0,wikipedia_estruturada_auditoria_parcial,primeiro_turno
2022,1,Exame/Ideia[133],2022-02-18,2022-02-22,2022-02-22,1500,wikipedia_tabela_4,Lula,42.0,0,6.0,https://en.wikipedia.org/wiki/Opinion_polling_for_the_2022_Brazilian_presidential_election,0,wikipedia_estruturada_auditoria_parcial,primeiro_turno
2022,1,Exame/Ideia[133],2022-02-18,2022-02-22,2022-02-22,1500,wikipedia_tabela_4,Bolsonaro,27.0,0,6.0,https://en.wikipedia.org/wiki/Opinion_polling_for_the_2022_Brazilian_presidential_election,0,wikipedia_estruturada_auditoria_parcial,primeiro_turno
2022,1,Exame/Ideia[133],2022-02-18,2022-02-22,2022-02-22,1500,wikipedia_tabela_4,Gomes,8.0,0,6.0,https://en.wikipedia.org/wiki/Opinion_polling_for_the_2022_Brazilian_presidential_election,0,wikipedia_estruturada_auditoria_parcial,primeiro_turno
2022,1,CNT/MDA[134],2022-02-16,2022-02-19,2022-02-19,2002,wikipedia_tabela_4,Lula,42.2,0,12.2,https://en.wikipedia.org/wiki/Opinion_polling_for_the_2022_Brazilian_presidential_election,0,wikipedia_estruturada_auditoria_parcial,primeiro_turno
2022,1,CNT/MDA[134],2022-02-16,2022-02-19,2022-02-19,2002,wikipedia_tabela_4,Bolsonaro,28.0,0,12.2,https://en.wikipedia.org/wiki/Opinion_polling_for_the_2022_Brazilian_presidential_election,0,wikipedia_estruturada_auditoria_parcial,primeiro_turno
2022,1,CNT/MDA[134],2022-02-16,2022-02-19,2022-02-19,2002,wikipedia_tabela_4,Gomes,6.7,0,12.2,https://en.wikipedia.org/wiki/Opinion_polling_for_the_2022_Brazilian_presidential_election,0,wikipedia_estruturada_auditoria_parcial,primeiro_turno
2022,1,Modalmais/Futura[120],2022-02-14,2022-02-17,2022-02-17,2000,wikipedia_tabela_4,Lula,35.0,0,10.5,https://en.wikipedia.org/wiki/Opinion_polling_for_the_2022_Brazilian_presidential_election,0,wikipedia_estruturada_auditoria_parcial,primeiro_turno
2022,1,Modalmais/Futura[120],2022-02-14,2022-02-17,2022-02-17,2000,wikipedia_tabela_4,Bolsonaro,34.7,0,10.5,https://en.wikipedia.org/wiki/Opinion_polling_for_the_2022_Brazilian_presidential_election,0,wikipedia_estruturada_auditoria_parcial,primeiro_turno
2022,1,Modalmais/Futura[120],2022-02-14,2022-02-17,2022-02-17,2000,wikipedia_tabela_4,Gomes,5.8,0,10.5,https://en.wikipedia.org/wiki/Opinion_polling_for_the_2022_Brazilian_presidential_election,0,wikipedia_estruturada_auditoria_parcial,primeiro_turno
2022,1,PoderData[135],2022-02-13,2022-02-15,2022-02-15,3000,wikipedia_tabela_4,Lula,40.0,0,8.0,https://en.wikipedia.org/wiki/Opinion_polling_for_the_2022_Brazilian_presidential_election,0,wikipedia_estruturada_auditoria_parcial,primeiro_turno
2022,1,PoderData[135],2022-02-13,2022-02-15,2022-02-15,3000,wikipedia_tabela_4,Bolsonaro,31.0,0,8.0,https://en.wikipedia.org/wiki/Opinion_polling_for_the_2022_Brazilian_presidential_election,0,wikipedia_estruturada_auditoria_parcial,primeiro_turno
2022,1,PoderData[135],2022-02-13,2022-02-15,2022-02-15,3000,wikipedia_tabela_4,Gomes,4.0,0,8.0,https://en.wikipedia.org/wiki/Opinion_polling_for_the_2022_Brazilian_presidential_election,0,wikipedia_estruturada_auditoria_parcial,primeiro_turno
2022,1,XP/Ipespe[136],2022-02-07,2022-02-09,2022-02-09,1000,wikipedia_tabela_4,Lula,43.0,0,12.0,https://en.wikipedia.org/wiki/Opinion_polling_for_the_2022_Brazilian_presidential_election,0,wikipedia_estruturada_auditoria_parcial,primeiro_turno
2022,1,XP/Ipespe[136],2022-02-07,2022-02-09,2022-02-09,1000,wikipedia_tabela_4,Bolsonaro,25.0,0,12.0,https://en.wikipedia.org/wiki/Opinion_polling_for_the_2022_Brazilian_presidential_election,0,wikipedia_estruturada_auditoria_parcial,primeiro_turno
2022,1,XP/Ipespe[136],2022-02-07,2022-02-09,2022-02-09,1000,wikipedia_tabela_4,Gomes,8.0,0,12.0,https://en.wikipedia.org/wiki/Opinion_polling_for_the_2022_Brazilian_presidential_election,0,wikipedia_estruturada_auditoria_parcial,primeiro_turno
2022,1,Quaest/Genial[137],2022-02-03,2022-02-06,2022-02-06,2000,wikipedia_tabela_4,Lula,45.0,0,13.0,https://en.wikipedia.org/wiki/Opinion_polling_for_the_2022_Brazilian_presidential_election,0,wikipedia_estruturada_auditoria_parcial,primeiro_turno
2022,1,Quaest/Genial[137],2022-02-03,2022-02-06,2022-02-06,2000,wikipedia_tabela_4,Bolsonaro,23.0,0,13.0,https://en.wikipedia.org/wiki/Opinion_polling_for_the_2022_Brazilian_presidential_election,0,wikipedia_estruturada_auditoria_parcial,primeiro_turno
2022,1,Quaest/Genial[137],2022-02-03,2022-02-06,2022-02-06,2000,wikipedia_tabela_4,Gomes,7.0,0,13.0,https://en.wikipedia.org/wiki/Opinion_polling_for_the_2022_Brazilian_presidential_election,0,wikipedia_estruturada_auditoria_parcial,primeiro_turno
2022,1,Paraná Pesquisas[138],2022-01-27,2022-02-01,2022-02-01,2020,wikipedia_tabela_4,Lula,40.1,0,10.3,https://en.wikipedia.org/wiki/Opinion_polling_for_the_2022_Brazilian_presidential_election,0,wikipedia_estruturada_auditoria_parcial,primeiro_turno
2022,1,Paraná Pesquisas[138],2022-01-27,2022-02-01,2022-02-01,2020,wikipedia_tabela_4,Bolsonaro,29.1,0,10.3,https://en.wikipedia.org/wiki/Opinion_polling_for_the_2022_Brazilian_presidential_election,0,wikipedia_estruturada_auditoria_parcial,primeiro_turno
2022,1,Paraná Pesquisas[138],2022-01-27,2022-02-01,2022-02-01,2020,wikipedia_tabela_4,Gomes,5.6,0,10.3,https://en.wikipedia.org/wiki/Opinion_polling_for_the_2022_Brazilian_presidential_election,0,wikipedia_estruturada_auditoria_parcial,primeiro_turno
2022,1,PoderData[139],2022-01-31,2022-02-01,2022-02-01,3000,wikipedia_tabela_4,Lula,41.0,0,8.0,https://en.wikipedia.org/wiki/Opinion_polling_for_the_2022_Brazilian_presidential_election,0,wikipedia_estruturada_auditoria_parcial,primeiro_turno
2022,1,PoderData[139],2022-01-31,2022-02-01,2022-02-01,3000,wikipedia_tabela_4,Bolsonaro,30.0,0,8.0,https://en.wikipedia.org/wiki/Opinion_polling_for_the_2022_Brazilian_presidential_election,0,wikipedia_estruturada_auditoria_parcial,primeiro_turno
2022,1,PoderData[139],2022-01-31,2022-02-01,2022-02-01,3000,wikipedia_tabela_4,Gomes,7.0,0,8.0,https://en.wikipedia.org/wiki/Opinion_polling_for_the_2022_Brazilian_presidential_election,0,wikipedia_estruturada_auditoria_parcial,primeiro_turno
2022,1,XP/Ipespe[140],2022-01-24,2022-01-25,2022-01-25,1000,wikipedia_tabela_4,Lula,44.0,0,12.0,https://en.wikipedia.org/wiki/Opinion_polling_for_the_2022_Brazilian_presidential_election,0,wikipedia_estruturada_auditoria_parcial,primeiro_turno
2022,1,XP/Ipespe[140],2022-01-24,2022-01-25,2022-01-25,1000,wikipedia_tabela_4,Bolsonaro,24.0,0,12.0,https://en.wikipedia.org/wiki/Opinion_polling_for_the_2022_Brazilian_presidential_election,0,wikipedia_estruturada_auditoria_parcial,primeiro_turno
2022,1,XP/Ipespe[140],2022-01-24,2022-01-25,2022-01-25,1000,wikipedia_tabela_4,Gomes,8.0,0,12.0,https://en.wikipedia.org/wiki/Opinion_polling_for_the_2022_Brazilian_presidential_election,0,wikipedia_estruturada_auditoria_parcial,primeiro_turno
2022,1,Modalmais/Futura[141],2022-01-17,2022-01-21,2022-01-21,2000,wikipedia_tabela_4,Lula,39.5,0,8.2,https://en.wikipedia.org/wiki/Opinion_polling_for_the_2022_Brazilian_presidential_election,0,wikipedia_estruturada_auditoria_parcial,primeiro_turno
2022,1,Modalmais/Futura[141],2022-01-17,2022-01-21,2022-01-21,2000,wikipedia_tabela_4,Bolsonaro,33.2,0,8.2,https://en.wikipedia.org/wiki/Opinion_polling_for_the_2022_Brazilian_presidential_election,0,wikipedia_estruturada_auditoria_parcial,primeiro_turno
2022,1,Modalmais/Futura[141],2022-01-17,2022-01-21,2022-01-21,2000,wikipedia_tabela_4,Gomes,7.5,0,8.2,https://en.wikipedia.org/wiki/Opinion_polling_for_the_2022_Brazilian_presidential_election,0,wikipedia_estruturada_auditoria_parcial,primeiro_turno
2022,1,PoderData[142],2022-01-16,2022-01-18,2022-01-18,3000,wikipedia_tabela_4,Lula,42.0,0,12.0,https://en.wikipedia.org/wiki/Opinion_polling_for_the_2022_Brazilian_presidential_election,0,wikipedia_estruturada_auditoria_parcial,primeiro_turno
2022,1,PoderData[142],2022-01-16,2022-01-18,2022-01-18,3000,wikipedia_tabela_4,Bolsonaro,28.0,0,12.0,https://en.wikipedia.org/wiki/Opinion_polling_for_the_2022_Brazilian_presidential_election,0,wikipedia_estruturada_auditoria_parcial,primeiro_turno
2022,1,PoderData[142],2022-01-16,2022-01-18,2022-01-18,3000,wikipedia_tabela_4,Gomes,3.0,0,12.0,https://en.wikipedia.org/wiki/Opinion_polling_for_the_2022_Brazilian_presidential_election,0,wikipedia_estruturada_auditoria_parcial,primeiro_turno
2022,1,Exame/Ideia[143],2022-01-09,2022-01-13,2022-01-13,1500,wikipedia_tabela_4,Lula,41.0,0,11.0,https://en.wikipedia.org/wiki/Opinion_polling_for_the_2022_Brazilian_presidential_election,0,wikipedia_estruturada_auditoria_parcial,primeiro_turno
2022,1,Exame/Ideia[143],2022-01-09,2022-01-13,2022-01-13,1500,wikipedia_tabela_4,Bolsonaro,24.0,0,11.0,https://en.wikipedia.org/wiki/Opinion_polling_for_the_2022_Brazilian_presidential_election,0,wikipedia_estruturada_auditoria_parcial,primeiro_turno
2022,1,Exame/Ideia[143],2022-01-09,2022-01-13,2022-01-13,1500,wikipedia_tabela_4,Gomes,7.0,0,11.0,https://en.wikipedia.org/wiki/Opinion_polling_for_the_2022_Brazilian_presidential_election,0,wikipedia_estruturada_auditoria_parcial,primeiro_turno
2022,1,XP/Ipespe[144],2022-01-10,2022-01-12,2022-01-12,1000,wikipedia_tabela_4,Lula,44.0,0,13.0,https://en.wikipedia.org/wiki/Opinion_polling_for_the_2022_Brazilian_presidential_election,0,wikipedia_estruturada_auditoria_parcial,primeiro_turno
2022,1,XP/Ipespe[144],2022-01-10,2022-01-12,2022-01-12,1000,wikipedia_tabela_4,Bolsonaro,24.0,0,13.0,https://en.wikipedia.org/wiki/Opinion_polling_for_the_2022_Brazilian_presidential_election,0,wikipedia_estruturada_auditoria_parcial,primeiro_turno
2022,1,XP/Ipespe[144],2022-01-10,2022-01-12,2022-01-12,1000,wikipedia_tabela_4,Gomes,7.0,0,13.0,https://en.wikipedia.org/wiki/Opinion_polling_for_the_2022_Brazilian_presidential_election,0,wikipedia_estruturada_auditoria_parcial,primeiro_turno
2022,1,Quaest/Genial[145],2022-01-06,2022-01-09,2022-01-09,2000,wikipedia_tabela_4,Lula,45.0,0,12.0,https://en.wikipedia.org/wiki/Opinion_polling_for_the_2022_Brazilian_presidential_election,0,wikipedia_estruturada_auditoria_parcial,primeiro_turno
2022,1,Quaest/Genial[145],2022-01-06,2022-01-09,2022-01-09,2000,wikipedia_tabela_4,Bolsonaro,23.0,0,12.0,https://en.wikipedia.org/wiki/Opinion_polling_for_the_2022_Brazilian_presidential_election,0,wikipedia_estruturada_auditoria_parcial,primeiro_turno
2022,1,Quaest/Genial[145],2022-01-06,2022-01-09,2022-01-09,2000,wikipedia_tabela_4,Gomes,5.0,0,12.0,https://en.wikipedia.org/wiki/Opinion_polling_for_the_2022_Brazilian_presidential_election,0,wikipedia_estruturada_auditoria_parcial,primeiro_turno
2022,1,PoderData[146],2022-12-19,2022-12-21,2022-12-21,3000,wikipedia_tabela_5,Lula,40.0,0,11.0,https://en.wikipedia.org/wiki/Opinion_polling_for_the_2022_Brazilian_presidential_election,0,wikipedia_estruturada_auditoria_parcial,primeiro_turno
2022,1,PoderData[146],2022-12-19,2022-12-21,2022-12-21,3000,wikipedia_tabela_5,Bolsonaro,30.0,0,11.0,https://en.wikipedia.org/wiki/Opinion_polling_for_the_2022_Brazilian_presidential_election,0,wikipedia_estruturada_auditoria_parcial,primeiro_turno
2022,1,PoderData[146],2022-12-19,2022-12-21,2022-12-21,3000,wikipedia_tabela_5,Gomes,4.0,0,11.0,https://en.wikipedia.org/wiki/Opinion_polling_for_the_2022_Brazilian_presidential_election,0,wikipedia_estruturada_auditoria_parcial,primeiro_turno
2022,1,PoderData[146],2022-12-19,2022-12-21,2022-12-21,3000,wikipedia_tabela_5,Tebet,1.0,0,11.0,https://en.wikipedia.org/wiki/Opinion_polling_for_the_2022_Brazilian_presidential_election,0,wikipedia_estruturada_auditoria_parcial,primeiro_turno
2022,1,Datafolha[148],2022-12-13,2022-12-16,2022-12-16,3666,wikipedia_tabela_5,Lula,48.0,0,10.0,https://en.wikipedia.org/wiki/Opinion_polling_for_the_2022_Brazilian_presidential_election,0,wikipedia_estruturada_auditoria_parcial,primeiro_turno
2022,1,Datafolha[148],2022-12-13,2022-12-16,2022-12-16,3666,wikipedia_tabela_5,Bolsonaro,22.0,0,10.0,https://en.wikipedia.org/wiki/Opinion_polling_for_the_2022_Brazilian_presidential_election,0,wikipedia_estruturada_auditoria_parcial,primeiro_turno
2022,1,Datafolha[148],2022-12-13,2022-12-16,2022-12-16,3666,wikipedia_tabela_5,Gomes,7.0,0,10.0,https://en.wikipedia.org/wiki/Opinion_polling_for_the_2022_Brazilian_presidential_election,0,wikipedia_estruturada_auditoria_parcial,primeiro_turno
2022,1,Exame/Ideia[150],2022-12-06,2022-12-09,2022-12-09,1200,wikipedia_tabela_5,Lula,37.0,0,10.0,https://en.wikipedia.org/wiki/Opinion_polling_for_the_2022_Brazilian_presidential_election,0,wikipedia_estruturada_auditoria_parcial,primeiro_turno
2022,1,Exame/Ideia[150],2022-12-06,2022-12-09,2022-12-09,1200,wikipedia_tabela_5,Bolsonaro,27.0,0,10.0,https://en.wikipedia.org/wiki/Opinion_polling_for_the_2022_Brazilian_presidential_election,0,wikipedia_estruturada_auditoria_parcial,primeiro_turno
2022,1,Exame/Ideia[150],2022-12-06,2022-12-09,2022-12-09,1200,wikipedia_tabela_5,Gomes,6.0,0,10.0,https://en.wikipedia.org/wiki/Opinion_polling_for_the_2022_Brazilian_presidential_election,0,wikipedia_estruturada_auditoria_parcial,primeiro_turno
2022,1,Quaest/Genial[153],2022-12-02,2022-12-05,2022-12-05,2037,wikipedia_tabela_5,Lula,46.0,0,11.0,https://en.wikipedia.org/wiki/Opinion_polling_for_the_2022_Brazilian_presidential_election,0,wikipedia_estruturada_auditoria_parcial,primeiro_turno
2022,1,Quaest/Genial[153],2022-12-02,2022-12-05,2022-12-05,2037,wikipedia_tabela_5,Bolsonaro,23.0,0,11.0,https://en.wikipedia.org/wiki/Opinion_polling_for_the_2022_Brazilian_presidential_election,0,wikipedia_estruturada_auditoria_parcial,primeiro_turno
2022,1,Quaest/Genial[153],2022-12-02,2022-12-05,2022-12-05,2037,wikipedia_tabela_5,Gomes,5.0,0,11.0,https://en.wikipedia.org/wiki/Opinion_polling_for_the_2022_Brazilian_presidential_election,0,wikipedia_estruturada_auditoria_parcial,primeiro_turno
2022,1,Quaest/Genial[153],2022-12-02,2022-12-05,2022-12-05,2037,wikipedia_tabela_5,Tebet,1.0,0,11.0,https://en.wikipedia.org/wiki/Opinion_polling_for_the_2022_Brazilian_presidential_election,0,wikipedia_estruturada_auditoria_parcial,primeiro_turno
2022,1,Atlas Político[155],2022-11-27,2022-11-29,2022-11-29,4401,wikipedia_tabela_5,Lula,42.8,0,3.2,https://en.wikipedia.org/wiki/Opinion_polling_for_the_2022_Brazilian_presidential_election,0,wikipedia_estruturada_auditoria_parcial,primeiro_turno
2022,1,Atlas Político[155],2022-11-27,2022-11-29,2022-11-29,4401,wikipedia_tabela_5,Bolsonaro,31.5,0,3.2,https://en.wikipedia.org/wiki/Opinion_polling_for_the_2022_Brazilian_presidential_election,0,wikipedia_estruturada_auditoria_parcial,primeiro_turno
2022,1,Atlas Político[155],2022-11-27,2022-11-29,2022-11-29,4401,wikipedia_tabela_5,Gomes,6.1,0,3.2,https://en.wikipedia.org/wiki/Opinion_polling_for_the_2022_Brazilian_presidential_election,0,wikipedia_estruturada_auditoria_parcial,primeiro_turno
2022,1,Atlas Político[155],2022-11-27,2022-11-29,2022-11-29,4401,wikipedia_tabela_5,Tebet,0.9,0,3.2,https://en.wikipedia.org/wiki/Opinion_polling_for_the_2022_Brazilian_presidential_election,0,wikipedia_estruturada_auditoria_parcial,primeiro_turno
2022,1,Futura/ModalMais[159],2022-11-16,2022-11-20,2022-11-20,2000,wikipedia_tabela_5,Lula,37.0,0,7.1,https://en.wikipedia.org/wiki/Opinion_polling_for_the_2022_Brazilian_presidential_election,0,wikipedia_estruturada_auditoria_parcial,primeiro_turno
2022,1,Futura/ModalMais[159],2022-11-16,2022-11-20,2022-11-20,2000,wikipedia_tabela_5,Bolsonaro,30.8,0,7.1,https://en.wikipedia.org/wiki/Opinion_polling_for_the_2022_Brazilian_presidential_election,0,wikipedia_estruturada_auditoria_parcial,primeiro_turno
2022,1,Futura/ModalMais[159],2022-11-16,2022-11-20,2022-11-20,2000,wikipedia_tabela_5,Gomes,7.5,0,7.1,https://en.wikipedia.org/wiki/Opinion_polling_for_the_2022_Brazilian_presidential_election,0,wikipedia_estruturada_auditoria_parcial,primeiro_turno
2022,1,Exame/Ideia[162],2022-11-09,2022-11-11,2022-11-11,1200,wikipedia_tabela_5,Lula,35.0,0,20.0,https://en.wikipedia.org/wiki/Opinion_polling_for_the_2022_Brazilian_presidential_election,0,wikipedia_estruturada_auditoria_parcial,primeiro_turno
2022,1,Exame/Ideia[162],2022-11-09,2022-11-11,2022-11-11,1200,wikipedia_tabela_5,Bolsonaro,25.0,0,20.0,https://en.wikipedia.org/wiki/Opinion_polling_for_the_2022_Brazilian_presidential_election,0,wikipedia_estruturada_auditoria_parcial,primeiro_turno
2022,1,Exame/Ideia[162],2022-11-09,2022-11-11,2022-11-11,1200,wikipedia_tabela_5,Gomes,7.0,0,20.0,https://en.wikipedia.org/wiki/Opinion_polling_for_the_2022_Brazilian_presidential_election,0,wikipedia_estruturada_auditoria_parcial,primeiro_turno
2022,1,Exame/Ideia[162],2022-11-09,2022-11-11,2022-11-11,1200,wikipedia_tabela_5,Tebet,1.0,0,20.0,https://en.wikipedia.org/wiki/Opinion_polling_for_the_2022_Brazilian_presidential_election,0,wikipedia_estruturada_auditoria_parcial,primeiro_turno
2022,1,Datatempo[173],2022-09-09,2022-09-15,2022-09-15,2025,wikipedia_tabela_5,Lula,36.0,0,14.2,https://en.wikipedia.org/wiki/Opinion_polling_for_the_2022_Brazilian_presidential_election,0,wikipedia_estruturada_auditoria_parcial,primeiro_turno
2022,1,Datatempo[173],2022-09-09,2022-09-15,2022-09-15,2025,wikipedia_tabela_5,Bolsonaro,22.0,0,14.2,https://en.wikipedia.org/wiki/Opinion_polling_for_the_2022_Brazilian_presidential_election,0,wikipedia_estruturada_auditoria_parcial,primeiro_turno
2022,1,Datatempo[173],2022-09-09,2022-09-15,2022-09-15,2025,wikipedia_tabela_5,Gomes,7.8,0,14.2,https://en.wikipedia.org/wiki/Opinion_polling_for_the_2022_Brazilian_presidential_election,0,wikipedia_estruturada_auditoria_parcial,primeiro_turno
2022,1,Paraná Pesquisas[175],2022-09-01,2022-09-05,2022-09-05,2012,wikipedia_tabela_5,Lula,35.5,0,16.5,https://en.wikipedia.org/wiki/Opinion_polling_for_the_2022_Brazilian_presidential_election,0,wikipedia_estruturada_auditoria_parcial,primeiro_turno
2022,1,Paraná Pesquisas[175],2022-09-01,2022-09-05,2022-09-05,2012,wikipedia_tabela_5,Bolsonaro,30.9,0,16.5,https://en.wikipedia.org/wiki/Opinion_polling_for_the_2022_Brazilian_presidential_election,0,wikipedia_estruturada_auditoria_parcial,primeiro_turno
2022,1,Paraná Pesquisas[175],2022-09-01,2022-09-05,2022-09-05,2012,wikipedia_tabela_5,Gomes,9.7,0,16.5,https://en.wikipedia.org/wiki/Opinion_polling_for_the_2022_Brazilian_presidential_election,0,wikipedia_estruturada_auditoria_parcial,primeiro_turno
2022,1,PoderData[176],2022-08-30,2022-09-01,2022-09-01,2500,wikipedia_tabela_5,Lula,37.0,0,11.0,https://en.wikipedia.org/wiki/Opinion_polling_for_the_2022_Brazilian_presidential_election,0,wikipedia_estruturada_auditoria_parcial,primeiro_turno
2022,1,PoderData[176],2022-08-30,2022-09-01,2022-09-01,2500,wikipedia_tabela_5,Bolsonaro,28.0,0,11.0,https://en.wikipedia.org/wiki/Opinion_polling_for_the_2022_Brazilian_presidential_election,0,wikipedia_estruturada_auditoria_parcial,primeiro_turno
2022,1,PoderData[176],2022-08-30,2022-09-01,2022-09-01,2500,wikipedia_tabela_5,Gomes,8.0,0,11.0,https://en.wikipedia.org/wiki/Opinion_polling_for_the_2022_Brazilian_presidential_election,0,wikipedia_estruturada_auditoria_parcial,primeiro_turno
2022,1,PoderData[176],2022-08-30,2022-09-01,2022-09-01,2500,wikipedia_tabela_5,Tebet,4.0,0,11.0,https://en.wikipedia.org/wiki/Opinion_polling_for_the_2022_Brazilian_presidential_election,0,wikipedia_estruturada_auditoria_parcial,primeiro_turno
2022,1,Quaest/Genial[177],2022-08-26,2022-08-29,2022-08-29,2000,wikipedia_tabela_5,Lula,47.0,0,13.0,https://en.wikipedia.org/wiki/Opinion_polling_for_the_2022_Brazilian_presidential_election,0,wikipedia_estruturada_auditoria_parcial,primeiro_turno
2022,1,Quaest/Genial[177],2022-08-26,2022-08-29,2022-08-29,2000,wikipedia_tabela_5,Bolsonaro,26.0,0,13.0,https://en.wikipedia.org/wiki/Opinion_polling_for_the_2022_Brazilian_presidential_election,0,wikipedia_estruturada_auditoria_parcial,primeiro_turno
2022,1,Quaest/Genial[177],2022-08-26,2022-08-29,2022-08-29,2000,wikipedia_tabela_5,Gomes,8.0,0,13.0,https://en.wikipedia.org/wiki/Opinion_polling_for_the_2022_Brazilian_presidential_election,0,wikipedia_estruturada_auditoria_parcial,primeiro_turno
2022,1,PoderData[179],2022-08-02,2022-08-04,2022-08-04,2500,wikipedia_tabela_5,Lula,39.0,0,11.0,https://en.wikipedia.org/wiki/Opinion_polling_for_the_2022_Brazilian_presidential_election,0,wikipedia_estruturada_auditoria_parcial,primeiro_turno
2022,1,PoderData[179],2022-08-02,2022-08-04,2022-08-04,2500,wikipedia_tabela_5,Bolsonaro,25.0,0,11.0,https://en.wikipedia.org/wiki/Opinion_polling_for_the_2022_Brazilian_presidential_election,0,wikipedia_estruturada_auditoria_parcial,primeiro_turno
2022,1,PoderData[179],2022-08-02,2022-08-04,2022-08-04,2500,wikipedia_tabela_5,Gomes,8.0,0,11.0,https://en.wikipedia.org/wiki/Opinion_polling_for_the_2022_Brazilian_presidential_election,0,wikipedia_estruturada_auditoria_parcial,primeiro_turno
2022,1,Paraná Pesquisas[181],2022-07-24,2022-07-28,2022-07-28,2010,wikipedia_tabela_5,Lula,33.7,0,12.7,https://en.wikipedia.org/wiki/Opinion_polling_for_the_2022_Brazilian_presidential_election,0,wikipedia_estruturada_auditoria_parcial,primeiro_turno
2022,1,Paraná Pesquisas[181],2022-07-24,2022-07-28,2022-07-28,2010,wikipedia_tabela_5,Bolsonaro,32.7,0,12.7,https://en.wikipedia.org/wiki/Opinion_polling_for_the_2022_Brazilian_presidential_election,0,wikipedia_estruturada_auditoria_parcial,primeiro_turno
2022,1,Paraná Pesquisas[181],2022-07-24,2022-07-28,2022-07-28,2010,wikipedia_tabela_5,Gomes,6.8,0,12.7,https://en.wikipedia.org/wiki/Opinion_polling_for_the_2022_Brazilian_presidential_election,0,wikipedia_estruturada_auditoria_parcial,primeiro_turno
2022,1,Paraná Pesquisas[181],2022-07-24,2022-07-28,2022-07-28,2010,wikipedia_tabela_5,Tebet,0.8,0,12.7,https://en.wikipedia.org/wiki/Opinion_polling_for_the_2022_Brazilian_presidential_election,0,wikipedia_estruturada_auditoria_parcial,primeiro_turno
2022,1,Datafolha[182],2022-07-07,2022-07-08,2022-07-08,2074,wikipedia_tabela_5,Lula,46.0,0,12.0,https://en.wikipedia.org/wiki/Opinion_polling_for_the_2022_Brazilian_presidential_election,0,wikipedia_estruturada_auditoria_parcial,primeiro_turno
2022,1,Datafolha[182],2022-07-07,2022-07-08,2022-07-08,2074,wikipedia_tabela_5,Bolsonaro,25.0,0,12.0,https://en.wikipedia.org/wiki/Opinion_polling_for_the_2022_Brazilian_presidential_election,0,wikipedia_estruturada_auditoria_parcial,primeiro_turno
2022,1,Datafolha[182],2022-07-07,2022-07-08,2022-07-08,2074,wikipedia_tabela_5,Gomes,8.0,0,12.0,https://en.wikipedia.org/wiki/Opinion_polling_for_the_2022_Brazilian_presidential_election,0,wikipedia_estruturada_auditoria_parcial,primeiro_turno
2022,1,Exame/Ideia[184],2022-06-22,2022-06-24,2022-06-24,1200,wikipedia_tabela_6,Lula,39.0,0,8.0,https://en.wikipedia.org/wiki/Opinion_polling_for_the_2022_Brazilian_presidential_election,0,wikipedia_estruturada_auditoria_parcial,primeiro_turno
2022,1,Exame/Ideia[184],2022-06-22,2022-06-24,2022-06-24,1200,wikipedia_tabela_6,Bolsonaro,31.0,0,8.0,https://en.wikipedia.org/wiki/Opinion_polling_for_the_2022_Brazilian_presidential_election,0,wikipedia_estruturada_auditoria_parcial,primeiro_turno
2022,1,Exame/Ideia[184],2022-06-22,2022-06-24,2022-06-24,1200,wikipedia_tabela_6,Gomes,14.0,0,8.0,https://en.wikipedia.org/wiki/Opinion_polling_for_the_2022_Brazilian_presidential_election,0,wikipedia_estruturada_auditoria_parcial,primeiro_turno
2022,1,Instituto Ipec[185],2022-06-17,2022-06-21,2022-06-21,2002,wikipedia_tabela_6,Lula,49.0,0,13.0,https://en.wikipedia.org/wiki/Opinion_polling_for_the_2022_Brazilian_presidential_election,0,wikipedia_estruturada_auditoria_parcial,primeiro_turno
2022,1,Instituto Ipec[185],2022-06-17,2022-06-21,2022-06-21,2002,wikipedia_tabela_6,Bolsonaro,23.0,0,13.0,https://en.wikipedia.org/wiki/Opinion_polling_for_the_2022_Brazilian_presidential_election,0,wikipedia_estruturada_auditoria_parcial,primeiro_turno
2022,1,Instituto Ipec[185],2022-06-17,2022-06-21,2022-06-21,2002,wikipedia_tabela_6,Gomes,7.0,0,13.0,https://en.wikipedia.org/wiki/Opinion_polling_for_the_2022_Brazilian_presidential_election,0,wikipedia_estruturada_auditoria_parcial,primeiro_turno
2022,1,Instituto Mapa[187],2022-05-18,2022-05-20,2022-05-20,2000,wikipedia_tabela_6,Lula,36.8,0,13.5,https://en.wikipedia.org/wiki/Opinion_polling_for_the_2022_Brazilian_presidential_election,0,wikipedia_estruturada_auditoria_parcial,primeiro_turno
2022,1,Instituto Mapa[187],2022-05-18,2022-05-20,2022-05-20,2000,wikipedia_tabela_6,Bolsonaro,26.8,0,13.5,https://en.wikipedia.org/wiki/Opinion_polling_for_the_2022_Brazilian_presidential_election,0,wikipedia_estruturada_auditoria_parcial,primeiro_turno
2022,1,Instituto Mapa[187],2022-05-18,2022-05-20,2022-05-20,2000,wikipedia_tabela_6,Gomes,5.0,0,13.5,https://en.wikipedia.org/wiki/Opinion_polling_for_the_2022_Brazilian_presidential_election,0,wikipedia_estruturada_auditoria_parcial,primeiro_turno
2022,1,Vox Populi[188],2022-05-12,2022-05-16,2022-05-16,2000,wikipedia_tabela_6,Lula,43.0,0,14.0,https://en.wikipedia.org/wiki/Opinion_polling_for_the_2022_Brazilian_presidential_election,0,wikipedia_estruturada_auditoria_parcial,primeiro_turno
2022,1,Vox Populi[188],2022-05-12,2022-05-16,2022-05-16,2000,wikipedia_tabela_6,Bolsonaro,24.0,0,14.0,https://en.wikipedia.org/wiki/Opinion_polling_for_the_2022_Brazilian_presidential_election,0,wikipedia_estruturada_auditoria_parcial,primeiro_turno
2022,1,Vox Populi[188],2022-05-12,2022-05-16,2022-05-16,2000,wikipedia_tabela_6,Gomes,5.0,0,14.0,https://en.wikipedia.org/wiki/Opinion_polling_for_the_2022_Brazilian_presidential_election,0,wikipedia_estruturada_auditoria_parcial,primeiro_turno
2022,1,Datafolha[189],2022-05-11,2022-05-12,2022-05-12,2071,wikipedia_tabela_6,Lula,41.0,0,13.0,https://en.wikipedia.org/wiki/Opinion_polling_for_the_2022_Brazilian_presidential_election,0,wikipedia_estruturada_auditoria_parcial,primeiro_turno
2022,1,Datafolha[189],2022-05-11,2022-05-12,2022-05-12,2071,wikipedia_tabela_6,Bolsonaro,23.0,0,13.0,https://en.wikipedia.org/wiki/Opinion_polling_for_the_2022_Brazilian_presidential_election,0,wikipedia_estruturada_auditoria_parcial,primeiro_turno
2022,1,Datafolha[189],2022-05-11,2022-05-12,2022-05-12,2071,wikipedia_tabela_6,Gomes,6.0,0,13.0,https://en.wikipedia.org/wiki/Opinion_polling_for_the_2022_Brazilian_presidential_election,0,wikipedia_estruturada_auditoria_parcial,primeiro_turno
2022,1,Exame/Ideia[190],2022-04-19,2022-04-22,2022-04-22,1200,wikipedia_tabela_6,Lula,33.0,0,9.0,https://en.wikipedia.org/wiki/Opinion_polling_for_the_2022_Brazilian_presidential_election,0,wikipedia_estruturada_auditoria_parcial,primeiro_turno
2022,1,Exame/Ideia[190],2022-04-19,2022-04-22,2022-04-22,1200,wikipedia_tabela_6,Bolsonaro,32.0,0,9.0,https://en.wikipedia.org/wiki/Opinion_polling_for_the_2022_Brazilian_presidential_election,0,wikipedia_estruturada_auditoria_parcial,primeiro_turno
2022,1,Exame/Ideia[190],2022-04-19,2022-04-22,2022-04-22,1200,wikipedia_tabela_6,Gomes,9.0,0,9.0,https://en.wikipedia.org/wiki/Opinion_polling_for_the_2022_Brazilian_presidential_election,0,wikipedia_estruturada_auditoria_parcial,primeiro_turno
2022,1,PoderData[191],2022-04-12,2022-04-14,2022-04-14,3500,wikipedia_tabela_6,Lula,34.0,0,9.0,https://en.wikipedia.org/wiki/Opinion_polling_for_the_2022_Brazilian_presidential_election,0,wikipedia_estruturada_auditoria_parcial,primeiro_turno
2022,1,PoderData[191],2022-04-12,2022-04-14,2022-04-14,3500,wikipedia_tabela_6,Bolsonaro,31.0,0,9.0,https://en.wikipedia.org/wiki/Opinion_polling_for_the_2022_Brazilian_presidential_election,0,wikipedia_estruturada_auditoria_parcial,primeiro_turno
2022,1,PoderData[191],2022-04-12,2022-04-14,2022-04-14,3500,wikipedia_tabela_6,Gomes,6.0,0,9.0,https://en.wikipedia.org/wiki/Opinion_polling_for_the_2022_Brazilian_presidential_election,0,wikipedia_estruturada_auditoria_parcial,primeiro_turno
2022,1,XP/Ipespe[192],2022-03-29,2022-03-31,2022-03-31,1000,wikipedia_tabela_6,Lula,29.0,0,12.0,https://en.wikipedia.org/wiki/Opinion_polling_for_the_2022_Brazilian_presidential_election,0,wikipedia_estruturada_auditoria_parcial,primeiro_turno
2022,1,XP/Ipespe[192],2022-03-29,2022-03-31,2022-03-31,1000,wikipedia_tabela_6,Bolsonaro,28.0,0,12.0,https://en.wikipedia.org/wiki/Opinion_polling_for_the_2022_Brazilian_presidential_election,0,wikipedia_estruturada_auditoria_parcial,primeiro_turno
2022,1,XP/Ipespe[192],2022-03-29,2022-03-31,2022-03-31,1000,wikipedia_tabela_6,Gomes,9.0,0,12.0,https://en.wikipedia.org/wiki/Opinion_polling_for_the_2022_Brazilian_presidential_election,0,wikipedia_estruturada_auditoria_parcial,primeiro_turno
2022,1,PoderData[193],2022-03-15,2022-03-17,2022-03-17,3500,wikipedia_tabela_6,Lula,34.0,0,13.0,https://en.wikipedia.org/wiki/Opinion_polling_for_the_2022_Brazilian_presidential_election,0,wikipedia_estruturada_auditoria_parcial,primeiro_turno
2022,1,PoderData[193],2022-03-15,2022-03-17,2022-03-17,3500,wikipedia_tabela_6,Bolsonaro,30.0,0,13.0,https://en.wikipedia.org/wiki/Opinion_polling_for_the_2022_Brazilian_presidential_election,0,wikipedia_estruturada_auditoria_parcial,primeiro_turno
2022,1,PoderData[193],2022-03-15,2022-03-17,2022-03-17,3500,wikipedia_tabela_6,Gomes,5.0,0,13.0,https://en.wikipedia.org/wiki/Opinion_polling_for_the_2022_Brazilian_presidential_election,0,wikipedia_estruturada_auditoria_parcial,primeiro_turno
2022,1,XP/Ipespe[195],2022-03-09,2022-03-11,2022-03-11,1000,wikipedia_tabela_6,Lula,25.0,0,13.0,https://en.wikipedia.org/wiki/Opinion_polling_for_the_2022_Brazilian_presidential_election,0,wikipedia_estruturada_auditoria_parcial,primeiro_turno
2022,1,XP/Ipespe[195],2022-03-09,2022-03-11,2022-03-11,1000,wikipedia_tabela_6,Bolsonaro,27.0,0,13.0,https://en.wikipedia.org/wiki/Opinion_polling_for_the_2022_Brazilian_presidential_election,0,wikipedia_estruturada_auditoria_parcial,primeiro_turno
2022,1,XP/Ipespe[195],2022-03-09,2022-03-11,2022-03-11,1000,wikipedia_tabela_6,Gomes,9.0,0,13.0,https://en.wikipedia.org/wiki/Opinion_polling_for_the_2022_Brazilian_presidential_election,0,wikipedia_estruturada_auditoria_parcial,primeiro_turno
2022,1,XP/Ipespe[195],2022-03-09,2022-03-11,2022-03-11,1000,wikipedia_tabela_6,Bolsonaro,28.0,0,17.0,https://en.wikipedia.org/wiki/Opinion_polling_for_the_2022_Brazilian_presidential_election,0,wikipedia_estruturada_auditoria_parcial,primeiro_turno
2022,1,XP/Ipespe[195],2022-03-09,2022-03-11,2022-03-11,1000,wikipedia_tabela_6,Gomes,11.0,0,17.0,https://en.wikipedia.org/wiki/Opinion_polling_for_the_2022_Brazilian_presidential_election,0,wikipedia_estruturada_auditoria_parcial,primeiro_turno
2022,1,Exame/Ideia[196],2022-03-10,2022-03-11,2022-03-11,1000,wikipedia_tabela_6,Lula,18.0,0,7.0,https://en.wikipedia.org/wiki/Opinion_polling_for_the_2022_Brazilian_presidential_election,0,wikipedia_estruturada_auditoria_parcial,primeiro_turno
2022,1,Exame/Ideia[196],2022-03-10,2022-03-11,2022-03-11,1000,wikipedia_tabela_6,Bolsonaro,33.0,0,7.0,https://en.wikipedia.org/wiki/Opinion_polling_for_the_2022_Brazilian_presidential_election,0,wikipedia_estruturada_auditoria_parcial,primeiro_turno
2022,1,Exame/Ideia[196],2022-03-10,2022-03-11,2022-03-11,1000,wikipedia_tabela_6,Gomes,9.0,0,7.0,https://en.wikipedia.org/wiki/Opinion_polling_for_the_2022_Brazilian_presidential_election,0,wikipedia_estruturada_auditoria_parcial,primeiro_turno
2022,1,CNN Brasil/Real Time Big Data[198],2022-03-08,2022-03-09,2022-03-09,1200,wikipedia_tabela_6,Lula,21.0,0,15.0,https://en.wikipedia.org/wiki/Opinion_polling_for_the_2022_Brazilian_presidential_election,0,wikipedia_estruturada_auditoria_parcial,primeiro_turno
2022,1,CNN Brasil/Real Time Big Data[198],2022-03-08,2022-03-09,2022-03-09,1200,wikipedia_tabela_6,Bolsonaro,31.0,0,15.0,https://en.wikipedia.org/wiki/Opinion_polling_for_the_2022_Brazilian_presidential_election,0,wikipedia_estruturada_auditoria_parcial,primeiro_turno
2022,1,CNN Brasil/Real Time Big Data[198],2022-03-08,2022-03-09,2022-03-09,1200,wikipedia_tabela_6,Gomes,9.0,0,15.0,https://en.wikipedia.org/wiki/Opinion_polling_for_the_2022_Brazilian_presidential_election,0,wikipedia_estruturada_auditoria_parcial,primeiro_turno
2022,1,PoderData[205],2022-12-21,2022-12-23,2022-12-23,2500,wikipedia_tabela_7,Bolsonaro,36.0,0,12.0,https://en.wikipedia.org/wiki/Opinion_polling_for_the_2022_Brazilian_presidential_election,0,wikipedia_estruturada_auditoria_parcial,primeiro_turno
2022,1,PoderData[205],2022-12-21,2022-12-23,2022-12-23,2500,wikipedia_tabela_7,Gomes,10.0,0,12.0,https://en.wikipedia.org/wiki/Opinion_polling_for_the_2022_Brazilian_presidential_election,0,wikipedia_estruturada_auditoria_parcial,primeiro_turno
2022,1,Exame/Ideia[207],2022-11-30,2022-12-03,2022-12-03,1200,wikipedia_tabela_7,Lula,16.0,0,24.0,https://en.wikipedia.org/wiki/Opinion_polling_for_the_2022_Brazilian_presidential_election,0,wikipedia_estruturada_auditoria_parcial,primeiro_turno
2022,1,Exame/Ideia[207],2022-11-30,2022-12-03,2022-12-03,1200,wikipedia_tabela_7,Bolsonaro,28.0,0,24.0,https://en.wikipedia.org/wiki/Opinion_polling_for_the_2022_Brazilian_presidential_election,0,wikipedia_estruturada_auditoria_parcial,primeiro_turno
2022,1,Exame/Ideia[207],2022-11-30,2022-12-03,2022-12-03,1200,wikipedia_tabela_7,Gomes,7.0,0,24.0,https://en.wikipedia.org/wiki/Opinion_polling_for_the_2022_Brazilian_presidential_election,0,wikipedia_estruturada_auditoria_parcial,primeiro_turno
2022,1,Exame/Ideia[210],2022-10-05,2022-10-08,2022-10-08,1200,wikipedia_tabela_7,Lula,18.0,0,19.0,https://en.wikipedia.org/wiki/Opinion_polling_for_the_2022_Brazilian_presidential_election,0,wikipedia_estruturada_auditoria_parcial,primeiro_turno
2022,1,Exame/Ideia[210],2022-10-05,2022-10-08,2022-10-08,1200,wikipedia_tabela_7,Bolsonaro,30.0,0,19.0,https://en.wikipedia.org/wiki/Opinion_polling_for_the_2022_Brazilian_presidential_election,0,wikipedia_estruturada_auditoria_parcial,primeiro_turno
2022,1,Exame/Ideia[210],2022-10-05,2022-10-08,2022-10-08,1200,wikipedia_tabela_7,Gomes,9.0,0,19.0,https://en.wikipedia.org/wiki/Opinion_polling_for_the_2022_Brazilian_presidential_election,0,wikipedia_estruturada_auditoria_parcial,primeiro_turno
2022,1,Exame/Ideia[212],2022-08-24,2022-08-31,2022-08-31,1235,wikipedia_tabela_7,Lula,17.0,0,14.0,https://en.wikipedia.org/wiki/Opinion_polling_for_the_2022_Brazilian_presidential_election,0,wikipedia_estruturada_auditoria_parcial,primeiro_turno
2022,1,Exame/Ideia[212],2022-08-24,2022-08-31,2022-08-31,1235,wikipedia_tabela_7,Bolsonaro,31.0,0,14.0,https://en.wikipedia.org/wiki/Opinion_polling_for_the_2022_Brazilian_presidential_election,0,wikipedia_estruturada_auditoria_parcial,primeiro_turno
2022,1,Exame/Ideia[212],2022-08-24,2022-08-31,2022-08-31,1235,wikipedia_tabela_7,Gomes,6.0,0,14.0,https://en.wikipedia.org/wiki/Opinion_polling_for_the_2022_Brazilian_presidential_election,0,wikipedia_estruturada_auditoria_parcial,primeiro_turno
2022,1,Revista Fórum/Offerwise[213],2022-08-21,2022-08-24,2022-08-24,1000,wikipedia_tabela_7,Bolsonaro,41.7,0,0.0,https://en.wikipedia.org/wiki/Opinion_polling_for_the_2022_Brazilian_presidential_election,0,wikipedia_estruturada_auditoria_parcial,primeiro_turno
2022,1,Revista Fórum/Offerwise[213],2022-08-21,2022-08-24,2022-08-24,1000,wikipedia_tabela_7,Gomes,7.7,0,0.0,https://en.wikipedia.org/wiki/Opinion_polling_for_the_2022_Brazilian_presidential_election,0,wikipedia_estruturada_auditoria_parcial,primeiro_turno
2022,1,CNT/MDA[220],2022-01-15,2022-01-18,2022-01-18,2002,wikipedia_tabela_7,Lula,17.0,0,30.2,https://en.wikipedia.org/wiki/Opinion_polling_for_the_2022_Brazilian_presidential_election,0,wikipedia_estruturada_auditoria_parcial,primeiro_turno
2022,1,CNT/MDA[220],2022-01-15,2022-01-18,2022-01-18,2002,wikipedia_tabela_7,Bolsonaro,29.1,0,30.2,https://en.wikipedia.org/wiki/Opinion_polling_for_the_2022_Brazilian_presidential_election,0,wikipedia_estruturada_auditoria_parcial,primeiro_turno
2022,1,CNT/MDA[220],2022-01-15,2022-01-18,2022-01-18,2002,wikipedia_tabela_7,Gomes,3.5,0,30.2,https://en.wikipedia.org/wiki/Opinion_polling_for_the_2022_Brazilian_presidential_election,0,wikipedia_estruturada_auditoria_parcial,primeiro_turno
2022,1,Veja/FSB[222],2022-10-11,2022-10-14,2022-10-14,2000,wikipedia_tabela_8,Bolsonaro,34.0,0,21.0,https://en.wikipedia.org/wiki/Opinion_polling_for_the_2022_Brazilian_presidential_election,0,wikipedia_estruturada_auditoria_parcial,primeiro_turno
2022,1,Veja/FSB[222],2022-10-11,2022-10-14,2022-10-14,2000,wikipedia_tabela_8,Gomes,9.0,0,21.0,https://en.wikipedia.org/wiki/Opinion_polling_for_the_2022_Brazilian_presidential_election,0,wikipedia_estruturada_auditoria_parcial,primeiro_turno
2022,1,Veja/FSB[222],2022-10-11,2022-10-14,2022-10-14,2000,wikipedia_tabela_8,Bolsonaro,24.0,0,13.0,https://en.wikipedia.org/wiki/Opinion_polling_for_the_2022_Brazilian_presidential_election,0,wikipedia_estruturada_auditoria_parcial,primeiro_turno
2022,1,Veja/FSB[222],2022-10-11,2022-10-14,2022-10-14,2000,wikipedia_tabela_8,Gomes,10.0,0,13.0,https://en.wikipedia.org/wiki/Opinion_polling_for_the_2022_Brazilian_presidential_election,0,wikipedia_estruturada_auditoria_parcial,primeiro_turno
2022,1,Veja/FSB[222],2022-10-11,2022-10-14,2022-10-14,2000,wikipedia_tabela_8,Gomes,11.0,0,17.0,https://en.wikipedia.org/wiki/Opinion_polling_for_the_2022_Brazilian_presidential_election,0,wikipedia_estruturada_auditoria_parcial,primeiro_turno
2022,1,Veja/FSB[223],2022-08-16,2022-08-18,2022-08-18,2000,wikipedia_tabela_8,Bolsonaro,35.0,0,18.0,https://en.wikipedia.org/wiki/Opinion_polling_for_the_2022_Brazilian_presidential_election,0,wikipedia_estruturada_auditoria_parcial,primeiro_turno
2022,1,Veja/FSB[223],2022-08-16,2022-08-18,2022-08-18,2000,wikipedia_tabela_8,Gomes,11.0,0,18.0,https://en.wikipedia.org/wiki/Opinion_polling_for_the_2022_Brazilian_presidential_election,0,wikipedia_estruturada_auditoria_parcial,primeiro_turno
2022,1,Veja/FSB[223],2022-08-16,2022-08-18,2022-08-18,2000,wikipedia_tabela_8,Gomes,13.0,0,19.0,https://en.wikipedia.org/wiki/Opinion_polling_for_the_2022_Brazilian_presidential_election,0,wikipedia_estruturada_auditoria_parcial,primeiro_turno
2018,1,Instituto Veritá 2018-10-07 at the Wayback Machine,2018-10-02,2018-10-05,2018-10-05,5208,wikipedia_tabela_1,Bolsonaro,41.5,0,19.0,https://en.wikipedia.org/wiki/Opinion_polling_for_the_2018_Brazilian_presidential_election,0,wikipedia_estruturada_auditoria_parcial,primeiro_turno
2018,1,Instituto Veritá 2018-10-07 at the Wayback Machine,2018-10-02,2018-10-05,2018-10-05,5208,wikipedia_tabela_1,Haddad,18.8,0,19.0,https://en.wikipedia.org/wiki/Opinion_polling_for_the_2018_Brazilian_presidential_election,0,wikipedia_estruturada_auditoria_parcial,primeiro_turno
2018,1,Instituto Veritá 2018-10-07 at the Wayback Machine,2018-10-02,2018-10-05,2018-10-05,5208,wikipedia_tabela_1,Ciro,8.4,0,19.0,https://en.wikipedia.org/wiki/Opinion_polling_for_the_2018_Brazilian_presidential_election,0,wikipedia_estruturada_auditoria_parcial,primeiro_turno
2018,1,Instituto Veritá 2018-10-07 at the Wayback Machine,2018-10-02,2018-10-05,2018-10-05,5208,wikipedia_tabela_1,Alckmin,4.2,0,19.0,https://en.wikipedia.org/wiki/Opinion_polling_for_the_2018_Brazilian_presidential_election,0,wikipedia_estruturada_auditoria_parcial,primeiro_turno
2018,1,Instituto Veritá 2018-10-07 at the Wayback Machine,2018-10-02,2018-10-05,2018-10-05,5208,wikipedia_tabela_1,Amoêdo,2.9,0,19.0,https://en.wikipedia.org/wiki/Opinion_polling_for_the_2018_Brazilian_presidential_election,0,wikipedia_estruturada_auditoria_parcial,primeiro_turno
2018,1,CNT/MDA,2018-10-04,2018-10-05,2018-10-05,2002,wikipedia_tabela_1,Bolsonaro,36.7,0,13.8,https://en.wikipedia.org/wiki/Opinion_polling_for_the_2018_Brazilian_presidential_election,0,wikipedia_estruturada_auditoria_parcial,primeiro_turno
2018,1,CNT/MDA,2018-10-04,2018-10-05,2018-10-05,2002,wikipedia_tabela_1,Haddad,24.0,0,13.8,https://en.wikipedia.org/wiki/Opinion_polling_for_the_2018_Brazilian_presidential_election,0,wikipedia_estruturada_auditoria_parcial,primeiro_turno
2018,1,CNT/MDA,2018-10-04,2018-10-05,2018-10-05,2002,wikipedia_tabela_1,Ciro,9.9,0,13.8,https://en.wikipedia.org/wiki/Opinion_polling_for_the_2018_Brazilian_presidential_election,0,wikipedia_estruturada_auditoria_parcial,primeiro_turno
2018,1,CNT/MDA,2018-10-04,2018-10-05,2018-10-05,2002,wikipedia_tabela_1,Alckmin,5.8,0,13.8,https://en.wikipedia.org/wiki/Opinion_polling_for_the_2018_Brazilian_presidential_election,0,wikipedia_estruturada_auditoria_parcial,primeiro_turno
2018,1,CNT/MDA,2018-10-04,2018-10-05,2018-10-05,2002,wikipedia_tabela_1,Amoêdo,2.3,0,13.8,https://en.wikipedia.org/wiki/Opinion_polling_for_the_2018_Brazilian_presidential_election,0,wikipedia_estruturada_auditoria_parcial,primeiro_turno
2018,1,DataPoder360,2018-10-03,2018-10-04,2018-10-04,4000,wikipedia_tabela_1,Bolsonaro,30.0,0,0.0,https://en.wikipedia.org/wiki/Opinion_polling_for_the_2018_Brazilian_presidential_election,0,wikipedia_estruturada_auditoria_parcial,primeiro_turno
2018,1,DataPoder360,2018-10-03,2018-10-04,2018-10-04,4000,wikipedia_tabela_1,Haddad,25.0,0,0.0,https://en.wikipedia.org/wiki/Opinion_polling_for_the_2018_Brazilian_presidential_election,0,wikipedia_estruturada_auditoria_parcial,primeiro_turno
2018,1,DataPoder360,2018-10-03,2018-10-04,2018-10-04,4000,wikipedia_tabela_1,Ciro,15.0,0,0.0,https://en.wikipedia.org/wiki/Opinion_polling_for_the_2018_Brazilian_presidential_election,0,wikipedia_estruturada_auditoria_parcial,primeiro_turno
2018,1,DataPoder360,2018-10-03,2018-10-04,2018-10-04,4000,wikipedia_tabela_1,Alckmin,7.0,0,0.0,https://en.wikipedia.org/wiki/Opinion_polling_for_the_2018_Brazilian_presidential_election,0,wikipedia_estruturada_auditoria_parcial,primeiro_turno
2018,1,DataPoder360,2018-10-03,2018-10-04,2018-10-04,4000,wikipedia_tabela_1,Amoêdo,2.0,0,0.0,https://en.wikipedia.org/wiki/Opinion_polling_for_the_2018_Brazilian_presidential_election,0,wikipedia_estruturada_auditoria_parcial,primeiro_turno
2018,1,XP/Ipespe,2018-10-03,2018-10-04,2018-10-04,2000,wikipedia_tabela_1,Bolsonaro,36.0,0,12.0,https://en.wikipedia.org/wiki/Opinion_polling_for_the_2018_Brazilian_presidential_election,0,wikipedia_estruturada_auditoria_parcial,primeiro_turno
2018,1,XP/Ipespe,2018-10-03,2018-10-04,2018-10-04,2000,wikipedia_tabela_1,Haddad,22.0,0,12.0,https://en.wikipedia.org/wiki/Opinion_polling_for_the_2018_Brazilian_presidential_election,0,wikipedia_estruturada_auditoria_parcial,primeiro_turno
2018,1,XP/Ipespe,2018-10-03,2018-10-04,2018-10-04,2000,wikipedia_tabela_1,Ciro,11.0,0,12.0,https://en.wikipedia.org/wiki/Opinion_polling_for_the_2018_Brazilian_presidential_election,0,wikipedia_estruturada_auditoria_parcial,primeiro_turno
2018,1,XP/Ipespe,2018-10-03,2018-10-04,2018-10-04,2000,wikipedia_tabela_1,Alckmin,7.0,0,12.0,https://en.wikipedia.org/wiki/Opinion_polling_for_the_2018_Brazilian_presidential_election,0,wikipedia_estruturada_auditoria_parcial,primeiro_turno
2018,1,XP/Ipespe,2018-10-03,2018-10-04,2018-10-04,2000,wikipedia_tabela_1,Amoêdo,3.0,0,12.0,https://en.wikipedia.org/wiki/Opinion_polling_for_the_2018_Brazilian_presidential_election,0,wikipedia_estruturada_auditoria_parcial,primeiro_turno
2018,1,RealTime Big Data,2018-10-03,2018-10-04,2018-10-04,10000,wikipedia_tabela_1,Bolsonaro,34.0,0,15.0,https://en.wikipedia.org/wiki/Opinion_polling_for_the_2018_Brazilian_presidential_election,0,wikipedia_estruturada_auditoria_parcial,primeiro_turno
2018,1,RealTime Big Data,2018-10-03,2018-10-04,2018-10-04,10000,wikipedia_tabela_1,Haddad,24.0,0,15.0,https://en.wikipedia.org/wiki/Opinion_polling_for_the_2018_Brazilian_presidential_election,0,wikipedia_estruturada_auditoria_parcial,primeiro_turno
2018,1,RealTime Big Data,2018-10-03,2018-10-04,2018-10-04,10000,wikipedia_tabela_1,Ciro,12.0,0,15.0,https://en.wikipedia.org/wiki/Opinion_polling_for_the_2018_Brazilian_presidential_election,0,wikipedia_estruturada_auditoria_parcial,primeiro_turno
2018,1,RealTime Big Data,2018-10-03,2018-10-04,2018-10-04,10000,wikipedia_tabela_1,Alckmin,6.0,0,15.0,https://en.wikipedia.org/wiki/Opinion_polling_for_the_2018_Brazilian_presidential_election,0,wikipedia_estruturada_auditoria_parcial,primeiro_turno
2018,1,RealTime Big Data,2018-10-03,2018-10-04,2018-10-04,10000,wikipedia_tabela_1,Amoêdo,2.0,0,15.0,https://en.wikipedia.org/wiki/Opinion_polling_for_the_2018_Brazilian_presidential_election,0,wikipedia_estruturada_auditoria_parcial,primeiro_turno
2018,1,Paraná Pesquisas/Crusoé 2018-10-06 at the Wayback Machine,2018-10-02,2018-10-04,2018-10-04,2080,wikipedia_tabela_1,Bolsonaro,34.9,0,14.7,https://en.wikipedia.org/wiki/Opinion_polling_for_the_2018_Brazilian_presidential_election,0,wikipedia_estruturada_auditoria_parcial,primeiro_turno
2018,1,Paraná Pesquisas/Crusoé 2018-10-06 at the Wayback Machine,2018-10-02,2018-10-04,2018-10-04,2080,wikipedia_tabela_1,Haddad,21.8,0,14.7,https://en.wikipedia.org/wiki/Opinion_polling_for_the_2018_Brazilian_presidential_election,0,wikipedia_estruturada_auditoria_parcial,primeiro_turno
2018,1,Paraná Pesquisas/Crusoé 2018-10-06 at the Wayback Machine,2018-10-02,2018-10-04,2018-10-04,2080,wikipedia_tabela_1,Ciro,9.4,0,14.7,https://en.wikipedia.org/wiki/Opinion_polling_for_the_2018_Brazilian_presidential_election,0,wikipedia_estruturada_auditoria_parcial,primeiro_turno
2018,1,Paraná Pesquisas/Crusoé 2018-10-06 at the Wayback Machine,2018-10-02,2018-10-04,2018-10-04,2080,wikipedia_tabela_1,Alckmin,7.4,0,14.7,https://en.wikipedia.org/wiki/Opinion_polling_for_the_2018_Brazilian_presidential_election,0,wikipedia_estruturada_auditoria_parcial,primeiro_turno
2018,1,Paraná Pesquisas/Crusoé 2018-10-06 at the Wayback Machine,2018-10-02,2018-10-04,2018-10-04,2080,wikipedia_tabela_1,Amoêdo,3.1,0,14.7,https://en.wikipedia.org/wiki/Opinion_polling_for_the_2018_Brazilian_presidential_election,0,wikipedia_estruturada_auditoria_parcial,primeiro_turno
2018,1,Datafolha,2018-09-29,2018-09-30,2018-09-30,3240,wikipedia_tabela_1,Bolsonaro,32.0,0,13.0,https://en.wikipedia.org/wiki/Opinion_polling_for_the_2018_Brazilian_presidential_election,0,wikipedia_estruturada_auditoria_parcial,primeiro_turno
2018,1,Datafolha,2018-09-29,2018-09-30,2018-09-30,3240,wikipedia_tabela_1,Haddad,21.0,0,13.0,https://en.wikipedia.org/wiki/Opinion_polling_for_the_2018_Brazilian_presidential_election,0,wikipedia_estruturada_auditoria_parcial,primeiro_turno
2018,1,Datafolha,2018-09-29,2018-09-30,2018-09-30,3240,wikipedia_tabela_1,Ciro,11.0,0,13.0,https://en.wikipedia.org/wiki/Opinion_polling_for_the_2018_Brazilian_presidential_election,0,wikipedia_estruturada_auditoria_parcial,primeiro_turno
2018,1,Datafolha,2018-09-29,2018-09-30,2018-09-30,3240,wikipedia_tabela_1,Alckmin,9.0,0,13.0,https://en.wikipedia.org/wiki/Opinion_polling_for_the_2018_Brazilian_presidential_election,0,wikipedia_estruturada_auditoria_parcial,primeiro_turno
2018,1,Datafolha,2018-09-29,2018-09-30,2018-09-30,3240,wikipedia_tabela_1,Amoêdo,3.0,0,13.0,https://en.wikipedia.org/wiki/Opinion_polling_for_the_2018_Brazilian_presidential_election,0,wikipedia_estruturada_auditoria_parcial,primeiro_turno
2018,1,Ibope,2018-09-29,2018-09-30,2018-09-30,3010,wikipedia_tabela_1,Bolsonaro,31.0,0,17.0,https://en.wikipedia.org/wiki/Opinion_polling_for_the_2018_Brazilian_presidential_election,0,wikipedia_estruturada_auditoria_parcial,primeiro_turno
2018,1,Ibope,2018-09-29,2018-09-30,2018-09-30,3010,wikipedia_tabela_1,Haddad,21.0,0,17.0,https://en.wikipedia.org/wiki/Opinion_polling_for_the_2018_Brazilian_presidential_election,0,wikipedia_estruturada_auditoria_parcial,primeiro_turno
2018,1,Ibope,2018-09-29,2018-09-30,2018-09-30,3010,wikipedia_tabela_1,Ciro,11.0,0,17.0,https://en.wikipedia.org/wiki/Opinion_polling_for_the_2018_Brazilian_presidential_election,0,wikipedia_estruturada_auditoria_parcial,primeiro_turno
2018,1,Ibope,2018-09-29,2018-09-30,2018-09-30,3010,wikipedia_tabela_1,Alckmin,8.0,0,17.0,https://en.wikipedia.org/wiki/Opinion_polling_for_the_2018_Brazilian_presidential_election,0,wikipedia_estruturada_auditoria_parcial,primeiro_turno
2018,1,Ibope,2018-09-29,2018-09-30,2018-09-30,3010,wikipedia_tabela_1,Amoêdo,3.0,0,17.0,https://en.wikipedia.org/wiki/Opinion_polling_for_the_2018_Brazilian_presidential_election,0,wikipedia_estruturada_auditoria_parcial,primeiro_turno
2018,1,FSB Pesquisa,2018-09-29,2018-09-30,2018-09-30,2000,wikipedia_tabela_1,Bolsonaro,31.0,0,12.0,https://en.wikipedia.org/wiki/Opinion_polling_for_the_2018_Brazilian_presidential_election,0,wikipedia_estruturada_auditoria_parcial,primeiro_turno
2018,1,FSB Pesquisa,2018-09-29,2018-09-30,2018-09-30,2000,wikipedia_tabela_1,Haddad,24.0,0,12.0,https://en.wikipedia.org/wiki/Opinion_polling_for_the_2018_Brazilian_presidential_election,0,wikipedia_estruturada_auditoria_parcial,primeiro_turno
2018,1,FSB Pesquisa,2018-09-29,2018-09-30,2018-09-30,2000,wikipedia_tabela_1,Ciro,9.0,0,12.0,https://en.wikipedia.org/wiki/Opinion_polling_for_the_2018_Brazilian_presidential_election,0,wikipedia_estruturada_auditoria_parcial,primeiro_turno
2018,1,FSB Pesquisa,2018-09-29,2018-09-30,2018-09-30,2000,wikipedia_tabela_1,Alckmin,11.0,0,12.0,https://en.wikipedia.org/wiki/Opinion_polling_for_the_2018_Brazilian_presidential_election,0,wikipedia_estruturada_auditoria_parcial,primeiro_turno
2018,1,FSB Pesquisa,2018-09-29,2018-09-30,2018-09-30,2000,wikipedia_tabela_1,Amoêdo,5.0,0,12.0,https://en.wikipedia.org/wiki/Opinion_polling_for_the_2018_Brazilian_presidential_election,0,wikipedia_estruturada_auditoria_parcial,primeiro_turno
2018,1,CNT/MDA 2018-09-30 at the Wayback Machine,2018-09-27,2018-09-28,2018-09-28,2000,wikipedia_tabela_1,Bolsonaro,28.2,0,20.0,https://en.wikipedia.org/wiki/Opinion_polling_for_the_2018_Brazilian_presidential_election,0,wikipedia_estruturada_auditoria_parcial,primeiro_turno
2018,1,CNT/MDA 2018-09-30 at the Wayback Machine,2018-09-27,2018-09-28,2018-09-28,2000,wikipedia_tabela_1,Haddad,25.2,0,20.0,https://en.wikipedia.org/wiki/Opinion_polling_for_the_2018_Brazilian_presidential_election,0,wikipedia_estruturada_auditoria_parcial,primeiro_turno
2018,1,CNT/MDA 2018-09-30 at the Wayback Machine,2018-09-27,2018-09-28,2018-09-28,2000,wikipedia_tabela_1,Ciro,9.4,0,20.0,https://en.wikipedia.org/wiki/Opinion_polling_for_the_2018_Brazilian_presidential_election,0,wikipedia_estruturada_auditoria_parcial,primeiro_turno
2018,1,CNT/MDA 2018-09-30 at the Wayback Machine,2018-09-27,2018-09-28,2018-09-28,2000,wikipedia_tabela_1,Alckmin,7.3,0,20.0,https://en.wikipedia.org/wiki/Opinion_polling_for_the_2018_Brazilian_presidential_election,0,wikipedia_estruturada_auditoria_parcial,primeiro_turno
2018,1,CNT/MDA 2018-09-30 at the Wayback Machine,2018-09-27,2018-09-28,2018-09-28,2000,wikipedia_tabela_1,Amoêdo,2.0,0,20.0,https://en.wikipedia.org/wiki/Opinion_polling_for_the_2018_Brazilian_presidential_election,0,wikipedia_estruturada_auditoria_parcial,primeiro_turno
2018,1,Datafolha,2018-09-26,2018-09-28,2018-09-28,9000,wikipedia_tabela_1,Bolsonaro,28.0,0,15.0,https://en.wikipedia.org/wiki/Opinion_polling_for_the_2018_Brazilian_presidential_election,0,wikipedia_estruturada_auditoria_parcial,primeiro_turno
2018,1,Datafolha,2018-09-26,2018-09-28,2018-09-28,9000,wikipedia_tabela_1,Haddad,22.0,0,15.0,https://en.wikipedia.org/wiki/Opinion_polling_for_the_2018_Brazilian_presidential_election,0,wikipedia_estruturada_auditoria_parcial,primeiro_turno
2018,1,Datafolha,2018-09-26,2018-09-28,2018-09-28,9000,wikipedia_tabela_1,Ciro,11.0,0,15.0,https://en.wikipedia.org/wiki/Opinion_polling_for_the_2018_Brazilian_presidential_election,0,wikipedia_estruturada_auditoria_parcial,primeiro_turno
2018,1,Datafolha,2018-09-26,2018-09-28,2018-09-28,9000,wikipedia_tabela_1,Alckmin,10.0,0,15.0,https://en.wikipedia.org/wiki/Opinion_polling_for_the_2018_Brazilian_presidential_election,0,wikipedia_estruturada_auditoria_parcial,primeiro_turno
2018,1,Datafolha,2018-09-26,2018-09-28,2018-09-28,9000,wikipedia_tabela_1,Amoêdo,3.0,0,15.0,https://en.wikipedia.org/wiki/Opinion_polling_for_the_2018_Brazilian_presidential_election,0,wikipedia_estruturada_auditoria_parcial,primeiro_turno
2018,1,XP/Ipespe,2018-09-24,2018-09-26,2018-09-26,2000,wikipedia_tabela_1,Bolsonaro,28.0,0,17.0,https://en.wikipedia.org/wiki/Opinion_polling_for_the_2018_Brazilian_presidential_election,0,wikipedia_estruturada_auditoria_parcial,primeiro_turno
2018,1,XP/Ipespe,2018-09-24,2018-09-26,2018-09-26,2000,wikipedia_tabela_1,Haddad,21.0,0,17.0,https://en.wikipedia.org/wiki/Opinion_polling_for_the_2018_Brazilian_presidential_election,0,wikipedia_estruturada_auditoria_parcial,primeiro_turno
2018,1,XP/Ipespe,2018-09-24,2018-09-26,2018-09-26,2000,wikipedia_tabela_1,Ciro,11.0,0,17.0,https://en.wikipedia.org/wiki/Opinion_polling_for_the_2018_Brazilian_presidential_election,0,wikipedia_estruturada_auditoria_parcial,primeiro_turno
2018,1,XP/Ipespe,2018-09-24,2018-09-26,2018-09-26,2000,wikipedia_tabela_1,Alckmin,8.0,0,17.0,https://en.wikipedia.org/wiki/Opinion_polling_for_the_2018_Brazilian_presidential_election,0,wikipedia_estruturada_auditoria_parcial,primeiro_turno
2018,1,XP/Ipespe,2018-09-24,2018-09-26,2018-09-26,2000,wikipedia_tabela_1,Amoêdo,3.0,0,17.0,https://en.wikipedia.org/wiki/Opinion_polling_for_the_2018_Brazilian_presidential_election,0,wikipedia_estruturada_auditoria_parcial,primeiro_turno
2018,1,Paraná Pesquisas/Crusoé,2018-09-23,2018-09-25,2018-09-25,2020,wikipedia_tabela_1,Bolsonaro,31.2,0,18.2,https://en.wikipedia.org/wiki/Opinion_polling_for_the_2018_Brazilian_presidential_election,0,wikipedia_estruturada_auditoria_parcial,primeiro_turno
2018,1,Paraná Pesquisas/Crusoé,2018-09-23,2018-09-25,2018-09-25,2020,wikipedia_tabela_1,Haddad,20.2,0,18.2,https://en.wikipedia.org/wiki/Opinion_polling_for_the_2018_Brazilian_presidential_election,0,wikipedia_estruturada_auditoria_parcial,primeiro_turno
2018,1,Paraná Pesquisas/Crusoé,2018-09-23,2018-09-25,2018-09-25,2020,wikipedia_tabela_1,Ciro,10.1,0,18.2,https://en.wikipedia.org/wiki/Opinion_polling_for_the_2018_Brazilian_presidential_election,0,wikipedia_estruturada_auditoria_parcial,primeiro_turno
2018,1,Paraná Pesquisas/Crusoé,2018-09-23,2018-09-25,2018-09-25,2020,wikipedia_tabela_1,Alckmin,7.6,0,18.2,https://en.wikipedia.org/wiki/Opinion_polling_for_the_2018_Brazilian_presidential_election,0,wikipedia_estruturada_auditoria_parcial,primeiro_turno
2018,1,Paraná Pesquisas/Crusoé,2018-09-23,2018-09-25,2018-09-25,2020,wikipedia_tabela_1,Amoêdo,3.8,0,18.2,https://en.wikipedia.org/wiki/Opinion_polling_for_the_2018_Brazilian_presidential_election,0,wikipedia_estruturada_auditoria_parcial,primeiro_turno
2018,1,Ibope,2018-09-22,2018-09-24,2018-09-24,2000,wikipedia_tabela_1,Bolsonaro,27.0,0,18.0,https://en.wikipedia.org/wiki/Opinion_polling_for_the_2018_Brazilian_presidential_election,0,wikipedia_estruturada_auditoria_parcial,primeiro_turno
2018,1,Ibope,2018-09-22,2018-09-24,2018-09-24,2000,wikipedia_tabela_1,Haddad,21.0,0,18.0,https://en.wikipedia.org/wiki/Opinion_polling_for_the_2018_Brazilian_presidential_election,0,wikipedia_estruturada_auditoria_parcial,primeiro_turno
2018,1,Ibope,2018-09-22,2018-09-24,2018-09-24,2000,wikipedia_tabela_1,Ciro,12.0,0,18.0,https://en.wikipedia.org/wiki/Opinion_polling_for_the_2018_Brazilian_presidential_election,0,wikipedia_estruturada_auditoria_parcial,primeiro_turno
2018,1,Ibope,2018-09-22,2018-09-24,2018-09-24,2000,wikipedia_tabela_1,Alckmin,8.0,0,18.0,https://en.wikipedia.org/wiki/Opinion_polling_for_the_2018_Brazilian_presidential_election,0,wikipedia_estruturada_auditoria_parcial,primeiro_turno
2018,1,Ibope,2018-09-22,2018-09-24,2018-09-24,2000,wikipedia_tabela_1,Amoêdo,3.0,0,18.0,https://en.wikipedia.org/wiki/Opinion_polling_for_the_2018_Brazilian_presidential_election,0,wikipedia_estruturada_auditoria_parcial,primeiro_turno
2018,1,IstoÉ/Sensus,2018-09-21,2018-09-24,2018-09-24,2000,wikipedia_tabela_1,Bolsonaro,30.6,0,22.4,https://en.wikipedia.org/wiki/Opinion_polling_for_the_2018_Brazilian_presidential_election,0,wikipedia_estruturada_auditoria_parcial,primeiro_turno
2018,1,IstoÉ/Sensus,2018-09-21,2018-09-24,2018-09-24,2000,wikipedia_tabela_1,Haddad,24.5,0,22.4,https://en.wikipedia.org/wiki/Opinion_polling_for_the_2018_Brazilian_presidential_election,0,wikipedia_estruturada_auditoria_parcial,primeiro_turno
2018,1,IstoÉ/Sensus,2018-09-21,2018-09-24,2018-09-24,2000,wikipedia_tabela_1,Ciro,7.7,0,22.4,https://en.wikipedia.org/wiki/Opinion_polling_for_the_2018_Brazilian_presidential_election,0,wikipedia_estruturada_auditoria_parcial,primeiro_turno
2018,1,IstoÉ/Sensus,2018-09-21,2018-09-24,2018-09-24,2000,wikipedia_tabela_1,Alckmin,5.6,0,22.4,https://en.wikipedia.org/wiki/Opinion_polling_for_the_2018_Brazilian_presidential_election,0,wikipedia_estruturada_auditoria_parcial,primeiro_turno
2018,1,IstoÉ/Sensus,2018-09-21,2018-09-24,2018-09-24,2000,wikipedia_tabela_1,Amoêdo,1.9,0,22.4,https://en.wikipedia.org/wiki/Opinion_polling_for_the_2018_Brazilian_presidential_election,0,wikipedia_estruturada_auditoria_parcial,primeiro_turno
2018,1,FSB Pesquisa,2018-09-22,2018-09-23,2018-09-23,2000,wikipedia_tabela_1,Bolsonaro,33.0,0,13.0,https://en.wikipedia.org/wiki/Opinion_polling_for_the_2018_Brazilian_presidential_election,0,wikipedia_estruturada_auditoria_parcial,primeiro_turno
2018,1,FSB Pesquisa,2018-09-22,2018-09-23,2018-09-23,2000,wikipedia_tabela_1,Haddad,23.0,0,13.0,https://en.wikipedia.org/wiki/Opinion_polling_for_the_2018_Brazilian_presidential_election,0,wikipedia_estruturada_auditoria_parcial,primeiro_turno
2018,1,FSB Pesquisa,2018-09-22,2018-09-23,2018-09-23,2000,wikipedia_tabela_1,Ciro,10.0,0,13.0,https://en.wikipedia.org/wiki/Opinion_polling_for_the_2018_Brazilian_presidential_election,0,wikipedia_estruturada_auditoria_parcial,primeiro_turno
2018,1,FSB Pesquisa,2018-09-22,2018-09-23,2018-09-23,2000,wikipedia_tabela_1,Alckmin,8.0,0,13.0,https://en.wikipedia.org/wiki/Opinion_polling_for_the_2018_Brazilian_presidential_election,0,wikipedia_estruturada_auditoria_parcial,primeiro_turno
2018,1,FSB Pesquisa,2018-09-22,2018-09-23,2018-09-23,2000,wikipedia_tabela_1,Amoêdo,3.0,0,13.0,https://en.wikipedia.org/wiki/Opinion_polling_for_the_2018_Brazilian_presidential_election,0,wikipedia_estruturada_auditoria_parcial,primeiro_turno
2018,1,Ibope,2018-09-22,2018-09-23,2018-09-23,2506,wikipedia_tabela_1,Bolsonaro,28.0,0,18.0,https://en.wikipedia.org/wiki/Opinion_polling_for_the_2018_Brazilian_presidential_election,0,wikipedia_estruturada_auditoria_parcial,primeiro_turno
2018,1,Ibope,2018-09-22,2018-09-23,2018-09-23,2506,wikipedia_tabela_1,Haddad,22.0,0,18.0,https://en.wikipedia.org/wiki/Opinion_polling_for_the_2018_Brazilian_presidential_election,0,wikipedia_estruturada_auditoria_parcial,primeiro_turno
2018,1,Ibope,2018-09-22,2018-09-23,2018-09-23,2506,wikipedia_tabela_1,Ciro,11.0,0,18.0,https://en.wikipedia.org/wiki/Opinion_polling_for_the_2018_Brazilian_presidential_election,0,wikipedia_estruturada_auditoria_parcial,primeiro_turno
2018,1,Ibope,2018-09-22,2018-09-23,2018-09-23,2506,wikipedia_tabela_1,Alckmin,8.0,0,18.0,https://en.wikipedia.org/wiki/Opinion_polling_for_the_2018_Brazilian_presidential_election,0,wikipedia_estruturada_auditoria_parcial,primeiro_turno
2018,1,Ibope,2018-09-22,2018-09-23,2018-09-23,2506,wikipedia_tabela_1,Amoêdo,3.0,0,18.0,https://en.wikipedia.org/wiki/Opinion_polling_for_the_2018_Brazilian_presidential_election,0,wikipedia_estruturada_auditoria_parcial,primeiro_turno
2018,1,DataPoder360,2018-09-19,2018-09-20,2018-09-20,4000,wikipedia_tabela_1,Bolsonaro,26.0,0,15.0,https://en.wikipedia.org/wiki/Opinion_polling_for_the_2018_Brazilian_presidential_election,0,wikipedia_estruturada_auditoria_parcial,primeiro_turno
2018,1,DataPoder360,2018-09-19,2018-09-20,2018-09-20,4000,wikipedia_tabela_1,Haddad,22.0,0,15.0,https://en.wikipedia.org/wiki/Opinion_polling_for_the_2018_Brazilian_presidential_election,0,wikipedia_estruturada_auditoria_parcial,primeiro_turno
2018,1,DataPoder360,2018-09-19,2018-09-20,2018-09-20,4000,wikipedia_tabela_1,Ciro,14.0,0,15.0,https://en.wikipedia.org/wiki/Opinion_polling_for_the_2018_Brazilian_presidential_election,0,wikipedia_estruturada_auditoria_parcial,primeiro_turno
2018,1,DataPoder360,2018-09-19,2018-09-20,2018-09-20,4000,wikipedia_tabela_1,Alckmin,6.0,0,15.0,https://en.wikipedia.org/wiki/Opinion_polling_for_the_2018_Brazilian_presidential_election,0,wikipedia_estruturada_auditoria_parcial,primeiro_turno
2018,1,DataPoder360,2018-09-19,2018-09-20,2018-09-20,4000,wikipedia_tabela_1,Amoêdo,1.0,0,15.0,https://en.wikipedia.org/wiki/Opinion_polling_for_the_2018_Brazilian_presidential_election,0,wikipedia_estruturada_auditoria_parcial,primeiro_turno
2018,1,Datafolha,2018-09-18,2018-09-19,2018-09-19,8601,wikipedia_tabela_1,Bolsonaro,28.0,0,17.0,https://en.wikipedia.org/wiki/Opinion_polling_for_the_2018_Brazilian_presidential_election,0,wikipedia_estruturada_auditoria_parcial,primeiro_turno
2018,1,Datafolha,2018-09-18,2018-09-19,2018-09-19,8601,wikipedia_tabela_1,Haddad,16.0,0,17.0,https://en.wikipedia.org/wiki/Opinion_polling_for_the_2018_Brazilian_presidential_election,0,wikipedia_estruturada_auditoria_parcial,primeiro_turno
2018,1,Datafolha,2018-09-18,2018-09-19,2018-09-19,8601,wikipedia_tabela_1,Ciro,13.0,0,17.0,https://en.wikipedia.org/wiki/Opinion_polling_for_the_2018_Brazilian_presidential_election,0,wikipedia_estruturada_auditoria_parcial,primeiro_turno
2018,1,Datafolha,2018-09-18,2018-09-19,2018-09-19,8601,wikipedia_tabela_1,Alckmin,9.0,0,17.0,https://en.wikipedia.org/wiki/Opinion_polling_for_the_2018_Brazilian_presidential_election,0,wikipedia_estruturada_auditoria_parcial,primeiro_turno
2018,1,Datafolha,2018-09-18,2018-09-19,2018-09-19,8601,wikipedia_tabela_1,Amoêdo,3.0,0,17.0,https://en.wikipedia.org/wiki/Opinion_polling_for_the_2018_Brazilian_presidential_election,0,wikipedia_estruturada_auditoria_parcial,primeiro_turno
2018,1,Genial Investimentos/Brasilis 2018-09-21 at the Wayback Machine,2018-09-17,2018-09-19,2018-09-19,1000,wikipedia_tabela_1,Bolsonaro,30.0,0,18.0,https://en.wikipedia.org/wiki/Opinion_polling_for_the_2018_Brazilian_presidential_election,0,wikipedia_estruturada_auditoria_parcial,primeiro_turno
2018,1,Genial Investimentos/Brasilis 2018-09-21 at the Wayback Machine,2018-09-17,2018-09-19,2018-09-19,1000,wikipedia_tabela_1,Haddad,17.0,0,18.0,https://en.wikipedia.org/wiki/Opinion_polling_for_the_2018_Brazilian_presidential_election,0,wikipedia_estruturada_auditoria_parcial,primeiro_turno
2018,1,Genial Investimentos/Brasilis 2018-09-21 at the Wayback Machine,2018-09-17,2018-09-19,2018-09-19,1000,wikipedia_tabela_1,Ciro,7.0,0,18.0,https://en.wikipedia.org/wiki/Opinion_polling_for_the_2018_Brazilian_presidential_election,0,wikipedia_estruturada_auditoria_parcial,primeiro_turno
2018,1,Genial Investimentos/Brasilis 2018-09-21 at the Wayback Machine,2018-09-17,2018-09-19,2018-09-19,1000,wikipedia_tabela_1,Alckmin,7.0,0,18.0,https://en.wikipedia.org/wiki/Opinion_polling_for_the_2018_Brazilian_presidential_election,0,wikipedia_estruturada_auditoria_parcial,primeiro_turno
2018,1,Genial Investimentos/Brasilis 2018-09-21 at the Wayback Machine,2018-09-17,2018-09-19,2018-09-19,1000,wikipedia_tabela_1,Amoêdo,5.0,0,18.0,https://en.wikipedia.org/wiki/Opinion_polling_for_the_2018_Brazilian_presidential_election,0,wikipedia_estruturada_auditoria_parcial,primeiro_turno
2018,1,XP/Ipespe,2018-09-17,2018-09-19,2018-09-19,2000,wikipedia_tabela_1,Bolsonaro,28.0,0,23.0,https://en.wikipedia.org/wiki/Opinion_polling_for_the_2018_Brazilian_presidential_election,0,wikipedia_estruturada_auditoria_parcial,primeiro_turno
2018,1,XP/Ipespe,2018-09-17,2018-09-19,2018-09-19,2000,wikipedia_tabela_1,Haddad,16.0,0,23.0,https://en.wikipedia.org/wiki/Opinion_polling_for_the_2018_Brazilian_presidential_election,0,wikipedia_estruturada_auditoria_parcial,primeiro_turno
2018,1,XP/Ipespe,2018-09-17,2018-09-19,2018-09-19,2000,wikipedia_tabela_1,Ciro,11.0,0,23.0,https://en.wikipedia.org/wiki/Opinion_polling_for_the_2018_Brazilian_presidential_election,0,wikipedia_estruturada_auditoria_parcial,primeiro_turno
2018,1,XP/Ipespe,2018-09-17,2018-09-19,2018-09-19,2000,wikipedia_tabela_1,Alckmin,7.0,0,23.0,https://en.wikipedia.org/wiki/Opinion_polling_for_the_2018_Brazilian_presidential_election,0,wikipedia_estruturada_auditoria_parcial,primeiro_turno
2018,1,XP/Ipespe,2018-09-17,2018-09-19,2018-09-19,2000,wikipedia_tabela_1,Amoêdo,3.0,0,23.0,https://en.wikipedia.org/wiki/Opinion_polling_for_the_2018_Brazilian_presidential_election,0,wikipedia_estruturada_auditoria_parcial,primeiro_turno
2018,1,Ibope,2018-09-16,2018-09-18,2018-09-18,2506,wikipedia_tabela_1,Bolsonaro,28.0,0,21.0,https://en.wikipedia.org/wiki/Opinion_polling_for_the_2018_Brazilian_presidential_election,0,wikipedia_estruturada_auditoria_parcial,primeiro_turno
2018,1,Ibope,2018-09-16,2018-09-18,2018-09-18,2506,wikipedia_tabela_1,Haddad,19.0,0,21.0,https://en.wikipedia.org/wiki/Opinion_polling_for_the_2018_Brazilian_presidential_election,0,wikipedia_estruturada_auditoria_parcial,primeiro_turno
2018,1,Ibope,2018-09-16,2018-09-18,2018-09-18,2506,wikipedia_tabela_1,Ciro,11.0,0,21.0,https://en.wikipedia.org/wiki/Opinion_polling_for_the_2018_Brazilian_presidential_election,0,wikipedia_estruturada_auditoria_parcial,primeiro_turno
2018,1,Ibope,2018-09-16,2018-09-18,2018-09-18,2506,wikipedia_tabela_1,Alckmin,7.0,0,21.0,https://en.wikipedia.org/wiki/Opinion_polling_for_the_2018_Brazilian_presidential_election,0,wikipedia_estruturada_auditoria_parcial,primeiro_turno
2018,1,Ibope,2018-09-16,2018-09-18,2018-09-18,2506,wikipedia_tabela_1,Amoêdo,2.0,0,21.0,https://en.wikipedia.org/wiki/Opinion_polling_for_the_2018_Brazilian_presidential_election,0,wikipedia_estruturada_auditoria_parcial,primeiro_turno
2018,1,FSB Pesquisa,2018-09-15,2018-09-16,2018-09-16,2000,wikipedia_tabela_1,Bolsonaro,33.0,0,16.0,https://en.wikipedia.org/wiki/Opinion_polling_for_the_2018_Brazilian_presidential_election,0,wikipedia_estruturada_auditoria_parcial,primeiro_turno
2018,1,FSB Pesquisa,2018-09-15,2018-09-16,2018-09-16,2000,wikipedia_tabela_1,Haddad,16.0,0,16.0,https://en.wikipedia.org/wiki/Opinion_polling_for_the_2018_Brazilian_presidential_election,0,wikipedia_estruturada_auditoria_parcial,primeiro_turno
2018,1,FSB Pesquisa,2018-09-15,2018-09-16,2018-09-16,2000,wikipedia_tabela_1,Ciro,14.0,0,16.0,https://en.wikipedia.org/wiki/Opinion_polling_for_the_2018_Brazilian_presidential_election,0,wikipedia_estruturada_auditoria_parcial,primeiro_turno
2018,1,FSB Pesquisa,2018-09-15,2018-09-16,2018-09-16,2000,wikipedia_tabela_1,Alckmin,6.0,0,16.0,https://en.wikipedia.org/wiki/Opinion_polling_for_the_2018_Brazilian_presidential_election,0,wikipedia_estruturada_auditoria_parcial,primeiro_turno
2018,1,FSB Pesquisa,2018-09-15,2018-09-16,2018-09-16,2000,wikipedia_tabela_1,Amoêdo,4.0,0,16.0,https://en.wikipedia.org/wiki/Opinion_polling_for_the_2018_Brazilian_presidential_election,0,wikipedia_estruturada_auditoria_parcial,primeiro_turno
2018,1,CNT/MDA,2018-09-12,2018-09-15,2018-09-15,2002,wikipedia_tabela_1,Bolsonaro,28.2,0,25.7,https://en.wikipedia.org/wiki/Opinion_polling_for_the_2018_Brazilian_presidential_election,0,wikipedia_estruturada_auditoria_parcial,primeiro_turno
2018,1,CNT/MDA,2018-09-12,2018-09-15,2018-09-15,2002,wikipedia_tabela_1,Haddad,17.6,0,25.7,https://en.wikipedia.org/wiki/Opinion_polling_for_the_2018_Brazilian_presidential_election,0,wikipedia_estruturada_auditoria_parcial,primeiro_turno
2018,1,CNT/MDA,2018-09-12,2018-09-15,2018-09-15,2002,wikipedia_tabela_1,Ciro,10.8,0,25.7,https://en.wikipedia.org/wiki/Opinion_polling_for_the_2018_Brazilian_presidential_election,0,wikipedia_estruturada_auditoria_parcial,primeiro_turno
2018,1,CNT/MDA,2018-09-12,2018-09-15,2018-09-15,2002,wikipedia_tabela_1,Alckmin,6.1,0,25.7,https://en.wikipedia.org/wiki/Opinion_polling_for_the_2018_Brazilian_presidential_election,0,wikipedia_estruturada_auditoria_parcial,primeiro_turno
2018,1,CNT/MDA,2018-09-12,2018-09-15,2018-09-15,2002,wikipedia_tabela_1,Amoêdo,2.8,0,25.7,https://en.wikipedia.org/wiki/Opinion_polling_for_the_2018_Brazilian_presidential_election,0,wikipedia_estruturada_auditoria_parcial,primeiro_turno
2018,1,Datafolha,2018-09-13,2018-09-14,2018-09-14,2820,wikipedia_tabela_1,Bolsonaro,26.0,0,19.0,https://en.wikipedia.org/wiki/Opinion_polling_for_the_2018_Brazilian_presidential_election,0,wikipedia_estruturada_auditoria_parcial,primeiro_turno
2018,1,Datafolha,2018-09-13,2018-09-14,2018-09-14,2820,wikipedia_tabela_1,Haddad,13.0,0,19.0,https://en.wikipedia.org/wiki/Opinion_polling_for_the_2018_Brazilian_presidential_election,0,wikipedia_estruturada_auditoria_parcial,primeiro_turno
2018,1,Datafolha,2018-09-13,2018-09-14,2018-09-14,2820,wikipedia_tabela_1,Ciro,13.0,0,19.0,https://en.wikipedia.org/wiki/Opinion_polling_for_the_2018_Brazilian_presidential_election,0,wikipedia_estruturada_auditoria_parcial,primeiro_turno
2018,1,Datafolha,2018-09-13,2018-09-14,2018-09-14,2820,wikipedia_tabela_1,Alckmin,9.0,0,19.0,https://en.wikipedia.org/wiki/Opinion_polling_for_the_2018_Brazilian_presidential_election,0,wikipedia_estruturada_auditoria_parcial,primeiro_turno
2018,1,Datafolha,2018-09-13,2018-09-14,2018-09-14,2820,wikipedia_tabela_1,Amoêdo,3.0,0,19.0,https://en.wikipedia.org/wiki/Opinion_polling_for_the_2018_Brazilian_presidential_election,0,wikipedia_estruturada_auditoria_parcial,primeiro_turno
2018,1,XP/Ipespe,2018-09-10,2018-09-12,2018-09-12,2000,wikipedia_tabela_1,Bolsonaro,26.0,0,23.0,https://en.wikipedia.org/wiki/Opinion_polling_for_the_2018_Brazilian_presidential_election,0,wikipedia_estruturada_auditoria_parcial,primeiro_turno
2018,1,XP/Ipespe,2018-09-10,2018-09-12,2018-09-12,2000,wikipedia_tabela_1,Haddad,10.0,0,23.0,https://en.wikipedia.org/wiki/Opinion_polling_for_the_2018_Brazilian_presidential_election,0,wikipedia_estruturada_auditoria_parcial,primeiro_turno
2018,1,XP/Ipespe,2018-09-10,2018-09-12,2018-09-12,2000,wikipedia_tabela_1,Ciro,12.0,0,23.0,https://en.wikipedia.org/wiki/Opinion_polling_for_the_2018_Brazilian_presidential_election,0,wikipedia_estruturada_auditoria_parcial,primeiro_turno
2018,1,XP/Ipespe,2018-09-10,2018-09-12,2018-09-12,2000,wikipedia_tabela_1,Alckmin,9.0,0,23.0,https://en.wikipedia.org/wiki/Opinion_polling_for_the_2018_Brazilian_presidential_election,0,wikipedia_estruturada_auditoria_parcial,primeiro_turno
2018,1,XP/Ipespe,2018-09-10,2018-09-12,2018-09-12,2000,wikipedia_tabela_1,Amoêdo,4.0,0,23.0,https://en.wikipedia.org/wiki/Opinion_polling_for_the_2018_Brazilian_presidential_election,0,wikipedia_estruturada_auditoria_parcial,primeiro_turno
2018,1,Paraná Pesquisas/Crusoé,2018-09-07,2018-09-11,2018-09-11,2010,wikipedia_tabela_1,Bolsonaro,26.6,0,21.8,https://en.wikipedia.org/wiki/Opinion_polling_for_the_2018_Brazilian_presidential_election,0,wikipedia_estruturada_auditoria_parcial,primeiro_turno
2018,1,Paraná Pesquisas/Crusoé,2018-09-07,2018-09-11,2018-09-11,2010,wikipedia_tabela_1,Haddad,8.3,0,21.8,https://en.wikipedia.org/wiki/Opinion_polling_for_the_2018_Brazilian_presidential_election,0,wikipedia_estruturada_auditoria_parcial,primeiro_turno
2018,1,Paraná Pesquisas/Crusoé,2018-09-07,2018-09-11,2018-09-11,2010,wikipedia_tabela_1,Ciro,11.9,0,21.8,https://en.wikipedia.org/wiki/Opinion_polling_for_the_2018_Brazilian_presidential_election,0,wikipedia_estruturada_auditoria_parcial,primeiro_turno
2018,1,Paraná Pesquisas/Crusoé,2018-09-07,2018-09-11,2018-09-11,2010,wikipedia_tabela_1,Alckmin,8.7,0,21.8,https://en.wikipedia.org/wiki/Opinion_polling_for_the_2018_Brazilian_presidential_election,0,wikipedia_estruturada_auditoria_parcial,primeiro_turno
2018,1,Paraná Pesquisas/Crusoé,2018-09-07,2018-09-11,2018-09-11,2010,wikipedia_tabela_1,Amoêdo,3.3,0,21.8,https://en.wikipedia.org/wiki/Opinion_polling_for_the_2018_Brazilian_presidential_election,0,wikipedia_estruturada_auditoria_parcial,primeiro_turno
2018,1,Datafolha,2018-09-10,2018-09-10,2018-09-10,2804,wikipedia_tabela_1,Bolsonaro,24.0,0,22.0,https://en.wikipedia.org/wiki/Opinion_polling_for_the_2018_Brazilian_presidential_election,0,wikipedia_estruturada_auditoria_parcial,primeiro_turno
2018,1,Datafolha,2018-09-10,2018-09-10,2018-09-10,2804,wikipedia_tabela_1,Haddad,9.0,0,22.0,https://en.wikipedia.org/wiki/Opinion_polling_for_the_2018_Brazilian_presidential_election,0,wikipedia_estruturada_auditoria_parcial,primeiro_turno
2018,1,Datafolha,2018-09-10,2018-09-10,2018-09-10,2804,wikipedia_tabela_1,Ciro,13.0,0,22.0,https://en.wikipedia.org/wiki/Opinion_polling_for_the_2018_Brazilian_presidential_election,0,wikipedia_estruturada_auditoria_parcial,primeiro_turno
2018,1,Datafolha,2018-09-10,2018-09-10,2018-09-10,2804,wikipedia_tabela_1,Alckmin,10.0,0,22.0,https://en.wikipedia.org/wiki/Opinion_polling_for_the_2018_Brazilian_presidential_election,0,wikipedia_estruturada_auditoria_parcial,primeiro_turno
2018,1,Datafolha,2018-09-10,2018-09-10,2018-09-10,2804,wikipedia_tabela_1,Amoêdo,3.0,0,22.0,https://en.wikipedia.org/wiki/Opinion_polling_for_the_2018_Brazilian_presidential_election,0,wikipedia_estruturada_auditoria_parcial,primeiro_turno
2018,1,Ibope,2018-09-08,2018-09-10,2018-09-10,2002,wikipedia_tabela_1,Bolsonaro,26.0,0,26.0,https://en.wikipedia.org/wiki/Opinion_polling_for_the_2018_Brazilian_presidential_election,0,wikipedia_estruturada_auditoria_parcial,primeiro_turno
2018,1,Ibope,2018-09-08,2018-09-10,2018-09-10,2002,wikipedia_tabela_1,Haddad,8.0,0,26.0,https://en.wikipedia.org/wiki/Opinion_polling_for_the_2018_Brazilian_presidential_election,0,wikipedia_estruturada_auditoria_parcial,primeiro_turno
2018,1,Ibope,2018-09-08,2018-09-10,2018-09-10,2002,wikipedia_tabela_1,Ciro,11.0,0,26.0,https://en.wikipedia.org/wiki/Opinion_polling_for_the_2018_Brazilian_presidential_election,0,wikipedia_estruturada_auditoria_parcial,primeiro_turno
2018,1,Ibope,2018-09-08,2018-09-10,2018-09-10,2002,wikipedia_tabela_1,Alckmin,9.0,0,26.0,https://en.wikipedia.org/wiki/Opinion_polling_for_the_2018_Brazilian_presidential_election,0,wikipedia_estruturada_auditoria_parcial,primeiro_turno
2018,1,Ibope,2018-09-08,2018-09-10,2018-09-10,2002,wikipedia_tabela_1,Amoêdo,3.0,0,26.0,https://en.wikipedia.org/wiki/Opinion_polling_for_the_2018_Brazilian_presidential_election,0,wikipedia_estruturada_auditoria_parcial,primeiro_turno
2018,1,FSB Pesquisa,2018-09-08,2018-09-09,2018-09-09,2000,wikipedia_tabela_1,Bolsonaro,30.0,0,24.0,https://en.wikipedia.org/wiki/Opinion_polling_for_the_2018_Brazilian_presidential_election,0,wikipedia_estruturada_auditoria_parcial,primeiro_turno
2018,1,FSB Pesquisa,2018-09-08,2018-09-09,2018-09-09,2000,wikipedia_tabela_1,Haddad,8.0,0,24.0,https://en.wikipedia.org/wiki/Opinion_polling_for_the_2018_Brazilian_presidential_election,0,wikipedia_estruturada_auditoria_parcial,primeiro_turno
2018,1,FSB Pesquisa,2018-09-08,2018-09-09,2018-09-09,2000,wikipedia_tabela_1,Ciro,12.0,0,24.0,https://en.wikipedia.org/wiki/Opinion_polling_for_the_2018_Brazilian_presidential_election,0,wikipedia_estruturada_auditoria_parcial,primeiro_turno
2018,1,FSB Pesquisa,2018-09-08,2018-09-09,2018-09-09,2000,wikipedia_tabela_1,Alckmin,8.0,0,24.0,https://en.wikipedia.org/wiki/Opinion_polling_for_the_2018_Brazilian_presidential_election,0,wikipedia_estruturada_auditoria_parcial,primeiro_turno
2018,1,FSB Pesquisa,2018-09-08,2018-09-09,2018-09-09,2000,wikipedia_tabela_1,Amoêdo,3.0,0,24.0,https://en.wikipedia.org/wiki/Opinion_polling_for_the_2018_Brazilian_presidential_election,0,wikipedia_estruturada_auditoria_parcial,primeiro_turno
2018,1,RealTime Big Data,2018-09-07,2018-09-09,2018-09-09,3200,wikipedia_tabela_1,Bolsonaro,25.0,0,26.0,https://en.wikipedia.org/wiki/Opinion_polling_for_the_2018_Brazilian_presidential_election,0,wikipedia_estruturada_auditoria_parcial,primeiro_turno
2018,1,RealTime Big Data,2018-09-07,2018-09-09,2018-09-09,3200,wikipedia_tabela_1,Haddad,7.0,0,26.0,https://en.wikipedia.org/wiki/Opinion_polling_for_the_2018_Brazilian_presidential_election,0,wikipedia_estruturada_auditoria_parcial,primeiro_turno
2018,1,RealTime Big Data,2018-09-07,2018-09-09,2018-09-09,3200,wikipedia_tabela_1,Ciro,11.0,0,26.0,https://en.wikipedia.org/wiki/Opinion_polling_for_the_2018_Brazilian_presidential_election,0,wikipedia_estruturada_auditoria_parcial,primeiro_turno
2018,1,RealTime Big Data,2018-09-07,2018-09-09,2018-09-09,3200,wikipedia_tabela_1,Alckmin,9.0,0,26.0,https://en.wikipedia.org/wiki/Opinion_polling_for_the_2018_Brazilian_presidential_election,0,wikipedia_estruturada_auditoria_parcial,primeiro_turno
2018,1,RealTime Big Data,2018-09-07,2018-09-09,2018-09-09,3200,wikipedia_tabela_1,Amoêdo,3.0,0,26.0,https://en.wikipedia.org/wiki/Opinion_polling_for_the_2018_Brazilian_presidential_election,0,wikipedia_estruturada_auditoria_parcial,primeiro_turno
2018,1,XP/Ipespe,2018-09-03,2018-09-05,2018-09-05,2000,wikipedia_tabela_1,Bolsonaro,23.0,0,27.0,https://en.wikipedia.org/wiki/Opinion_polling_for_the_2018_Brazilian_presidential_election,0,wikipedia_estruturada_auditoria_parcial,primeiro_turno
2018,1,XP/Ipespe,2018-09-03,2018-09-05,2018-09-05,2000,wikipedia_tabela_1,Haddad,8.0,0,27.0,https://en.wikipedia.org/wiki/Opinion_polling_for_the_2018_Brazilian_presidential_election,0,wikipedia_estruturada_auditoria_parcial,primeiro_turno
2018,1,XP/Ipespe,2018-09-03,2018-09-05,2018-09-05,2000,wikipedia_tabela_1,Ciro,11.0,0,27.0,https://en.wikipedia.org/wiki/Opinion_polling_for_the_2018_Brazilian_presidential_election,0,wikipedia_estruturada_auditoria_parcial,primeiro_turno
2018,1,XP/Ipespe,2018-09-03,2018-09-05,2018-09-05,2000,wikipedia_tabela_1,Alckmin,9.0,0,27.0,https://en.wikipedia.org/wiki/Opinion_polling_for_the_2018_Brazilian_presidential_election,0,wikipedia_estruturada_auditoria_parcial,primeiro_turno
2018,1,XP/Ipespe,2018-09-03,2018-09-05,2018-09-05,2000,wikipedia_tabela_1,Amoêdo,4.0,0,27.0,https://en.wikipedia.org/wiki/Opinion_polling_for_the_2018_Brazilian_presidential_election,0,wikipedia_estruturada_auditoria_parcial,primeiro_turno
2018,1,Ibope,2018-09-01,2018-09-03,2018-09-03,2002,wikipedia_tabela_1,Bolsonaro,22.0,0,28.0,https://en.wikipedia.org/wiki/Opinion_polling_for_the_2018_Brazilian_presidential_election,0,wikipedia_estruturada_auditoria_parcial,primeiro_turno
2018,1,Ibope,2018-09-01,2018-09-03,2018-09-03,2002,wikipedia_tabela_1,Haddad,6.0,0,28.0,https://en.wikipedia.org/wiki/Opinion_polling_for_the_2018_Brazilian_presidential_election,0,wikipedia_estruturada_auditoria_parcial,primeiro_turno
2018,1,Ibope,2018-09-01,2018-09-03,2018-09-03,2002,wikipedia_tabela_1,Ciro,12.0,0,28.0,https://en.wikipedia.org/wiki/Opinion_polling_for_the_2018_Brazilian_presidential_election,0,wikipedia_estruturada_auditoria_parcial,primeiro_turno
2018,1,Ibope,2018-09-01,2018-09-03,2018-09-03,2002,wikipedia_tabela_1,Alckmin,9.0,0,28.0,https://en.wikipedia.org/wiki/Opinion_polling_for_the_2018_Brazilian_presidential_election,0,wikipedia_estruturada_auditoria_parcial,primeiro_turno
2018,1,Ibope,2018-09-01,2018-09-03,2018-09-03,2002,wikipedia_tabela_1,Amoêdo,3.0,0,28.0,https://en.wikipedia.org/wiki/Opinion_polling_for_the_2018_Brazilian_presidential_election,0,wikipedia_estruturada_auditoria_parcial,primeiro_turno
2018,1,FSB Pesquisa,2018-09-01,2018-09-02,2018-09-02,2000,wikipedia_tabela_1,Bolsonaro,26.0,0,28.0,https://en.wikipedia.org/wiki/Opinion_polling_for_the_2018_Brazilian_presidential_election,0,wikipedia_estruturada_auditoria_parcial,primeiro_turno
2018,1,FSB Pesquisa,2018-09-01,2018-09-02,2018-09-02,2000,wikipedia_tabela_1,Haddad,6.0,0,28.0,https://en.wikipedia.org/wiki/Opinion_polling_for_the_2018_Brazilian_presidential_election,0,wikipedia_estruturada_auditoria_parcial,primeiro_turno
2018,1,FSB Pesquisa,2018-09-01,2018-09-02,2018-09-02,2000,wikipedia_tabela_1,Ciro,12.0,0,28.0,https://en.wikipedia.org/wiki/Opinion_polling_for_the_2018_Brazilian_presidential_election,0,wikipedia_estruturada_auditoria_parcial,primeiro_turno
2018,1,FSB Pesquisa,2018-09-01,2018-09-02,2018-09-02,2000,wikipedia_tabela_1,Alckmin,8.0,0,28.0,https://en.wikipedia.org/wiki/Opinion_polling_for_the_2018_Brazilian_presidential_election,0,wikipedia_estruturada_auditoria_parcial,primeiro_turno
2018,1,FSB Pesquisa,2018-09-01,2018-09-02,2018-09-02,2000,wikipedia_tabela_1,Amoêdo,4.0,0,28.0,https://en.wikipedia.org/wiki/Opinion_polling_for_the_2018_Brazilian_presidential_election,0,wikipedia_estruturada_auditoria_parcial,primeiro_turno
2014,1,Ibope (exit poll),2014-10-05,2014-10-05,2014-10-05,64200,wikipedia_tabela_9,Dilma,44.0,0,0.0,https://en.wikipedia.org/wiki/2014_Brazilian_general_election,0,wikipedia_estruturada_auditoria_parcial,primeiro_turno
2014,1,Ibope (exit poll),2014-10-05,2014-10-05,2014-10-05,64200,wikipedia_tabela_9,Aécio,30.0,0,0.0,https://en.wikipedia.org/wiki/2014_Brazilian_general_election,0,wikipedia_estruturada_auditoria_parcial,primeiro_turno
2014,1,Datafolha,2014-10-03,2014-10-04,2014-10-04,18116,wikipedia_tabela_9,Dilma,40.0,0,10.0,https://en.wikipedia.org/wiki/2014_Brazilian_general_election,0,wikipedia_estruturada_auditoria_parcial,primeiro_turno
2014,1,Datafolha,2014-10-03,2014-10-04,2014-10-04,18116,wikipedia_tabela_9,Aécio,24.0,0,10.0,https://en.wikipedia.org/wiki/2014_Brazilian_general_election,0,wikipedia_estruturada_auditoria_parcial,primeiro_turno
2014,1,Datafolha,2014-09-29,2014-09-30,2014-09-30,7520,wikipedia_tabela_9,Dilma,40.0,0,10.0,https://en.wikipedia.org/wiki/2014_Brazilian_general_election,0,wikipedia_estruturada_auditoria_parcial,primeiro_turno
2014,1,Datafolha,2014-09-29,2014-09-30,2014-09-30,7520,wikipedia_tabela_9,Aécio,20.0,0,10.0,https://en.wikipedia.org/wiki/2014_Brazilian_general_election,0,wikipedia_estruturada_auditoria_parcial,primeiro_turno
2014,1,Ibope,2014-09-27,2014-09-29,2014-09-29,3010,wikipedia_tabela_9,Dilma,39.0,0,14.0,https://en.wikipedia.org/wiki/2014_Brazilian_general_election,0,wikipedia_estruturada_auditoria_parcial,primeiro_turno
2014,1,Ibope,2014-09-27,2014-09-29,2014-09-29,3010,wikipedia_tabela_9,Aécio,19.0,0,14.0,https://en.wikipedia.org/wiki/2014_Brazilian_general_election,0,wikipedia_estruturada_auditoria_parcial,primeiro_turno
2014,1,Ibope,2014-09-20,2014-09-22,2014-09-22,3010,wikipedia_tabela_9,Dilma,38.0,0,12.0,https://en.wikipedia.org/wiki/2014_Brazilian_general_election,0,wikipedia_estruturada_auditoria_parcial,primeiro_turno
2014,1,Ibope,2014-09-20,2014-09-22,2014-09-22,3010,wikipedia_tabela_9,Aécio,19.0,0,12.0,https://en.wikipedia.org/wiki/2014_Brazilian_general_election,0,wikipedia_estruturada_auditoria_parcial,primeiro_turno
2014,1,Vox Populi,2014-09-20,2014-09-21,2014-09-21,2000,wikipedia_tabela_9,Dilma,40.0,0,18.0,https://en.wikipedia.org/wiki/2014_Brazilian_general_election,0,wikipedia_estruturada_auditoria_parcial,primeiro_turno
2014,1,Vox Populi,2014-09-20,2014-09-21,2014-09-21,2000,wikipedia_tabela_9,Aécio,17.0,0,18.0,https://en.wikipedia.org/wiki/2014_Brazilian_general_election,0,wikipedia_estruturada_auditoria_parcial,primeiro_turno
2014,1,Datafolha,2014-09-17,2014-09-18,2014-09-18,5340,wikipedia_tabela_9,Dilma,37.0,0,13.0,https://en.wikipedia.org/wiki/2014_Brazilian_general_election,0,wikipedia_estruturada_auditoria_parcial,primeiro_turno
2014,1,Datafolha,2014-09-17,2014-09-18,2014-09-18,5340,wikipedia_tabela_9,Aécio,17.0,0,13.0,https://en.wikipedia.org/wiki/2014_Brazilian_general_election,0,wikipedia_estruturada_auditoria_parcial,primeiro_turno
2014,1,Ibope,2014-09-13,2014-09-15,2014-09-15,3010,wikipedia_tabela_9,Dilma,36.0,0,13.0,https://en.wikipedia.org/wiki/2014_Brazilian_general_election,0,wikipedia_estruturada_auditoria_parcial,primeiro_turno
2014,1,Ibope,2014-09-13,2014-09-15,2014-09-15,3010,wikipedia_tabela_9,Aécio,19.0,0,13.0,https://en.wikipedia.org/wiki/2014_Brazilian_general_election,0,wikipedia_estruturada_auditoria_parcial,primeiro_turno
2014,1,Vox Populi,2014-09-13,2014-09-14,2014-09-14,2000,wikipedia_tabela_9,Dilma,36.0,0,20.0,https://en.wikipedia.org/wiki/2014_Brazilian_general_election,0,wikipedia_estruturada_auditoria_parcial,primeiro_turno
2014,1,Vox Populi,2014-09-13,2014-09-14,2014-09-14,2000,wikipedia_tabela_9,Aécio,15.0,0,20.0,https://en.wikipedia.org/wiki/2014_Brazilian_general_election,0,wikipedia_estruturada_auditoria_parcial,primeiro_turno
2014,1,Datafolha,2014-09-08,2014-09-09,2014-09-09,10568,wikipedia_tabela_9,Dilma,36.0,0,13.0,https://en.wikipedia.org/wiki/2014_Brazilian_general_election,0,wikipedia_estruturada_auditoria_parcial,primeiro_turno
2014,1,Datafolha,2014-09-08,2014-09-09,2014-09-09,10568,wikipedia_tabela_9,Aécio,15.0,0,13.0,https://en.wikipedia.org/wiki/2014_Brazilian_general_election,0,wikipedia_estruturada_auditoria_parcial,primeiro_turno
2014,1,CNI/Ibope,2014-09-05,2014-09-08,2014-09-08,2002,wikipedia_tabela_9,Dilma,39.0,0,13.0,https://en.wikipedia.org/wiki/2014_Brazilian_general_election,0,wikipedia_estruturada_auditoria_parcial,primeiro_turno
2014,1,CNI/Ibope,2014-09-05,2014-09-08,2014-09-08,2002,wikipedia_tabela_9,Aécio,15.0,0,13.0,https://en.wikipedia.org/wiki/2014_Brazilian_general_election,0,wikipedia_estruturada_auditoria_parcial,primeiro_turno
2014,1,Datafolha,2014-09-01,2014-09-03,2014-09-03,10054,wikipedia_tabela_9,Dilma,35.0,0,13.0,https://en.wikipedia.org/wiki/2014_Brazilian_general_election,0,wikipedia_estruturada_auditoria_parcial,primeiro_turno
2014,1,Datafolha,2014-09-01,2014-09-03,2014-09-03,10054,wikipedia_tabela_9,Aécio,14.0,0,13.0,https://en.wikipedia.org/wiki/2014_Brazilian_general_election,0,wikipedia_estruturada_auditoria_parcial,primeiro_turno
2014,1,Ibope,2014-08-31,2014-09-02,2014-09-02,2506,wikipedia_tabela_9,Dilma,37.0,0,12.0,https://en.wikipedia.org/wiki/2014_Brazilian_general_election,0,wikipedia_estruturada_auditoria_parcial,primeiro_turno
2014,1,Ibope,2014-08-31,2014-09-02,2014-09-02,2506,wikipedia_tabela_9,Aécio,15.0,0,12.0,https://en.wikipedia.org/wiki/2014_Brazilian_general_election,0,wikipedia_estruturada_auditoria_parcial,primeiro_turno
2014,1,Datafolha,2014-08-28,2014-08-29,2014-08-29,2874,wikipedia_tabela_9,Dilma,34.0,0,14.0,https://en.wikipedia.org/wiki/2014_Brazilian_general_election,0,wikipedia_estruturada_auditoria_parcial,primeiro_turno
2014,1,Datafolha,2014-08-28,2014-08-29,2014-08-29,2874,wikipedia_tabela_9,Aécio,15.0,0,14.0,https://en.wikipedia.org/wiki/2014_Brazilian_general_election,0,wikipedia_estruturada_auditoria_parcial,primeiro_turno
2014,1,CNT/MDA,2014-08-21,2014-08-24,2014-08-24,2202,wikipedia_tabela_9,Dilma,36.2,0,19.1,https://en.wikipedia.org/wiki/2014_Brazilian_general_election,0,wikipedia_estruturada_auditoria_parcial,primeiro_turno
2014,1,CNT/MDA,2014-08-21,2014-08-24,2014-08-24,2202,wikipedia_tabela_9,Aécio,16.0,0,19.1,https://en.wikipedia.org/wiki/2014_Brazilian_general_election,0,wikipedia_estruturada_auditoria_parcial,primeiro_turno
2014,1,Ibope,2014-08-23,2014-08-25,2014-08-25,2506,wikipedia_tabela_9,Dilma,34.0,0,15.0,https://en.wikipedia.org/wiki/2014_Brazilian_general_election,0,wikipedia_estruturada_auditoria_parcial,primeiro_turno
2014,1,Ibope,2014-08-23,2014-08-25,2014-08-25,2506,wikipedia_tabela_9,Aécio,19.0,0,15.0,https://en.wikipedia.org/wiki/2014_Brazilian_general_election,0,wikipedia_estruturada_auditoria_parcial,primeiro_turno
2014,1,Ibope,2014-08-03,2014-08-06,2014-08-06,2506,wikipedia_tabela_9,Dilma,38.0,0,24.0,https://en.wikipedia.org/wiki/2014_Brazilian_general_election,0,wikipedia_estruturada_auditoria_parcial,primeiro_turno
2014,1,Ibope,2014-08-03,2014-08-06,2014-08-06,2506,wikipedia_tabela_9,Aécio,23.0,0,24.0,https://en.wikipedia.org/wiki/2014_Brazilian_general_election,0,wikipedia_estruturada_auditoria_parcial,primeiro_turno
2014,1,Ibope,2014-07-18,2014-07-21,2014-07-21,2002,wikipedia_tabela_9,Dilma,38.0,0,25.0,https://en.wikipedia.org/wiki/2014_Brazilian_general_election,0,wikipedia_estruturada_auditoria_parcial,primeiro_turno
2014,1,Ibope,2014-07-18,2014-07-21,2014-07-21,2002,wikipedia_tabela_9,Aécio,22.0,0,25.0,https://en.wikipedia.org/wiki/2014_Brazilian_general_election,0,wikipedia_estruturada_auditoria_parcial,primeiro_turno
2014,1,Datafolha,2014-07-15,2014-07-16,2014-07-16,5377,wikipedia_tabela_9,Dilma,36.0,0,27.0,https://en.wikipedia.org/wiki/2014_Brazilian_general_election,0,wikipedia_estruturada_auditoria_parcial,primeiro_turno
2014,1,Datafolha,2014-07-15,2014-07-16,2014-07-16,5377,wikipedia_tabela_9,Aécio,20.0,0,27.0,https://en.wikipedia.org/wiki/2014_Brazilian_general_election,0,wikipedia_estruturada_auditoria_parcial,primeiro_turno
2014,1,Datafolha,2014-07-01,2014-07-02,2014-07-02,2857,wikipedia_tabela_9,Dilma,38.0,0,24.0,https://en.wikipedia.org/wiki/2014_Brazilian_general_election,0,wikipedia_estruturada_auditoria_parcial,primeiro_turno
2014,1,Datafolha,2014-07-01,2014-07-02,2014-07-02,2857,wikipedia_tabela_9,Aécio,20.0,0,24.0,https://en.wikipedia.org/wiki/2014_Brazilian_general_election,0,wikipedia_estruturada_auditoria_parcial,primeiro_turno
2014,1,Ibope,2014-06-13,2014-06-15,2014-06-15,2002,wikipedia_tabela_9,Dilma,39.0,0,21.0,https://en.wikipedia.org/wiki/2014_Brazilian_general_election,0,wikipedia_estruturada_auditoria_parcial,primeiro_turno
2014,1,Ibope,2014-06-13,2014-06-15,2014-06-15,2002,wikipedia_tabela_9,Aécio,21.0,0,21.0,https://en.wikipedia.org/wiki/2014_Brazilian_general_election,0,wikipedia_estruturada_auditoria_parcial,primeiro_turno
2014,1,Ibope,2014-06-04,2014-06-07,2014-06-07,2002,wikipedia_tabela_9,Dilma,38.0,0,20.0,https://en.wikipedia.org/wiki/2014_Brazilian_general_election,0,wikipedia_estruturada_auditoria_parcial,primeiro_turno
2014,1,Ibope,2014-06-04,2014-06-07,2014-06-07,2002,wikipedia_tabela_9,Aécio,22.0,0,20.0,https://en.wikipedia.org/wiki/2014_Brazilian_general_election,0,wikipedia_estruturada_auditoria_parcial,primeiro_turno
2014,1,Datafolha,2014-06-03,2014-06-05,2014-06-05,4337,wikipedia_tabela_9,Dilma,34.0,0,30.0,https://en.wikipedia.org/wiki/2014_Brazilian_general_election,0,wikipedia_estruturada_auditoria_parcial,primeiro_turno
2014,1,Datafolha,2014-06-03,2014-06-05,2014-06-05,4337,wikipedia_tabela_9,Aécio,19.0,0,30.0,https://en.wikipedia.org/wiki/2014_Brazilian_general_election,0,wikipedia_estruturada_auditoria_parcial,primeiro_turno
2014,1,Vox Populi,2014-05-31,2014-06-01,2014-06-01,2200,wikipedia_tabela_9,Dilma,40.0,0,28.0,https://en.wikipedia.org/wiki/2014_Brazilian_general_election,0,wikipedia_estruturada_auditoria_parcial,primeiro_turno
2014,1,Vox Populi,2014-05-31,2014-06-01,2014-06-01,2200,wikipedia_tabela_9,Aécio,21.0,0,28.0,https://en.wikipedia.org/wiki/2014_Brazilian_general_election,0,wikipedia_estruturada_auditoria_parcial,primeiro_turno
2014,1,Ibope,2014-05-15,2014-05-19,2014-05-19,2002,wikipedia_tabela_9,Dilma,40.0,0,24.0,https://en.wikipedia.org/wiki/2014_Brazilian_general_election,0,wikipedia_estruturada_auditoria_parcial,primeiro_turno
2014,1,Ibope,2014-05-15,2014-05-19,2014-05-19,2002,wikipedia_tabela_9,Aécio,20.0,0,24.0,https://en.wikipedia.org/wiki/2014_Brazilian_general_election,0,wikipedia_estruturada_auditoria_parcial,primeiro_turno
2014,1,Vox Populi,2014-04-06,2014-04-08,2014-04-08,2200,wikipedia_tabela_9,Dilma,40.0,0,29.0,https://en.wikipedia.org/wiki/2014_Brazilian_general_election,0,wikipedia_estruturada_auditoria_parcial,primeiro_turno
2014,1,Vox Populi,2014-04-06,2014-04-08,2014-04-08,2200,wikipedia_tabela_9,Aécio,16.0,0,29.0,https://en.wikipedia.org/wiki/2014_Brazilian_general_election,0,wikipedia_estruturada_auditoria_parcial,primeiro_turno
2014,1,Vox Populi 2014-10-11 at the Wayback Machine,2014-02-13,2014-02-15,2014-02-15,2201,wikipedia_tabela_9,Dilma,41.0,0,35.0,https://en.wikipedia.org/wiki/2014_Brazilian_general_election,0,wikipedia_estruturada_auditoria_parcial,primeiro_turno
2014,1,Vox Populi 2014-10-11 at the Wayback Machine,2014-02-13,2014-02-15,2014-02-15,2201,wikipedia_tabela_9,Aécio,17.0,0,35.0,https://en.wikipedia.org/wiki/2014_Brazilian_general_election,0,wikipedia_estruturada_auditoria_parcial,primeiro_turno
2010,1,Vox Populi,2010-10-02,2010-10-02,2010-10-02,1000,wikipedia_tabela_1,Dilma,47.0,0,13.0,https://en.wikipedia.org/wiki/Opinion_polling_for_the_2010_Brazilian_presidential_election,1,wikipedia_estruturada_auditoria_parcial,primeiro_turno
2010,1,Vox Populi,2010-10-02,2010-10-02,2010-10-02,1000,wikipedia_tabela_1,Serra,26.0,0,13.0,https://en.wikipedia.org/wiki/Opinion_polling_for_the_2010_Brazilian_presidential_election,1,wikipedia_estruturada_auditoria_parcial,primeiro_turno
2010,1,Ibope,2010-10-01,2010-10-02,2010-10-02,1000,wikipedia_tabela_1,Dilma,47.0,0,8.0,https://en.wikipedia.org/wiki/Opinion_polling_for_the_2010_Brazilian_presidential_election,1,wikipedia_estruturada_auditoria_parcial,primeiro_turno
2010,1,Ibope,2010-10-01,2010-10-02,2010-10-02,1000,wikipedia_tabela_1,Serra,29.0,0,8.0,https://en.wikipedia.org/wiki/Opinion_polling_for_the_2010_Brazilian_presidential_election,1,wikipedia_estruturada_auditoria_parcial,primeiro_turno
2010,1,Datafolha,2010-10-01,2010-10-02,2010-10-02,1000,wikipedia_tabela_1,Dilma,47.0,0,8.0,https://en.wikipedia.org/wiki/Opinion_polling_for_the_2010_Brazilian_presidential_election,1,wikipedia_estruturada_auditoria_parcial,primeiro_turno
2010,1,Datafolha,2010-10-01,2010-10-02,2010-10-02,1000,wikipedia_tabela_1,Serra,29.0,0,8.0,https://en.wikipedia.org/wiki/Opinion_polling_for_the_2010_Brazilian_presidential_election,1,wikipedia_estruturada_auditoria_parcial,primeiro_turno
2010,1,Vox Populi,2010-10-01,2010-10-01,2010-10-01,1000,wikipedia_tabela_1,Dilma,48.0,0,13.0,https://en.wikipedia.org/wiki/Opinion_polling_for_the_2010_Brazilian_presidential_election,1,wikipedia_estruturada_auditoria_parcial,primeiro_turno
2010,1,Vox Populi,2010-10-01,2010-10-01,2010-10-01,1000,wikipedia_tabela_1,Serra,27.0,0,13.0,https://en.wikipedia.org/wiki/Opinion_polling_for_the_2010_Brazilian_presidential_election,1,wikipedia_estruturada_auditoria_parcial,primeiro_turno
2010,1,Vox Populi,2010-09-30,2010-09-30,2010-09-30,1000,wikipedia_tabela_1,Dilma,49.0,0,13.0,https://en.wikipedia.org/wiki/Opinion_polling_for_the_2010_Brazilian_presidential_election,1,wikipedia_estruturada_auditoria_parcial,primeiro_turno
2010,1,Vox Populi,2010-09-30,2010-09-30,2010-09-30,1000,wikipedia_tabela_1,Serra,26.0,0,13.0,https://en.wikipedia.org/wiki/Opinion_polling_for_the_2010_Brazilian_presidential_election,1,wikipedia_estruturada_auditoria_parcial,primeiro_turno
2010,1,Vox Populi,2010-09-29,2010-09-29,2010-09-29,1000,wikipedia_tabela_1,Dilma,49.0,0,13.0,https://en.wikipedia.org/wiki/Opinion_polling_for_the_2010_Brazilian_presidential_election,1,wikipedia_estruturada_auditoria_parcial,primeiro_turno
2010,1,Vox Populi,2010-09-29,2010-09-29,2010-09-29,1000,wikipedia_tabela_1,Serra,26.0,0,13.0,https://en.wikipedia.org/wiki/Opinion_polling_for_the_2010_Brazilian_presidential_election,1,wikipedia_estruturada_auditoria_parcial,primeiro_turno
2010,1,Datafolha,2010-09-28,2010-09-29,2010-09-29,1000,wikipedia_tabela_1,Dilma,47.0,0,11.0,https://en.wikipedia.org/wiki/Opinion_polling_for_the_2010_Brazilian_presidential_election,1,wikipedia_estruturada_auditoria_parcial,primeiro_turno
2010,1,Datafolha,2010-09-28,2010-09-29,2010-09-29,1000,wikipedia_tabela_1,Serra,28.0,0,11.0,https://en.wikipedia.org/wiki/Opinion_polling_for_the_2010_Brazilian_presidential_election,1,wikipedia_estruturada_auditoria_parcial,primeiro_turno
2010,1,Vox Populi,2010-09-28,2010-09-28,2010-09-28,1000,wikipedia_tabela_1,Dilma,49.0,0,14.0,https://en.wikipedia.org/wiki/Opinion_polling_for_the_2010_Brazilian_presidential_election,1,wikipedia_estruturada_auditoria_parcial,primeiro_turno
2010,1,Vox Populi,2010-09-28,2010-09-28,2010-09-28,1000,wikipedia_tabela_1,Serra,25.0,0,14.0,https://en.wikipedia.org/wiki/Opinion_polling_for_the_2010_Brazilian_presidential_election,1,wikipedia_estruturada_auditoria_parcial,primeiro_turno
2010,1,Datafolha,2010-09-27,2010-09-27,2010-09-27,1000,wikipedia_tabela_1,Dilma,46.0,0,12.0,https://en.wikipedia.org/wiki/Opinion_polling_for_the_2010_Brazilian_presidential_election,1,wikipedia_estruturada_auditoria_parcial,primeiro_turno
2010,1,Datafolha,2010-09-27,2010-09-27,2010-09-27,1000,wikipedia_tabela_1,Serra,28.0,0,12.0,https://en.wikipedia.org/wiki/Opinion_polling_for_the_2010_Brazilian_presidential_election,1,wikipedia_estruturada_auditoria_parcial,primeiro_turno
2010,1,Vox Populi,2010-09-27,2010-09-27,2010-09-27,1000,wikipedia_tabela_1,Dilma,49.0,0,14.0,https://en.wikipedia.org/wiki/Opinion_polling_for_the_2010_Brazilian_presidential_election,1,wikipedia_estruturada_auditoria_parcial,primeiro_turno
2010,1,Vox Populi,2010-09-27,2010-09-27,2010-09-27,1000,wikipedia_tabela_1,Serra,24.0,0,14.0,https://en.wikipedia.org/wiki/Opinion_polling_for_the_2010_Brazilian_presidential_election,1,wikipedia_estruturada_auditoria_parcial,primeiro_turno
2010,1,CNT/Sensus,2010-09-26,2010-09-28,2010-09-28,1000,wikipedia_tabela_1,Dilma,47.5,0,15.3,https://en.wikipedia.org/wiki/Opinion_polling_for_the_2010_Brazilian_presidential_election,1,wikipedia_estruturada_auditoria_parcial,primeiro_turno
2010,1,CNT/Sensus,2010-09-26,2010-09-28,2010-09-28,1000,wikipedia_tabela_1,Serra,25.6,0,15.3,https://en.wikipedia.org/wiki/Opinion_polling_for_the_2010_Brazilian_presidential_election,1,wikipedia_estruturada_auditoria_parcial,primeiro_turno
2010,1,Vox Populi,2010-09-26,2010-09-26,2010-09-26,1000,wikipedia_tabela_1,Dilma,49.0,0,15.0,https://en.wikipedia.org/wiki/Opinion_polling_for_the_2010_Brazilian_presidential_election,1,wikipedia_estruturada_auditoria_parcial,primeiro_turno
2010,1,Vox Populi,2010-09-26,2010-09-26,2010-09-26,1000,wikipedia_tabela_1,Serra,24.0,0,15.0,https://en.wikipedia.org/wiki/Opinion_polling_for_the_2010_Brazilian_presidential_election,1,wikipedia_estruturada_auditoria_parcial,primeiro_turno
2010,1,Ibope[link removed],2010-09-25,2010-09-26,2010-09-26,1000,wikipedia_tabela_1,Dilma,50.0,0,10.0,https://en.wikipedia.org/wiki/Opinion_polling_for_the_2010_Brazilian_presidential_election,1,wikipedia_estruturada_auditoria_parcial,primeiro_turno
2010,1,Ibope[link removed],2010-09-25,2010-09-26,2010-09-26,1000,wikipedia_tabela_1,Serra,27.0,0,10.0,https://en.wikipedia.org/wiki/Opinion_polling_for_the_2010_Brazilian_presidential_election,1,wikipedia_estruturada_auditoria_parcial,primeiro_turno
2010,1,Vox Populi,2010-09-25,2010-09-25,2010-09-25,1000,wikipedia_tabela_1,Dilma,50.0,0,16.0,https://en.wikipedia.org/wiki/Opinion_polling_for_the_2010_Brazilian_presidential_election,1,wikipedia_estruturada_auditoria_parcial,primeiro_turno
2010,1,Vox Populi,2010-09-25,2010-09-25,2010-09-25,1000,wikipedia_tabela_1,Serra,23.0,0,16.0,https://en.wikipedia.org/wiki/Opinion_polling_for_the_2010_Brazilian_presidential_election,1,wikipedia_estruturada_auditoria_parcial,primeiro_turno
2010,1,Vox Populi,2010-09-24,2010-09-24,2010-09-24,1000,wikipedia_tabela_1,Dilma,50.0,0,16.0,https://en.wikipedia.org/wiki/Opinion_polling_for_the_2010_Brazilian_presidential_election,1,wikipedia_estruturada_auditoria_parcial,primeiro_turno
2010,1,Vox Populi,2010-09-24,2010-09-24,2010-09-24,1000,wikipedia_tabela_1,Serra,24.0,0,16.0,https://en.wikipedia.org/wiki/Opinion_polling_for_the_2010_Brazilian_presidential_election,1,wikipedia_estruturada_auditoria_parcial,primeiro_turno
2010,1,Vox Populi,2010-09-23,2010-09-23,2010-09-23,1000,wikipedia_tabela_1,Dilma,51.0,0,15.0,https://en.wikipedia.org/wiki/Opinion_polling_for_the_2010_Brazilian_presidential_election,1,wikipedia_estruturada_auditoria_parcial,primeiro_turno
2010,1,Vox Populi,2010-09-23,2010-09-23,2010-09-23,1000,wikipedia_tabela_1,Serra,24.0,0,15.0,https://en.wikipedia.org/wiki/Opinion_polling_for_the_2010_Brazilian_presidential_election,1,wikipedia_estruturada_auditoria_parcial,primeiro_turno
2010,1,Vox Populi,2010-09-22,2010-09-22,2010-09-22,1000,wikipedia_tabela_1,Dilma,51.0,0,15.0,https://en.wikipedia.org/wiki/Opinion_polling_for_the_2010_Brazilian_presidential_election,1,wikipedia_estruturada_auditoria_parcial,primeiro_turno
2010,1,Vox Populi,2010-09-22,2010-09-22,2010-09-22,1000,wikipedia_tabela_1,Serra,24.0,0,15.0,https://en.wikipedia.org/wiki/Opinion_polling_for_the_2010_Brazilian_presidential_election,1,wikipedia_estruturada_auditoria_parcial,primeiro_turno
2010,1,Ibope,2010-09-21,2010-09-23,2010-09-23,1000,wikipedia_tabela_1,Dilma,50.0,0,10.0,https://en.wikipedia.org/wiki/Opinion_polling_for_the_2010_Brazilian_presidential_election,1,wikipedia_estruturada_auditoria_parcial,primeiro_turno
2010,1,Ibope,2010-09-21,2010-09-23,2010-09-23,1000,wikipedia_tabela_1,Serra,28.0,0,10.0,https://en.wikipedia.org/wiki/Opinion_polling_for_the_2010_Brazilian_presidential_election,1,wikipedia_estruturada_auditoria_parcial,primeiro_turno
2010,1,Datafolha,2010-09-21,2010-09-22,2010-09-22,1000,wikipedia_tabela_1,Dilma,49.0,0,10.0,https://en.wikipedia.org/wiki/Opinion_polling_for_the_2010_Brazilian_presidential_election,1,wikipedia_estruturada_auditoria_parcial,primeiro_turno
2010,1,Datafolha,2010-09-21,2010-09-22,2010-09-22,1000,wikipedia_tabela_1,Serra,28.0,0,10.0,https://en.wikipedia.org/wiki/Opinion_polling_for_the_2010_Brazilian_presidential_election,1,wikipedia_estruturada_auditoria_parcial,primeiro_turno
2010,1,Vox Populi,2010-09-21,2010-09-21,2010-09-21,1000,wikipedia_tabela_1,Dilma,52.0,0,14.0,https://en.wikipedia.org/wiki/Opinion_polling_for_the_2010_Brazilian_presidential_election,1,wikipedia_estruturada_auditoria_parcial,primeiro_turno
2010,1,Vox Populi,2010-09-21,2010-09-21,2010-09-21,1000,wikipedia_tabela_1,Serra,25.0,0,14.0,https://en.wikipedia.org/wiki/Opinion_polling_for_the_2010_Brazilian_presidential_election,1,wikipedia_estruturada_auditoria_parcial,primeiro_turno
2010,1,Vox Populi,2010-09-20,2010-09-20,2010-09-20,1000,wikipedia_tabela_1,Dilma,53.0,0,15.0,https://en.wikipedia.org/wiki/Opinion_polling_for_the_2010_Brazilian_presidential_election,1,wikipedia_estruturada_auditoria_parcial,primeiro_turno
2010,1,Vox Populi,2010-09-20,2010-09-20,2010-09-20,1000,wikipedia_tabela_1,Serra,23.0,0,15.0,https://en.wikipedia.org/wiki/Opinion_polling_for_the_2010_Brazilian_presidential_election,1,wikipedia_estruturada_auditoria_parcial,primeiro_turno
2010,1,Vox Populi,2010-09-19,2010-09-19,2010-09-19,1000,wikipedia_tabela_1,Dilma,53.0,0,14.0,https://en.wikipedia.org/wiki/Opinion_polling_for_the_2010_Brazilian_presidential_election,1,wikipedia_estruturada_auditoria_parcial,primeiro_turno
2010,1,Vox Populi,2010-09-19,2010-09-19,2010-09-19,1000,wikipedia_tabela_1,Serra,24.0,0,14.0,https://en.wikipedia.org/wiki/Opinion_polling_for_the_2010_Brazilian_presidential_election,1,wikipedia_estruturada_auditoria_parcial,primeiro_turno
2010,1,Vox Populi,2010-09-18,2010-09-18,2010-09-18,1000,wikipedia_tabela_1,Dilma,51.0,0,16.0,https://en.wikipedia.org/wiki/Opinion_polling_for_the_2010_Brazilian_presidential_election,1,wikipedia_estruturada_auditoria_parcial,primeiro_turno
2010,1,Vox Populi,2010-09-18,2010-09-18,2010-09-18,1000,wikipedia_tabela_1,Serra,24.0,0,16.0,https://en.wikipedia.org/wiki/Opinion_polling_for_the_2010_Brazilian_presidential_election,1,wikipedia_estruturada_auditoria_parcial,primeiro_turno
2010,1,Vox Populi,2010-09-17,2010-09-17,2010-09-17,1000,wikipedia_tabela_1,Dilma,51.0,0,17.0,https://en.wikipedia.org/wiki/Opinion_polling_for_the_2010_Brazilian_presidential_election,1,wikipedia_estruturada_auditoria_parcial,primeiro_turno
2010,1,Vox Populi,2010-09-17,2010-09-17,2010-09-17,1000,wikipedia_tabela_1,Serra,23.0,0,17.0,https://en.wikipedia.org/wiki/Opinion_polling_for_the_2010_Brazilian_presidential_election,1,wikipedia_estruturada_auditoria_parcial,primeiro_turno
2010,1,Vox Populi,2010-09-16,2010-09-16,2010-09-16,1000,wikipedia_tabela_1,Dilma,51.0,0,17.0,https://en.wikipedia.org/wiki/Opinion_polling_for_the_2010_Brazilian_presidential_election,1,wikipedia_estruturada_auditoria_parcial,primeiro_turno
2010,1,Vox Populi,2010-09-16,2010-09-16,2010-09-16,1000,wikipedia_tabela_1,Serra,23.0,0,17.0,https://en.wikipedia.org/wiki/Opinion_polling_for_the_2010_Brazilian_presidential_election,1,wikipedia_estruturada_auditoria_parcial,primeiro_turno
2010,1,Vox Populi,2010-09-15,2010-09-15,2010-09-15,1000,wikipedia_tabela_1,Dilma,52.0,0,17.0,https://en.wikipedia.org/wiki/Opinion_polling_for_the_2010_Brazilian_presidential_election,1,wikipedia_estruturada_auditoria_parcial,primeiro_turno
2010,1,Vox Populi,2010-09-15,2010-09-15,2010-09-15,1000,wikipedia_tabela_1,Serra,22.0,0,17.0,https://en.wikipedia.org/wiki/Opinion_polling_for_the_2010_Brazilian_presidential_election,1,wikipedia_estruturada_auditoria_parcial,primeiro_turno
2010,1,Ibope,2010-09-14,2010-09-17,2010-09-17,1000,wikipedia_tabela_1,Dilma,51.0,0,13.0,https://en.wikipedia.org/wiki/Opinion_polling_for_the_2010_Brazilian_presidential_election,1,wikipedia_estruturada_auditoria_parcial,primeiro_turno
2010,1,Ibope,2010-09-14,2010-09-17,2010-09-17,1000,wikipedia_tabela_1,Serra,25.0,0,13.0,https://en.wikipedia.org/wiki/Opinion_polling_for_the_2010_Brazilian_presidential_election,1,wikipedia_estruturada_auditoria_parcial,primeiro_turno
2010,1,Vox Populi,2010-09-14,2010-09-14,2010-09-14,1000,wikipedia_tabela_1,Dilma,53.0,0,17.0,https://en.wikipedia.org/wiki/Opinion_polling_for_the_2010_Brazilian_presidential_election,1,wikipedia_estruturada_auditoria_parcial,primeiro_turno
2010,1,Vox Populi,2010-09-14,2010-09-14,2010-09-14,1000,wikipedia_tabela_1,Serra,22.0,0,17.0,https://en.wikipedia.org/wiki/Opinion_polling_for_the_2010_Brazilian_presidential_election,1,wikipedia_estruturada_auditoria_parcial,primeiro_turno
2010,1,Datafolha,2010-09-13,2010-09-15,2010-09-15,1000,wikipedia_tabela_1,Dilma,51.0,0,11.0,https://en.wikipedia.org/wiki/Opinion_polling_for_the_2010_Brazilian_presidential_election,1,wikipedia_estruturada_auditoria_parcial,primeiro_turno
2010,1,Datafolha,2010-09-13,2010-09-15,2010-09-15,1000,wikipedia_tabela_1,Serra,27.0,0,11.0,https://en.wikipedia.org/wiki/Opinion_polling_for_the_2010_Brazilian_presidential_election,1,wikipedia_estruturada_auditoria_parcial,primeiro_turno
2010,1,Vox Populi,2010-09-13,2010-09-13,2010-09-13,1000,wikipedia_tabela_1,Dilma,54.0,0,16.0,https://en.wikipedia.org/wiki/Opinion_polling_for_the_2010_Brazilian_presidential_election,1,wikipedia_estruturada_auditoria_parcial,primeiro_turno
2010,1,Vox Populi,2010-09-13,2010-09-13,2010-09-13,1000,wikipedia_tabela_1,Serra,22.0,0,16.0,https://en.wikipedia.org/wiki/Opinion_polling_for_the_2010_Brazilian_presidential_election,1,wikipedia_estruturada_auditoria_parcial,primeiro_turno
2010,1,CNT/Sensus,2010-09-10,2010-09-12,2010-09-12,1000,wikipedia_tabela_1,Dilma,50.5,0,14.2,https://en.wikipedia.org/wiki/Opinion_polling_for_the_2010_Brazilian_presidential_election,1,wikipedia_estruturada_auditoria_parcial,primeiro_turno
2010,1,CNT/Sensus,2010-09-10,2010-09-12,2010-09-12,1000,wikipedia_tabela_1,Serra,26.4,0,14.2,https://en.wikipedia.org/wiki/Opinion_polling_for_the_2010_Brazilian_presidential_election,1,wikipedia_estruturada_auditoria_parcial,primeiro_turno
2010,1,Vox Populi,2010-09-10,2010-09-10,2010-09-10,1000,wikipedia_tabela_1,Dilma,53.0,0,16.0,https://en.wikipedia.org/wiki/Opinion_polling_for_the_2010_Brazilian_presidential_election,1,wikipedia_estruturada_auditoria_parcial,primeiro_turno
2010,1,Vox Populi,2010-09-10,2010-09-10,2010-09-10,1000,wikipedia_tabela_1,Serra,22.0,0,16.0,https://en.wikipedia.org/wiki/Opinion_polling_for_the_2010_Brazilian_presidential_election,1,wikipedia_estruturada_auditoria_parcial,primeiro_turno
2010,1,Vox Populi,2010-09-09,2010-09-09,2010-09-09,1000,wikipedia_tabela_1,Dilma,53.0,0,17.0,https://en.wikipedia.org/wiki/Opinion_polling_for_the_2010_Brazilian_presidential_election,1,wikipedia_estruturada_auditoria_parcial,primeiro_turno
2010,1,Vox Populi,2010-09-09,2010-09-09,2010-09-09,1000,wikipedia_tabela_1,Serra,21.0,0,17.0,https://en.wikipedia.org/wiki/Opinion_polling_for_the_2010_Brazilian_presidential_election,1,wikipedia_estruturada_auditoria_parcial,primeiro_turno
2010,1,Datafolha,2010-09-08,2010-09-09,2010-09-09,1000,wikipedia_tabela_1,Dilma,50.0,0,12.0,https://en.wikipedia.org/wiki/Opinion_polling_for_the_2010_Brazilian_presidential_election,1,wikipedia_estruturada_auditoria_parcial,primeiro_turno
2010,1,Datafolha,2010-09-08,2010-09-09,2010-09-09,1000,wikipedia_tabela_1,Serra,27.0,0,12.0,https://en.wikipedia.org/wiki/Opinion_polling_for_the_2010_Brazilian_presidential_election,1,wikipedia_estruturada_auditoria_parcial,primeiro_turno
2010,1,Vox Populi,2010-09-08,2010-09-08,2010-09-08,1000,wikipedia_tabela_1,Dilma,54.0,0,15.0,https://en.wikipedia.org/wiki/Opinion_polling_for_the_2010_Brazilian_presidential_election,1,wikipedia_estruturada_auditoria_parcial,primeiro_turno
2010,1,Vox Populi,2010-09-08,2010-09-08,2010-09-08,1000,wikipedia_tabela_1,Serra,21.0,0,15.0,https://en.wikipedia.org/wiki/Opinion_polling_for_the_2010_Brazilian_presidential_election,1,wikipedia_estruturada_auditoria_parcial,primeiro_turno
2010,1,Vox Populi,2010-09-07,2010-09-07,2010-09-07,1000,wikipedia_tabela_1,Dilma,56.0,0,15.0,https://en.wikipedia.org/wiki/Opinion_polling_for_the_2010_Brazilian_presidential_election,1,wikipedia_estruturada_auditoria_parcial,primeiro_turno
2010,1,Vox Populi,2010-09-07,2010-09-07,2010-09-07,1000,wikipedia_tabela_1,Serra,21.0,0,15.0,https://en.wikipedia.org/wiki/Opinion_polling_for_the_2010_Brazilian_presidential_election,1,wikipedia_estruturada_auditoria_parcial,primeiro_turno
2010,1,Vox Populi,2010-09-06,2010-09-06,2010-09-06,1000,wikipedia_tabela_1,Dilma,55.0,0,15.0,https://en.wikipedia.org/wiki/Opinion_polling_for_the_2010_Brazilian_presidential_election,1,wikipedia_estruturada_auditoria_parcial,primeiro_turno
2010,1,Vox Populi,2010-09-06,2010-09-06,2010-09-06,1000,wikipedia_tabela_1,Serra,22.0,0,15.0,https://en.wikipedia.org/wiki/Opinion_polling_for_the_2010_Brazilian_presidential_election,1,wikipedia_estruturada_auditoria_parcial,primeiro_turno
2010,1,Vox Populi,2010-09-05,2010-09-05,2010-09-05,1000,wikipedia_tabela_1,Dilma,53.0,0,15.0,https://en.wikipedia.org/wiki/Opinion_polling_for_the_2010_Brazilian_presidential_election,1,wikipedia_estruturada_auditoria_parcial,primeiro_turno
2010,1,Vox Populi,2010-09-05,2010-09-05,2010-09-05,1000,wikipedia_tabela_1,Serra,24.0,0,15.0,https://en.wikipedia.org/wiki/Opinion_polling_for_the_2010_Brazilian_presidential_election,1,wikipedia_estruturada_auditoria_parcial,primeiro_turno
2010,1,Vox Populi,2010-09-04,2010-09-04,2010-09-04,1000,wikipedia_tabela_1,Dilma,53.0,0,15.0,https://en.wikipedia.org/wiki/Opinion_polling_for_the_2010_Brazilian_presidential_election,1,wikipedia_estruturada_auditoria_parcial,primeiro_turno
2010,1,Vox Populi,2010-09-04,2010-09-04,2010-09-04,1000,wikipedia_tabela_1,Serra,24.0,0,15.0,https://en.wikipedia.org/wiki/Opinion_polling_for_the_2010_Brazilian_presidential_election,1,wikipedia_estruturada_auditoria_parcial,primeiro_turno
2010,1,Vox Populi,2010-09-03,2010-09-03,2010-09-03,1000,wikipedia_tabela_1,Dilma,52.0,0,16.0,https://en.wikipedia.org/wiki/Opinion_polling_for_the_2010_Brazilian_presidential_election,1,wikipedia_estruturada_auditoria_parcial,primeiro_turno
2010,1,Vox Populi,2010-09-03,2010-09-03,2010-09-03,1000,wikipedia_tabela_1,Serra,24.0,0,16.0,https://en.wikipedia.org/wiki/Opinion_polling_for_the_2010_Brazilian_presidential_election,1,wikipedia_estruturada_auditoria_parcial,primeiro_turno
2010,1,Datafolha,2010-09-02,2010-09-03,2010-09-03,1000,wikipedia_tabela_1,Dilma,50.0,0,12.0,https://en.wikipedia.org/wiki/Opinion_polling_for_the_2010_Brazilian_presidential_election,1,wikipedia_estruturada_auditoria_parcial,primeiro_turno
2010,1,Datafolha,2010-09-02,2010-09-03,2010-09-03,1000,wikipedia_tabela_1,Serra,28.0,0,12.0,https://en.wikipedia.org/wiki/Opinion_polling_for_the_2010_Brazilian_presidential_election,1,wikipedia_estruturada_auditoria_parcial,primeiro_turno
2010,1,Vox Populi,2010-09-02,2010-09-02,2010-09-02,1000,wikipedia_tabela_1,Dilma,51.0,0,15.0,https://en.wikipedia.org/wiki/Opinion_polling_for_the_2010_Brazilian_presidential_election,1,wikipedia_estruturada_auditoria_parcial,primeiro_turno
2010,1,Vox Populi,2010-09-02,2010-09-02,2010-09-02,1000,wikipedia_tabela_1,Serra,25.0,0,15.0,https://en.wikipedia.org/wiki/Opinion_polling_for_the_2010_Brazilian_presidential_election,1,wikipedia_estruturada_auditoria_parcial,primeiro_turno
2010,1,Vox Populi,2010-09-01,2010-09-01,2010-09-01,1000,wikipedia_tabela_1,Dilma,51.0,0,15.0,https://en.wikipedia.org/wiki/Opinion_polling_for_the_2010_Brazilian_presidential_election,1,wikipedia_estruturada_auditoria_parcial,primeiro_turno
2010,1,Vox Populi,2010-09-01,2010-09-01,2010-09-01,1000,wikipedia_tabela_1,Serra,25.0,0,15.0,https://en.wikipedia.org/wiki/Opinion_polling_for_the_2010_Brazilian_presidential_election,1,wikipedia_estruturada_auditoria_parcial,primeiro_turno
2010,1,Ibope,2010-08-31,2010-09-02,2010-09-02,1000,wikipedia_tabela_1,Dilma,51.0,0,14.0,https://en.wikipedia.org/wiki/Opinion_polling_for_the_2010_Brazilian_presidential_election,1,wikipedia_estruturada_auditoria_parcial,primeiro_turno
2010,1,Ibope,2010-08-31,2010-09-02,2010-09-02,1000,wikipedia_tabela_1,Serra,27.0,0,14.0,https://en.wikipedia.org/wiki/Opinion_polling_for_the_2010_Brazilian_presidential_election,1,wikipedia_estruturada_auditoria_parcial,primeiro_turno
2010,1,Ibope,2010-08-24,2010-08-26,2010-08-26,1000,wikipedia_tabela_1,Dilma,51.0,0,15.0,https://en.wikipedia.org/wiki/Opinion_polling_for_the_2010_Brazilian_presidential_election,1,wikipedia_estruturada_auditoria_parcial,primeiro_turno
2010,1,Ibope,2010-08-24,2010-08-26,2010-08-26,1000,wikipedia_tabela_1,Serra,27.0,0,15.0,https://en.wikipedia.org/wiki/Opinion_polling_for_the_2010_Brazilian_presidential_election,1,wikipedia_estruturada_auditoria_parcial,primeiro_turno
2010,1,Datafolha,2010-08-23,2010-08-24,2010-08-24,1000,wikipedia_tabela_1,Dilma,49.0,0,13.0,https://en.wikipedia.org/wiki/Opinion_polling_for_the_2010_Brazilian_presidential_election,1,wikipedia_estruturada_auditoria_parcial,primeiro_turno
2010,1,Datafolha,2010-08-23,2010-08-24,2010-08-24,1000,wikipedia_tabela_1,Serra,29.0,0,13.0,https://en.wikipedia.org/wiki/Opinion_polling_for_the_2010_Brazilian_presidential_election,1,wikipedia_estruturada_auditoria_parcial,primeiro_turno
2010,1,CNT/Sensus,2010-08-20,2010-08-22,2010-08-22,1000,wikipedia_tabela_1,Dilma,46.0,0,17.8,https://en.wikipedia.org/wiki/Opinion_polling_for_the_2010_Brazilian_presidential_election,1,wikipedia_estruturada_auditoria_parcial,primeiro_turno
2010,1,CNT/Sensus,2010-08-20,2010-08-22,2010-08-22,1000,wikipedia_tabela_1,Serra,28.1,0,17.8,https://en.wikipedia.org/wiki/Opinion_polling_for_the_2010_Brazilian_presidential_election,1,wikipedia_estruturada_auditoria_parcial,primeiro_turno
2010,1,Datafolha,2010-08-20,2010-08-20,2010-08-20,1000,wikipedia_tabela_1,Dilma,47.0,0,14.0,https://en.wikipedia.org/wiki/Opinion_polling_for_the_2010_Brazilian_presidential_election,1,wikipedia_estruturada_auditoria_parcial,primeiro_turno
2010,1,Datafolha,2010-08-20,2010-08-20,2010-08-20,1000,wikipedia_tabela_1,Serra,30.0,0,14.0,https://en.wikipedia.org/wiki/Opinion_polling_for_the_2010_Brazilian_presidential_election,1,wikipedia_estruturada_auditoria_parcial,primeiro_turno
2010,1,Ibope,2010-08-12,2010-08-15,2010-08-15,1000,wikipedia_tabela_1,Dilma,43.0,0,17.0,https://en.wikipedia.org/wiki/Opinion_polling_for_the_2010_Brazilian_presidential_election,1,wikipedia_estruturada_auditoria_parcial,primeiro_turno
2010,1,Ibope,2010-08-12,2010-08-15,2010-08-15,1000,wikipedia_tabela_1,Serra,32.0,0,17.0,https://en.wikipedia.org/wiki/Opinion_polling_for_the_2010_Brazilian_presidential_election,1,wikipedia_estruturada_auditoria_parcial,primeiro_turno
2010,1,Datafolha 2010-08-20 at the Wayback Machine,2010-08-09,2010-08-12,2010-08-12,1000,wikipedia_tabela_1,Dilma,41.0,0,16.0,https://en.wikipedia.org/wiki/Opinion_polling_for_the_2010_Brazilian_presidential_election,1,wikipedia_estruturada_auditoria_parcial,primeiro_turno
2010,1,Datafolha 2010-08-20 at the Wayback Machine,2010-08-09,2010-08-12,2010-08-12,1000,wikipedia_tabela_1,Serra,33.0,0,16.0,https://en.wikipedia.org/wiki/Opinion_polling_for_the_2010_Brazilian_presidential_election,1,wikipedia_estruturada_auditoria_parcial,primeiro_turno
2010,1,Vox Populi,2010-08-07,2010-08-10,2010-08-10,1000,wikipedia_tabela_1,Dilma,45.0,0,18.0,https://en.wikipedia.org/wiki/Opinion_polling_for_the_2010_Brazilian_presidential_election,1,wikipedia_estruturada_auditoria_parcial,primeiro_turno
2010,1,Vox Populi,2010-08-07,2010-08-10,2010-08-10,1000,wikipedia_tabela_1,Serra,29.0,0,18.0,https://en.wikipedia.org/wiki/Opinion_polling_for_the_2010_Brazilian_presidential_election,1,wikipedia_estruturada_auditoria_parcial,primeiro_turno
2010,1,Ibope[link removed],2010-08-02,2010-08-05,2010-08-05,1000,wikipedia_tabela_1,Dilma,39.0,0,19.0,https://en.wikipedia.org/wiki/Opinion_polling_for_the_2010_Brazilian_presidential_election,1,wikipedia_estruturada_auditoria_parcial,primeiro_turno
2010,1,Ibope[link removed],2010-08-02,2010-08-05,2010-08-05,1000,wikipedia_tabela_1,Serra,34.0,0,19.0,https://en.wikipedia.org/wiki/Opinion_polling_for_the_2010_Brazilian_presidential_election,1,wikipedia_estruturada_auditoria_parcial,primeiro_turno
2010,1,CNT/Sensus,2010-07-31,2010-08-02,2010-08-02,1000,wikipedia_tabela_1,Dilma,41.6,0,18.3,https://en.wikipedia.org/wiki/Opinion_polling_for_the_2010_Brazilian_presidential_election,1,wikipedia_estruturada_auditoria_parcial,primeiro_turno
2010,1,CNT/Sensus,2010-07-31,2010-08-02,2010-08-02,1000,wikipedia_tabela_1,Serra,31.6,0,18.3,https://en.wikipedia.org/wiki/Opinion_polling_for_the_2010_Brazilian_presidential_election,1,wikipedia_estruturada_auditoria_parcial,primeiro_turno
2010,1,Ibope,2010-07-26,2010-07-29,2010-07-29,1000,wikipedia_tabela_1,Dilma,39.0,0,19.0,https://en.wikipedia.org/wiki/Opinion_polling_for_the_2010_Brazilian_presidential_election,1,wikipedia_estruturada_auditoria_parcial,primeiro_turno
2010,1,Ibope,2010-07-26,2010-07-29,2010-07-29,1000,wikipedia_tabela_1,Serra,34.0,0,19.0,https://en.wikipedia.org/wiki/Opinion_polling_for_the_2010_Brazilian_presidential_election,1,wikipedia_estruturada_auditoria_parcial,primeiro_turno
2010,1,Datafolha,2010-07-20,2010-07-23,2010-07-23,1000,wikipedia_tabela_1,Dilma,36.0,0,17.0,https://en.wikipedia.org/wiki/Opinion_polling_for_the_2010_Brazilian_presidential_election,1,wikipedia_estruturada_auditoria_parcial,primeiro_turno
2010,1,Datafolha,2010-07-20,2010-07-23,2010-07-23,1000,wikipedia_tabela_1,Serra,37.0,0,17.0,https://en.wikipedia.org/wiki/Opinion_polling_for_the_2010_Brazilian_presidential_election,1,wikipedia_estruturada_auditoria_parcial,primeiro_turno
2010,1,Vox Populi,2010-08-17,2010-08-20,2010-08-20,1000,wikipedia_tabela_1,Dilma,41.0,0,17.0,https://en.wikipedia.org/wiki/Opinion_polling_for_the_2010_Brazilian_presidential_election,1,wikipedia_estruturada_auditoria_parcial,primeiro_turno
2010,1,Vox Populi,2010-08-17,2010-08-20,2010-08-20,1000,wikipedia_tabela_1,Serra,33.0,0,17.0,https://en.wikipedia.org/wiki/Opinion_polling_for_the_2010_Brazilian_presidential_election,1,wikipedia_estruturada_auditoria_parcial,primeiro_turno
2010,1,Datafolha,2010-06-30,2010-07-01,2010-07-01,1000,wikipedia_tabela_1,Dilma,38.0,0,12.0,https://en.wikipedia.org/wiki/Opinion_polling_for_the_2010_Brazilian_presidential_election,1,wikipedia_estruturada_auditoria_parcial,primeiro_turno
2010,1,Datafolha,2010-06-30,2010-07-01,2010-07-01,1000,wikipedia_tabela_1,Serra,39.0,0,12.0,https://en.wikipedia.org/wiki/Opinion_polling_for_the_2010_Brazilian_presidential_election,1,wikipedia_estruturada_auditoria_parcial,primeiro_turno
2010,1,Ibope,2010-06-27,2010-06-30,2010-06-30,1000,wikipedia_tabela_1,Dilma,39.0,0,13.0,https://en.wikipedia.org/wiki/Opinion_polling_for_the_2010_Brazilian_presidential_election,1,wikipedia_estruturada_auditoria_parcial,primeiro_turno
2010,1,Ibope,2010-06-27,2010-06-30,2010-06-30,1000,wikipedia_tabela_1,Serra,39.0,0,13.0,https://en.wikipedia.org/wiki/Opinion_polling_for_the_2010_Brazilian_presidential_election,1,wikipedia_estruturada_auditoria_parcial,primeiro_turno
2010,1,Vox Populi,2010-06-24,2010-06-26,2010-06-26,1000,wikipedia_tabela_1,Dilma,40.0,0,17.0,https://en.wikipedia.org/wiki/Opinion_polling_for_the_2010_Brazilian_presidential_election,1,wikipedia_estruturada_auditoria_parcial,primeiro_turno
2010,1,Vox Populi,2010-06-24,2010-06-26,2010-06-26,1000,wikipedia_tabela_1,Serra,35.0,0,17.0,https://en.wikipedia.org/wiki/Opinion_polling_for_the_2010_Brazilian_presidential_election,1,wikipedia_estruturada_auditoria_parcial,primeiro_turno
2010,1,CNI/Ibope 2012-02-24 at the Wayback Machine,2010-06-19,2010-06-21,2010-06-21,1000,wikipedia_tabela_1,Dilma,40.0,0,16.0,https://en.wikipedia.org/wiki/Opinion_polling_for_the_2010_Brazilian_presidential_election,1,wikipedia_estruturada_auditoria_parcial,primeiro_turno
2010,1,CNI/Ibope 2012-02-24 at the Wayback Machine,2010-06-19,2010-06-21,2010-06-21,1000,wikipedia_tabela_1,Serra,35.0,0,16.0,https://en.wikipedia.org/wiki/Opinion_polling_for_the_2010_Brazilian_presidential_election,1,wikipedia_estruturada_auditoria_parcial,primeiro_turno
2010,1,Ibope,2010-05-31,2010-06-03,2010-06-03,1000,wikipedia_tabela_1,Dilma,37.0,0,17.0,https://en.wikipedia.org/wiki/Opinion_polling_for_the_2010_Brazilian_presidential_election,1,wikipedia_estruturada_auditoria_parcial,primeiro_turno
2010,1,Ibope,2010-05-31,2010-06-03,2010-06-03,1000,wikipedia_tabela_1,Serra,37.0,0,17.0,https://en.wikipedia.org/wiki/Opinion_polling_for_the_2010_Brazilian_presidential_election,1,wikipedia_estruturada_auditoria_parcial,primeiro_turno
2010,1,Datafolha,2010-05-20,2010-05-21,2010-05-21,1000,wikipedia_tabela_1,Dilma,37.0,0,14.0,https://en.wikipedia.org/wiki/Opinion_polling_for_the_2010_Brazilian_presidential_election,1,wikipedia_estruturada_auditoria_parcial,primeiro_turno
2010,1,Datafolha,2010-05-20,2010-05-21,2010-05-21,1000,wikipedia_tabela_1,Serra,37.0,0,14.0,https://en.wikipedia.org/wiki/Opinion_polling_for_the_2010_Brazilian_presidential_election,1,wikipedia_estruturada_auditoria_parcial,primeiro_turno
2010,1,CNT/Sensus,2010-05-10,2010-05-14,2010-05-14,1000,wikipedia_tabela_1,Dilma,35.7,0,17.3,https://en.wikipedia.org/wiki/Opinion_polling_for_the_2010_Brazilian_presidential_election,1,wikipedia_estruturada_auditoria_parcial,primeiro_turno
2010,1,CNT/Sensus,2010-05-10,2010-05-14,2010-05-14,1000,wikipedia_tabela_1,Serra,33.2,0,17.3,https://en.wikipedia.org/wiki/Opinion_polling_for_the_2010_Brazilian_presidential_election,1,wikipedia_estruturada_auditoria_parcial,primeiro_turno
2010,1,Vox Populi,2010-05-08,2010-05-13,2010-05-13,1000,wikipedia_tabela_1,Dilma,38.0,0,22.0,https://en.wikipedia.org/wiki/Opinion_polling_for_the_2010_Brazilian_presidential_election,1,wikipedia_estruturada_auditoria_parcial,primeiro_turno
2010,1,Vox Populi,2010-05-08,2010-05-13,2010-05-13,1000,wikipedia_tabela_1,Serra,35.0,0,22.0,https://en.wikipedia.org/wiki/Opinion_polling_for_the_2010_Brazilian_presidential_election,1,wikipedia_estruturada_auditoria_parcial,primeiro_turno
2010,1,Datafolha,2010-04-15,2010-04-16,2010-04-16,1000,wikipedia_tabela_1,Dilma,28.0,0,15.0,https://en.wikipedia.org/wiki/Opinion_polling_for_the_2010_Brazilian_presidential_election,1,wikipedia_estruturada_auditoria_parcial,primeiro_turno
2010,1,Datafolha,2010-04-15,2010-04-16,2010-04-16,1000,wikipedia_tabela_1,Serra,38.0,0,15.0,https://en.wikipedia.org/wiki/Opinion_polling_for_the_2010_Brazilian_presidential_election,1,wikipedia_estruturada_auditoria_parcial,primeiro_turno
2010,1,Ibope,2010-04-13,2010-04-16,2010-04-16,1000,wikipedia_tabela_1,Dilma,29.0,0,19.0,https://en.wikipedia.org/wiki/Opinion_polling_for_the_2010_Brazilian_presidential_election,1,wikipedia_estruturada_auditoria_parcial,primeiro_turno
2010,1,Ibope,2010-04-13,2010-04-16,2010-04-16,1000,wikipedia_tabela_1,Serra,36.0,0,19.0,https://en.wikipedia.org/wiki/Opinion_polling_for_the_2010_Brazilian_presidential_election,1,wikipedia_estruturada_auditoria_parcial,primeiro_turno
2010,1,CNT/Sensus,2010-04-05,2010-04-09,2010-04-09,1000,wikipedia_tabela_1,Dilma,32.4,0,16.7,https://en.wikipedia.org/wiki/Opinion_polling_for_the_2010_Brazilian_presidential_election,1,wikipedia_estruturada_auditoria_parcial,primeiro_turno
2010,1,CNT/Sensus,2010-04-05,2010-04-09,2010-04-09,1000,wikipedia_tabela_1,Serra,32.7,0,16.7,https://en.wikipedia.org/wiki/Opinion_polling_for_the_2010_Brazilian_presidential_election,1,wikipedia_estruturada_auditoria_parcial,primeiro_turno
2010,1,Vox Populi 2010-09-29 at the Wayback Machine,2010-03-30,2010-03-31,2010-03-31,1000,wikipedia_tabela_1,Dilma,31.0,0,20.0,https://en.wikipedia.org/wiki/Opinion_polling_for_the_2010_Brazilian_presidential_election,1,wikipedia_estruturada_auditoria_parcial,primeiro_turno
2010,1,Vox Populi 2010-09-29 at the Wayback Machine,2010-03-30,2010-03-31,2010-03-31,1000,wikipedia_tabela_1,Serra,34.0,0,20.0,https://en.wikipedia.org/wiki/Opinion_polling_for_the_2010_Brazilian_presidential_election,1,wikipedia_estruturada_auditoria_parcial,primeiro_turno
2010,1,Datafolha,2010-03-25,2010-03-26,2010-03-26,1000,wikipedia_tabela_1,Dilma,27.0,0,18.0,https://en.wikipedia.org/wiki/Opinion_polling_for_the_2010_Brazilian_presidential_election,1,wikipedia_estruturada_auditoria_parcial,primeiro_turno
2010,1,Datafolha,2010-03-25,2010-03-26,2010-03-26,1000,wikipedia_tabela_1,Serra,36.0,0,18.0,https://en.wikipedia.org/wiki/Opinion_polling_for_the_2010_Brazilian_presidential_election,1,wikipedia_estruturada_auditoria_parcial,primeiro_turno
2010,1,Ibope,2010-03-06,2010-03-10,2010-03-10,1000,wikipedia_tabela_1,Dilma,30.0,0,18.0,https://en.wikipedia.org/wiki/Opinion_polling_for_the_2010_Brazilian_presidential_election,1,wikipedia_estruturada_auditoria_parcial,primeiro_turno
2010,1,Ibope,2010-03-06,2010-03-10,2010-03-10,1000,wikipedia_tabela_1,Serra,35.0,0,18.0,https://en.wikipedia.org/wiki/Opinion_polling_for_the_2010_Brazilian_presidential_election,1,wikipedia_estruturada_auditoria_parcial,primeiro_turno
2010,1,Datafolha,2010-02-24,2010-02-25,2010-02-25,1000,wikipedia_tabela_1,Dilma,28.0,0,19.0,https://en.wikipedia.org/wiki/Opinion_polling_for_the_2010_Brazilian_presidential_election,1,wikipedia_estruturada_auditoria_parcial,primeiro_turno
2010,1,Datafolha,2010-02-24,2010-02-25,2010-02-25,1000,wikipedia_tabela_1,Serra,32.0,0,19.0,https://en.wikipedia.org/wiki/Opinion_polling_for_the_2010_Brazilian_presidential_election,1,wikipedia_estruturada_auditoria_parcial,primeiro_turno
2010,1,Ibope[link removed],2010-02-06,2010-02-09,2010-02-09,1000,wikipedia_tabela_1,Dilma,25.0,0,20.0,https://en.wikipedia.org/wiki/Opinion_polling_for_the_2010_Brazilian_presidential_election,1,wikipedia_estruturada_auditoria_parcial,primeiro_turno
2010,1,Ibope[link removed],2010-02-06,2010-02-09,2010-02-09,1000,wikipedia_tabela_1,Serra,36.0,0,20.0,https://en.wikipedia.org/wiki/Opinion_polling_for_the_2010_Brazilian_presidential_election,1,wikipedia_estruturada_auditoria_parcial,primeiro_turno
2010,1,CNT/Sensus,2010-01-25,2010-01-29,2010-01-29,1000,wikipedia_tabela_1,Dilma,27.8,0,20.3,https://en.wikipedia.org/wiki/Opinion_polling_for_the_2010_Brazilian_presidential_election,1,wikipedia_estruturada_auditoria_parcial,primeiro_turno
2010,1,CNT/Sensus,2010-01-25,2010-01-29,2010-01-29,1000,wikipedia_tabela_1,Serra,33.2,0,20.3,https://en.wikipedia.org/wiki/Opinion_polling_for_the_2010_Brazilian_presidential_election,1,wikipedia_estruturada_auditoria_parcial,primeiro_turno
2010,1,Vox Populi,2010-01-14,2010-01-17,2010-01-17,1000,wikipedia_tabela_1,Dilma,27.0,0,19.0,https://en.wikipedia.org/wiki/Opinion_polling_for_the_2010_Brazilian_presidential_election,1,wikipedia_estruturada_auditoria_parcial,primeiro_turno
2010,1,Vox Populi,2010-01-14,2010-01-17,2010-01-17,1000,wikipedia_tabela_1,Serra,34.0,0,19.0,https://en.wikipedia.org/wiki/Opinion_polling_for_the_2010_Brazilian_presidential_election,1,wikipedia_estruturada_auditoria_parcial,primeiro_turno
2010,1,Datafolha[link removed],2009-12-14,2009-12-18,2009-12-18,1000,wikipedia_tabela_1,Dilma,23.0,0,19.0,https://en.wikipedia.org/wiki/Opinion_polling_for_the_2010_Brazilian_presidential_election,1,wikipedia_estruturada_auditoria_parcial,primeiro_turno
2010,1,Datafolha[link removed],2009-12-14,2009-12-18,2009-12-18,1000,wikipedia_tabela_1,Serra,37.0,0,19.0,https://en.wikipedia.org/wiki/Opinion_polling_for_the_2010_Brazilian_presidential_election,1,wikipedia_estruturada_auditoria_parcial,primeiro_turno
2010,1,Ibope[link removed],2009-11-26,2009-11-30,2009-11-30,1000,wikipedia_tabela_1,Dilma,17.0,0,25.0,https://en.wikipedia.org/wiki/Opinion_polling_for_the_2010_Brazilian_presidential_election,1,wikipedia_estruturada_auditoria_parcial,primeiro_turno
2010,1,Ibope[link removed],2009-11-26,2009-11-30,2009-11-30,1000,wikipedia_tabela_1,Serra,38.0,0,25.0,https://en.wikipedia.org/wiki/Opinion_polling_for_the_2010_Brazilian_presidential_election,1,wikipedia_estruturada_auditoria_parcial,primeiro_turno
2010,1,CNT/Sensus,2009-11-23,2009-11-23,2009-11-23,1000,wikipedia_tabela_1,Dilma,21.7,0,23.1,https://en.wikipedia.org/wiki/Opinion_polling_for_the_2010_Brazilian_presidential_election,1,wikipedia_estruturada_auditoria_parcial,primeiro_turno
2010,1,CNT/Sensus,2009-11-23,2009-11-23,2009-11-23,1000,wikipedia_tabela_1,Serra,31.8,0,23.1,https://en.wikipedia.org/wiki/Opinion_polling_for_the_2010_Brazilian_presidential_election,1,wikipedia_estruturada_auditoria_parcial,primeiro_turno
2010,1,Vox Populi,2009-11-11,2009-11-11,2009-11-11,1000,wikipedia_tabela_1,Dilma,19.0,0,23.0,https://en.wikipedia.org/wiki/Opinion_polling_for_the_2010_Brazilian_presidential_election,1,wikipedia_estruturada_auditoria_parcial,primeiro_turno
2010,1,Vox Populi,2009-11-11,2009-11-11,2009-11-11,1000,wikipedia_tabela_1,Serra,36.0,0,23.0,https://en.wikipedia.org/wiki/Opinion_polling_for_the_2010_Brazilian_presidential_election,1,wikipedia_estruturada_auditoria_parcial,primeiro_turno
2010,1,CNT/Sensus,2009-09-08,2009-09-08,2009-09-08,1000,wikipedia_tabela_1,Dilma,19.0,0,27.0,https://en.wikipedia.org/wiki/Opinion_polling_for_the_2010_Brazilian_presidential_election,1,wikipedia_estruturada_auditoria_parcial,primeiro_turno
2010,1,CNT/Sensus,2009-09-08,2009-09-08,2009-09-08,1000,wikipedia_tabela_1,Serra,39.5,0,27.0,https://en.wikipedia.org/wiki/Opinion_polling_for_the_2010_Brazilian_presidential_election,1,wikipedia_estruturada_auditoria_parcial,primeiro_turno
2010,1,Vox Populi,2009-08-18,2009-08-18,2009-08-18,1000,wikipedia_tabela_1,Dilma,21.0,0,20.0,https://en.wikipedia.org/wiki/Opinion_polling_for_the_2010_Brazilian_presidential_election,1,wikipedia_estruturada_auditoria_parcial,primeiro_turno
2010,1,Vox Populi,2009-08-18,2009-08-18,2009-08-18,1000,wikipedia_tabela_1,Serra,30.0,0,20.0,https://en.wikipedia.org/wiki/Opinion_polling_for_the_2010_Brazilian_presidential_election,1,wikipedia_estruturada_auditoria_parcial,primeiro_turno
2010,1,Datafolha,2009-08-16,2009-08-16,2009-08-16,1000,wikipedia_tabela_1,Dilma,17.0,0,18.0,https://en.wikipedia.org/wiki/Opinion_polling_for_the_2010_Brazilian_presidential_election,1,wikipedia_estruturada_auditoria_parcial,primeiro_turno
2010,1,Datafolha,2009-08-16,2009-08-16,2009-08-16,1000,wikipedia_tabela_1,Serra,38.0,0,18.0,https://en.wikipedia.org/wiki/Opinion_polling_for_the_2010_Brazilian_presidential_election,1,wikipedia_estruturada_auditoria_parcial,primeiro_turno
2010,1,Ibope[permanent dead link],2009-06-09,2009-06-09,2009-06-09,1000,wikipedia_tabela_1,Dilma,18.0,0,25.0,https://en.wikipedia.org/wiki/Opinion_polling_for_the_2010_Brazilian_presidential_election,1,wikipedia_estruturada_auditoria_parcial,primeiro_turno
2010,1,Ibope[permanent dead link],2009-06-09,2009-06-09,2009-06-09,1000,wikipedia_tabela_1,Serra,38.0,0,25.0,https://en.wikipedia.org/wiki/Opinion_polling_for_the_2010_Brazilian_presidential_election,1,wikipedia_estruturada_auditoria_parcial,primeiro_turno
2010,1,Datafolha 2009-12-23 at the Wayback Machine,2009-05-28,2009-05-28,2009-05-28,1000,wikipedia_tabela_1,Dilma,16.0,0,21.0,https://en.wikipedia.org/wiki/Opinion_polling_for_the_2010_Brazilian_presidential_election,1,wikipedia_estruturada_auditoria_parcial,primeiro_turno
2010,1,Datafolha 2009-12-23 at the Wayback Machine,2009-05-28,2009-05-28,2009-05-28,1000,wikipedia_tabela_1,Serra,38.0,0,21.0,https://en.wikipedia.org/wiki/Opinion_polling_for_the_2010_Brazilian_presidential_election,1,wikipedia_estruturada_auditoria_parcial,primeiro_turno
2010,1,Datafolha 2009-12-23 at the Wayback Machine,2009-03-19,2009-03-19,2009-03-19,1000,wikipedia_tabela_1,Dilma,11.0,0,21.0,https://en.wikipedia.org/wiki/Opinion_polling_for_the_2010_Brazilian_presidential_election,1,wikipedia_estruturada_auditoria_parcial,primeiro_turno
2010,1,Datafolha 2009-12-23 at the Wayback Machine,2009-03-19,2009-03-19,2009-03-19,1000,wikipedia_tabela_1,Serra,41.0,0,21.0,https://en.wikipedia.org/wiki/Opinion_polling_for_the_2010_Brazilian_presidential_election,1,wikipedia_estruturada_auditoria_parcial,primeiro_turno
2010,1,Datafolha 2009-12-23 at the Wayback Machine,2008-11-28,2008-11-28,2008-11-28,1000,wikipedia_tabela_1,Dilma,8.0,0,21.0,https://en.wikipedia.org/wiki/Opinion_polling_for_the_2010_Brazilian_presidential_election,1,wikipedia_estruturada_auditoria_parcial,primeiro_turno
2010,1,Datafolha 2009-12-23 at the Wayback Machine,2008-11-28,2008-11-28,2008-11-28,1000,wikipedia_tabela_1,Serra,41.0,0,21.0,https://en.wikipedia.org/wiki/Opinion_polling_for_the_2010_Brazilian_presidential_election,1,wikipedia_estruturada_auditoria_parcial,primeiro_turno
